{"type": "FeatureCollection", "features": [{"id": "0", "type": "Feature", "properties": {"id": 0, "linenm": "수인선", "statnm": "인천", "x_5179": 921961.3068, "y_5179": 1942281.998, "lng": 126.61739620871003, "lat": 37.47647382221109, "begin": "2016-02-27", "effective_begin": null, "geometry_wkt": "POINT (921961.3068 1942281.998)", "travel_time_sec": 3451.0, "travel_time_min": 57.516666666666666}, "geometry": {"type": "Point", "coordinates": [126.61739620871003, 37.47647382221109]}}, {"id": "37", "type": "Feature", "properties": {"id": 37, "linenm": "서해선", "statnm": "대곡", "x_5179": 939092.6258, "y_5179": 1959341.618, "lng": 126.80971694247032, "lat": 37.6315193723656, "begin": "2023-07-01", "effective_begin": null, "geometry_wkt": "POINT (939092.6258 1959341.618)", "travel_time_sec": 2364.0, "travel_time_min": 39.4}, "geometry": {"type": "Point", "coordinates": [126.80971694247032, 37.6315193723656]}}, {"id": "38", "type": "Feature", "properties": {"id": 38, "linenm": "서해선", "statnm": "능곡", "x_5179": 940005.1117, "y_5179": 1957936.088, "lng": 126.82017315331454, "lat": 37.61891160398485, "begin": "2023-07-01", "effective_begin": null, "geometry_wkt": "POINT (940005.1117 1957936.088)", "travel_time_sec": 2208.0, "travel_time_min": 36.8}, "geometry": {"type": "Point", "coordinates": [126.82017315331454, 37.61891160398485]}}, {"id": "39", "type": "Feature", "properties": {"id": 39, "linenm": "서해선", "statnm": "김포공항", "x_5179": 938276.7978, "y_5179": 1951666.627, "lng": 126.80111883305008, "lat": 37.56229141053487, "begin": "2023-07-01", "effective_begin": null, "geometry_wkt": "POINT (938276.7978 1951666.627)", "travel_time_sec": 1620.0, "travel_time_min": 27.0}, "geometry": {"type": "Point", "coordinates": [126.80111883305008, 37.56229141053487]}}, {"id": "40", "type": "Feature", "properties": {"id": 40, "linenm": "서해선", "statnm": "원종", "x_5179": 938572.9789, "y_5179": 1947426.095, "lng": 126.8048271996204, "lat": 37.52409157447443, "begin": "2023-07-01", "effective_begin": null, "geometry_wkt": "POINT (938572.9789 1947426.095)", "travel_time_sec": 1974.0, "travel_time_min": 32.9}, "geometry": {"type": "Point", "coordinates": [126.8048271996204, 37.52409157447443]}}, {"id": "41", "type": "Feature", "properties": {"id": 41, "linenm": "서해선", "statnm": "부천종합운동장", "x_5179": 937889.2795, "y_5179": 1945286.32, "lng": 126.79727113029573, "lat": 37.504760062681896, "begin": "2023-07-01", "effective_begin": null, "geometry_wkt": "POINT (937889.2795 1945286.32)", "travel_time_sec": 2178.0, "travel_time_min": 36.3}, "geometry": {"type": "Point", "coordinates": [126.79727113029573, 37.504760062681896]}}, {"id": "42", "type": "Feature", "properties": {"id": 42, "linenm": "서해선", "statnm": "소사", "x_5179": 937683.132, "y_5179": 1942818.797, "lng": 126.795147953885, "lat": 37.48250639878709, "begin": "2018-06-16", "effective_begin": null, "geometry_wkt": "POINT (937683.132 1942818.797)", "travel_time_sec": 2399.0, "travel_time_min": 39.983333333333334}, "geometry": {"type": "Point", "coordinates": [126.795147953885, 37.48250639878709]}}, {"id": "43", "type": "Feature", "properties": {"id": 43, "linenm": "서해선", "statnm": "소새울", "x_5179": 937846.269, "y_5179": 1941286.836, "lng": 126.79712236126385, "lat": 37.46870979098832, "begin": "2018-06-16", "effective_begin": null, "geometry_wkt": "POINT (937846.269 1941286.836)", "travel_time_sec": 2546.0, "travel_time_min": 42.43333333333333}, "geometry": {"type": "Point", "coordinates": [126.79712236126385, 37.46870979098832]}}, {"id": "44", "type": "Feature", "properties": {"id": 44, "linenm": "서해선", "statnm": "시흥대야", "x_5179": 937466.3892, "y_5179": 1939227.678, "lng": 126.79300147213584, "lat": 37.450124885738, "begin": "2018-06-16", "effective_begin": null, "geometry_wkt": "POINT (937466.3892 1939227.678)", "travel_time_sec": 2739.0, "travel_time_min": 45.65}, "geometry": {"type": "Point", "coordinates": [126.79300147213584, 37.450124885738]}}, {"id": "45", "type": "Feature", "properties": {"id": 45, "linenm": "서해선", "statnm": "신천", "x_5179": 936893.0531, "y_5179": 1938000.199, "lng": 126.78662490342217, "lat": 37.4390226021833, "begin": "2018-06-16", "effective_begin": null, "geometry_wkt": "POINT (936893.0531 1938000.199)", "travel_time_sec": 2870.0, "travel_time_min": 47.833333333333336}, "geometry": {"type": "Point", "coordinates": [126.78662490342217, 37.4390226021833]}}, {"id": "46", "type": "Feature", "properties": {"id": 46, "linenm": "서해선", "statnm": "신현", "x_5179": 936972.5885, "y_5179": 1934730.753, "lng": 126.78780310467384, "lat": 37.40956023351403, "begin": "2018-06-16", "effective_begin": null, "geometry_wkt": "POINT (936972.5885 1934730.753)", "travel_time_sec": 3150.0, "travel_time_min": 52.5}, "geometry": {"type": "Point", "coordinates": [126.78780310467384, 37.40956023351403]}}, {"id": "47", "type": "Feature", "properties": {"id": 47, "linenm": "서해선", "statnm": "시흥시청", "x_5179": 938549.4557, "y_5179": 1931632.696, "lng": 126.80587773213608, "lat": 37.38174292953505, "begin": "2018-06-16", "effective_begin": null, "geometry_wkt": "POINT (938549.4557 1931632.696)", "travel_time_sec": 3450.0, "travel_time_min": 57.5}, "geometry": {"type": "Point", "coordinates": [126.80587773213608, 37.38174292953505]}}, {"id": "48", "type": "Feature", "properties": {"id": 48, "linenm": "서해선", "statnm": "시흥능곡", "x_5179": 938789.8666, "y_5179": 1930324.639, "lng": 126.80870135802708, "lat": 37.36996905926629, "begin": "2018-06-16", "effective_begin": null, "geometry_wkt": "POINT (938789.8666 1930324.639)", "travel_time_sec": 3580.0, "travel_time_min": 59.666666666666664}, "geometry": {"type": "Point", "coordinates": [126.80870135802708, 37.36996905926629]}}, {"id": "66", "type": "Feature", "properties": {"id": 66, "linenm": "신안산선", "statnm": "도림사거리", "x_5179": 947013.2516, "y_5179": 1945580.727, "lng": 126.90047411183204, "lat": 37.50798259646756, "begin": "2028-12-31", "effective_begin": null, "geometry_wkt": "POINT (947013.2516 1945580.727)", "travel_time_sec": 3525.0, "travel_time_min": 58.75}, "geometry": {"type": "Point", "coordinates": [126.90047411183204, 37.50798259646756]}}, {"id": "67", "type": "Feature", "properties": {"id": 67, "linenm": "신안산선", "statnm": "영등포", "x_5179": 947584.3312, "y_5179": 1946518.93, "lng": 126.90686843646188, "lat": 37.51647139157099, "begin": "2028-12-31", "effective_begin": null, "geometry_wkt": "POINT (947584.3312 1946518.93)", "travel_time_sec": 3390.0, "travel_time_min": 56.5}, "geometry": {"type": "Point", "coordinates": [126.90686843646188, 37.51647139157099]}}, {"id": "68", "type": "Feature", "properties": {"id": 68, "linenm": "신안산선", "statnm": "여의도", "x_5179": 949076.0094159988, "y_5179": 1947116.913807754, "lng": 126.92370590517274, "lat": 37.521944684340674, "begin": "2028-12-31", "effective_begin": null, "geometry_wkt": "POINT (949076.009416 1947116.913808)", "travel_time_sec": 3255.0, "travel_time_min": 54.25}, "geometry": {"type": "Point", "coordinates": [126.92370590517274, 37.521944684340674]}}, {"id": "79", "type": "Feature", "properties": {"id": 79, "linenm": "경의중앙선", "statnm": "일산", "x_5179": 935625.9626, "y_5179": 1964971.847, "lng": 126.76993425463164, "lat": 37.682026514489294, "begin": "2009-07-01", "effective_begin": null, "geometry_wkt": "POINT (935625.9626 1964971.847)", "travel_time_sec": 3498.0, "travel_time_min": 58.3}, "geometry": {"type": "Point", "coordinates": [126.76993425463164, 37.682026514489294]}}, {"id": "80", "type": "Feature", "properties": {"id": 80, "linenm": "경의중앙선", "statnm": "풍산", "x_5179": 937056.0259, "y_5179": 1963890.536, "lng": 126.78624480101443, "lat": 37.67238026899241, "begin": "2009-07-01", "effective_begin": null, "geometry_wkt": "POINT (937056.0259 1963890.536)", "travel_time_sec": 3378.0, "travel_time_min": 56.3}, "geometry": {"type": "Point", "coordinates": [126.78624480101443, 37.67238026899241]}}, {"id": "81", "type": "Feature", "properties": {"id": 81, "linenm": "경의중앙선", "statnm": "백마", "x_5179": 937784.1892, "y_5179": 1962302.23, "lng": 126.79463673789591, "lat": 37.6581149752406, "begin": "2009-07-01", "effective_begin": null, "geometry_wkt": "POINT (937784.1892 1962302.23)", "travel_time_sec": 3198.0, "travel_time_min": 53.3}, "geometry": {"type": "Point", "coordinates": [126.79463673789591, 37.6581149752406]}}, {"id": "82", "type": "Feature", "properties": {"id": 82, "linenm": "경의중앙선", "statnm": "곡산", "x_5179": 938402.2882, "y_5179": 1960939.657, "lng": 126.80175886944464, "lat": 37.64587612155222, "begin": "2009-07-01", "effective_begin": null, "geometry_wkt": "POINT (938402.2882 1960939.657)", "travel_time_sec": 3078.0, "travel_time_min": 51.3}, "geometry": {"type": "Point", "coordinates": [126.80175886944464, 37.64587612155222]}}, {"id": "83", "type": "Feature", "properties": {"id": 83, "linenm": "경의중앙선", "statnm": "대곡", "x_5179": 939106.6959, "y_5179": 1959385.761, "lng": 126.8098727135928, "lat": 37.63191815759094, "begin": "2009-07-01", "effective_begin": null, "geometry_wkt": "POINT (939106.6959 1959385.761)", "travel_time_sec": 2898.0, "travel_time_min": 48.3}, "geometry": {"type": "Point", "coordinates": [126.8098727135928, 37.63191815759094]}}, {"id": "84", "type": "Feature", "properties": {"id": 84, "linenm": "경의중앙선", "statnm": "능곡", "x_5179": 940022.155, "y_5179": 1957955.326, "lng": 126.82036468715025, "lat": 37.61908610559208, "begin": "2009-07-01", "effective_begin": null, "geometry_wkt": "POINT (940022.155 1957955.326)", "travel_time_sec": 2718.0, "travel_time_min": 45.3}, "geometry": {"type": "Point", "coordinates": [126.82036468715025, 37.61908610559208]}}, {"id": "85", "type": "Feature", "properties": {"id": 85, "linenm": "경의중앙선", "statnm": "행신", "x_5179": 941247.9458, "y_5179": 1957171.665, "lng": 126.83431676333676, "lat": 37.61210224285794, "begin": "2009-07-01", "effective_begin": null, "geometry_wkt": "POINT (941247.9458 1957171.665)", "travel_time_sec": 2838.0, "travel_time_min": 47.3}, "geometry": {"type": "Point", "coordinates": [126.83431676333676, 37.61210224285794]}}, {"id": "86", "type": "Feature", "properties": {"id": 86, "linenm": "경의중앙선", "statnm": "강매", "x_5179": 942154.9953, "y_5179": 1957187.273, "lng": 126.8445921251066, "lat": 37.61230043997802, "begin": "2014-10-25", "effective_begin": null, "geometry_wkt": "POINT (942154.9953 1957187.273)", "travel_time_sec": 2958.0, "travel_time_min": 49.3}, "geometry": {"type": "Point", "coordinates": [126.8445921251066, 37.61230043997802]}}, {"id": "87", "type": "Feature", "properties": {"id": 87, "linenm": "경의중앙선", "statnm": "한국항공대", "x_5179": 944234.2833, "y_5179": 1956146.879, "lng": 126.86822930232012, "lat": 37.6030519075975, "begin": "2009-07-01", "effective_begin": null, "geometry_wkt": "POINT (944234.2833 1956146.879)", "travel_time_sec": 3110.0, "travel_time_min": 51.833333333333336}, "geometry": {"type": "Point", "coordinates": [126.86822930232012, 37.6030519075975]}}, {"id": "88", "type": "Feature", "properties": {"id": 88, "linenm": "경의중앙선", "statnm": "수색", "x_5179": 946624.2686, "y_5179": 1953679.983, "lng": 126.89548394903996, "lat": 37.580959550149295, "begin": "2009-07-01", "effective_begin": null, "geometry_wkt": "POINT (946624.2686 1953679.983)", "travel_time_sec": 2870.0, "travel_time_min": 47.833333333333336}, "geometry": {"type": "Point", "coordinates": [126.89548394903996, 37.580959550149295]}}, {"id": "89", "type": "Feature", "properties": {"id": 89, "linenm": "경의중앙선", "statnm": "디지털미디어시티", "x_5179": 947067.0347, "y_5179": 1953297.077, "lng": 126.9005259914071, "lat": 37.57753397231289, "begin": "2009-07-01", "effective_begin": null, "geometry_wkt": "POINT (947067.0347 1953297.077)", "travel_time_sec": 2750.0, "travel_time_min": 45.833333333333336}, "geometry": {"type": "Point", "coordinates": [126.9005259914071, 37.57753397231289]}}, {"id": "90", "type": "Feature", "properties": {"id": 90, "linenm": "경의중앙선", "statnm": "가좌", "x_5179": 948323.6232, "y_5179": 1952327.699, "lng": 126.91482473163856, "lat": 37.56886829715047, "begin": "2009-07-01", "effective_begin": null, "geometry_wkt": "POINT (948323.6232 1952327.699)", "travel_time_sec": 2810.0, "travel_time_min": 46.833333333333336}, "geometry": {"type": "Point", "coordinates": [126.91482473163856, 37.56886829715047]}}, {"id": "91", "type": "Feature", "properties": {"id": 91, "linenm": "경의중앙선", "statnm": "홍대입구", "x_5179": 949401.4422, "y_5179": 1951059.374, "lng": 126.92711676704472, "lat": 37.55749659897202, "begin": "2012-12-15", "effective_begin": null, "geometry_wkt": "POINT (949401.4422 1951059.374)", "travel_time_sec": 2690.0, "travel_time_min": 44.833333333333336}, "geometry": {"type": "Point", "coordinates": [126.92711676704472, 37.55749659897202]}}, {"id": "92", "type": "Feature", "properties": {"id": 92, "linenm": "경의중앙선", "statnm": "서강대", "x_5179": 950114.9007, "y_5179": 1950482.03, "lng": 126.93523354466528, "lat": 37.55233183205827, "begin": "2012-12-15", "effective_begin": null, "geometry_wkt": "POINT (950114.9007 1950482.03)", "travel_time_sec": 2810.0, "travel_time_min": 46.833333333333336}, "geometry": {"type": "Point", "coordinates": [126.93523354466528, 37.55233183205827]}}, {"id": "93", "type": "Feature", "properties": {"id": 93, "linenm": "경의중앙선", "statnm": "공덕", "x_5179": 951603.7697, "y_5179": 1949408.151, "lng": 126.95215967146096, "lat": 37.54273218618415, "begin": "2012-12-15", "effective_begin": null, "geometry_wkt": "POINT (951603.7697 1949408.151)", "travel_time_sec": 2890.0, "travel_time_min": 48.166666666666664}, "geometry": {"type": "Point", "coordinates": [126.95215967146096, 37.54273218618415]}}, {"id": "94", "type": "Feature", "properties": {"id": 94, "linenm": "경의중앙선", "statnm": "효창공원앞", "x_5179": 952542.806, "y_5179": 1948944.789, "lng": 126.96281899756076, "lat": 37.53860464456577, "begin": "2016-04-30", "effective_begin": null, "geometry_wkt": "POINT (952542.806 1948944.789)", "travel_time_sec": 3010.0, "travel_time_min": 50.166666666666664}, "geometry": {"type": "Point", "coordinates": [126.96281899756076, 37.53860464456577]}}, {"id": "95", "type": "Feature", "properties": {"id": 95, "linenm": "경의중앙선", "statnm": "용산", "x_5179": 952706.0841, "y_5179": 1947942.319, "lng": 126.96473169613763, "lat": 37.52957755442685, "begin": "1978-12-09", "effective_begin": null, "geometry_wkt": "POINT (952706.0841 1947942.319)", "travel_time_sec": 3190.0, "travel_time_min": 53.166666666666664}, "geometry": {"type": "Point", "coordinates": [126.96473169613763, 37.52957755442685]}}, {"id": "96", "type": "Feature", "properties": {"id": 96, "linenm": "경의중앙선", "statnm": "이촌", "x_5179": 953493.6669, "y_5179": 1947135.337, "lng": 126.97369624297455, "lat": 37.52234409069938, "begin": "1978-12-09", "effective_begin": null, "geometry_wkt": "POINT (953493.6669 1947135.337)", "travel_time_sec": 3430.0, "travel_time_min": 57.166666666666664}, "geometry": {"type": "Point", "coordinates": [126.97369624297455, 37.52234409069938]}}, {"id": "125", "type": "Feature", "properties": {"id": 125, "linenm": "경의중앙선", "statnm": "서울역", "x_5179": 953305.4609, "y_5179": 1950959.834, "lng": 126.9713231003322, "lat": 37.55680561965095, "begin": "2009-07-01", "effective_begin": null, "geometry_wkt": "POINT (953305.4609 1950959.834)", "travel_time_sec": 3570.0, "travel_time_min": 59.5}, "geometry": {"type": "Point", "coordinates": [126.9713231003322, 37.55680561965095]}}, {"id": "194", "type": "Feature", "properties": {"id": 194, "linenm": "신림선", "statnm": "샛강", "x_5179": 949561.3802, "y_5179": 1946585.213, "lng": 126.9292349799816, "lat": 37.517179038160606, "begin": "2022-02-28", "effective_begin": null, "geometry_wkt": "POINT (949561.3802 1946585.213)", "travel_time_sec": 3322.0, "travel_time_min": 55.36666666666667}, "geometry": {"type": "Point", "coordinates": [126.9292349799816, 37.517179038160606]}}, {"id": "195", "type": "Feature", "properties": {"id": 195, "linenm": "신림선", "statnm": "대방", "x_5179": 949217.9465, "y_5179": 1946113.833, "lng": 126.92538142883672, "lat": 37.51291155746233, "begin": "2022-02-28", "effective_begin": null, "geometry_wkt": "POINT (949217.9465 1946113.833)", "travel_time_sec": 3410.0, "travel_time_min": 56.833333333333336}, "geometry": {"type": "Point", "coordinates": [126.92538142883672, 37.51291155746233]}}, {"id": "196", "type": "Feature", "properties": {"id": 196, "linenm": "신림선", "statnm": "서울지방병무청", "x_5179": 948984.9504, "y_5179": 1945370.401, "lng": 126.92279671048, "lat": 37.50619800611216, "begin": "2022-02-28", "effective_begin": null, "geometry_wkt": "POINT (948984.9504 1945370.401)", "travel_time_sec": 3512.0, "travel_time_min": 58.53333333333333}, "geometry": {"type": "Point", "coordinates": [126.92279671048, 37.50619800611216]}}, {"id": "205", "type": "Feature", "properties": {"id": 205, "linenm": "김포도시철도", "statnm": "양촌", "x_5179": 921905.7014, "y_5179": 1960620.339, "lng": 126.61481419659216, "lat": 37.64174342339215, "begin": "2019-09-28", "effective_begin": null, "geometry_wkt": "POINT (921905.7014 1960620.339)", "travel_time_sec": 3105.0, "travel_time_min": 51.75}, "geometry": {"type": "Point", "coordinates": [126.61481419659216, 37.64174342339215]}}, {"id": "206", "type": "Feature", "properties": {"id": 206, "linenm": "김포도시철도", "statnm": "구래", "x_5179": 923119.689, "y_5179": 1961011.405, "lng": 126.62853189571264, "lat": 37.64537030405077, "begin": "2019-09-28", "effective_begin": null, "geometry_wkt": "POINT (923119.689 1961011.405)", "travel_time_sec": 2988.0, "travel_time_min": 49.8}, "geometry": {"type": "Point", "coordinates": [126.62853189571264, 37.64537030405077]}}, {"id": "207", "type": "Feature", "properties": {"id": 207, "linenm": "김포도시철도", "statnm": "마산", "x_5179": 924476.4464, "y_5179": 1960474.909, "lng": 126.6439651680995, "lat": 37.64064776612532, "begin": "2019-09-28", "effective_begin": null, "geometry_wkt": "POINT (924476.4464 1960474.909)", "travel_time_sec": 2856.0, "travel_time_min": 47.6}, "geometry": {"type": "Point", "coordinates": [126.6439651680995, 37.64064776612532]}}, {"id": "208", "type": "Feature", "properties": {"id": 208, "linenm": "김포도시철도", "statnm": "장기", "x_5179": 926684.5026, "y_5179": 1960834.938, "lng": 126.66895416557216, "lat": 37.64407146103788, "begin": "2019-09-28", "effective_begin": null, "geometry_wkt": "POINT (926684.5026 1960834.938)", "travel_time_sec": 2661.0, "travel_time_min": 44.35}, "geometry": {"type": "Point", "coordinates": [126.66895416557216, 37.64407146103788]}}, {"id": "209", "type": "Feature", "properties": {"id": 209, "linenm": "김포도시철도", "statnm": "운양", "x_5179": 928007.5628, "y_5179": 1961913.249, "lng": 126.6838435618302, "lat": 37.65389444858727, "begin": "2019-09-28", "effective_begin": null, "geometry_wkt": "POINT (928007.5628 1961913.249)", "travel_time_sec": 2521.0, "travel_time_min": 42.016666666666666}, "geometry": {"type": "Point", "coordinates": [126.6838435618302, 37.65389444858727]}}, {"id": "210", "type": "Feature", "properties": {"id": 210, "linenm": "김포도시철도", "statnm": "걸포북변", "x_5179": 929916.7777, "y_5179": 1959433.842, "lng": 126.70572379136776, "lat": 37.63169635332964, "begin": "2019-09-28", "effective_begin": null, "geometry_wkt": "POINT (929916.7777 1959433.842)", "travel_time_sec": 2278.0, "travel_time_min": 37.96666666666667}, "geometry": {"type": "Point", "coordinates": [126.70572379136776, 37.63169635332964]}}, {"id": "211", "type": "Feature", "properties": {"id": 211, "linenm": "김포도시철도", "statnm": "사우", "x_5179": 931142.2933, "y_5179": 1958167.535, "lng": 126.71973108688408, "lat": 37.62037626803394, "begin": "2019-09-28", "effective_begin": null, "geometry_wkt": "POINT (931142.2933 1958167.535)", "travel_time_sec": 2134.0, "travel_time_min": 35.56666666666667}, "geometry": {"type": "Point", "coordinates": [126.71973108688408, 37.62037626803394]}}, {"id": "212", "type": "Feature", "properties": {"id": 212, "linenm": "김포도시철도", "statnm": "풍무", "x_5179": 932254.3023, "y_5179": 1957282.539, "lng": 126.73241289948646, "lat": 37.612482730785, "begin": "2019-09-28", "effective_begin": null, "geometry_wkt": "POINT (932254.3023 1957282.539)", "travel_time_sec": 2014.0, "travel_time_min": 33.56666666666667}, "geometry": {"type": "Point", "coordinates": [126.73241289948646, 37.612482730785]}}, {"id": "213", "type": "Feature", "properties": {"id": 213, "linenm": "김포도시철도", "statnm": "고촌", "x_5179": 935592.103, "y_5179": 1956009.138, "lng": 126.77034081811516, "lat": 37.60124578327788, "begin": "2019-09-28", "effective_begin": null, "geometry_wkt": "POINT (935592.103 1956009.138)", "travel_time_sec": 1753.0, "travel_time_min": 29.216666666666665}, "geometry": {"type": "Point", "coordinates": [126.77034081811516, 37.60124578327788]}}, {"id": "214", "type": "Feature", "properties": {"id": 214, "linenm": "김포도시철도", "statnm": "김포공항", "x_5179": 938370.352, "y_5179": 1951667.514, "lng": 126.80217798450724, "lat": 37.562305670580045, "begin": "2019-09-28", "effective_begin": null, "geometry_wkt": "POINT (938370.352 1951667.514)", "travel_time_sec": 1350.0, "travel_time_min": 22.5}, "geometry": {"type": "Point", "coordinates": [126.80217798450724, 37.562305670580045]}}, {"id": "242", "type": "Feature", "properties": {"id": 242, "linenm": "인천공항자기부상철도", "statnm": "인천공항1터미널", "x_5179": 907320.9909, "y_5179": 1939248.548, "lng": 126.45222175923564, "lat": 37.447782970287065, "begin": "2016-02-03", "effective_begin": "2050-12-30", "geometry_wkt": "POINT (907320.9909 1939248.548)", "travel_time_sec": 1660.0, "travel_time_min": 27.666666666666668}, "geometry": {"type": "Point", "coordinates": [126.45222175923564, 37.447782970287065]}}, {"id": "256", "type": "Feature", "properties": {"id": 256, "linenm": "인천1호선", "statnm": "동춘", "x_5179": 927511.2383, "y_5179": 1934260.287, "lng": 126.68094727926608, "lat": 37.40462766193392, "begin": "1999-10-06", "effective_begin": null, "geometry_wkt": "POINT (927511.2383 1934260.287)", "travel_time_sec": 3540.0, "travel_time_min": 59.0}, "geometry": {"type": "Point", "coordinates": [126.68094727926608, 37.40462766193392]}}, {"id": "257", "type": "Feature", "properties": {"id": 257, "linenm": "인천1호선", "statnm": "원인재", "x_5179": 928142.9712, "y_5179": 1935122.88, "lng": 126.68800068052848, "lat": 37.41245135486674, "begin": "1999-10-06", "effective_begin": null, "geometry_wkt": "POINT (928142.9712 1935122.88)", "travel_time_sec": 3420.0, "travel_time_min": 57.0}, "geometry": {"type": "Point", "coordinates": [126.68800068052848, 37.41245135486674]}}, {"id": "258", "type": "Feature", "properties": {"id": 258, "linenm": "인천1호선", "statnm": "신연수", "x_5179": 928681.6518, "y_5179": 1935727.25, "lng": 126.69402896090298, "lat": 37.41794013196051, "begin": "1999-10-06", "effective_begin": null, "geometry_wkt": "POINT (928681.6518 1935727.25)", "travel_time_sec": 3330.0, "travel_time_min": 55.5}, "geometry": {"type": "Point", "coordinates": [126.69402896090298, 37.41794013196051]}}, {"id": "259", "type": "Feature", "properties": {"id": 259, "linenm": "인천1호선", "statnm": "선학", "x_5179": 929125.8852, "y_5179": 1936701.277, "lng": 126.69895528999022, "lat": 37.4267530600135, "begin": "1999-10-06", "effective_begin": null, "geometry_wkt": "POINT (929125.8852 1936701.277)", "travel_time_sec": 3210.0, "travel_time_min": 53.5}, "geometry": {"type": "Point", "coordinates": [126.69895528999022, 37.4267530600135]}}, {"id": "260", "type": "Feature", "properties": {"id": 260, "linenm": "인천1호선", "statnm": "문학경기장", "x_5179": 929090.9023, "y_5179": 1937589.932, "lng": 126.69847453781992, "lat": 37.434759728460506, "begin": "1999-10-06", "effective_begin": null, "geometry_wkt": "POINT (929090.9023 1937589.932)", "travel_time_sec": 3120.0, "travel_time_min": 52.0}, "geometry": {"type": "Point", "coordinates": [126.69847453781992, 37.434759728460506]}}, {"id": "261", "type": "Feature", "properties": {"id": 261, "linenm": "인천1호선", "statnm": "인천터미널", "x_5179": 929207.4819, "y_5179": 1938382.006, "lng": 126.69971616471226, "lat": 37.44190752398227, "begin": "1999-10-06", "effective_begin": null, "geometry_wkt": "POINT (929207.4819 1938382.006)", "travel_time_sec": 3030.0, "travel_time_min": 50.5}, "geometry": {"type": "Point", "coordinates": [126.69971616471226, 37.44190752398227]}}, {"id": "262", "type": "Feature", "properties": {"id": 262, "linenm": "인천1호선", "statnm": "예술회관", "x_5179": 929312.3372, "y_5179": 1939097.041, "lng": 126.70083286265724, "lat": 37.44836006223112, "begin": "1999-10-06", "effective_begin": null, "geometry_wkt": "POINT (929312.3372 1939097.041)", "travel_time_sec": 2940.0, "travel_time_min": 49.0}, "geometry": {"type": "Point", "coordinates": [126.70083286265724, 37.44836006223112]}}, {"id": "263", "type": "Feature", "properties": {"id": 263, "linenm": "인천1호선", "statnm": "인천시청", "x_5179": 929445.7156, "y_5179": 1940115.416, "lng": 126.70224317163908, "lat": 37.457548722665294, "begin": "1999-10-06", "effective_begin": null, "geometry_wkt": "POINT (929445.7156 1940115.416)", "travel_time_sec": 2820.0, "travel_time_min": 47.0}, "geometry": {"type": "Point", "coordinates": [126.70224317163908, 37.457548722665294]}}, {"id": "264", "type": "Feature", "properties": {"id": 264, "linenm": "인천1호선", "statnm": "간석오거리", "x_5179": 929956.7485, "y_5179": 1941169.225, "lng": 126.70792072130922, "lat": 37.46708541981732, "begin": "1999-10-06", "effective_begin": null, "geometry_wkt": "POINT (929956.7485 1941169.225)", "travel_time_sec": 2640.0, "travel_time_min": 44.0}, "geometry": {"type": "Point", "coordinates": [126.70792072130922, 37.46708541981732]}}, {"id": "265", "type": "Feature", "properties": {"id": 265, "linenm": "인천1호선", "statnm": "부평삼거리", "x_5179": 930179.0844, "y_5179": 1942349.617, "lng": 126.71032284945542, "lat": 37.477740942504646, "begin": "1999-10-06", "effective_begin": null, "geometry_wkt": "POINT (930179.0844 1942349.617)", "travel_time_sec": 2520.0, "travel_time_min": 42.0}, "geometry": {"type": "Point", "coordinates": [126.71032284945542, 37.477740942504646]}}, {"id": "266", "type": "Feature", "properties": {"id": 266, "linenm": "인천1호선", "statnm": "동수", "x_5179": 930869.768, "y_5179": 1943174.21, "lng": 126.71805638940498, "lat": 37.48522482649379, "begin": "1999-10-06", "effective_begin": null, "geometry_wkt": "POINT (930869.768 1943174.21)", "travel_time_sec": 2400.0, "travel_time_min": 40.0}, "geometry": {"type": "Point", "coordinates": [126.71805638940498, 37.48522482649379]}}, {"id": "267", "type": "Feature", "properties": {"id": 267, "linenm": "인천1호선", "statnm": "부평", "x_5179": 931352.4123, "y_5179": 1943729.767, "lng": 126.72346336795734, "lat": 37.49026798553393, "begin": "1999-10-06", "effective_begin": null, "geometry_wkt": "POINT (931352.4123 1943729.767)", "travel_time_sec": 2280.0, "travel_time_min": 38.0}, "geometry": {"type": "Point", "coordinates": [126.72346336795734, 37.49026798553393]}}, {"id": "268", "type": "Feature", "properties": {"id": 268, "linenm": "인천1호선", "statnm": "부평시장", "x_5179": 931256.4445, "y_5179": 1944651.366, "lng": 126.7222917483982, "lat": 37.49856707228955, "begin": "1999-10-06", "effective_begin": null, "geometry_wkt": "POINT (931256.4445 1944651.366)", "travel_time_sec": 2190.0, "travel_time_min": 36.5}, "geometry": {"type": "Point", "coordinates": [126.7222917483982, 37.49856707228955]}}, {"id": "269", "type": "Feature", "properties": {"id": 269, "linenm": "인천1호선", "statnm": "부평구청", "x_5179": 931115.3718, "y_5179": 1945742.627, "lng": 126.72059366122198, "lat": 37.5083918997868, "begin": "1999-10-06", "effective_begin": null, "geometry_wkt": "POINT (931115.3718 1945742.627)", "travel_time_sec": 2070.0, "travel_time_min": 34.5}, "geometry": {"type": "Point", "coordinates": [126.72059366122198, 37.5083918997868]}}, {"id": "270", "type": "Feature", "properties": {"id": 270, "linenm": "인천1호선", "statnm": "갈산", "x_5179": 931202.5502, "y_5179": 1946645.609, "lng": 126.7214954402828, "lat": 37.51653681232342, "begin": "1999-10-06", "effective_begin": null, "geometry_wkt": "POINT (931202.5502 1946645.609)", "travel_time_sec": 1950.0, "travel_time_min": 32.5}, "geometry": {"type": "Point", "coordinates": [126.7214954402828, 37.51653681232342]}}, {"id": "271", "type": "Feature", "properties": {"id": 271, "linenm": "인천1호선", "statnm": "작전", "x_5179": 931306.9896, "y_5179": 1948163.754, "lng": 126.72253518521072, "lat": 37.53022733160036, "begin": "1999-10-06", "effective_begin": null, "geometry_wkt": "POINT (931306.9896 1948163.754)", "travel_time_sec": 1830.0, "travel_time_min": 30.5}, "geometry": {"type": "Point", "coordinates": [126.72253518521072, 37.53022733160036]}}, {"id": "272", "type": "Feature", "properties": {"id": 272, "linenm": "인천1호선", "statnm": "경인교대입구", "x_5179": 931324.9512, "y_5179": 1948994.461, "lng": 126.72266074678517, "lat": 37.53771565166249, "begin": "1999-10-06", "effective_begin": null, "geometry_wkt": "POINT (931324.9512 1948994.461)", "travel_time_sec": 1740.0, "travel_time_min": 29.0}, "geometry": {"type": "Point", "coordinates": [126.72266074678517, 37.53771565166249]}}, {"id": "273", "type": "Feature", "properties": {"id": 273, "linenm": "인천1호선", "statnm": "계산", "x_5179": 931766.7497, "y_5179": 1949608.966, "lng": 126.72760395386638, "lat": 37.543286863154215, "begin": "1999-10-06", "effective_begin": null, "geometry_wkt": "POINT (931766.7497 1949608.966)", "travel_time_sec": 1620.0, "travel_time_min": 27.0}, "geometry": {"type": "Point", "coordinates": [126.72760395386638, 37.543286863154215]}}, {"id": "274", "type": "Feature", "properties": {"id": 274, "linenm": "인천1호선", "statnm": "임학", "x_5179": 932736.7896, "y_5179": 1949774.77, "lng": 126.73856864996466, "lat": 37.54485253474935, "begin": "1999-10-06", "effective_begin": null, "geometry_wkt": "POINT (932736.7896 1949774.77)", "travel_time_sec": 1500.0, "travel_time_min": 25.0}, "geometry": {"type": "Point", "coordinates": [126.73856864996466, 37.54485253474935]}}, {"id": "275", "type": "Feature", "properties": {"id": 275, "linenm": "인천1호선", "statnm": "박촌", "x_5179": 933322.5041, "y_5179": 1950792.543, "lng": 126.7451060004568, "lat": 37.55406809324822, "begin": "1999-10-06", "effective_begin": null, "geometry_wkt": "POINT (933322.5041 1950792.543)", "travel_time_sec": 1380.0, "travel_time_min": 23.0}, "geometry": {"type": "Point", "coordinates": [126.7451060004568, 37.55406809324822]}}, {"id": "276", "type": "Feature", "properties": {"id": 276, "linenm": "인천1호선", "statnm": "귤현", "x_5179": 933118.3195, "y_5179": 1952162.089, "lng": 126.7426695614055, "lat": 37.56639671533986, "begin": "2007-03-16", "effective_begin": null, "geometry_wkt": "POINT (933118.3195 1952162.089)", "travel_time_sec": 1200.0, "travel_time_min": 20.0}, "geometry": {"type": "Point", "coordinates": [126.7426695614055, 37.56639671533986]}}, {"id": "277", "type": "Feature", "properties": {"id": 277, "linenm": "인천1호선", "statnm": "계양", "x_5179": 932565.403, "y_5179": 1952736.394, "lng": 126.73635630875076, "lat": 37.57153246031567, "begin": "2007-03-16", "effective_begin": null, "geometry_wkt": "POINT (932565.403 1952736.394)", "travel_time_sec": 1080.0, "travel_time_min": 18.0}, "geometry": {"type": "Point", "coordinates": [126.73635630875076, 37.57153246031567]}}, {"id": "278", "type": "Feature", "properties": {"id": 278, "linenm": "인천1호선", "statnm": "아라", "x_5179": 930562.7882933236, "y_5179": 1955047.6067471085, "lng": 126.7134610801571, "lat": 37.59221383686737, "begin": "2025-06-28", "effective_begin": null, "geometry_wkt": "POINT (930562.788293 1955047.606747)", "travel_time_sec": 1380.0, "travel_time_min": 23.0}, "geometry": {"type": "Point", "coordinates": [126.7134610801571, 37.59221383686737]}}, {"id": "279", "type": "Feature", "properties": {"id": 279, "linenm": "인천1호선", "statnm": "신검단중앙", "x_5179": 929256.3561, "y_5179": 1956197.798, "lng": 126.69855280764712, "lat": 37.60248055177962, "begin": "2025-06-28", "effective_begin": null, "geometry_wkt": "POINT (929256.3561 1956197.798)", "travel_time_sec": 1500.0, "travel_time_min": 25.0}, "geometry": {"type": "Point", "coordinates": [126.69855280764712, 37.60248055177962]}}, {"id": "280", "type": "Feature", "properties": {"id": 280, "linenm": "인천1호선", "statnm": "검단호수공원", "x_5179": 928357.1717, "y_5179": 1956208.439, "lng": 126.68836593256836, "lat": 37.60250684209678, "begin": "2025-06-28", "effective_begin": null, "geometry_wkt": "POINT (928357.1717 1956208.439)", "travel_time_sec": 1620.0, "travel_time_min": 27.0}, "geometry": {"type": "Point", "coordinates": [126.68836593256836, 37.60250684209678]}}, {"id": "281", "type": "Feature", "properties": {"id": 281, "linenm": "인천2호선", "statnm": "검단오류", "x_5179": 923017.1971, "y_5179": 1955418.869, "lng": 126.62795918387782, "lat": 37.59495934734717, "begin": "2016-07-30", "effective_begin": null, "geometry_wkt": "POINT (923017.1971 1955418.869)", "travel_time_sec": 1544.0, "travel_time_min": 25.733333333333334}, "geometry": {"type": "Point", "coordinates": [126.62795918387782, 37.59495934734717]}}, {"id": "282", "type": "Feature", "properties": {"id": 282, "linenm": "인천2호선", "statnm": "왕길", "x_5179": 924293.5439, "y_5179": 1955426.358, "lng": 126.64241503106456, "lat": 37.595132774772814, "begin": "2016-07-30", "effective_begin": null, "geometry_wkt": "POINT (924293.5439 1955426.358)", "travel_time_sec": 1424.0, "travel_time_min": 23.733333333333334}, "geometry": {"type": "Point", "coordinates": [126.64241503106456, 37.595132774772814]}}, {"id": "283", "type": "Feature", "properties": {"id": 283, "linenm": "인천2호선", "statnm": "검단사거리", "x_5179": 925546.1019, "y_5179": 1956142.502, "lng": 126.65652943167764, "lat": 37.60168928630328, "begin": "2016-07-30", "effective_begin": null, "geometry_wkt": "POINT (925546.1019 1956142.502)", "travel_time_sec": 1267.0, "travel_time_min": 21.116666666666667}, "geometry": {"type": "Point", "coordinates": [126.65652943167764, 37.60168928630328]}}, {"id": "284", "type": "Feature", "properties": {"id": 284, "linenm": "인천2호선", "statnm": "마전", "x_5179": 926481.2794, "y_5179": 1955686.983, "lng": 126.66716856942418, "lat": 37.59765913177729, "begin": "2016-07-30", "effective_begin": null, "geometry_wkt": "POINT (926481.2794 1955686.983)", "travel_time_sec": 1134.0, "travel_time_min": 18.9}, "geometry": {"type": "Point", "coordinates": [126.66716856942418, 37.59765913177729]}}, {"id": "285", "type": "Feature", "properties": {"id": 285, "linenm": "인천2호선", "statnm": "완정", "x_5179": 926986.9588, "y_5179": 1955170.679, "lng": 126.67294794012362, "lat": 37.593046182371125, "begin": "2016-07-30", "effective_begin": null, "geometry_wkt": "POINT (926986.9588 1955170.679)", "travel_time_sec": 1028.0, "travel_time_min": 17.133333333333333}, "geometry": {"type": "Point", "coordinates": [126.67294794012362, 37.593046182371125]}}, {"id": "286", "type": "Feature", "properties": {"id": 286, "linenm": "인천2호선", "statnm": "독정", "x_5179": 927246.4495, "y_5179": 1954266.387, "lng": 126.67597689172382, "lat": 37.58491672319505, "begin": "2016-07-30", "effective_begin": null, "geometry_wkt": "POINT (927246.4495 1954266.387)", "travel_time_sec": 926.0, "travel_time_min": 15.433333333333334}, "geometry": {"type": "Point", "coordinates": [126.67597689172382, 37.58491672319505]}}, {"id": "287", "type": "Feature", "properties": {"id": 287, "linenm": "인천2호선", "statnm": "검암", "x_5179": 927201.2207, "y_5179": 1952470.037, "lng": 126.67564317878316, "lat": 37.56872333769509, "begin": "2016-07-30", "effective_begin": null, "geometry_wkt": "POINT (927201.2207 1952470.037)", "travel_time_sec": 780.0, "travel_time_min": 13.0}, "geometry": {"type": "Point", "coordinates": [126.67564317878316, 37.56872333769509]}}, {"id": "288", "type": "Feature", "properties": {"id": 288, "linenm": "인천2호선", "statnm": "검바위", "x_5179": 927360.3899, "y_5179": 1951638.675, "lng": 126.67752779099276, "lat": 37.5612431459511, "begin": "2016-07-30", "effective_begin": null, "geometry_wkt": "POINT (927360.3899 1951638.675)", "travel_time_sec": 885.0, "travel_time_min": 14.75}, "geometry": {"type": "Point", "coordinates": [126.67752779099276, 37.5612431459511]}}, {"id": "289", "type": "Feature", "properties": {"id": 289, "linenm": "인천2호선", "statnm": "아시아드경기장", "x_5179": 927318.3777, "y_5179": 1950616.623, "lng": 126.67715344747968, "lat": 37.55202843644741, "begin": "2016-07-30", "effective_begin": null, "geometry_wkt": "POINT (927318.3777 1950616.623)", "travel_time_sec": 1035.0, "travel_time_min": 17.25}, "geometry": {"type": "Point", "coordinates": [126.67715344747968, 37.55202843644741]}}, {"id": "290", "type": "Feature", "properties": {"id": 290, "linenm": "인천2호선", "statnm": "서구청", "x_5179": 927283.104, "y_5179": 1949724.031, "lng": 126.67684261734424, "lat": 37.54398102426325, "begin": "2016-07-30", "effective_begin": null, "geometry_wkt": "POINT (927283.104 1949724.031)", "travel_time_sec": 1132.0, "travel_time_min": 18.866666666666667}, "geometry": {"type": "Point", "coordinates": [126.67684261734424, 37.54398102426325]}}, {"id": "291", "type": "Feature", "properties": {"id": 291, "linenm": "인천2호선", "statnm": "가정", "x_5179": 927136.89, "y_5179": 1947629.827, "lng": 126.67539548546308, "lat": 37.52509508945347, "begin": "2016-07-30", "effective_begin": null, "geometry_wkt": "POINT (927136.89 1947629.827)", "travel_time_sec": 1298.0, "travel_time_min": 21.633333333333333}, "geometry": {"type": "Point", "coordinates": [126.67539548546308, 37.52509508945347]}}, {"id": "292", "type": "Feature", "properties": {"id": 292, "linenm": "인천2호선", "statnm": "가정중앙시장", "x_5179": 927255.4028, "y_5179": 1946795.539, "lng": 126.67681920637938, "lat": 37.51758525749948, "begin": "2016-07-30", "effective_begin": null, "geometry_wkt": "POINT (927255.4028 1946795.539)", "travel_time_sec": 1424.0, "travel_time_min": 23.733333333333334}, "geometry": {"type": "Point", "coordinates": [126.67681920637938, 37.51758525749948]}}, {"id": "293", "type": "Feature", "properties": {"id": 293, "linenm": "인천2호선", "statnm": "석남", "x_5179": 927199.641, "y_5179": 1945668.401, "lng": 126.6762999181793, "lat": 37.50742228629505, "begin": "2016-07-30", "effective_begin": null, "geometry_wkt": "POINT (927199.641 1945668.401)", "travel_time_sec": 1537.0, "travel_time_min": 25.616666666666667}, "geometry": {"type": "Point", "coordinates": [126.6762999181793, 37.50742228629505]}}, {"id": "294", "type": "Feature", "properties": {"id": 294, "linenm": "인천2호선", "statnm": "서부여성회관", "x_5179": 927154.2517, "y_5179": 1944881.184, "lng": 126.67586440678384, "lat": 37.5003237331973, "begin": "2016-07-30", "effective_begin": null, "geometry_wkt": "POINT (927154.2517 1944881.184)", "travel_time_sec": 1639.0, "travel_time_min": 27.316666666666666}, "geometry": {"type": "Point", "coordinates": [126.67586440678384, 37.5003237331973]}}, {"id": "295", "type": "Feature", "properties": {"id": 295, "linenm": "인천2호선", "statnm": "인천가좌", "x_5179": 927087.6124, "y_5179": 1943716.704, "lng": 126.67522599094904, "lat": 37.48982331843308, "begin": "2016-07-30", "effective_begin": null, "geometry_wkt": "POINT (927087.6124 1943716.704)", "travel_time_sec": 1758.0, "travel_time_min": 29.3}, "geometry": {"type": "Point", "coordinates": [126.67522599094904, 37.48982331843308]}}, {"id": "296", "type": "Feature", "properties": {"id": 296, "linenm": "인천2호선", "statnm": "가재울", "x_5179": 927845.8557, "y_5179": 1943073.004, "lng": 126.6838654444094, "lat": 37.48408136361174, "begin": "2016-07-30", "effective_begin": null, "geometry_wkt": "POINT (927845.8557 1943073.004)", "travel_time_sec": 1907.0, "travel_time_min": 31.783333333333335}, "geometry": {"type": "Point", "coordinates": [126.6838654444094, 37.48408136361174]}}, {"id": "297", "type": "Feature", "properties": {"id": 297, "linenm": "인천2호선", "statnm": "주안국가산단", "x_5179": 927613.2232, "y_5179": 1941969.846, "lng": 126.68134286624142, "lat": 37.474120642777365, "begin": "2016-07-30", "effective_begin": null, "geometry_wkt": "POINT (927613.2232 1941969.846)", "travel_time_sec": 2046.0, "travel_time_min": 34.1}, "geometry": {"type": "Point", "coordinates": [126.68134286624142, 37.474120642777365]}}, {"id": "298", "type": "Feature", "properties": {"id": 298, "linenm": "인천2호선", "statnm": "주안", "x_5179": 927401.1067, "y_5179": 1940982.816, "lng": 126.67904146198129, "lat": 37.46520810885331, "begin": "2016-07-30", "effective_begin": null, "geometry_wkt": "POINT (927401.1067 1940982.816)", "travel_time_sec": 2151.0, "travel_time_min": 35.85}, "geometry": {"type": "Point", "coordinates": [126.67904146198129, 37.46520810885331]}}, {"id": "299", "type": "Feature", "properties": {"id": 299, "linenm": "인천2호선", "statnm": "시민공원", "x_5179": 927598.8933, "y_5179": 1940222.539, "lng": 126.68135256454076, "lat": 37.45837139895639, "begin": "2016-07-30", "effective_begin": null, "geometry_wkt": "POINT (927598.8933 1940222.539)", "travel_time_sec": 2279.0, "travel_time_min": 37.983333333333334}, "geometry": {"type": "Point", "coordinates": [126.68135256454076, 37.45837139895639]}}, {"id": "300", "type": "Feature", "properties": {"id": 300, "linenm": "인천2호선", "statnm": "석바위시장", "x_5179": 928566.0728, "y_5179": 1940136.731, "lng": 126.6922958888124, "lat": 37.45767327417982, "begin": "2016-07-30", "effective_begin": null, "geometry_wkt": "POINT (928566.0728 1940136.731)", "travel_time_sec": 2385.0, "travel_time_min": 39.75}, "geometry": {"type": "Point", "coordinates": [126.6922958888124, 37.45767327417982]}}, {"id": "301", "type": "Feature", "properties": {"id": 301, "linenm": "인천2호선", "statnm": "인천시청", "x_5179": 929342.7997, "y_5179": 1940046.211, "lng": 126.70108624120871, "lat": 37.45691712736556, "begin": "2016-07-30", "effective_begin": null, "geometry_wkt": "POINT (929342.7997 1940046.211)", "travel_time_sec": 2479.0, "travel_time_min": 41.31666666666667}, "geometry": {"type": "Point", "coordinates": [126.70108624120871, 37.45691712736556]}}, {"id": "302", "type": "Feature", "properties": {"id": 302, "linenm": "인천2호선", "statnm": "석천사거리", "x_5179": 930176.1616, "y_5179": 1940025.32, "lng": 126.71051013524622, "lat": 37.456792161429625, "begin": "2016-07-30", "effective_begin": null, "geometry_wkt": "POINT (930176.1616 1940025.32)", "travel_time_sec": 2586.0, "travel_time_min": 43.1}, "geometry": {"type": "Point", "coordinates": [126.71051013524622, 37.456792161429625]}}, {"id": "303", "type": "Feature", "properties": {"id": 303, "linenm": "인천2호선", "statnm": "모래내시장", "x_5179": 930968.7802, "y_5179": 1939916.674, "lng": 126.71948159160158, "lat": 37.45587247535443, "begin": "2016-07-30", "effective_begin": null, "geometry_wkt": "POINT (930968.7802 1939916.674)", "travel_time_sec": 2683.0, "travel_time_min": 44.71666666666667}, "geometry": {"type": "Point", "coordinates": [126.71948159160158, 37.45587247535443]}}, {"id": "304", "type": "Feature", "properties": {"id": 304, "linenm": "인천2호선", "statnm": "만수", "x_5179": 932055.3992, "y_5179": 1939808.397, "lng": 126.73177667950613, "lat": 37.45497708565143, "begin": "2016-07-30", "effective_begin": null, "geometry_wkt": "POINT (932055.3992 1939808.397)", "travel_time_sec": 2790.0, "travel_time_min": 46.5}, "geometry": {"type": "Point", "coordinates": [126.73177667950613, 37.45497708565143]}}, {"id": "305", "type": "Feature", "properties": {"id": 305, "linenm": "인천2호선", "statnm": "남동구청", "x_5179": 932479.1701, "y_5179": 1939050.343, "lng": 126.7366371412752, "lat": 37.448175839541726, "begin": "2016-07-30", "effective_begin": null, "geometry_wkt": "POINT (932479.1701 1939050.343)", "travel_time_sec": 2951.0, "travel_time_min": 49.18333333333333}, "geometry": {"type": "Point", "coordinates": [126.7366371412752, 37.448175839541726]}}, {"id": "306", "type": "Feature", "properties": {"id": 306, "linenm": "인천2호선", "statnm": "인천대공원", "x_5179": 933915.9065, "y_5179": 1939071.729, "lng": 126.75287710059445, "lat": 37.4484723842065, "begin": "2016-07-30", "effective_begin": null, "geometry_wkt": "POINT (933915.9065 1939071.729)", "travel_time_sec": 3101.0, "travel_time_min": 51.68333333333333}, "geometry": {"type": "Point", "coordinates": [126.75287710059445, 37.4484723842065]}}, {"id": "307", "type": "Feature", "properties": {"id": 307, "linenm": "인천2호선", "statnm": "운연", "x_5179": 934505.6229, "y_5179": 1938087.278, "lng": 126.7596311476252, "lat": 37.4396414864273, "begin": "2016-07-30", "effective_begin": null, "geometry_wkt": "POINT (934505.6229 1938087.278)", "travel_time_sec": 3257.0, "travel_time_min": 54.28333333333333}, "geometry": {"type": "Point", "coordinates": [126.7596311476252, 37.4396414864273]}}, {"id": "308", "type": "Feature", "properties": {"id": 308, "linenm": "공항철도", "statnm": "인천공항2터미널", "x_5179": 905698.1785, "y_5179": 1941596.227, "lng": 126.43357757667609, "lat": 37.46877657917764, "begin": "2018-01-13", "effective_begin": null, "geometry_wkt": "POINT (905698.1785 1941596.227)", "travel_time_sec": 1620.0, "travel_time_min": 27.0}, "geometry": {"type": "Point", "coordinates": [126.43357757667609, 37.46877657917764]}}, {"id": "309", "type": "Feature", "properties": {"id": 309, "linenm": "공항철도", "statnm": "인천공항1터미널", "x_5179": 907363.7711, "y_5179": 1939224.385, "lng": 126.4527083708236, "lat": 37.44756949409256, "begin": "2007-03-23", "effective_begin": null, "geometry_wkt": "POINT (907363.7711 1939224.385)", "travel_time_sec": 1200.0, "travel_time_min": 20.0}, "geometry": {"type": "Point", "coordinates": [126.4527083708236, 37.44756949409256]}}, {"id": "310", "type": "Feature", "properties": {"id": 310, "linenm": "공항철도", "statnm": "공항화물청사", "x_5179": 909558.8085, "y_5179": 1940467.155, "lng": 126.4773680436374, "lat": 37.458986990351015, "begin": "2007-03-23", "effective_begin": null, "geometry_wkt": "POINT (909558.8085 1940467.155)", "travel_time_sec": 1020.0, "travel_time_min": 17.0}, "geometry": {"type": "Point", "coordinates": [126.4773680436374, 37.458986990351015]}}, {"id": "311", "type": "Feature", "properties": {"id": 311, "linenm": "공항철도", "statnm": "운서", "x_5179": 911042.2679, "y_5179": 1944209.665, "lng": 126.49368716386016, "lat": 37.49285960419908, "begin": "2007-03-23", "effective_begin": null, "geometry_wkt": "POINT (911042.2679 1944209.665)", "travel_time_sec": 720.0, "travel_time_min": 12.0}, "geometry": {"type": "Point", "coordinates": [126.49368716386016, 37.49285960419908]}}, {"id": "312", "type": "Feature", "properties": {"id": 312, "linenm": "공항철도", "statnm": "영종", "x_5179": 913795.6603, "y_5179": 1946286.418, "lng": 126.52458657668387, "lat": 37.51183723123434, "begin": "2016-03-26", "effective_begin": null, "geometry_wkt": "POINT (913795.6603 1946286.418)", "travel_time_sec": 480.0, "travel_time_min": 8.0}, "geometry": {"type": "Point", "coordinates": [126.52458657668387, 37.51183723123434]}}, {"id": "313", "type": "Feature", "properties": {"id": 313, "linenm": "공항철도", "statnm": "청라국제도시", "x_5179": 922684.8519, "y_5179": 1951152.998, "lng": 126.62464505549164, "lat": 37.55648532952862, "begin": "2014-06-21", "effective_begin": null, "geometry_wkt": "POINT (922684.8519 1951152.998)", "travel_time_sec": 0.0, "travel_time_min": 0.0}, "geometry": {"type": "Point", "coordinates": [126.62464505549164, 37.55648532952862]}}, {"id": "314", "type": "Feature", "properties": {"id": 314, "linenm": "공항철도", "statnm": "검암", "x_5179": 927028.4276, "y_5179": 1952529.439, "lng": 126.67368078052438, "lat": 37.56924502685766, "begin": "2007-03-23", "effective_begin": null, "geometry_wkt": "POINT (927028.4276 1952529.439)", "travel_time_sec": 300.0, "travel_time_min": 5.0}, "geometry": {"type": "Point", "coordinates": [126.67368078052438, 37.56924502685766]}}, {"id": "315", "type": "Feature", "properties": {"id": 315, "linenm": "공항철도", "statnm": "계양", "x_5179": 932564.9583, "y_5179": 1952762.714, "lng": 126.73634885107874, "lat": 37.57176964343677, "begin": "2007-03-23", "effective_begin": null, "geometry_wkt": "POINT (932564.9583 1952762.714)", "travel_time_sec": 720.0, "travel_time_min": 12.0}, "geometry": {"type": "Point", "coordinates": [126.73634885107874, 37.57176964343677]}}, {"id": "316", "type": "Feature", "properties": {"id": 316, "linenm": "공항철도", "statnm": "김포공항", "x_5179": 938337.821, "y_5179": 1951621.739, "lng": 126.8018135167875, "lat": 37.561890927429154, "begin": "2007-03-23", "effective_begin": null, "geometry_wkt": "POINT (938337.821 1951621.739)", "travel_time_sec": 1080.0, "travel_time_min": 18.0}, "geometry": {"type": "Point", "coordinates": [126.8018135167875, 37.561890927429154]}}, {"id": "317", "type": "Feature", "properties": {"id": 317, "linenm": "공항철도", "statnm": "마곡나루", "x_5179": 940613.0352432878, "y_5179": 1951992.8972605343, "lng": 126.82754351158827, "lat": 37.5653856875659, "begin": "2018-09-26", "effective_begin": null, "geometry_wkt": "POINT (940613.035243 1951992.897261)", "travel_time_sec": 1500.0, "travel_time_min": 25.0}, "geometry": {"type": "Point", "coordinates": [126.82754351158827, 37.5653856875659]}}, {"id": "318", "type": "Feature", "properties": {"id": 318, "linenm": "공항철도", "statnm": "디지털미디어시티", "x_5179": 946842.5279, "y_5179": 1953291.111, "lng": 126.89798397849005, "lat": 37.57746726157213, "begin": "2010-12-29", "effective_begin": null, "geometry_wkt": "POINT (946842.5279 1953291.111)", "travel_time_sec": 1920.0, "travel_time_min": 32.0}, "geometry": {"type": "Point", "coordinates": [126.89798397849005, 37.57746726157213]}}, {"id": "319", "type": "Feature", "properties": {"id": 319, "linenm": "공항철도", "statnm": "홍대입구", "x_5179": 949386.7215, "y_5179": 1951039.543, "lng": 126.92695147389504, "lat": 37.557317050855794, "begin": "2010-12-29", "effective_begin": null, "geometry_wkt": "POINT (949386.7215 1951039.543)", "travel_time_sec": 2160.0, "travel_time_min": 36.0}, "geometry": {"type": "Point", "coordinates": [126.92695147389504, 37.557317050855794]}}, {"id": "320", "type": "Feature", "properties": {"id": 320, "linenm": "공항철도", "statnm": "공덕", "x_5179": 951594.392, "y_5179": 1949388.945, "lng": 126.95205478825476, "lat": 37.54255858636423, "begin": "2011-11-30", "effective_begin": null, "geometry_wkt": "POINT (951594.392 1949388.945)", "travel_time_sec": 2340.0, "travel_time_min": 39.0}, "geometry": {"type": "Point", "coordinates": [126.95205478825476, 37.54255858636423]}}, {"id": "321", "type": "Feature", "properties": {"id": 321, "linenm": "공항철도", "statnm": "서울역", "x_5179": 953160.5493, "y_5179": 1950571.71, "lng": 126.96970726119268, "lat": 37.55330002448569, "begin": "2010-12-29", "effective_begin": null, "geometry_wkt": "POINT (953160.5493 1950571.71)", "travel_time_sec": 2580.0, "travel_time_min": 43.0}, "geometry": {"type": "Point", "coordinates": [126.96970726119268, 37.55330002448569]}}, {"id": "322", "type": "Feature", "properties": {"id": 322, "linenm": "서울1호선", "statnm": "인천", "x_5179": 921911.1261, "y_5179": 1942257.24, "lng": 126.61683136156502, "lat": 37.4762464470056, "begin": "1974-08-15", "effective_begin": null, "geometry_wkt": "POINT (921911.1261 1942257.24)", "travel_time_sec": 3141.0, "travel_time_min": 52.35}, "geometry": {"type": "Point", "coordinates": [126.61683136156502, 37.4762464470056]}}, {"id": "323", "type": "Feature", "properties": {"id": 323, "linenm": "서울1호선", "statnm": "동인천", "x_5179": 923301.8008, "y_5179": 1942160.35, "lng": 126.63256802696128, "lat": 37.47548971928754, "begin": "1974-08-15", "effective_begin": null, "geometry_wkt": "POINT (923301.8008 1942160.35)", "travel_time_sec": 2901.0, "travel_time_min": 48.35}, "geometry": {"type": "Point", "coordinates": [126.63256802696128, 37.47548971928754]}}, {"id": "324", "type": "Feature", "properties": {"id": 324, "linenm": "서울1호선", "statnm": "도원", "x_5179": 924188.6197, "y_5179": 1941378.404, "lng": 126.64267713207076, "lat": 37.4685154782886, "begin": "1994-07-11", "effective_begin": null, "geometry_wkt": "POINT (924188.6197 1941378.404)", "travel_time_sec": 2781.0, "travel_time_min": 46.35}, "geometry": {"type": "Point", "coordinates": [126.64267713207076, 37.4685154782886]}}, {"id": "325", "type": "Feature", "properties": {"id": 325, "linenm": "서울1호선", "statnm": "제물포", "x_5179": 925453.083, "y_5179": 1941177.806, "lng": 126.65699535452084, "lat": 37.46681041751595, "begin": "1974-08-15", "effective_begin": null, "geometry_wkt": "POINT (925453.083 1941177.806)", "travel_time_sec": 2661.0, "travel_time_min": 44.35}, "geometry": {"type": "Point", "coordinates": [126.65699535452084, 37.46681041751595]}}, {"id": "326", "type": "Feature", "properties": {"id": 326, "linenm": "서울1호선", "statnm": "도화", "x_5179": 926438.0563, "y_5179": 1941096.93, "lng": 126.66814079949802, "lat": 37.46616043462845, "begin": "2001-11-30", "effective_begin": null, "geometry_wkt": "POINT (926438.0563 1941096.93)", "travel_time_sec": 2541.0, "travel_time_min": 42.35}, "geometry": {"type": "Point", "coordinates": [126.66814079949802, 37.46616043462845]}}, {"id": "327", "type": "Feature", "properties": {"id": 327, "linenm": "서울1호선", "statnm": "주안", "x_5179": 927459.2465, "y_5179": 1940970.413, "lng": 126.6797000747699, "lat": 37.4651008886979, "begin": "1974-08-15", "effective_begin": null, "geometry_wkt": "POINT (927459.2465 1940970.413)", "travel_time_sec": 2421.0, "travel_time_min": 40.35}, "geometry": {"type": "Point", "coordinates": [126.6797000747699, 37.4651008886979]}}, {"id": "328", "type": "Feature", "properties": {"id": 328, "linenm": "서울1호선", "statnm": "간석", "x_5179": 928685.3596, "y_5179": 1940917.156, "lng": 126.69356900354455, "lat": 37.464716323179005, "begin": "1994-07-11", "effective_begin": null, "geometry_wkt": "POINT (928685.3596 1940917.156)", "travel_time_sec": 2541.0, "travel_time_min": 42.35}, "geometry": {"type": "Point", "coordinates": [126.69356900354455, 37.464716323179005]}}, {"id": "329", "type": "Feature", "properties": {"id": 329, "linenm": "서울1호선", "statnm": "동암", "x_5179": 929511.1231, "y_5179": 1941559.254, "lng": 126.7028445129554, "lat": 37.47056680373955, "begin": "1974-08-15", "effective_begin": null, "geometry_wkt": "POINT (929511.1231 1941559.254)", "travel_time_sec": 2691.0, "travel_time_min": 44.85}, "geometry": {"type": "Point", "coordinates": [126.7028445129554, 37.47056680373955]}}, {"id": "330", "type": "Feature", "properties": {"id": 330, "linenm": "서울1호선", "statnm": "백운", "x_5179": 929883.6097, "y_5179": 1942935.266, "lng": 126.706925524643, "lat": 37.48299691688588, "begin": "1984-11-20", "effective_begin": null, "geometry_wkt": "POINT (929883.6097 1942935.266)", "travel_time_sec": 2780.0, "travel_time_min": 46.333333333333336}, "geometry": {"type": "Point", "coordinates": [126.706925524643, 37.48299691688588]}}, {"id": "331", "type": "Feature", "properties": {"id": 331, "linenm": "서울1호선", "statnm": "부평", "x_5179": 931420.7581, "y_5179": 1943641.542, "lng": 126.724244649599, "lat": 37.48947790546712, "begin": "1974-08-15", "effective_begin": null, "geometry_wkt": "POINT (931420.7581 1943641.542)", "travel_time_sec": 2630.0, "travel_time_min": 43.833333333333336}, "geometry": {"type": "Point", "coordinates": [126.724244649599, 37.48947790546712]}}, {"id": "332", "type": "Feature", "properties": {"id": 332, "linenm": "서울1호선", "statnm": "부개", "x_5179": 932867.7984, "y_5179": 1943527.845, "lng": 126.74062233824068, "lat": 37.48855951022431, "begin": "1996-03-28", "effective_begin": null, "geometry_wkt": "POINT (932867.7984 1943527.845)", "travel_time_sec": 2780.0, "travel_time_min": 46.333333333333336}, "geometry": {"type": "Point", "coordinates": [126.74062233824068, 37.48855951022431]}}, {"id": "333", "type": "Feature", "properties": {"id": 333, "linenm": "서울1호선", "statnm": "송내", "x_5179": 933971.4688, "y_5179": 1943426.17, "lng": 126.75311484445696, "lat": 37.4877227038449, "begin": "1974-08-15", "effective_begin": null, "geometry_wkt": "POINT (933971.4688 1943426.17)", "travel_time_sec": 2900.0, "travel_time_min": 48.333333333333336}, "geometry": {"type": "Point", "coordinates": [126.75311484445696, 37.4877227038449]}}, {"id": "334", "type": "Feature", "properties": {"id": 334, "linenm": "서울1호선", "statnm": "중동", "x_5179": 934980.4562, "y_5179": 1943307.25, "lng": 126.7645376985588, "lat": 37.4867224831341, "begin": "1987-12-31", "effective_begin": null, "geometry_wkt": "POINT (934980.4562 1943307.25)", "travel_time_sec": 2939.0, "travel_time_min": 48.983333333333334}, "geometry": {"type": "Point", "coordinates": [126.7645376985588, 37.4867224831341]}}, {"id": "335", "type": "Feature", "properties": {"id": 335, "linenm": "서울1호선", "statnm": "부천", "x_5179": 936581.7484, "y_5179": 1942993.356, "lng": 126.78267629629936, "lat": 37.48400472407767, "begin": "1974-08-15", "effective_begin": null, "geometry_wkt": "POINT (936581.7484 1942993.356)", "travel_time_sec": 2789.0, "travel_time_min": 46.483333333333334}, "geometry": {"type": "Point", "coordinates": [126.78267629629936, 37.48400472407767]}}, {"id": "336", "type": "Feature", "properties": {"id": 336, "linenm": "서울1호선", "statnm": "소사", "x_5179": 937735.3291, "y_5179": 1942851.704, "lng": 126.79573551872576, "lat": 37.482806510437655, "begin": "1997-04-30", "effective_begin": null, "geometry_wkt": "POINT (937735.3291 1942851.704)", "travel_time_sec": 2669.0, "travel_time_min": 44.483333333333334}, "geometry": {"type": "Point", "coordinates": [126.79573551872576, 37.482806510437655]}}, {"id": "337", "type": "Feature", "properties": {"id": 337, "linenm": "서울1호선", "statnm": "역곡", "x_5179": 939174.8864, "y_5179": 1943116.381, "lng": 126.8119951292962, "lat": 37.485287986503074, "begin": "1974-08-15", "effective_begin": null, "geometry_wkt": "POINT (939174.8864 1943116.381)", "travel_time_sec": 2819.0, "travel_time_min": 46.983333333333334}, "geometry": {"type": "Point", "coordinates": [126.8119951292962, 37.485287986503074]}}, {"id": "338", "type": "Feature", "properties": {"id": 338, "linenm": "서울1호선", "statnm": "온수", "x_5179": 940232.4993, "y_5179": 1943903.285, "lng": 126.8238933061918, "lat": 37.49244945064322, "begin": "1988-01-16", "effective_begin": null, "geometry_wkt": "POINT (940232.4993 1943903.285)", "travel_time_sec": 2939.0, "travel_time_min": 48.983333333333334}, "geometry": {"type": "Point", "coordinates": [126.8238933061918, 37.49244945064322]}}, {"id": "339", "type": "Feature", "properties": {"id": 339, "linenm": "서울1호선", "statnm": "오류동", "x_5179": 942082.1715, "y_5179": 1944113.411, "lng": 126.84479949873904, "lat": 37.49446122525611, "begin": "1974-08-15", "effective_begin": null, "geometry_wkt": "POINT (942082.1715 1944113.411)", "travel_time_sec": 3119.0, "travel_time_min": 51.983333333333334}, "geometry": {"type": "Point", "coordinates": [126.84479949873904, 37.49446122525611]}}, {"id": "340", "type": "Feature", "properties": {"id": 340, "linenm": "서울1호선", "statnm": "개봉", "x_5179": 943303.0173, "y_5179": 1944131.41, "lng": 126.8586082355438, "lat": 37.49469923953538, "begin": "1974-08-15", "effective_begin": null, "geometry_wkt": "POINT (943303.0173 1944131.41)", "travel_time_sec": 3269.0, "travel_time_min": 54.483333333333334}, "geometry": {"type": "Point", "coordinates": [126.8586082355438, 37.49469923953538]}}, {"id": "341", "type": "Feature", "properties": {"id": 341, "linenm": "서울1호선", "statnm": "구일", "x_5179": 944294.988, "y_5179": 1944295.979, "lng": 126.86981693840856, "lat": 37.49624291179354, "begin": "1995-02-16", "effective_begin": null, "geometry_wkt": "POINT (944294.988 1944295.979)", "travel_time_sec": 3389.0, "travel_time_min": 56.483333333333334}, "geometry": {"type": "Point", "coordinates": [126.86981693840856, 37.49624291179354]}}, {"id": "342", "type": "Feature", "properties": {"id": 342, "linenm": "서울1호선", "statnm": "구로", "x_5179": 945404.946, "y_5179": 1945077.539, "lng": 126.88231503887692, "lat": 37.50335353704898, "begin": "1974-08-15", "effective_begin": null, "geometry_wkt": "POINT (945404.946 1945077.539)", "travel_time_sec": 3240.0, "travel_time_min": 54.0}, "geometry": {"type": "Point", "coordinates": [126.88231503887692, 37.50335353704898]}}, {"id": "343", "type": "Feature", "properties": {"id": 343, "linenm": "서울1호선", "statnm": "신도림", "x_5179": 946213.8725, "y_5179": 1945692.492, "lng": 126.89142171185811, "lat": 37.508943699597765, "begin": "1984-05-22", "effective_begin": null, "geometry_wkt": "POINT (946213.8725 1945692.492)", "travel_time_sec": 3120.0, "travel_time_min": 52.0}, "geometry": {"type": "Point", "coordinates": [126.89142171185811, 37.508943699597765]}}, {"id": "344", "type": "Feature", "properties": {"id": 344, "linenm": "서울1호선", "statnm": "영등포", "x_5179": 947634.77, "y_5179": 1946428.504, "lng": 126.9074456144662, "lat": 37.51565923242024, "begin": "1974-08-15", "effective_begin": null, "geometry_wkt": "POINT (947634.77 1946428.504)", "travel_time_sec": 3270.0, "travel_time_min": 54.5}, "geometry": {"type": "Point", "coordinates": [126.9074456144662, 37.51565923242024]}}, {"id": "345", "type": "Feature", "properties": {"id": 345, "linenm": "서울1호선", "statnm": "신길", "x_5179": 948583.883, "y_5179": 1946559.211, "lng": 126.91817592758282, "lat": 37.51689070819467, "begin": "1997-04-30", "effective_begin": null, "geometry_wkt": "POINT (948583.883 1946559.211)", "travel_time_sec": 3290.0, "travel_time_min": 54.833333333333336}, "geometry": {"type": "Point", "coordinates": [126.91817592758282, 37.51689070819467]}}, {"id": "346", "type": "Feature", "properties": {"id": 346, "linenm": "서울1호선", "statnm": "대방", "x_5179": 949293.5948, "y_5179": 1946161.835, "lng": 126.92623406710486, "lat": 37.5133483698036, "begin": "1974-08-15", "effective_begin": null, "geometry_wkt": "POINT (949293.5948 1946161.835)", "travel_time_sec": 3200.0, "travel_time_min": 53.333333333333336}, "geometry": {"type": "Point", "coordinates": [126.92623406710486, 37.5133483698036]}}, {"id": "347", "type": "Feature", "properties": {"id": 347, "linenm": "서울1호선", "statnm": "노량진", "x_5179": 950698.6187, "y_5179": 1946230.042, "lng": 126.94212727274434, "lat": 37.51403929133789, "begin": "1974-08-15", "effective_begin": null, "geometry_wkt": "POINT (950698.6187 1946230.042)", "travel_time_sec": 3050.0, "travel_time_min": 50.833333333333336}, "geometry": {"type": "Point", "coordinates": [126.94212727274434, 37.51403929133789]}}, {"id": "348", "type": "Feature", "properties": {"id": 348, "linenm": "서울1호선", "statnm": "남영", "x_5179": 953295.9208, "y_5179": 1949160.854, "lng": 126.97132962571818, "lat": 37.54059055609324, "begin": "1974-08-15", "effective_begin": null, "geometry_wkt": "POINT (953295.9208 1949160.854)", "travel_time_sec": 3400.0, "travel_time_min": 56.666666666666664}, "geometry": {"type": "Point", "coordinates": [126.97132962571818, 37.54059055609324]}}, {"id": "349", "type": "Feature", "properties": {"id": 349, "linenm": "서울1호선", "statnm": "용산", "x_5179": 952669.8182, "y_5179": 1947945.536, "lng": 126.96432105098854, "lat": 37.52960468897794, "begin": "1974-08-15", "effective_begin": null, "geometry_wkt": "POINT (952669.8182 1947945.536)", "travel_time_sec": 3260.0, "travel_time_min": 54.333333333333336}, "geometry": {"type": "Point", "coordinates": [126.96432105098854, 37.52960468897794]}}, {"id": "350", "type": "Feature", "properties": {"id": 350, "linenm": "서울1호선", "statnm": "서울역", "x_5179": 953369.5965, "y_5179": 1950869.093, "lng": 126.97205498738728, "lat": 37.55599100229629, "begin": "1974-08-15", "effective_begin": null, "geometry_wkt": "POINT (953369.5965 1950869.093)", "travel_time_sec": 3220.0, "travel_time_min": 53.666666666666664}, "geometry": {"type": "Point", "coordinates": [126.97205498738728, 37.55599100229629]}}, {"id": "351", "type": "Feature", "properties": {"id": 351, "linenm": "서울1호선", "statnm": "시청", "x_5179": 953830.3036, "y_5179": 1951929.923, "lng": 126.9772040633425, "lat": 37.56557568030012, "begin": "1974-08-15", "effective_begin": null, "geometry_wkt": "POINT (953830.3036 1951929.923)", "travel_time_sec": 3370.0, "travel_time_min": 56.166666666666664}, "geometry": {"type": "Point", "coordinates": [126.9772040633425, 37.56557568030012]}}, {"id": "352", "type": "Feature", "properties": {"id": 352, "linenm": "서울1호선", "statnm": "종각", "x_5179": 954341.0662, "y_5179": 1952436.226, "lng": 126.982955850426, "lat": 37.57016455650105, "begin": "1974-08-15", "effective_begin": null, "geometry_wkt": "POINT (954341.0662 1952436.226)", "travel_time_sec": 3520.0, "travel_time_min": 58.666666666666664}, "geometry": {"type": "Point", "coordinates": [126.982955850426, 37.57016455650105]}}, {"id": "420", "type": "Feature", "properties": {"id": 420, "linenm": "서울1호선", "statnm": "가산디지털단지", "x_5179": 945415.2782, "y_5179": 1942660.648, "lng": 126.8826112689479, "lat": 37.48157033885179, "begin": "1974-08-15", "effective_begin": null, "geometry_wkt": "POINT (945415.2782 1942660.648)", "travel_time_sec": 3570.0, "travel_time_min": 59.5}, "geometry": {"type": "Point", "coordinates": [126.8826112689479, 37.48157033885179]}}, {"id": "423", "type": "Feature", "properties": {"id": 423, "linenm": "서울2호선", "statnm": "시청", "x_5179": 953701.8965, "y_5179": 1951729.468, "lng": 126.97576278093857, "lat": 37.56376249397046, "begin": "1984-05-22", "effective_begin": null, "geometry_wkt": "POINT (953701.8965 1951729.468)", "travel_time_sec": 3210.0, "travel_time_min": 53.5}, "geometry": {"type": "Point", "coordinates": [126.97576278093857, 37.56376249397046]}}, {"id": "424", "type": "Feature", "properties": {"id": 424, "linenm": "서울2호선", "statnm": "충정로", "x_5179": 952709.2534, "y_5179": 1951294.155, "lng": 126.96455152782552, "lat": 37.55978849820035, "begin": "1984-05-22", "effective_begin": null, "geometry_wkt": "POINT (952709.2534 1951294.155)", "travel_time_sec": 3090.0, "travel_time_min": 51.5}, "geometry": {"type": "Point", "coordinates": [126.96455152782552, 37.55978849820035]}}, {"id": "425", "type": "Feature", "properties": {"id": 425, "linenm": "서울2호선", "statnm": "아현", "x_5179": 951970.5676, "y_5179": 1951028.601, "lng": 126.95620551114132, "lat": 37.55735678864767, "begin": "1984-05-22", "effective_begin": null, "geometry_wkt": "POINT (951970.5676 1951028.601)", "travel_time_sec": 2970.0, "travel_time_min": 49.5}, "geometry": {"type": "Point", "coordinates": [126.95620551114132, 37.55735678864767]}}, {"id": "426", "type": "Feature", "properties": {"id": 426, "linenm": "서울2호선", "statnm": "이대", "x_5179": 951060.0159, "y_5179": 1950966.479, "lng": 126.94590072885497, "lat": 37.55674894220572, "begin": "1984-05-22", "effective_begin": null, "geometry_wkt": "POINT (951060.0159 1950966.479)", "travel_time_sec": 2880.0, "travel_time_min": 48.0}, "geometry": {"type": "Point", "coordinates": [126.94590072885497, 37.55674894220572]}}, {"id": "427", "type": "Feature", "properties": {"id": 427, "linenm": "서울2호선", "statnm": "신촌", "x_5179": 950255.4657, "y_5179": 1950798.485, "lng": 126.93680339463694, "lat": 37.555191688674775, "begin": "1984-05-22", "effective_begin": null, "geometry_wkt": "POINT (950255.4657 1950798.485)", "travel_time_sec": 2790.0, "travel_time_min": 46.5}, "geometry": {"type": "Point", "coordinates": [126.93680339463694, 37.555191688674775]}}, {"id": "428", "type": "Feature", "properties": {"id": 428, "linenm": "서울2호선", "statnm": "홍대입구", "x_5179": 949115.4288, "y_5179": 1950995.587, "lng": 126.92388306336495, "lat": 37.55690592242897, "begin": "1984-05-22", "effective_begin": null, "geometry_wkt": "POINT (949115.4288 1950995.587)", "travel_time_sec": 2610.0, "travel_time_min": 43.5}, "geometry": {"type": "Point", "coordinates": [126.92388306336495, 37.55690592242897]}}, {"id": "429", "type": "Feature", "properties": {"id": 429, "linenm": "서울2호선", "statnm": "합정", "x_5179": 948278.1854, "y_5179": 1950230.367, "lng": 126.91445817881906, "lat": 37.54996227477751, "begin": "1984-05-22", "effective_begin": null, "geometry_wkt": "POINT (948278.1854 1950230.367)", "travel_time_sec": 2730.0, "travel_time_min": 45.5}, "geometry": {"type": "Point", "coordinates": [126.91445817881906, 37.54996227477751]}}, {"id": "430", "type": "Feature", "properties": {"id": 430, "linenm": "서울2호선", "statnm": "당산", "x_5179": 947221.5294, "y_5179": 1948554.116, "lng": 126.90261694589547, "lat": 37.53479411348953, "begin": "1984-05-22", "effective_begin": null, "geometry_wkt": "POINT (947221.5294 1948554.116)", "travel_time_sec": 2665.0, "travel_time_min": 44.416666666666664}, "geometry": {"type": "Point", "coordinates": [126.90261694589547, 37.53479411348953]}}, {"id": "431", "type": "Feature", "properties": {"id": 431, "linenm": "서울2호선", "statnm": "영등포구청", "x_5179": 946687.4515, "y_5179": 1947559.119, "lng": 126.89664443529789, "lat": 37.52579535365977, "begin": "1984-05-22", "effective_begin": null, "geometry_wkt": "POINT (946687.4515 1947559.119)", "travel_time_sec": 2785.0, "travel_time_min": 46.416666666666664}, "geometry": {"type": "Point", "coordinates": [126.89664443529789, 37.52579535365977]}}, {"id": "432", "type": "Feature", "properties": {"id": 432, "linenm": "서울2호선", "statnm": "문래", "x_5179": 946525.7124, "y_5179": 1946724.2, "lng": 126.8948748555422, "lat": 37.518260755852666, "begin": "1984-05-22", "effective_begin": null, "geometry_wkt": "POINT (946525.7124 1946724.2)", "travel_time_sec": 2875.0, "travel_time_min": 47.916666666666664}, "geometry": {"type": "Point", "coordinates": [126.8948748555422, 37.518260755852666]}}, {"id": "433", "type": "Feature", "properties": {"id": 433, "linenm": "서울2호선", "statnm": "신도림", "x_5179": 946215.4181, "y_5179": 1945644.668, "lng": 126.8914426985193, "lat": 37.508512745116185, "begin": "1984-05-22", "effective_begin": null, "geometry_wkt": "POINT (946215.4181 1945644.668)", "travel_time_sec": 3055.0, "travel_time_min": 50.916666666666664}, "geometry": {"type": "Point", "coordinates": [126.8914426985193, 37.508512745116185]}}, {"id": "434", "type": "Feature", "properties": {"id": 434, "linenm": "서울2호선", "statnm": "대림", "x_5179": 946511.3251, "y_5179": 1943967.541, "lng": 126.89491262980712, "lat": 37.493413730516, "begin": "1984-05-22", "effective_begin": null, "geometry_wkt": "POINT (946511.3251 1943967.541)", "travel_time_sec": 3235.0, "travel_time_min": 53.916666666666664}, "geometry": {"type": "Point", "coordinates": [126.89491262980712, 37.493413730516]}}, {"id": "435", "type": "Feature", "properties": {"id": 435, "linenm": "서울2호선", "statnm": "구로디지털단지", "x_5179": 947074.2272, "y_5179": 1943064.028, "lng": 126.9013451006836, "lat": 37.4853026389804, "begin": "1984-05-22", "effective_begin": null, "geometry_wkt": "POINT (947074.2272 1943064.028)", "travel_time_sec": 3355.0, "travel_time_min": 55.916666666666664}, "geometry": {"type": "Point", "coordinates": [126.9013451006836, 37.4853026389804]}}, {"id": "436", "type": "Feature", "properties": {"id": 436, "linenm": "서울2호선", "statnm": "신대방", "x_5179": 948163.4624, "y_5179": 1943324.828, "lng": 126.9136467073756, "lat": 37.48771506988466, "begin": "1984-05-22", "effective_begin": null, "geometry_wkt": "POINT (948163.4624 1943324.828)", "travel_time_sec": 3475.0, "travel_time_min": 57.916666666666664}, "geometry": {"type": "Point", "coordinates": [126.9136467073756, 37.48771506988466]}}, {"id": "463", "type": "Feature", "properties": {"id": 463, "linenm": "서울2호선", "statnm": "을지로4가", "x_5179": 955636.5679, "y_5179": 1952036.677, "lng": 126.99764984161506, "lat": 37.566626674163885, "begin": "1983-09-16", "effective_begin": null, "geometry_wkt": "POINT (955636.5679 1952036.677)", "travel_time_sec": 3510.0, "travel_time_min": 58.5}, "geometry": {"type": "Point", "coordinates": [126.99764984161506, 37.566626674163885]}}, {"id": "464", "type": "Feature", "properties": {"id": 464, "linenm": "서울2호선", "statnm": "을지로3가", "x_5179": 955053.0185, "y_5179": 1952003.164, "lng": 126.9910443015022, "lat": 37.56629631337946, "begin": "1983-09-16", "effective_begin": null, "geometry_wkt": "POINT (955053.0185 1952003.164)", "travel_time_sec": 3420.0, "travel_time_min": 57.0}, "geometry": {"type": "Point", "coordinates": [126.9910443015022, 37.56629631337946]}}, {"id": "465", "type": "Feature", "properties": {"id": 465, "linenm": "서울2호선", "statnm": "을지로입구", "x_5179": 954272.4053, "y_5179": 1951977.225, "lng": 126.98220699926492, "lat": 37.56602408391536, "begin": "1983-09-16", "effective_begin": null, "geometry_wkt": "POINT (954272.4053 1951977.225)", "travel_time_sec": 3330.0, "travel_time_min": 55.5}, "geometry": {"type": "Point", "coordinates": [126.98220699926492, 37.56602408391536]}}, {"id": "466", "type": "Feature", "properties": {"id": 466, "linenm": "서울2호선", "statnm": "까치산", "x_5179": 942295.3507, "y_5179": 1948209.526, "lng": 126.84688932629948, "lat": 37.53139310583104, "begin": "1996-03-20", "effective_begin": null, "geometry_wkt": "POINT (942295.3507 1948209.526)", "travel_time_sec": 2280.0, "travel_time_min": 38.0}, "geometry": {"type": "Point", "coordinates": [126.84688932629948, 37.53139310583104]}}, {"id": "467", "type": "Feature", "properties": {"id": 467, "linenm": "서울2호선", "statnm": "신정네거리", "x_5179": 942819.0655, "y_5179": 1946963.143, "lng": 126.85291351093804, "lat": 37.52019202360079, "begin": "1996-02-29", "effective_begin": null, "geometry_wkt": "POINT (942819.0655 1946963.143)", "travel_time_sec": 2430.0, "travel_time_min": 40.5}, "geometry": {"type": "Point", "coordinates": [126.85291351093804, 37.52019202360079]}}, {"id": "468", "type": "Feature", "properties": {"id": 468, "linenm": "서울2호선", "statnm": "양천구청", "x_5179": 943962.0493, "y_5179": 1946096.516, "lng": 126.86591341861688, "lat": 37.51245119251573, "begin": "1992-05-22", "effective_begin": null, "geometry_wkt": "POINT (943962.0493 1946096.516)", "travel_time_sec": 2580.0, "travel_time_min": 43.0}, "geometry": {"type": "Point", "coordinates": [126.86591341861688, 37.51245119251573]}}, {"id": "469", "type": "Feature", "properties": {"id": 469, "linenm": "서울2호선", "statnm": "도림천", "x_5179": 945442.2546, "y_5179": 1946312.594, "lng": 126.88264545062373, "lat": 37.51448745287615, "begin": "1992-05-22", "effective_begin": null, "geometry_wkt": "POINT (945442.2546 1946312.594)", "travel_time_sec": 2760.0, "travel_time_min": 46.0}, "geometry": {"type": "Point", "coordinates": [126.88264545062373, 37.51448745287615]}}, {"id": "470", "type": "Feature", "properties": {"id": 470, "linenm": "서울2호선", "statnm": "신도림", "x_5179": 946207.389, "y_5179": 1945641.373, "lng": 126.89135209736028, "lat": 37.508482578746765, "begin": "1992-05-22", "effective_begin": null, "geometry_wkt": "POINT (946207.389 1945641.373)", "travel_time_sec": 2880.0, "travel_time_min": 48.0}, "geometry": {"type": "Point", "coordinates": [126.89135209736028, 37.508482578746765]}}, {"id": "475", "type": "Feature", "properties": {"id": 475, "linenm": "서울3호선", "statnm": "대화", "x_5179": 933643.6272, "y_5179": 1964334.591, "lng": 126.74751236326142, "lat": 37.676141864706125, "begin": "1996-01-30", "effective_begin": null, "geometry_wkt": "POINT (933643.6272 1964334.591)", "travel_time_sec": 3534.0, "travel_time_min": 58.9}, "geometry": {"type": "Point", "coordinates": [126.74751236326142, 37.676141864706125]}}, {"id": "476", "type": "Feature", "properties": {"id": 476, "linenm": "서울3호선", "statnm": "주엽", "x_5179": 934864.6884, "y_5179": 1963653.666, "lng": 126.76141908136567, "lat": 37.67009245582665, "begin": "1996-01-30", "effective_begin": null, "geometry_wkt": "POINT (934864.6884 1963653.666)", "travel_time_sec": 3414.0, "travel_time_min": 56.9}, "geometry": {"type": "Point", "coordinates": [126.76141908136567, 37.67009245582665]}}, {"id": "477", "type": "Feature", "properties": {"id": 477, "linenm": "서울3호선", "statnm": "정발산", "x_5179": 935912.06, "y_5179": 1962467.311, "lng": 126.77339877072514, "lat": 37.65947397722269, "begin": "1996-01-30", "effective_begin": null, "geometry_wkt": "POINT (935912.06 1962467.311)", "travel_time_sec": 3264.0, "travel_time_min": 54.4}, "geometry": {"type": "Point", "coordinates": [126.77339877072514, 37.65947397722269]}}, {"id": "478", "type": "Feature", "properties": {"id": 478, "linenm": "서울3호선", "statnm": "마두", "x_5179": 936271.5169, "y_5179": 1961679.359, "lng": 126.7775426540306, "lat": 37.65239742682802, "begin": "1996-01-30", "effective_begin": null, "geometry_wkt": "POINT (936271.5169 1961679.359)", "travel_time_sec": 3144.0, "travel_time_min": 52.4}, "geometry": {"type": "Point", "coordinates": [126.7775426540306, 37.65239742682802]}}, {"id": "479", "type": "Feature", "properties": {"id": 479, "linenm": "서울3호선", "statnm": "백석", "x_5179": 937185.7761, "y_5179": 1960636.368, "lng": 126.78799615103276, "lat": 37.64306023472994, "begin": "1996-01-30", "effective_begin": null, "geometry_wkt": "POINT (937185.7761 1960636.368)", "travel_time_sec": 2994.0, "travel_time_min": 49.9}, "geometry": {"type": "Point", "coordinates": [126.78799615103276, 37.64306023472994]}}, {"id": "480", "type": "Feature", "properties": {"id": 480, "linenm": "서울3호선", "statnm": "대곡", "x_5179": 939210.8753, "y_5179": 1959360.261, "lng": 126.81105546232916, "lat": 37.63169523083422, "begin": "1996-01-30", "effective_begin": null, "geometry_wkt": "POINT (939210.8753 1959360.261)", "travel_time_sec": 2784.0, "travel_time_min": 46.4}, "geometry": {"type": "Point", "coordinates": [126.81105546232916, 37.63169523083422]}}, {"id": "481", "type": "Feature", "properties": {"id": 481, "linenm": "서울3호선", "statnm": "화정", "x_5179": 941124.628, "y_5179": 1959668.619, "lng": 126.832718472829, "lat": 37.63459906302428, "begin": "1996-01-30", "effective_begin": null, "geometry_wkt": "POINT (941124.628 1959668.619)", "travel_time_sec": 2964.0, "travel_time_min": 49.4}, "geometry": {"type": "Point", "coordinates": [126.832718472829, 37.63459906302428]}}, {"id": "482", "type": "Feature", "properties": {"id": 482, "linenm": "서울3호선", "statnm": "원당", "x_5179": 942034.8009, "y_5179": 1961704.338, "lng": 126.84287194743236, "lat": 37.65300458680754, "begin": "1996-01-30", "effective_begin": null, "geometry_wkt": "POINT (942034.8009 1961704.338)", "travel_time_sec": 3174.0, "travel_time_min": 52.9}, "geometry": {"type": "Point", "coordinates": [126.84287194743236, 37.65300458680754]}}, {"id": "483", "type": "Feature", "properties": {"id": 483, "linenm": "서울3호선", "statnm": "원흥", "x_5179": 944702.6221, "y_5179": 1961426.066, "lng": 126.87313534197118, "lat": 37.650661143518434, "begin": "2014-12-17", "effective_begin": null, "geometry_wkt": "POINT (944702.6221 1961426.066)", "travel_time_sec": 3354.0, "travel_time_min": 55.9}, "geometry": {"type": "Point", "coordinates": [126.87313534197118, 37.650661143518434]}}, {"id": "484", "type": "Feature", "properties": {"id": 484, "linenm": "서울3호선", "statnm": "삼송", "x_5179": 946676.7868, "y_5179": 1961689.535, "lng": 126.89549454506393, "lat": 37.653152567101166, "begin": "1996-01-30", "effective_begin": null, "geometry_wkt": "POINT (946676.7868 1961689.535)", "travel_time_sec": 3504.0, "travel_time_min": 58.4}, "geometry": {"type": "Point", "coordinates": [126.89549454506393, 37.653152567101166]}}, {"id": "486", "type": "Feature", "properties": {"id": 486, "linenm": "서울3호선", "statnm": "구파발", "x_5179": 948722.5803, "y_5179": 1959817.617, "lng": 126.91881730019298, "lat": 37.63639757222915, "begin": "1985-07-02", "effective_begin": null, "geometry_wkt": "POINT (948722.5803 1959817.617)", "travel_time_sec": 3550.0, "travel_time_min": 59.166666666666664}, "geometry": {"type": "Point", "coordinates": [126.91881730019298, 37.63639757222915]}}, {"id": "487", "type": "Feature", "properties": {"id": 487, "linenm": "서울3호선", "statnm": "연신내", "x_5179": 948911.7414, "y_5179": 1957917.345, "lng": 126.92109402636088, "lat": 37.61928094369407, "begin": "1985-07-02", "effective_begin": null, "geometry_wkt": "POINT (948911.7414 1957917.345)", "travel_time_sec": 3400.0, "travel_time_min": 56.666666666666664}, "geometry": {"type": "Point", "coordinates": [126.92109402636088, 37.61928094369407]}}, {"id": "488", "type": "Feature", "properties": {"id": 488, "linenm": "서울3호선", "statnm": "불광", "x_5179": 949722.9408, "y_5179": 1956879.874, "lng": 126.93035703948472, "lat": 37.60997490765768, "begin": "1985-07-02", "effective_begin": null, "geometry_wkt": "POINT (949722.9408 1956879.874)", "travel_time_sec": 3320.0, "travel_time_min": 55.333333333333336}, "geometry": {"type": "Point", "coordinates": [126.93035703948472, 37.60997490765768]}}, {"id": "489", "type": "Feature", "properties": {"id": 489, "linenm": "서울3호선", "statnm": "녹번", "x_5179": 950203.2171, "y_5179": 1955854.669, "lng": 126.93586815232014, "lat": 37.60076080621573, "begin": "1985-07-02", "effective_begin": null, "geometry_wkt": "POINT (950203.2171 1955854.669)", "travel_time_sec": 3440.0, "travel_time_min": 57.333333333333336}, "geometry": {"type": "Point", "coordinates": [126.93586815232014, 37.60076080621573]}}, {"id": "490", "type": "Feature", "properties": {"id": 490, "linenm": "서울3호선", "statnm": "홍제", "x_5179": 950919.254, "y_5179": 1954522.963, "lng": 126.94406885541066, "lat": 37.588796505512455, "begin": "1985-07-02", "effective_begin": null, "geometry_wkt": "POINT (950919.254 1954522.963)", "travel_time_sec": 3590.0, "travel_time_min": 59.833333333333336}, "geometry": {"type": "Point", "coordinates": [126.94406885541066, 37.588796505512455]}}, {"id": "495", "type": "Feature", "properties": {"id": 495, "linenm": "서울3호선", "statnm": "종로3가", "x_5179": 955125.3632, "y_5179": 1952598.832, "lng": 126.99182698976216, "lat": 37.5716687202438, "begin": "1985-10-18", "effective_begin": null, "geometry_wkt": "POINT (955125.3632 1952598.832)", "travel_time_sec": 3600.0, "travel_time_min": 60.0}, "geometry": {"type": "Point", "coordinates": [126.99182698976216, 37.5716687202438]}}, {"id": "505", "type": "Feature", "properties": {"id": 505, "linenm": "서울3호선", "statnm": "고속터미널", "x_5179": 956243.8185, "y_5179": 1945181.602, "lng": 127.00493444785856, "lat": 37.50486906037078, "begin": "1985-10-18", "effective_begin": null, "geometry_wkt": "POINT (956243.8185 1945181.602)", "travel_time_sec": 3580.0, "travel_time_min": 59.666666666666664}, "geometry": {"type": "Point", "coordinates": [127.00493444785856, 37.50486906037078]}}, {"id": "544", "type": "Feature", "properties": {"id": 544, "linenm": "서울4호선", "statnm": "동작", "x_5179": 954064.8941, "y_5179": 1945000.99, "lng": 126.98029388425194, "lat": 37.50313526273477, "begin": "1985-10-18", "effective_begin": null, "geometry_wkt": "POINT (954064.8941 1945000.99)", "travel_time_sec": 3465.0, "travel_time_min": 57.75}, "geometry": {"type": "Point", "coordinates": [126.98029388425194, 37.50313526273477]}}, {"id": "545", "type": "Feature", "properties": {"id": 545, "linenm": "서울4호선", "statnm": "이촌", "x_5179": 953553.9253, "y_5179": 1947142.553, "lng": 126.97437769380484, "lat": 37.52241216709484, "begin": "1985-10-18", "effective_begin": null, "geometry_wkt": "POINT (953553.9253 1947142.553)", "travel_time_sec": 3450.0, "travel_time_min": 57.5}, "geometry": {"type": "Point", "coordinates": [126.97437769380484, 37.52241216709484]}}, {"id": "546", "type": "Feature", "properties": {"id": 546, "linenm": "서울4호선", "statnm": "신용산", "x_5179": 952985.65, "y_5179": 1947902.326, "lng": 126.96789823329632, "lat": 37.52923138639255, "begin": "1985-10-18", "effective_begin": null, "geometry_wkt": "POINT (952985.65 1947902.326)", "travel_time_sec": 3300.0, "travel_time_min": 55.0}, "geometry": {"type": "Point", "coordinates": [126.96789823329632, 37.52923138639255]}}, {"id": "547", "type": "Feature", "properties": {"id": 547, "linenm": "서울4호선", "statnm": "삼각지", "x_5179": 953430.5428, "y_5179": 1948474.73, "lng": 126.97289696351694, "lat": 37.53441317709764, "begin": "1985-10-18", "effective_begin": null, "geometry_wkt": "POINT (953430.5428 1948474.73)", "travel_time_sec": 3210.0, "travel_time_min": 53.5}, "geometry": {"type": "Point", "coordinates": [126.97289696351694, 37.53441317709764]}}, {"id": "548", "type": "Feature", "properties": {"id": 548, "linenm": "서울4호선", "statnm": "숙대입구", "x_5179": 953358.1489, "y_5179": 1949662.218, "lng": 126.97200212574523, "lat": 37.545112610214495, "begin": "1985-10-18", "effective_begin": null, "geometry_wkt": "POINT (953358.1489 1949662.218)", "travel_time_sec": 3240.0, "travel_time_min": 54.0}, "geometry": {"type": "Point", "coordinates": [126.97200212574523, 37.545112610214495]}}, {"id": "549", "type": "Feature", "properties": {"id": 549, "linenm": "서울4호선", "statnm": "서울역", "x_5179": 953414.0248, "y_5179": 1950524.686, "lng": 126.9725798587494, "lat": 37.552889041018354, "begin": "1985-10-18", "effective_begin": null, "geometry_wkt": "POINT (953414.0248 1950524.686)", "travel_time_sec": 3120.0, "travel_time_min": 52.0}, "geometry": {"type": "Point", "coordinates": [126.9725798587494, 37.552889041018354]}}, {"id": "550", "type": "Feature", "properties": {"id": 550, "linenm": "서울4호선", "statnm": "회현", "x_5179": 953963.8492, "y_5179": 1951202.052, "lng": 126.9787618992552, "lat": 37.55902192175472, "begin": "1985-10-18", "effective_begin": null, "geometry_wkt": "POINT (953963.8492 1951202.052)", "travel_time_sec": 3240.0, "travel_time_min": 54.0}, "geometry": {"type": "Point", "coordinates": [126.9787618992552, 37.55902192175472]}}, {"id": "551", "type": "Feature", "properties": {"id": 551, "linenm": "서울4호선", "statnm": "명동", "x_5179": 954581.3869, "y_5179": 1951405.38, "lng": 126.98574103082794, "lat": 37.56088522014015, "begin": "1985-10-18", "effective_begin": null, "geometry_wkt": "POINT (954581.3869 1951405.38)", "travel_time_sec": 3330.0, "travel_time_min": 55.5}, "geometry": {"type": "Point", "coordinates": [126.98574103082794, 37.56088522014015]}}, {"id": "552", "type": "Feature", "properties": {"id": 552, "linenm": "서울4호선", "statnm": "충무로", "x_5179": 955372.3987, "y_5179": 1951457.468, "lng": 126.99469388630308, "lat": 37.56139337164911, "begin": "1985-10-18", "effective_begin": null, "geometry_wkt": "POINT (955372.3987 1951457.468)", "travel_time_sec": 3420.0, "travel_time_min": 57.0}, "geometry": {"type": "Point", "coordinates": [126.99469388630308, 37.56139337164911]}}, {"id": "553", "type": "Feature", "properties": {"id": 553, "linenm": "서울4호선", "statnm": "동대문역사문화공원", "x_5179": 956539.8208, "y_5179": 1951858.901, "lng": 127.00788803473624, "lat": 37.56506741473066, "begin": "1985-10-18", "effective_begin": null, "geometry_wkt": "POINT (956539.8208 1951858.901)", "travel_time_sec": 3570.0, "travel_time_min": 59.5}, "geometry": {"type": "Point", "coordinates": [127.00788803473624, 37.56506741473066]}}, {"id": "570", "type": "Feature", "properties": {"id": 570, "linenm": "서울5호선", "statnm": "방화", "x_5179": 939322.3384, "y_5179": 1953352.831, "lng": 126.8128169031566, "lat": 37.57755849775306, "begin": "1996-03-20", "effective_begin": null, "geometry_wkt": "POINT (939322.3384 1953352.831)", "travel_time_sec": 1620.0, "travel_time_min": 27.0}, "geometry": {"type": "Point", "coordinates": [126.8128169031566, 37.57755849775306]}}, {"id": "571", "type": "Feature", "properties": {"id": 571, "linenm": "서울5호선", "statnm": "개화산", "x_5179": 938786.3162, "y_5179": 1952798.579, "lng": 126.80679309089922, "lat": 37.572527592108514, "begin": "1996-03-20", "effective_begin": null, "geometry_wkt": "POINT (938786.3162 1952798.579)", "travel_time_sec": 1530.0, "travel_time_min": 25.5}, "geometry": {"type": "Point", "coordinates": [126.80679309089922, 37.572527592108514]}}, {"id": "572", "type": "Feature", "properties": {"id": 572, "linenm": "서울5호선", "statnm": "김포공항", "x_5179": 938296.4804, "y_5179": 1951691.063, "lng": 126.80133962379112, "lat": 37.562512968734566, "begin": "1996-03-20", "effective_begin": null, "geometry_wkt": "POINT (938296.4804 1951691.063)", "travel_time_sec": 1400.0, "travel_time_min": 23.333333333333332}, "geometry": {"type": "Point", "coordinates": [126.80133962379112, 37.562512968734566]}}, {"id": "573", "type": "Feature", "properties": {"id": 573, "linenm": "서울5호선", "statnm": "송정", "x_5179": 939269.2011, "y_5179": 1951534.927, "lng": 126.81236580684394, "lat": 37.561170388769554, "begin": "1996-03-20", "effective_begin": null, "geometry_wkt": "POINT (939269.2011 1951534.927)", "travel_time_sec": 1550.0, "travel_time_min": 25.833333333333332}, "geometry": {"type": "Point", "coordinates": [126.81236580684394, 37.561170388769554]}}, {"id": "574", "type": "Feature", "properties": {"id": 574, "linenm": "서울5호선", "statnm": "마곡", "x_5179": 940355.5577, "y_5179": 1951417.733, "lng": 126.82467499758694, "lat": 37.560185123153246, "begin": "1996-03-20", "effective_begin": null, "geometry_wkt": "POINT (940355.5577 1951417.733)", "travel_time_sec": 1650.0, "travel_time_min": 27.5}, "geometry": {"type": "Point", "coordinates": [126.82467499758694, 37.560185123153246]}}, {"id": "575", "type": "Feature", "properties": {"id": 575, "linenm": "서울5호선", "statnm": "발산", "x_5179": 941503.2005, "y_5179": 1951248.004, "lng": 126.83768193704763, "lat": 37.55872896885388, "begin": "1996-03-20", "effective_begin": null, "geometry_wkt": "POINT (941503.2005 1951248.004)", "travel_time_sec": 1770.0, "travel_time_min": 29.5}, "geometry": {"type": "Point", "coordinates": [126.83768193704763, 37.55872896885388]}}, {"id": "576", "type": "Feature", "properties": {"id": 576, "linenm": "서울5호선", "statnm": "우장산", "x_5179": 941374.8212, "y_5179": 1950141.434, "lng": 126.8363169327808, "lat": 37.548747315039726, "begin": "1996-03-20", "effective_begin": null, "geometry_wkt": "POINT (941374.8212 1950141.434)", "travel_time_sec": 1880.0, "travel_time_min": 31.333333333333332}, "geometry": {"type": "Point", "coordinates": [126.8363169327808, 37.548747315039726]}}, {"id": "577", "type": "Feature", "properties": {"id": 577, "linenm": "서울5호선", "statnm": "화곡", "x_5179": 941731.2141, "y_5179": 1949352.339, "lng": 126.8404140019446, "lat": 37.54165781085848, "begin": "1996-03-20", "effective_begin": null, "geometry_wkt": "POINT (941731.2141 1949352.339)", "travel_time_sec": 1990.0, "travel_time_min": 33.166666666666664}, "geometry": {"type": "Point", "coordinates": [126.8404140019446, 37.54165781085848]}}, {"id": "578", "type": "Feature", "properties": {"id": 578, "linenm": "서울5호선", "statnm": "까치산", "x_5179": 942262.7005, "y_5179": 1948288.241, "lng": 126.84651361784616, "lat": 37.53210052233123, "begin": "1996-03-20", "effective_begin": null, "geometry_wkt": "POINT (942262.7005 1948288.241)", "travel_time_sec": 2100.0, "travel_time_min": 35.0}, "geometry": {"type": "Point", "coordinates": [126.84651361784616, 37.53210052233123]}}, {"id": "579", "type": "Feature", "properties": {"id": 579, "linenm": "서울5호선", "statnm": "신정", "x_5179": 943113.338, "y_5179": 1947499.401, "lng": 126.8562019133554, "lat": 37.52504354734238, "begin": "1996-08-12", "effective_begin": null, "geometry_wkt": "POINT (943113.338 1947499.401)", "travel_time_sec": 2230.0, "travel_time_min": 37.166666666666664}, "geometry": {"type": "Point", "coordinates": [126.8562019133554, 37.52504354734238]}}, {"id": "580", "type": "Feature", "properties": {"id": 580, "linenm": "서울5호선", "statnm": "목동", "x_5179": 943841.7323, "y_5179": 1947617.792, "lng": 126.86443578150646, "lat": 37.526155260627085, "begin": "1996-08-12", "effective_begin": null, "geometry_wkt": "POINT (943841.7323 1947617.792)", "travel_time_sec": 2320.0, "travel_time_min": 38.666666666666664}, "geometry": {"type": "Point", "coordinates": [126.86443578150646, 37.526155260627085]}}, {"id": "581", "type": "Feature", "properties": {"id": 581, "linenm": "서울5호선", "statnm": "오목교", "x_5179": 944807.7927, "y_5179": 1947428.857, "lng": 126.8753826483211, "lat": 37.52451070152889, "begin": "1996-08-12", "effective_begin": null, "geometry_wkt": "POINT (944807.7927 1947428.857)", "travel_time_sec": 2430.0, "travel_time_min": 40.5}, "geometry": {"type": "Point", "coordinates": [126.8753826483211, 37.52451070152889]}}, {"id": "582", "type": "Feature", "properties": {"id": 582, "linenm": "서울5호선", "statnm": "양평_5호선", "x_5179": 945789.1955, "y_5179": 1947539.376, "lng": 126.88648056471555, "lat": 37.52556503730169, "begin": "1996-08-12", "effective_begin": null, "geometry_wkt": "POINT (945789.1955 1947539.376)", "travel_time_sec": 2540.0, "travel_time_min": 42.333333333333336}, "geometry": {"type": "Point", "coordinates": [126.88648056471555, 37.52556503730169]}}, {"id": "583", "type": "Feature", "properties": {"id": 583, "linenm": "서울5호선", "statnm": "영등포구청", "x_5179": 946576.9615, "y_5179": 1947381.925, "lng": 126.89540693655124, "lat": 37.52419188727966, "begin": "1996-08-12", "effective_begin": null, "geometry_wkt": "POINT (946576.9615 1947381.925)", "travel_time_sec": 2630.0, "travel_time_min": 43.833333333333336}, "geometry": {"type": "Point", "coordinates": [126.89540693655124, 37.52419188727966]}}, {"id": "584", "type": "Feature", "properties": {"id": 584, "linenm": "서울5호선", "statnm": "영등포시장", "x_5179": 947433.6086, "y_5179": 1947209.894, "lng": 126.90511351400252, "lat": 37.52269057657752, "begin": "1996-08-12", "effective_begin": null, "geometry_wkt": "POINT (947433.6086 1947209.894)", "travel_time_sec": 2740.0, "travel_time_min": 45.666666666666664}, "geometry": {"type": "Point", "coordinates": [126.90511351400252, 37.52269057657752]}}, {"id": "585", "type": "Feature", "properties": {"id": 585, "linenm": "서울5호선", "statnm": "신길", "x_5179": 948294.0917, "y_5179": 1946648.436, "lng": 126.91489053013656, "lat": 37.51767870939144, "begin": "1996-08-12", "effective_begin": null, "geometry_wkt": "POINT (948294.0917 1946648.436)", "travel_time_sec": 2850.0, "travel_time_min": 47.5}, "geometry": {"type": "Point", "coordinates": [126.91489053013656, 37.51767870939144]}}, {"id": "586", "type": "Feature", "properties": {"id": 586, "linenm": "서울5호선", "statnm": "여의도", "x_5179": 949154.1283, "y_5179": 1947108.869, "lng": 126.92459047309865, "lat": 37.52187648529448, "begin": "1996-08-12", "effective_begin": null, "geometry_wkt": "POINT (949154.1283 1947108.869)", "travel_time_sec": 2865.0, "travel_time_min": 47.75}, "geometry": {"type": "Point", "coordinates": [126.92459047309865, 37.52187648529448]}}, {"id": "587", "type": "Feature", "properties": {"id": 587, "linenm": "서울5호선", "statnm": "여의나루", "x_5179": 949895.9319, "y_5179": 1947681.544, "lng": 126.9329458250847, "lat": 37.52707871139832, "begin": "1996-12-30", "effective_begin": null, "geometry_wkt": "POINT (949895.9319 1947681.544)", "travel_time_sec": 2940.0, "travel_time_min": 49.0}, "geometry": {"type": "Point", "coordinates": [126.9329458250847, 37.52707871139832]}}, {"id": "588", "type": "Feature", "properties": {"id": 588, "linenm": "서울5호선", "statnm": "마포", "x_5179": 951049.9618, "y_5179": 1949064.821, "lng": 126.94591379139104, "lat": 37.53960844051463, "begin": "1996-12-30", "effective_begin": null, "geometry_wkt": "POINT (951049.9618 1949064.821)", "travel_time_sec": 2800.0, "travel_time_min": 46.666666666666664}, "geometry": {"type": "Point", "coordinates": [126.94591379139104, 37.53960844051463]}}, {"id": "589", "type": "Feature", "properties": {"id": 589, "linenm": "서울5호선", "statnm": "공덕", "x_5179": 951554.1403, "y_5179": 1949627.762, "lng": 126.9515833956623, "lat": 37.54470897326544, "begin": "1996-12-30", "effective_begin": null, "geometry_wkt": "POINT (951554.1403 1949627.762)", "travel_time_sec": 2700.0, "travel_time_min": 45.0}, "geometry": {"type": "Point", "coordinates": [126.9515833956623, 37.54470897326544]}}, {"id": "590", "type": "Feature", "properties": {"id": 590, "linenm": "서울5호선", "statnm": "애오개", "x_5179": 952009.3052, "y_5179": 1950591.201, "lng": 126.9566727086522, "lat": 37.55341644480951, "begin": "1996-12-30", "effective_begin": null, "geometry_wkt": "POINT (952009.3052 1950591.201)", "travel_time_sec": 2820.0, "travel_time_min": 47.0}, "geometry": {"type": "Point", "coordinates": [126.9566727086522, 37.55341644480951]}}, {"id": "591", "type": "Feature", "properties": {"id": 591, "linenm": "서울5호선", "statnm": "충정로", "x_5179": 952585.1971, "y_5179": 1951382.474, "lng": 126.96314124767297, "lat": 37.56057815467224, "begin": "1996-12-30", "effective_begin": null, "geometry_wkt": "POINT (952585.1971 1951382.474)", "travel_time_sec": 2920.0, "travel_time_min": 48.666666666666664}, "geometry": {"type": "Point", "coordinates": [126.96314124767297, 37.56057815467224]}}, {"id": "592", "type": "Feature", "properties": {"id": 592, "linenm": "서울5호선", "statnm": "서대문", "x_5179": 952894.9961, "y_5179": 1951951.786, "lng": 126.96661225423097, "lat": 37.565725362966354, "begin": "1996-12-30", "effective_begin": null, "geometry_wkt": "POINT (952894.9961 1951951.786)", "travel_time_sec": 3010.0, "travel_time_min": 50.166666666666664}, "geometry": {"type": "Point", "coordinates": [126.96661225423097, 37.565725362966354]}}, {"id": "593", "type": "Feature", "properties": {"id": 593, "linenm": "서울5호선", "statnm": "광화문", "x_5179": 953752.0227, "y_5179": 1952602.975, "lng": 126.9762752206268, "lat": 37.5716380935469, "begin": "1996-12-30", "effective_begin": null, "geometry_wkt": "POINT (953752.0227 1952602.975)", "travel_time_sec": 3130.0, "travel_time_min": 52.166666666666664}, "geometry": {"type": "Point", "coordinates": [126.9762752206268, 37.5716380935469]}}, {"id": "594", "type": "Feature", "properties": {"id": 594, "linenm": "서울5호선", "statnm": "종로3가", "x_5179": 954986.2817, "y_5179": 1952702.666, "lng": 126.99024566990154, "lat": 37.57259780662603, "begin": "1996-12-30", "effective_begin": null, "geometry_wkt": "POINT (954986.2817 1952702.666)", "travel_time_sec": 3260.0, "travel_time_min": 54.333333333333336}, "geometry": {"type": "Point", "coordinates": [126.99024566990154, 37.57259780662603]}}, {"id": "595", "type": "Feature", "properties": {"id": 595, "linenm": "서울5호선", "statnm": "을지로4가", "x_5179": 955675.7616, "y_5179": 1952102.723, "lng": 126.99808964235947, "lat": 37.56722384870457, "begin": "1996-12-30", "effective_begin": null, "geometry_wkt": "POINT (955675.7616 1952102.723)", "travel_time_sec": 3390.0, "travel_time_min": 56.5}, "geometry": {"type": "Point", "coordinates": [126.99808964235947, 37.56722384870457]}}, {"id": "596", "type": "Feature", "properties": {"id": 596, "linenm": "서울5호선", "statnm": "동대문역사문화공원", "x_5179": 956339.5185, "y_5179": 1951816.896, "lng": 127.00562253405715, "lat": 37.564679338348114, "begin": "1996-12-30", "effective_begin": null, "geometry_wkt": "POINT (956339.5185 1951816.896)", "travel_time_sec": 3510.0, "travel_time_min": 58.5}, "geometry": {"type": "Point", "coordinates": [127.00562253405715, 37.564679338348114]}}, {"id": "626", "type": "Feature", "properties": {"id": 626, "linenm": "서울6호선", "statnm": "역촌", "x_5179": 949062.8574, "y_5179": 1956474.388, "lng": 126.92290682752925, "lat": 37.60628390892164, "begin": "2000-12-15", "effective_begin": null, "geometry_wkt": "POINT (949062.8574 1956474.388)", "travel_time_sec": 2910.0, "travel_time_min": 48.5}, "geometry": {"type": "Point", "coordinates": [126.92290682752925, 37.60628390892164]}}, {"id": "627", "type": "Feature", "properties": {"id": 627, "linenm": "서울6호선", "statnm": "불광", "x_5179": 949624.7061, "y_5179": 1956972.685, "lng": 126.9292376904709, "lat": 37.61080604020588, "begin": "2000-12-15", "effective_begin": null, "geometry_wkt": "POINT (949624.7061 1956972.685)", "travel_time_sec": 3010.0, "travel_time_min": 50.166666666666664}, "geometry": {"type": "Point", "coordinates": [126.9292376904709, 37.61080604020588]}}, {"id": "628", "type": "Feature", "properties": {"id": 628, "linenm": "서울6호선", "statnm": "독바위", "x_5179": 949966.7984, "y_5179": 1957811.48, "lng": 126.93305609503038, "lat": 37.61838482264798, "begin": "2000-12-15", "effective_begin": null, "geometry_wkt": "POINT (949966.7984 1957811.48)", "travel_time_sec": 3140.0, "travel_time_min": 52.333333333333336}, "geometry": {"type": "Point", "coordinates": [126.93305609503038, 37.61838482264798]}}, {"id": "629", "type": "Feature", "properties": {"id": 629, "linenm": "서울6호선", "statnm": "연신내", "x_5179": 948845.2396, "y_5179": 1957828.37, "lng": 126.92034672343752, "lat": 37.61847531082092, "begin": "2000-12-15", "effective_begin": null, "geometry_wkt": "POINT (948845.2396 1957828.37)", "travel_time_sec": 3080.0, "travel_time_min": 51.333333333333336}, "geometry": {"type": "Point", "coordinates": [126.92034672343752, 37.61847531082092]}}, {"id": "630", "type": "Feature", "properties": {"id": 630, "linenm": "서울6호선", "statnm": "구산", "x_5179": 948572.6237, "y_5179": 1957029.263, "lng": 126.91731396392704, "lat": 37.61125772628649, "begin": "2000-12-15", "effective_begin": null, "geometry_wkt": "POINT (948572.6237 1957029.263)", "travel_time_sec": 2960.0, "travel_time_min": 49.333333333333336}, "geometry": {"type": "Point", "coordinates": [126.91731396392704, 37.61125772628649]}}, {"id": "631", "type": "Feature", "properties": {"id": 631, "linenm": "서울6호선", "statnm": "응암", "x_5179": 948404.4229, "y_5179": 1955602.364, "lng": 126.9155089327114, "lat": 37.59838760929528, "begin": "2000-12-15", "effective_begin": null, "geometry_wkt": "POINT (948404.4229 1955602.364)", "travel_time_sec": 2810.0, "travel_time_min": 46.833333333333336}, "geometry": {"type": "Point", "coordinates": [126.9155089327114, 37.59838760929528]}}, {"id": "632", "type": "Feature", "properties": {"id": 632, "linenm": "서울6호선", "statnm": "새절", "x_5179": 948229.7921, "y_5179": 1954765.703, "lng": 126.9135899335088, "lat": 37.59083692979173, "begin": "2000-12-15", "effective_begin": null, "geometry_wkt": "POINT (948229.7921 1954765.703)", "travel_time_sec": 2710.0, "travel_time_min": 45.166666666666664}, "geometry": {"type": "Point", "coordinates": [126.9135899335088, 37.59083692979173]}}, {"id": "633", "type": "Feature", "properties": {"id": 633, "linenm": "서울6호선", "statnm": "증산", "x_5179": 947866.4517, "y_5179": 1953984.522, "lng": 126.90953013634258, "lat": 37.583775585482485, "begin": "2000-12-15", "effective_begin": null, "geometry_wkt": "POINT (947866.4517 1953984.522)", "travel_time_sec": 2600.0, "travel_time_min": 43.333333333333336}, "geometry": {"type": "Point", "coordinates": [126.90953013634258, 37.583775585482485]}}, {"id": "634", "type": "Feature", "properties": {"id": 634, "linenm": "서울6호선", "statnm": "디지털미디어시티", "x_5179": 947133.5082, "y_5179": 1953131.31, "lng": 126.90129073921771, "lat": 37.57604372561953, "begin": "2000-12-15", "effective_begin": null, "geometry_wkt": "POINT (947133.5082 1953131.31)", "travel_time_sec": 2490.0, "travel_time_min": 41.5}, "geometry": {"type": "Point", "coordinates": [126.90129073921771, 37.57604372561953]}}, {"id": "635", "type": "Feature", "properties": {"id": 635, "linenm": "서울6호선", "statnm": "월드컵경기장", "x_5179": 946932.3452, "y_5179": 1952416.802, "lng": 126.89906444681452, "lat": 37.569592247612064, "begin": "2000-12-15", "effective_begin": null, "geometry_wkt": "POINT (946932.3452 1952416.802)", "travel_time_sec": 2610.0, "travel_time_min": 43.5}, "geometry": {"type": "Point", "coordinates": [126.89906444681452, 37.569592247612064]}}, {"id": "636", "type": "Feature", "properties": {"id": 636, "linenm": "서울6호선", "statnm": "마포구청", "x_5179": 947302.797, "y_5179": 1951753.64, "lng": 126.90330689680026, "lat": 37.56363639749388, "begin": "2000-12-15", "effective_begin": null, "geometry_wkt": "POINT (947302.797 1951753.64)", "travel_time_sec": 2710.0, "travel_time_min": 45.166666666666664}, "geometry": {"type": "Point", "coordinates": [126.90330689680026, 37.56363639749388]}}, {"id": "637", "type": "Feature", "properties": {"id": 637, "linenm": "서울6호선", "statnm": "망원", "x_5179": 947912.0466, "y_5179": 1950887.366, "lng": 126.91026666775416, "lat": 37.55586324966307, "begin": "2000-12-15", "effective_begin": null, "geometry_wkt": "POINT (947912.0466 1950887.366)", "travel_time_sec": 2820.0, "travel_time_min": 47.0}, "geometry": {"type": "Point", "coordinates": [126.91026666775416, 37.55586324966307]}}, {"id": "638", "type": "Feature", "properties": {"id": 638, "linenm": "서울6호선", "statnm": "합정", "x_5179": 948181.6905, "y_5179": 1950160.366, "lng": 126.91337075897056, "lat": 37.54932592537539, "begin": "2000-12-15", "effective_begin": null, "geometry_wkt": "POINT (948181.6905 1950160.366)", "travel_time_sec": 2930.0, "travel_time_min": 48.833333333333336}, "geometry": {"type": "Point", "coordinates": [126.91337075897056, 37.54932592537539]}}, {"id": "639", "type": "Feature", "properties": {"id": 639, "linenm": "서울6호선", "statnm": "상수", "x_5179": 948985.7246, "y_5179": 1949979.549, "lng": 126.92248528569012, "lat": 37.54774106782856, "begin": "2000-12-15", "effective_begin": null, "geometry_wkt": "POINT (948985.7246 1949979.549)", "travel_time_sec": 3020.0, "travel_time_min": 50.333333333333336}, "geometry": {"type": "Point", "coordinates": [126.92248528569012, 37.54774106782856]}}, {"id": "640", "type": "Feature", "properties": {"id": 640, "linenm": "서울6호선", "statnm": "광흥창", "x_5179": 949821.1685, "y_5179": 1949940.85, "lng": 126.93194527061114, "lat": 37.547438145098894, "begin": "2000-12-15", "effective_begin": null, "geometry_wkt": "POINT (949821.1685 1949940.85)", "travel_time_sec": 2930.0, "travel_time_min": 48.833333333333336}, "geometry": {"type": "Point", "coordinates": [126.93194527061114, 37.547438145098894]}}, {"id": "641", "type": "Feature", "properties": {"id": 641, "linenm": "서울6호선", "statnm": "대흥", "x_5179": 950750.1887, "y_5179": 1949958.468, "lng": 126.94246069813816, "lat": 37.54764706476496, "begin": "2000-12-15", "effective_begin": null, "geometry_wkt": "POINT (950750.1887 1949958.468)", "travel_time_sec": 2810.0, "travel_time_min": 46.833333333333336}, "geometry": {"type": "Point", "coordinates": [126.94246069813816, 37.54764706476496]}}, {"id": "642", "type": "Feature", "properties": {"id": 642, "linenm": "서울6호선", "statnm": "공덕", "x_5179": 951579.181, "y_5179": 1949497.801, "lng": 126.95187542572616, "lat": 37.543538926785246, "begin": "2000-12-15", "effective_begin": null, "geometry_wkt": "POINT (951579.181 1949497.801)", "travel_time_sec": 2700.0, "travel_time_min": 45.0}, "geometry": {"type": "Point", "coordinates": [126.95187542572616, 37.543538926785246]}}, {"id": "643", "type": "Feature", "properties": {"id": 643, "linenm": "서울6호선", "statnm": "효창공원앞", "x_5179": 952412.9655, "y_5179": 1949020.316, "lng": 126.96134445964933, "lat": 37.539278690543526, "begin": "2000-12-15", "effective_begin": null, "geometry_wkt": "POINT (952412.9655 1949020.316)", "travel_time_sec": 2820.0, "travel_time_min": 47.0}, "geometry": {"type": "Point", "coordinates": [126.96134445964933, 37.539278690543526]}}, {"id": "644", "type": "Feature", "properties": {"id": 644, "linenm": "서울6호선", "statnm": "삼각지", "x_5179": 953549.3905, "y_5179": 1948596.251, "lng": 126.97423441661677, "lat": 37.53551447052934, "begin": "2000-12-15", "effective_begin": null, "geometry_wkt": "POINT (953549.3905 1948596.251)", "travel_time_sec": 2940.0, "travel_time_min": 49.0}, "geometry": {"type": "Point", "coordinates": [126.97423441661677, 37.53551447052934]}}, {"id": "645", "type": "Feature", "properties": {"id": 645, "linenm": "서울6호선", "statnm": "녹사평", "x_5179": 954629.4019, "y_5179": 1948502.905, "lng": 126.98646417389271, "lat": 37.53472691082226, "begin": "2000-12-15", "effective_begin": null, "geometry_wkt": "POINT (954629.4019 1948502.905)", "travel_time_sec": 3070.0, "travel_time_min": 51.166666666666664}, "geometry": {"type": "Point", "coordinates": [126.98646417389271, 37.53472691082226]}}, {"id": "646", "type": "Feature", "properties": {"id": 646, "linenm": "서울6호선", "statnm": "이태원", "x_5179": 955320.6484, "y_5179": 1948474.028, "lng": 126.99428965640912, "lat": 37.53450039805834, "begin": "2001-03-09", "effective_begin": null, "geometry_wkt": "POINT (955320.6484 1948474.028)", "travel_time_sec": 3160.0, "travel_time_min": 52.666666666666664}, "geometry": {"type": "Point", "coordinates": [126.99428965640912, 37.53450039805834]}}, {"id": "647", "type": "Feature", "properties": {"id": 647, "linenm": "서울6호선", "statnm": "한강진", "x_5179": 955983.8693, "y_5179": 1949044.281, "lng": 127.00176196884566, "lat": 37.53967214815189, "begin": "2001-03-09", "effective_begin": null, "geometry_wkt": "POINT (955983.8693 1949044.281)", "travel_time_sec": 3280.0, "travel_time_min": 54.666666666666664}, "geometry": {"type": "Point", "coordinates": [127.00176196884566, 37.53967214815189]}}, {"id": "648", "type": "Feature", "properties": {"id": 648, "linenm": "서울6호선", "statnm": "버티고개", "x_5179": 956443.5532, "y_5179": 1949955.792, "lng": 127.00691104815432, "lat": 37.54790967736629, "begin": "2001-03-09", "effective_begin": null, "geometry_wkt": "POINT (956443.5532 1949955.792)", "travel_time_sec": 3390.0, "travel_time_min": 56.5}, "geometry": {"type": "Point", "coordinates": [127.00691104815432, 37.54790967736629]}}, {"id": "649", "type": "Feature", "properties": {"id": 649, "linenm": "서울6호선", "statnm": "약수", "x_5179": 956736.9863, "y_5179": 1950631.492, "lng": 127.01019294689584, "lat": 37.5540137609658, "begin": "2001-03-09", "effective_begin": null, "geometry_wkt": "POINT (956736.9863 1950631.492)", "travel_time_sec": 3480.0, "travel_time_min": 58.0}, "geometry": {"type": "Point", "coordinates": [127.01019294689584, 37.5540137609658]}}, {"id": "650", "type": "Feature", "properties": {"id": 650, "linenm": "서울6호선", "statnm": "청구", "x_5179": 957063.0104, "y_5179": 1951340.123, "lng": 127.01384244854054, "lat": 37.56041608611719, "begin": "2000-12-15", "effective_begin": null, "geometry_wkt": "POINT (957063.0104 1951340.123)", "travel_time_sec": 3590.0, "travel_time_min": 59.833333333333336}, "geometry": {"type": "Point", "coordinates": [127.01384244854054, 37.56041608611719]}}, {"id": "665", "type": "Feature", "properties": {"id": 665, "linenm": "서울7호선", "statnm": "석남", "x_5179": 927222.4467, "y_5179": 1945535.844, "lng": 126.67657105237149, "lat": 37.50622938576725, "begin": "2021-05-22", "effective_begin": null, "geometry_wkt": "POINT (927222.4467 1945535.844)", "travel_time_sec": 1987.0, "travel_time_min": 33.11666666666667}, "geometry": {"type": "Point", "coordinates": [126.67657105237149, 37.50622938576725]}}, {"id": "666", "type": "Feature", "properties": {"id": 666, "linenm": "서울7호선", "statnm": "산곡", "x_5179": 929608.1691, "y_5179": 1945778.867, "lng": 126.70353819286908, "lat": 37.50860477209053, "begin": "2021-05-22", "effective_begin": null, "geometry_wkt": "POINT (929608.1691 1945778.867)", "travel_time_sec": 2216.0, "travel_time_min": 36.93333333333333}, "geometry": {"type": "Point", "coordinates": [126.70353819286908, 37.50860477209053]}}, {"id": "667", "type": "Feature", "properties": {"id": 667, "linenm": "서울7호선", "statnm": "부평구청", "x_5179": 931194.2644, "y_5179": 1945637.391, "lng": 126.72149607943092, "lat": 37.507449312980775, "begin": "2012-10-27", "effective_begin": null, "geometry_wkt": "POINT (931194.2644 1945637.391)", "travel_time_sec": 2370.0, "travel_time_min": 39.5}, "geometry": {"type": "Point", "coordinates": [126.72149607943092, 37.507449312980775]}}, {"id": "668", "type": "Feature", "properties": {"id": 668, "linenm": "서울7호선", "statnm": "굴포천", "x_5179": 932064.7855, "y_5179": 1945582.535, "lng": 126.73134986134868, "lat": 37.50701940610915, "begin": "2012-10-27", "effective_begin": null, "geometry_wkt": "POINT (932064.7855 1945582.535)", "travel_time_sec": 2480.0, "travel_time_min": 41.333333333333336}, "geometry": {"type": "Point", "coordinates": [126.73134986134868, 37.50701940610915]}}, {"id": "669", "type": "Feature", "properties": {"id": 669, "linenm": "서울7호선", "statnm": "삼산체육관", "x_5179": 932957.649, "y_5179": 1945517.67, "lng": 126.74145722772776, "lat": 37.50650008965022, "begin": "2012-10-27", "effective_begin": null, "geometry_wkt": "POINT (932957.649 1945517.67)", "travel_time_sec": 2580.0, "travel_time_min": 43.0}, "geometry": {"type": "Point", "coordinates": [126.74145722772776, 37.50650008965022]}}, {"id": "670", "type": "Feature", "properties": {"id": 670, "linenm": "서울7호선", "statnm": "상동(지하)", "x_5179": 933991.8209, "y_5179": 1945433.808, "lng": 126.75316485649894, "lat": 37.5058188076642, "begin": "2012-10-27", "effective_begin": null, "geometry_wkt": "POINT (933991.8209 1945433.808)", "travel_time_sec": 2690.0, "travel_time_min": 44.833333333333336}, "geometry": {"type": "Point", "coordinates": [126.75316485649894, 37.5058188076642]}}, {"id": "671", "type": "Feature", "properties": {"id": 671, "linenm": "서울7호선", "statnm": "부천시청", "x_5179": 934953.7172, "y_5179": 1945294.078, "lng": 126.76405955738444, "lat": 37.5046277377068, "begin": "2012-10-27", "effective_begin": null, "geometry_wkt": "POINT (934953.7172 1945294.078)", "travel_time_sec": 2790.0, "travel_time_min": 46.5}, "geometry": {"type": "Point", "coordinates": [126.76405955738444, 37.5046277377068]}}, {"id": "672", "type": "Feature", "properties": {"id": 672, "linenm": "서울7호선", "statnm": "신중동", "x_5179": 936078.5791, "y_5179": 1945099.878, "lng": 126.77680231029922, "lat": 37.50295602606586, "begin": "2012-10-27", "effective_begin": null, "geometry_wkt": "POINT (936078.5791 1945099.878)", "travel_time_sec": 2788.0, "travel_time_min": 46.46666666666667}, "geometry": {"type": "Point", "coordinates": [126.77680231029922, 37.50295602606586]}}, {"id": "673", "type": "Feature", "properties": {"id": 673, "linenm": "서울7호선", "statnm": "춘의", "x_5179": 936990.7242, "y_5179": 1945179.428, "lng": 126.7871146336898, "lat": 37.5037357343269, "begin": "2012-10-27", "effective_begin": null, "geometry_wkt": "POINT (936990.7242 1945179.428)", "travel_time_sec": 2678.0, "travel_time_min": 44.63333333333333}, "geometry": {"type": "Point", "coordinates": [126.7871146336898, 37.5037357343269]}}, {"id": "674", "type": "Feature", "properties": {"id": 674, "linenm": "서울7호선", "statnm": "부천종합운동장", "x_5179": 937904.4028, "y_5179": 1945362.201, "lng": 126.79743581627416, "lat": 37.5054449943336, "begin": "2012-10-27", "effective_begin": null, "geometry_wkt": "POINT (937904.4028 1945362.201)", "travel_time_sec": 2568.0, "travel_time_min": 42.8}, "geometry": {"type": "Point", "coordinates": [126.79743581627416, 37.5054449943336]}}, {"id": "675", "type": "Feature", "properties": {"id": 675, "linenm": "서울7호선", "statnm": "까치울", "x_5179": 939121.5188, "y_5179": 1945440.622, "lng": 126.81119913841704, "lat": 37.506232901186856, "begin": "2012-10-27", "effective_begin": null, "geometry_wkt": "POINT (939121.5188 1945440.622)", "travel_time_sec": 2688.0, "travel_time_min": 44.8}, "geometry": {"type": "Point", "coordinates": [126.81119913841704, 37.506232901186856]}}, {"id": "676", "type": "Feature", "properties": {"id": 676, "linenm": "서울7호선", "statnm": "온수", "x_5179": 940184.4754, "y_5179": 1943860.069, "lng": 126.82335359502363, "lat": 37.4920568325412, "begin": "2000-02-29", "effective_begin": null, "geometry_wkt": "POINT (940184.4754 1943860.069)", "travel_time_sec": 2868.0, "travel_time_min": 47.8}, "geometry": {"type": "Point", "coordinates": [126.82335359502363, 37.4920568325412]}}, {"id": "677", "type": "Feature", "properties": {"id": 677, "linenm": "서울7호선", "statnm": "천왕", "x_5179": 941534.7738, "y_5179": 1943260.496, "lng": 126.83867517110164, "lat": 37.48673932957743, "begin": "2000-02-29", "effective_begin": null, "geometry_wkt": "POINT (941534.7738 1943260.496)", "travel_time_sec": 3038.0, "travel_time_min": 50.63333333333333}, "geometry": {"type": "Point", "coordinates": [126.83867517110164, 37.48673932957743]}}, {"id": "678", "type": "Feature", "properties": {"id": 678, "linenm": "서울7호선", "statnm": "광명사거리", "x_5179": 942965.3374, "y_5179": 1942418.161, "lng": 126.85492120632496, "lat": 37.47923673038737, "begin": "2000-02-29", "effective_begin": null, "geometry_wkt": "POINT (942965.3374 1942418.161)", "travel_time_sec": 3178.0, "travel_time_min": 52.96666666666667}, "geometry": {"type": "Point", "coordinates": [126.85492120632496, 37.47923673038737]}}, {"id": "679", "type": "Feature", "properties": {"id": 679, "linenm": "서울7호선", "statnm": "철산", "x_5179": 944119.3142, "y_5179": 1942064.643, "lng": 126.86799912370763, "lat": 37.47612095481767, "begin": "2000-02-29", "effective_begin": null, "geometry_wkt": "POINT (944119.3142 1942064.643)", "travel_time_sec": 3318.0, "travel_time_min": 55.3}, "geometry": {"type": "Point", "coordinates": [126.86799912370763, 37.47612095481767]}}, {"id": "680", "type": "Feature", "properties": {"id": 680, "linenm": "서울7호선", "statnm": "가산디지털단지", "x_5179": 945403.4978, "y_5179": 1942531.159, "lng": 126.88248763702192, "lat": 37.48040253605493, "begin": "2000-02-29", "effective_begin": null, "geometry_wkt": "POINT (945403.4978 1942531.159)", "travel_time_sec": 3468.0, "travel_time_min": 57.8}, "geometry": {"type": "Point", "coordinates": [126.88248763702192, 37.48040253605493]}}, {"id": "681", "type": "Feature", "properties": {"id": 681, "linenm": "서울7호선", "statnm": "남구로", "x_5179": 945850.3491, "y_5179": 1943191.076, "lng": 126.88749291679696, "lat": 37.48637678986405, "begin": "2000-02-29", "effective_begin": null, "geometry_wkt": "POINT (945850.3491 1943191.076)", "travel_time_sec": 3578.0, "travel_time_min": 59.63333333333333}, "geometry": {"type": "Point", "coordinates": [126.88749291679696, 37.48637678986405]}}, {"id": "742", "type": "Feature", "properties": {"id": 742, "linenm": "서울9호선", "statnm": "개화", "x_5179": 937919.4876, "y_5179": 1953449.452, "lng": 126.79692231473688, "lat": 37.57833577875135, "begin": "2009-07-24", "effective_begin": null, "geometry_wkt": "POINT (937919.4876 1953449.452)", "travel_time_sec": 1677.0, "travel_time_min": 27.95}, "geometry": {"type": "Point", "coordinates": [126.79692231473688, 37.57833577875135]}}, {"id": "743", "type": "Feature", "properties": {"id": 743, "linenm": "서울9호선", "statnm": "김포공항", "x_5179": 938339.6252, "y_5179": 1951631.087, "lng": 126.80183315768852, "lat": 37.561975300829005, "begin": "2009-07-24", "effective_begin": null, "geometry_wkt": "POINT (938339.6252 1951631.087)", "travel_time_sec": 1360.0, "travel_time_min": 22.666666666666668}, "geometry": {"type": "Point", "coordinates": [126.80183315768852, 37.561975300829005]}}, {"id": "744", "type": "Feature", "properties": {"id": 744, "linenm": "서울9호선", "statnm": "공항시장", "x_5179": 939117.9309, "y_5179": 1951819.035, "lng": 126.81062954435907, "lat": 37.56372104289702, "begin": "2009-07-24", "effective_begin": null, "geometry_wkt": "POINT (939117.9309 1951819.035)", "travel_time_sec": 1493.0, "travel_time_min": 24.883333333333333}, "geometry": {"type": "Point", "coordinates": [126.81062954435907, 37.56372104289702]}}, {"id": "745", "type": "Feature", "properties": {"id": 745, "linenm": "서울9호선", "statnm": "신방화", "x_5179": 939679.0857, "y_5179": 1952239.158, "lng": 126.81694853560047, "lat": 37.56754450875388, "begin": "2009-07-24", "effective_begin": null, "geometry_wkt": "POINT (939679.0857 1952239.158)", "travel_time_sec": 1628.0, "travel_time_min": 27.133333333333333}, "geometry": {"type": "Point", "coordinates": [126.81694853560047, 37.56754450875388]}}, {"id": "746", "type": "Feature", "properties": {"id": 746, "linenm": "서울9호선", "statnm": "마곡나루", "x_5179": 940593.4872, "y_5179": 1952138.384, "lng": 126.82731038538564, "lat": 37.5666956902858, "begin": "2014-05-24", "effective_begin": null, "geometry_wkt": "POINT (940593.4872 1952138.384)", "travel_time_sec": 1758.0, "travel_time_min": 29.3}, "geometry": {"type": "Point", "coordinates": [126.82731038538564, 37.5666956902858]}}, {"id": "747", "type": "Feature", "properties": {"id": 747, "linenm": "서울9호선", "statnm": "양천향교", "x_5179": 941893.2176, "y_5179": 1952279.716, "lng": 126.8420157775171, "lat": 37.56805245046624, "begin": "2009-07-24", "effective_begin": null, "geometry_wkt": "POINT (941893.2176 1952279.716)", "travel_time_sec": 1909.0, "travel_time_min": 31.816666666666666}, "geometry": {"type": "Point", "coordinates": [126.8420157775171, 37.56805245046624]}}, {"id": "748", "type": "Feature", "properties": {"id": 748, "linenm": "서울9호선", "statnm": "가양", "x_5179": 942973.3147, "y_5179": 1951543.759, "lng": 126.854303019782, "lat": 37.56148680626476, "begin": "2009-07-24", "effective_begin": null, "geometry_wkt": "POINT (942973.3147 1951543.759)", "travel_time_sec": 2063.0, "travel_time_min": 34.38333333333333}, "geometry": {"type": "Point", "coordinates": [126.854303019782, 37.56148680626476]}}, {"id": "749", "type": "Feature", "properties": {"id": 749, "linenm": "서울9호선", "statnm": "증미", "x_5179": 943533.2344, "y_5179": 1951163.067, "lng": 126.86067178777202, "lat": 37.558090125876944, "begin": "2009-07-24", "effective_begin": null, "geometry_wkt": "POINT (943533.2344 1951163.067)", "travel_time_sec": 2188.0, "travel_time_min": 36.46666666666667}, "geometry": {"type": "Point", "coordinates": [126.86067178777202, 37.558090125876944]}}, {"id": "750", "type": "Feature", "properties": {"id": 750, "linenm": "서울9호선", "statnm": "등촌", "x_5179": 943954.3217, "y_5179": 1950346.468, "lng": 126.86550156090728, "lat": 37.55075581457467, "begin": "2009-07-24", "effective_begin": null, "geometry_wkt": "POINT (943954.3217 1950346.468)", "travel_time_sec": 2306.0, "travel_time_min": 38.43333333333333}, "geometry": {"type": "Point", "coordinates": [126.86550156090728, 37.55075581457467]}}, {"id": "751", "type": "Feature", "properties": {"id": 751, "linenm": "서울9호선", "statnm": "염창", "x_5179": 944788.792, "y_5179": 1949922.17, "lng": 126.87498009352136, "lat": 37.54698197986568, "begin": "2009-07-24", "effective_begin": null, "geometry_wkt": "POINT (944788.792 1949922.17)", "travel_time_sec": 2405.0, "travel_time_min": 40.083333333333336}, "geometry": {"type": "Point", "coordinates": [126.87498009352136, 37.54698197986568]}}, {"id": "752", "type": "Feature", "properties": {"id": 752, "linenm": "서울9호선", "statnm": "신목동", "x_5179": 945494.2489, "y_5179": 1949638.782, "lng": 126.88298686255312, "lat": 37.54446978416588, "begin": "2009-07-24", "effective_begin": null, "geometry_wkt": "POINT (945494.2489 1949638.782)", "travel_time_sec": 2520.0, "travel_time_min": 42.0}, "geometry": {"type": "Point", "coordinates": [126.88298686255312, 37.54446978416588]}}, {"id": "753", "type": "Feature", "properties": {"id": 753, "linenm": "서울9호선", "statnm": "선유도", "x_5179": 946414.3812, "y_5179": 1948920.162, "lng": 126.89345483013857, "lat": 37.53804675795846, "begin": "2009-07-24", "effective_begin": null, "geometry_wkt": "POINT (946414.3812 1948920.162)", "travel_time_sec": 2647.0, "travel_time_min": 44.11666666666667}, "geometry": {"type": "Point", "coordinates": [126.89345483013857, 37.53804675795846]}}, {"id": "754", "type": "Feature", "properties": {"id": 754, "linenm": "서울9호선", "statnm": "당산", "x_5179": 947197.764, "y_5179": 1948431.931, "lng": 126.9023567546022, "lat": 37.53369148410551, "begin": "2009-07-24", "effective_begin": null, "geometry_wkt": "POINT (947197.764 1948431.931)", "travel_time_sec": 2655.0, "travel_time_min": 44.25}, "geometry": {"type": "Point", "coordinates": [126.9023567546022, 37.53369148410551]}}, {"id": "755", "type": "Feature", "properties": {"id": 755, "linenm": "서울9호선", "statnm": "국회의사당", "x_5179": 948527.3185, "y_5179": 1947847.393, "lng": 126.91744560355306, "lat": 37.52849815032641, "begin": "2009-07-24", "effective_begin": null, "geometry_wkt": "POINT (948527.3185 1947847.393)", "travel_time_sec": 2807.0, "travel_time_min": 46.78333333333333}, "geometry": {"type": "Point", "coordinates": [126.91744560355306, 37.52849815032641]}}, {"id": "756", "type": "Feature", "properties": {"id": 756, "linenm": "서울9호선", "statnm": "여의도", "x_5179": 949135.0065, "y_5179": 1947064.677, "lng": 126.92437714675653, "lat": 37.52147712051884, "begin": "2009-07-24", "effective_begin": null, "geometry_wkt": "POINT (949135.0065 1947064.677)", "travel_time_sec": 2875.0, "travel_time_min": 47.916666666666664}, "geometry": {"type": "Point", "coordinates": [126.92437714675653, 37.52147712051884]}}, {"id": "757", "type": "Feature", "properties": {"id": 757, "linenm": "서울9호선", "statnm": "샛강", "x_5179": 949502.7345, "y_5179": 1946598.219, "lng": 126.9285704796848, "lat": 37.517293054991526, "begin": "2009-07-24", "effective_begin": null, "geometry_wkt": "POINT (949502.7345 1946598.219)", "travel_time_sec": 2992.0, "travel_time_min": 49.86666666666667}, "geometry": {"type": "Point", "coordinates": [126.9285704796848, 37.517293054991526]}}, {"id": "758", "type": "Feature", "properties": {"id": 758, "linenm": "서울9호선", "statnm": "노량진", "x_5179": 950592.5188, "y_5179": 1946178.449, "lng": 126.94093021413612, "lat": 37.51356859610538, "begin": "2009-07-24", "effective_begin": null, "geometry_wkt": "POINT (950592.5188 1946178.449)", "travel_time_sec": 3070.0, "travel_time_min": 51.166666666666664}, "geometry": {"type": "Point", "coordinates": [126.94093021413612, 37.51356859610538]}}, {"id": "759", "type": "Feature", "properties": {"id": 759, "linenm": "서울9호선", "statnm": "노들", "x_5179": 951668.2448, "y_5179": 1946075.609, "lng": 126.9531088296662, "lat": 37.51269866083732, "begin": "2009-07-24", "effective_begin": null, "geometry_wkt": "POINT (951668.2448 1946075.609)", "travel_time_sec": 3196.0, "travel_time_min": 53.266666666666666}, "geometry": {"type": "Point", "coordinates": [126.9531088296662, 37.51269866083732]}}, {"id": "760", "type": "Feature", "properties": {"id": 760, "linenm": "서울9호선", "statnm": "흑석", "x_5179": 952583.4462, "y_5179": 1945678.299, "lng": 126.96348987575094, "lat": 37.5091650981065, "begin": "2009-07-24", "effective_begin": null, "geometry_wkt": "POINT (952583.4462 1945678.299)", "travel_time_sec": 3316.0, "travel_time_min": 55.266666666666666}, "geometry": {"type": "Point", "coordinates": [126.96348987575094, 37.5091650981065]}}, {"id": "761", "type": "Feature", "properties": {"id": 761, "linenm": "서울9호선", "statnm": "동작", "x_5179": 953903.1266, "y_5179": 1944963.127, "lng": 126.97846610287309, "lat": 37.50278592651394, "begin": "2009-07-24", "effective_begin": null, "geometry_wkt": "POINT (953903.1266 1944963.127)", "travel_time_sec": 3335.0, "travel_time_min": 55.583333333333336}, "geometry": {"type": "Point", "coordinates": [126.97846610287309, 37.50278592651394]}}, {"id": "762", "type": "Feature", "properties": {"id": 762, "linenm": "서울9호선", "statnm": "구반포", "x_5179": 954697.4608, "y_5179": 1944813.361, "lng": 126.98746198997472, "lat": 37.50147537502471, "begin": "2009-07-24", "effective_begin": null, "geometry_wkt": "POINT (954697.4608 1944813.361)", "travel_time_sec": 3462.0, "travel_time_min": 57.7}, "geometry": {"type": "Point", "coordinates": [126.98746198997472, 37.50147537502471]}}, {"id": "763", "type": "Feature", "properties": {"id": 763, "linenm": "서울9호선", "statnm": "신반포", "x_5179": 955463.696, "y_5179": 1945033.0, "lng": 126.99611730898998, "lat": 37.50349234382109, "begin": "2009-07-24", "effective_begin": null, "geometry_wkt": "POINT (955463.696 1945033)", "travel_time_sec": 3566.0, "travel_time_min": 59.43333333333333}, "geometry": {"type": "Point", "coordinates": [126.99611730898998, 37.50349234382109]}}, {"id": "764", "type": "Feature", "properties": {"id": 764, "linenm": "서울9호선", "statnm": "고속터미널", "x_5179": 956165.4478, "y_5179": 1945300.097, "lng": 127.00404071210666, "lat": 37.5059333743048, "begin": "2009-07-24", "effective_begin": null, "geometry_wkt": "POINT (956165.4478 1945300.097)", "travel_time_sec": 3490.0, "travel_time_min": 58.166666666666664}, "geometry": {"type": "Point", "coordinates": [127.00404071210666, 37.5059333743048]}}, {"id": "833", "type": "Feature", "properties": {"id": 833, "linenm": "GTX_A", "statnm": "운정중앙", "x_5179": 931999.8853, "y_5179": 1968795.183, "lng": 126.728457203746, "lat": 37.71622276595849, "begin": "2024-12-18", "effective_begin": null, "geometry_wkt": "POINT (931999.8853 1968795.183)", "travel_time_sec": 3493.0, "travel_time_min": 58.21666666666667}, "geometry": {"type": "Point", "coordinates": [126.728457203746, 37.71622276595849]}}, {"id": "834", "type": "Feature", "properties": {"id": 834, "linenm": "GTX_A", "statnm": "킨텍스", "x_5179": 933939.2751, "y_5179": 1963556.136, "lng": 126.75093530717344, "lat": 37.66914728008777, "begin": "2024-12-18", "effective_begin": null, "geometry_wkt": "POINT (933939.2751 1963556.136)", "travel_time_sec": 3274.0, "travel_time_min": 54.56666666666667}, "geometry": {"type": "Point", "coordinates": [126.75093530717344, 37.66914728008777]}}, {"id": "835", "type": "Feature", "properties": {"id": 835, "linenm": "GTX_A", "statnm": "대곡", "x_5179": 939283.3716, "y_5179": 1959325.842, "lng": 126.81187989448308, "lat": 37.63138981331919, "begin": "2024-12-18", "effective_begin": null, "geometry_wkt": "POINT (939283.3716 1959325.842)", "travel_time_sec": 3024.0, "travel_time_min": 50.4}, "geometry": {"type": "Point", "coordinates": [126.81187989448308, 37.63138981331919]}}, {"id": "836", "type": "Feature", "properties": {"id": 836, "linenm": "GTX_A", "statnm": "연신내", "x_5179": 948837.5601, "y_5179": 1958016.081, "lng": 126.9202465708694, "lat": 37.62016672661696, "begin": "2024-12-18", "effective_begin": null, "geometry_wkt": "POINT (948837.5601 1958016.081)", "travel_time_sec": 3350.0, "travel_time_min": 55.833333333333336}, "geometry": {"type": "Point", "coordinates": [126.9202465708694, 37.62016672661696]}}, {"id": "837", "type": "Feature", "properties": {"id": 837, "linenm": "GTX_A", "statnm": "서울역", "x_5179": 953195.1267, "y_5179": 1950815.423, "lng": 126.97008315962778, "lat": 37.55549841523453, "begin": "2024-12-18", "effective_begin": null, "geometry_wkt": "POINT (953195.1267 1950815.423)", "travel_time_sec": 3380.0, "travel_time_min": 56.333333333333336}, "geometry": {"type": "Point", "coordinates": [126.97008315962778, 37.55549841523453]}}, {"id": "843", "type": "Feature", "properties": {"id": 843, "linenm": "GTX_B", "statnm": "인천대입구", "x_5179": 923882.0189422356, "y_5179": 1932267.9718880483, "lng": 126.6401499053785, "lat": 37.38638014515645, "begin": "2031-07-01", "effective_begin": null, "geometry_wkt": "POINT (923882.018942 1932267.971888)", "travel_time_sec": 3399.0, "travel_time_min": 56.65}, "geometry": {"type": "Point", "coordinates": [126.6401499053785, 37.38638014515645]}}, {"id": "844", "type": "Feature", "properties": {"id": 844, "linenm": "GTX_B", "statnm": "인천시청", "x_5179": 929388.7797, "y_5179": 1940126.051, "lng": 126.70159843589953, "lat": 37.45764022699095, "begin": "2031-07-01", "effective_begin": null, "geometry_wkt": "POINT (929388.7797 1940126.051)", "travel_time_sec": 3079.0, "travel_time_min": 51.31666666666667}, "geometry": {"type": "Point", "coordinates": [126.70159843589953, 37.45764022699095]}}, {"id": "845", "type": "Feature", "properties": {"id": 845, "linenm": "GTX_B", "statnm": "부평", "x_5179": 931497.8661, "y_5179": 1943674.865, "lng": 126.72511370497426, "lat": 37.48978396473893, "begin": "2031-07-01", "effective_begin": null, "geometry_wkt": "POINT (931497.8661 1943674.865)", "travel_time_sec": 2980.0, "travel_time_min": 49.666666666666664}, "geometry": {"type": "Point", "coordinates": [126.72511370497426, 37.48978396473893]}}, {"id": "846", "type": "Feature", "properties": {"id": 846, "linenm": "GTX_B", "statnm": "부천종합운동장", "x_5179": 937932.8694, "y_5179": 1945448.599, "lng": 126.79775057744192, "lat": 37.50622561278748, "begin": "2031-07-01", "effective_begin": null, "geometry_wkt": "POINT (937932.8694 1945448.599)", "travel_time_sec": 2778.0, "travel_time_min": 46.3}, "geometry": {"type": "Point", "coordinates": [126.79775057744192, 37.50622561278748]}}, {"id": "847", "type": "Feature", "properties": {"id": 847, "linenm": "GTX_B", "statnm": "신도림", "x_5179": 946155.0742, "y_5179": 1945697.757, "lng": 126.89075607065696, "lat": 37.50898772434404, "begin": "2031-07-01", "effective_begin": null, "geometry_wkt": "POINT (946155.0742 1945697.757)", "travel_time_sec": 3018.0, "travel_time_min": 50.3}, "geometry": {"type": "Point", "coordinates": [126.89075607065696, 37.50898772434404]}}, {"id": "848", "type": "Feature", "properties": {"id": 848, "linenm": "GTX_B", "statnm": "여의도", "x_5179": 949093.6453617197, "y_5179": 1947097.2737772923, "lng": 126.92390683863457, "lat": 37.521768638927696, "begin": "2031-07-01", "effective_begin": null, "geometry_wkt": "POINT (949093.645362 1947097.273777)", "travel_time_sec": 3198.0, "travel_time_min": 53.3}, "geometry": {"type": "Point", "coordinates": [126.92390683863457, 37.521768638927696]}}, {"id": "849", "type": "Feature", "properties": {"id": 849, "linenm": "GTX_B", "statnm": "서울역", "x_5179": 953259.4363, "y_5179": 1951022.325, "lng": 126.9707980455235, "lat": 37.55736652877564, "begin": "2031-07-01", "effective_begin": null, "geometry_wkt": "POINT (953259.4363 1951022.325)", "travel_time_sec": 3440.0, "travel_time_min": 57.333333333333336}, "geometry": {"type": "Point", "coordinates": [126.9707980455235, 37.55736652877564]}}, {"id": "865", "type": "Feature", "properties": {"id": 865, "linenm": "GTX_B", "statnm": "용산", "x_5179": 952656.5134654898, "y_5179": 1947963.3892427543, "lng": 126.96416932404225, "lat": 37.52976492119563, "begin": "2031-07-01", "effective_begin": null, "geometry_wkt": "POINT (952656.513465 1947963.389243)", "travel_time_sec": 3378.0, "travel_time_min": 56.3}, "geometry": {"type": "Point", "coordinates": [126.96416932404225, 37.52976492119563]}}, {"id": "870", "type": "Feature", "properties": {"id": 870, "linenm": "서울9호선급행", "statnm": "김포공항", "x_5179": 938342.0845627704, "y_5179": 1951650.93489566, "lng": 126.80185933329786, "lat": 37.56215435260769, "begin": "2009-07-24", "effective_begin": null, "geometry_wkt": "POINT (938342.084563 1951650.934896)", "travel_time_sec": 1420.0, "travel_time_min": 23.666666666666668}, "geometry": {"type": "Point", "coordinates": [126.80185933329786, 37.56215435260769]}}, {"id": "871", "type": "Feature", "properties": {"id": 871, "linenm": "서울9호선급행", "statnm": "마곡나루", "x_5179": 940595.7982479552, "y_5179": 1952158.249598668, "lng": 126.82733494276692, "lat": 37.566874886870906, "begin": "2014-05-24", "effective_begin": null, "geometry_wkt": "POINT (940595.798248 1952158.249599)", "travel_time_sec": 1660.0, "travel_time_min": 27.666666666666668}, "geometry": {"type": "Point", "coordinates": [126.82733494276692, 37.566874886870906]}}, {"id": "872", "type": "Feature", "properties": {"id": 872, "linenm": "서울9호선급행", "statnm": "가양", "x_5179": 942984.7548437988, "y_5179": 1951560.1635707996, "lng": 126.8544312699492, "lat": 37.56163536897295, "begin": "2009-07-24", "effective_begin": null, "geometry_wkt": "POINT (942984.754844 1951560.163571)", "travel_time_sec": 1895.0, "travel_time_min": 31.583333333333332}, "geometry": {"type": "Point", "coordinates": [126.8544312699492, 37.56163536897295]}}, {"id": "873", "type": "Feature", "properties": {"id": 873, "linenm": "서울9호선급행", "statnm": "염창", "x_5179": 944787.3522601824, "y_5179": 1949942.118301936, "lng": 126.8749622945185, "lat": 37.54716168877678, "begin": "2009-07-24", "effective_begin": null, "geometry_wkt": "POINT (944787.35226 1949942.118302)", "travel_time_sec": 2125.0, "travel_time_min": 35.416666666666664}, "geometry": {"type": "Point", "coordinates": [126.8749622945185, 37.54716168877678]}}, {"id": "874", "type": "Feature", "properties": {"id": 874, "linenm": "서울9호선급행", "statnm": "당산", "x_5179": 947207.5558629312, "y_5179": 1948449.3698957756, "lng": 126.902466324419, "lat": 37.53384922383786, "begin": "2009-07-24", "effective_begin": null, "geometry_wkt": "POINT (947207.555863 1948449.369896)", "travel_time_sec": 2375.0, "travel_time_min": 39.583333333333336}, "geometry": {"type": "Point", "coordinates": [126.902466324419, 37.53384922383786]}}, {"id": "875", "type": "Feature", "properties": {"id": 875, "linenm": "서울9호선급행", "statnm": "여의도", "x_5179": 949150.7127856086, "y_5179": 1947077.059328218, "lng": 126.92455402440213, "lat": 37.52158959075807, "begin": "2009-07-24", "effective_begin": null, "geometry_wkt": "POINT (949150.712786 1947077.059328)", "travel_time_sec": 2595.0, "travel_time_min": 43.25}, "geometry": {"type": "Point", "coordinates": [126.92455402440213, 37.52158959075807]}}, {"id": "876", "type": "Feature", "properties": {"id": 876, "linenm": "서울9호선급행", "statnm": "노량진", "x_5179": 950590.8071295384, "y_5179": 1946198.375440712, "lng": 126.94090950679448, "lat": 37.51374810573692, "begin": "2009-07-24", "effective_begin": null, "geometry_wkt": "POINT (950590.80713 1946198.375441)", "travel_time_sec": 2790.0, "travel_time_min": 46.5}, "geometry": {"type": "Point", "coordinates": [126.94090950679448, 37.51374810573692]}}, {"id": "877", "type": "Feature", "properties": {"id": 877, "linenm": "서울9호선급행", "statnm": "동작", "x_5179": 953914.243207776, "y_5179": 1944979.752491336, "lng": 126.9785908278192, "lat": 37.502936332057935, "begin": "2009-07-24", "effective_begin": null, "geometry_wkt": "POINT (953914.243208 1944979.752491)", "travel_time_sec": 3055.0, "travel_time_min": 50.916666666666664}, "geometry": {"type": "Point", "coordinates": [126.9785908278192, 37.502936332057935]}}, {"id": "878", "type": "Feature", "properties": {"id": 878, "linenm": "서울9호선급행", "statnm": "고속터미널", "x_5179": 956158.058622128, "y_5179": 1945318.6817639205, "lng": 127.00395600288556, "lat": 37.50610053366641, "begin": "2009-07-24", "effective_begin": null, "geometry_wkt": "POINT (956158.058622 1945318.681764)", "travel_time_sec": 3210.0, "travel_time_min": 53.5}, "geometry": {"type": "Point", "coordinates": [127.00395600288556, 37.50610053366641]}}, {"id": "879", "type": "Feature", "properties": {"id": 879, "linenm": "서울9호선급행", "statnm": "신논현", "x_5179": 958084.8434828556, "y_5179": 1945196.558475527, "lng": 127.02576262558544, "lat": 37.50508932731812, "begin": "2009-07-24", "effective_begin": null, "geometry_wkt": "POINT (958084.843483 1945196.558476)", "travel_time_sec": 3390.0, "travel_time_min": 56.5}, "geometry": {"type": "Point", "coordinates": [127.02576262558544, 37.50508932731812]}}, {"id": "880", "type": "Feature", "properties": {"id": 880, "linenm": "서울9호선급행", "statnm": "선정릉", "x_5179": 959704.4540329584, "y_5179": 1945789.665173062, "lng": 127.0440542026834, "lat": 37.51050736146603, "begin": "2015-03-28", "effective_begin": null, "geometry_wkt": "POINT (959704.454033 1945789.665173)", "travel_time_sec": 3576.0, "travel_time_min": 59.6}, "geometry": {"type": "Point", "coordinates": [127.0440542026834, 37.51050736146603]}}, {"id": "887", "type": "Feature", "properties": {"id": 887, "linenm": "서해선", "statnm": "곡산", "x_5179": 938370.037547846, "y_5179": 1960930.1005325983, "lng": 126.80139412367495, "lat": 37.64578782708321, "begin": "2023-08-26", "effective_begin": null, "geometry_wkt": "POINT (938370.037548 1960930.100533)", "travel_time_sec": 2514.0, "travel_time_min": 41.9}, "geometry": {"type": "Point", "coordinates": [126.80139412367495, 37.64578782708321]}}, {"id": "888", "type": "Feature", "properties": {"id": 888, "linenm": "서해선", "statnm": "백마", "x_5179": 937759.3741131892, "y_5179": 1962279.094992412, "lng": 126.79435739331409, "lat": 37.657904782863056, "begin": "2023-08-26", "effective_begin": null, "geometry_wkt": "POINT (937759.374113 1962279.094992)", "travel_time_sec": 2664.0, "travel_time_min": 44.4}, "geometry": {"type": "Point", "coordinates": [126.79435739331409, 37.657904782863056]}}, {"id": "889", "type": "Feature", "properties": {"id": 889, "linenm": "서해선", "statnm": "풍산", "x_5179": 937025.2067188112, "y_5179": 1963878.4313412756, "lng": 126.78589639631912, "lat": 37.67226905800128, "begin": "2023-08-26", "effective_begin": null, "geometry_wkt": "POINT (937025.206719 1963878.431341)", "travel_time_sec": 2814.0, "travel_time_min": 46.9}, "geometry": {"type": "Point", "coordinates": [126.78589639631912, 37.67226905800128]}}, {"id": "890", "type": "Feature", "properties": {"id": 890, "linenm": "서해선", "statnm": "일산", "x_5179": 935613.172677255, "y_5179": 1964937.5883582125, "lng": 126.76979224170192, "lat": 37.68171685521288, "begin": "2023-08-26", "effective_begin": null, "geometry_wkt": "POINT (935613.172677 1964937.588358)", "travel_time_sec": 2964.0, "travel_time_min": 49.4}, "geometry": {"type": "Point", "coordinates": [126.76979224170192, 37.68171685521288]}}, {"id": "906", "type": "Feature", "properties": {"id": 906, "linenm": "신안산선급행", "statnm": "여의도", "x_5179": 949102.1905563883, "y_5179": 1947120.927544181, "lng": 126.92400189877466, "lat": 37.5219823061449, "begin": "2028-12-31", "effective_begin": null, "geometry_wkt": "POINT (949102.190556 1947120.927544)", "travel_time_sec": 3555.0, "travel_time_min": 59.25}, "geometry": {"type": "Point", "coordinates": [126.92400189877466, 37.5219823061449]}}, {"id": "914", "type": "Feature", "properties": {"id": 914, "linenm": "GTX_B", "statnm": "청학", "x_5179": 925937.7932184757, "y_5179": 1935147.1652321208, "lng": 126.66308167192312, "lat": 37.412496468614144, "begin": "2031-07-01", "effective_begin": null, "geometry_wkt": "POINT (925937.793218 1935147.165232)", "travel_time_sec": 3239.0, "travel_time_min": 53.983333333333334}, "geometry": {"type": "Point", "coordinates": [126.66308167192312, 37.412496468614144]}}]}