{"type": "FeatureCollection", "features": [{"id": "0", "type": "Feature", "properties": {"primary_landuse": "상업", "designation_names": "대로1류(폭 35m~40m),성장관리권역,경제자유구역2022-01-03,중로1류(폭 20m~25m)(접합),가축사육제한구역(인천광역시 서구 조례 제 1749호),중심상업지역,상대보호구역2015-03-31,대로3류(폭 25m~30m)(접합),광로3류(폭 40m~50m)(접합),대로2류(폭 30m~35m)(접합),문화공원(", "area_m2": 3287.0999322349107}, "geometry": {"type": "MultiPolygon", "coordinates": [[[[126.62002955720672, 37.52827178462718], [126.62033512165455, 37.528332828671886], [126.61961822750615, 37.528150379830414], [126.619612399862, 37.52816494919948], [126.62002955720672, 37.52827178462718]]], [[[126.62184758258064, 37.52873759778263], [126.62327254863611, 37.529103466523466], [126.62338022522215, 37.52913084098663], [126.62348801592721, 37.529158035519174], [126.62359569358104, 37.529185229591626], [126.62370359712, 37.52921251438744], [126.62381172745333, 37.52923970971112], [126.62391986422405, 37.52926564357173], [126.6240277761716, 37.529291306318086], [126.62462047967335, 37.52944798913098], [126.62495348185696, 37.52950491264359], [126.62529006537379, 37.529569685230975], [126.62562802965718, 37.52962995630894], [126.62580179667829, 37.52962672928566], [126.62581787503849, 37.52955867539932], [126.62400833324605, 37.52926757519793], [126.62156377149464, 37.52864550664764], [126.62184758258064, 37.52873759778263]]], [[[126.62645095569711, 37.52972068923836], [126.62675156940017, 37.52976200781305], [126.62697054463545, 37.52981730238141], [126.62727423832654, 37.5298536739541], [126.62753181564757, 37.52988169972665], [126.62793181698333, 37.5299345923328], [126.62799932546461, 37.529941022676056], [126.62806683575455, 37.52994709259082], [126.62813446098363, 37.52995280243477], [126.62820208846836, 37.52995806175261], [126.62833734391616, 37.52996849017475], [126.62847260209503, 37.529978377857255], [126.62859395286253, 37.529986918471785], [126.62629779699215, 37.529621615983395], [126.62628415198022, 37.52969584697885], [126.62645095569711, 37.52972068923836]]], [[[126.63171102323065, 37.530119926392494], [126.63171199377834, 37.5300622025241], [126.63163991961545, 37.530062203242345], [126.63171102323065, 37.530119926392494]]]]}}, {"id": "1", "type": "Feature", "properties": {"primary_landuse": "상업", "designation_names": "상대보호구역2025-03-28,대로1류(폭 35m~40m)(저촉),경제자유구역2022-01-03,지구단위계획구역,중심상업지역,상대보호구역2015-03-31,가축사육제한구역(인천광역시 서구 조례 제 1749호),토지거래계약에관한허가구역(토지거래허가구역(외국인 등의 주택용도 취득에 한함)(20", "area_m2": 105.60603472428518}, "geometry": {"type": "Polygon", "coordinates": [[[126.62564844962388, 37.52968642321097], [126.62578220753234, 37.52970964288479], [126.62580180601476, 37.52962668976776], [126.62562688802905, 37.52962975445795], [126.62564844962388, 37.52968642321097]]]}}, {"id": "2", "type": "Feature", "properties": {"primary_landuse": "상업", "designation_names": "상대보호구역2025-03-28,대로1류(폭 35m~40m)(접합),상대보호구역2015-03-31,경제자유구역2022-01-03,중심상업지역,가축사육제한구역(인천광역시 서구 조례 제 1749호),성장관리권역,지구단위계획구역,토지거래계약에관한허가구역(토지거래허가구역(외국인 등의 주택용도 취", "area_m2": 7373.719688847104}, "geometry": {"type": "Polygon", "coordinates": [[[126.62564065412445, 37.53030878034088], [126.62578220753234, 37.52970964288479], [126.62564844962388, 37.52968642321097], [126.62551508161047, 37.52966077100478], [126.62540599658769, 37.529643214782425], [126.6252963586321, 37.5296231339287], [126.62518593063022, 37.529602690060294], [126.62507595838233, 37.52958161684898], [126.6249716382109, 37.529561462544336], [126.6248615565788, 37.52953966799355], [126.62475159312706, 37.52951688262923], [126.62463552884189, 37.52949245591457], [126.62458207376221, 37.52948120316064], [126.62455717370977, 37.52957329486923], [126.62453573100353, 37.5296527837601], [126.62451702017488, 37.529728947706836], [126.62445953169356, 37.529957074798205], [126.62443204083814, 37.530069340353634], [126.62442983827215, 37.530079874892145], [126.62564065412445, 37.53030878034088]]]}}, {"id": "3", "type": "Feature", "properties": {"primary_landuse": "기타", "designation_names": "지구단위계획구역,대로2류(폭 30m~35m)(접합),대로1류(폭 35m~40m)(저촉),경제자유구역2022-01-03,토지거래계약에관한허가구역(토지거래허가구역(외국인 등의 주택용도 취득에 한함)(2025. 8. 26.~2026. 8. 25.)),가축사육제한구역(인천광역시 서구 조례 제 1749호),상대보", "area_m2": 1565.4854016859435}, "geometry": {"type": "Polygon", "coordinates": [[[126.6242749817615, 37.530861528823664], [126.62428930046404, 37.530781476650745], [126.62430547598846, 37.53069215022013], [126.62432347202686, 37.530600757325644], [126.62434098736414, 37.530514949022844], [126.62435919823811, 37.53042580927832], [126.6243769569934, 37.530336577986915], [126.62439494106206, 37.53024752760864], [126.62441303821885, 37.53015847758724], [126.62443204083814, 37.530069340353634], [126.62445953169356, 37.529957074798205], [126.62451702017488, 37.529728947706836], [126.62453573100353, 37.5296527837601], [126.62455717370977, 37.52957329486923], [126.62458207376221, 37.52948120316064], [126.62463552884189, 37.52949245591457], [126.62475159312706, 37.52951688262923], [126.6248615565788, 37.52953966799355], [126.6249716382109, 37.529561462544336], [126.62507595838233, 37.52958161684898], [126.62518593063022, 37.529602690060294], [126.6252963586321, 37.5296231339287], [126.62540599658769, 37.529643214782425], [126.62551508161047, 37.52966077100478], [126.62564844962388, 37.52968642321097], [126.62562688802905, 37.52962975445795], [126.62529006537379, 37.529569685230975], [126.62495348185696, 37.52950491264359], [126.62462047967335, 37.52944798913098], [126.62452068662606, 37.52949497255932], [126.62446120461149, 37.52971462400092], [126.62439510573674, 37.52994515624225], [126.6243677524167, 37.53005255688154], [126.62432972731268, 37.53021227088826], [126.62430470919034, 37.530327697766744], [126.62426327335798, 37.530468209787166], [126.62420021629599, 37.53067856945285], [126.6241964039542, 37.5306942344794], [126.62416761736517, 37.53086145613692], [126.6242749817615, 37.530861528823664]]]}}, {"id": "4", "type": "Feature", "properties": {"primary_landuse": "상업", "designation_names": "대로2류(폭 30m~35m)(접합),경제자유구역2022-01-03,국토이용용도지역기타(특별계획구역),지구단위계획구역,가축사육제한구역(인천광역시 서구 조례 제 1749호),성장관리권역,중심상업지역,토지거래계약에관한허가구역(토지거래허가구역(외국인 등의 주택용도 취득에 한함)(", "area_m2": 10202.958039561365}, "geometry": {"type": "Polygon", "coordinates": [[[126.62547878880964, 37.53102367153187], [126.62547956939905, 37.53099057368726], [126.62564063409945, 37.5303088650977], [126.62442983827215, 37.530079874892145], [126.62441303821885, 37.53015847758724], [126.62439494106206, 37.53024752760864], [126.6243769569934, 37.530336577986915], [126.62435919823811, 37.53042580927832], [126.62434098736414, 37.530514949022844], [126.62432347202686, 37.530600757325644], [126.62430547598846, 37.53069215022013], [126.62428930046404, 37.530781476650745], [126.6242749817615, 37.530861528823664], [126.62416761736517, 37.53086145613692], [126.6241533762457, 37.53094853625432], [126.62426209926949, 37.53094843309631], [126.62425076598075, 37.53101975520852], [126.62547878880964, 37.53102367153187]]]}}, {"id": "5", "type": "Feature", "properties": {"primary_landuse": "상업", "designation_names": "가축사육제한구역(인천광역시 서구 조례 제 1749호),중심상업지역,공공공지(공공공지8),지구단위계획구역,토지거래계약에관한허가구역(토지거래허가구역(외국인 등의 주택용도 취득에 한함)(2025. 8. 26.~2026. 8. 25.)),성장관리권역,경제자유구역2022-01-03,대로2류(폭 30", "area_m2": 437.29346268210804}, "geometry": {"type": "Polygon", "coordinates": [[[126.62420289672107, 37.53135927505845], [126.62423074179064, 37.53115438906793], [126.62425076598075, 37.53101975520852], [126.62426209926949, 37.53094843309631], [126.6241533762457, 37.53094853625432], [126.62414531225403, 37.53099968665282], [126.62413022150022, 37.53109820660813], [126.62411626249273, 37.53119664007741], [126.62410214491754, 37.53130408292414], [126.6240948541725, 37.53135892984079], [126.62420289672107, 37.53135927505845]]]}}, {"id": "6", "type": "Feature", "properties": {"primary_landuse": "상업", "designation_names": "경제자유구역2022-01-03,토지거래계약에관한허가구역(토지거래허가구역(외국인 등의 주택용도 취득에 한함)(2025. 8. 26.~2026. 8. 25.)),지구단위계획구역,가축사육제한구역(인천광역시 서구 조례 제 1749호),성장관리권역,중심상업지역", "area_m2": 1650.002265164077}, "geometry": {"type": "Polygon", "coordinates": [[[126.62469751620996, 37.53136094430393], [126.62474527055065, 37.53102133378309], [126.62425076598075, 37.53101975520852], [126.62423074179064, 37.53115438906793], [126.62420289672107, 37.53135927505845], [126.62469751620996, 37.53136094430393]]]}}, {"id": "7", "type": "Feature", "properties": {"primary_landuse": "기타", "designation_names": "대로1류(폭 35m~40m)(접합),경제자유구역2022-01-03,대로3류(폭 25m~30m)(접합),토지거래계약에관한허가구역(토지거래허가구역(외국인 등의 주택용도 취득에 한함)(2025. 8. 26.~2026. 8. 25.)),성장관리권역,지구단위계획구역,완충녹지2014-07-29(저촉),가축사육제한구역(", "area_m2": 1325.427584820573}, "geometry": {"type": "Polygon", "coordinates": [[[126.6214794797663, 37.528710014922545], [126.62148958188169, 37.52868112567825], [126.62144222261963, 37.52861457447087], [126.62033512165455, 37.528332828671886], [126.62002955720672, 37.52827178462718], [126.61981149949891, 37.52821593956863], [126.61979183862277, 37.52827786407705], [126.6214794797663, 37.528710014922545]]]}}, {"id": "8", "type": "Feature", "properties": {"primary_landuse": "기타", "designation_names": "토지거래계약에관한허가구역(토지거래허가구역(외국인 등의 주택용도 취득에 한함)(2025. 8. 26.~2026. 8. 25.)),경제자유구역2022-01-03,완충녹지2014-07-29(저촉),성장관리권역,가축사육제한구역(인천광역시 서구 조례 제 1749호),국토이용용도지역기타(특별계획구역),지", "area_m2": 35305.34620678114}, "geometry": {"type": "Polygon", "coordinates": [[[126.62099580439414, 37.53049935330251], [126.62105175695987, 37.53024167056152], [126.62111211851419, 37.52998454257608], [126.62117688855561, 37.52972805943666], [126.62124595345276, 37.52947231086901], [126.62131953896706, 37.52921738769129], [126.62139730566514, 37.528963288802565], [126.6214794797663, 37.528710014922545], [126.61979183862277, 37.52827786407705], [126.61970560335635, 37.52855004443114], [126.61962366224881, 37.52882304948334], [126.61954624160437, 37.52909687997451], [126.61947322833942, 37.529371535547654], [126.61940462295944, 37.52964692611374], [126.61934042597053, 37.52992296158321], [126.61928075101122, 37.53019955223214], [126.6192439438398, 37.53038449619969], [126.62019184653735, 37.53050468901715], [126.62097490873263, 37.530603980874695], [126.62099580439414, 37.53049935330251]]]}}, {"id": "9", "type": "Feature", "properties": {"primary_landuse": "상업", "designation_names": "완충녹지2014-07-29(저촉),토지거래계약에관한허가구역(토지거래허가구역(외국인 등의 주택용도 취득에 한함)(2025. 8. 26.~2026. 8. 25.)),대로1류(폭 35m~40m)(접합),중로3류(폭 12m~15m)2014-07-29(저촉),중심상업지역,중로1류(폭 20m~25m)(저촉),상대보호구역2025-03-28", "area_m2": 10101.216654624082}, "geometry": {"type": "Polygon", "coordinates": [[[126.61879045353284, 37.531589901827935], [126.61894522062339, 37.531590403261546], [126.6189452896491, 37.531576888656524], [126.61889268242346, 37.53157671823592], [126.61889298157547, 37.531518154947456], [126.61900045861962, 37.53151850309289], [126.61900015955163, 37.531577066382084], [126.61900009053582, 37.53159058098719], [126.61904941643044, 37.53159083083266], [126.61908670585807, 37.531311645118734], [126.61912840488604, 37.53103292415054], [126.6191747397311, 37.53075466865571], [126.61922548407823, 37.53047687789614], [126.61928075101122, 37.53019955223214], [126.61934042597053, 37.52992296158321], [126.61940462295944, 37.52964692611374], [126.61947322833942, 37.529371535547654], [126.61954624160437, 37.52909687997451], [126.61962366224881, 37.52882304948334], [126.61970560335635, 37.52855004443114], [126.61979183862277, 37.52827786407705], [126.61981149949891, 37.52821593956863], [126.61961239986087, 37.52816494920235], [126.6191194738721, 37.52939726412773], [126.61910912926044, 37.52943905090606], [126.61871948482239, 37.53152643800931], [126.61879045353284, 37.531589901827935]]]}}, {"id": "10", "type": "Feature", "properties": {"primary_landuse": "기타", "designation_names": "국토이용용도지역기타(특별계획구역),토지거래계약에관한허가구역(토지거래허가구역(외국인 등의 주택용도 취득에 한함)(2025. 8. 26.~2026. 8. 25.)),경제자유구역2022-01-03,지구단위계획구역,공공공지2012-12-24(저촉),대로3류(폭 25m~30m)(접합),대로2류(폭 30m~35m)(접", "area_m2": 2887.604953797638}, "geometry": {"type": "Polygon", "coordinates": [[[126.62368616646461, 37.531546830739636], [126.62371333423961, 37.53131950809454], [126.6237443465534, 37.531092558126815], [126.62377920382583, 37.530865890735896], [126.62380637471682, 37.53070515112769], [126.6238354682835, 37.530544507755884], [126.62386564534881, 37.530393328220164], [126.62392333962393, 37.5299901399462], [126.62396812649926, 37.52981332889078], [126.62401585184026, 37.52963706779821], [126.62406651608137, 37.529461266567374], [126.62409458843864, 37.529368374209106], [126.6240326344241, 37.52929258323046], [126.6240277761716, 37.529291306318086], [126.62391986422405, 37.52926564357173], [126.62381172745333, 37.52923970971112], [126.62370359712, 37.52921251438744], [126.62359569358104, 37.529185229591626], [126.62348801592721, 37.529158035519174], [126.62338022522215, 37.52913084098663], [126.62327254863611, 37.529103466523466], [126.62185119816054, 37.528738510394355], [126.62174950991712, 37.52877980916148], [126.62337740207988, 37.52919705464431], [126.6235969365019, 37.52925280774856], [126.62381704235747, 37.52930748108547], [126.62403783821696, 37.529359993844], [126.62397278611962, 37.5296071074041], [126.623910785406, 37.529854771266244], [126.62385228908576, 37.53010289678494], [126.62379978382572, 37.53035194241253], [126.6237516876473, 37.53060154270147], [126.62370732225112, 37.530851605388456], [126.62366917569426, 37.53110231863547], [126.62363589179917, 37.531353407812794], [126.62360679181063, 37.53160487075272], [126.62368616646461, 37.531546830739636]]]}}, {"id": "11", "type": "Feature", "properties": {"primary_landuse": "상업", "designation_names": "경제자유구역2022-01-03,중심상업지역,지구단위계획구역,토지거래계약에관한허가구역(토지거래허가구역(외국인 등의 주택용도 취득에 한함)(2025. 8. 26.~2026. 8. 25.)),대로3류(폭 25m~30m)(접합),가축사육제한구역(인천광역시 서구 조례 제 1749호),성장관리권역,공공공", "area_m2": 61689.812386465754}, "geometry": {"type": "Polygon", "coordinates": [[[126.62117720405101, 37.531047378380485], [126.62113506043278, 37.53130375413773], [126.62110131530633, 37.5315325866677], [126.62118063255879, 37.53159762320591], [126.62360679181063, 37.53160487075272], [126.62363589179917, 37.531353407812794], [126.62366917569426, 37.53110231863547], [126.62370732225112, 37.530851605388456], [126.6237516876473, 37.53060154270147], [126.62379978382572, 37.53035194241253], [126.62385228908576, 37.53010289678494], [126.623910785406, 37.529854771266244], [126.62397278611962, 37.5296071074041], [126.62403783821696, 37.529359993844], [126.62381704235747, 37.52930748108547], [126.6235969365019, 37.52925280774856], [126.62337740207988, 37.52919705464431], [126.62174950991712, 37.52877980916148], [126.62167171142627, 37.529018140882734], [126.62159475259067, 37.52926926928678], [126.62152208808729, 37.52952122233544], [126.621453831088, 37.52977400040084], [126.62138975628645, 37.53002742256766], [126.62133008998705, 37.53028148957125], [126.62127483177572, 37.53053629151578], [126.62122386993522, 37.53079155775115], [126.62117720405101, 37.531047378380485]]]}}, {"id": "12", "type": "Feature", "properties": {"primary_landuse": "주거", "designation_names": "가축사육제한구역(인천광역시 서구 조례 제 1749호),제1종일반주거지역2015-11-09,근린공원2012-12-24(저촉),제2종일반주거지역2015-11-09,상대보호구역2025-03-28,도시철도(서울지하철 7호선)(저촉),경관녹지2015-11-09(저촉),중로1류(폭 20m~25m)(접합),성장관리권역,대로", "area_m2": 111.72104649239427}, "geometry": {"type": "MultiPolygon", "coordinates": [[[[126.6190843720051, 37.53770694141121], [126.61904555561955, 37.537531213213065], [126.6190083243287, 37.53735530993377], [126.6189311198954, 37.53708149563459], [126.61909799417964, 37.537852568586814], [126.6190843720051, 37.53770694141121]]], [[[126.61857528994398, 37.53404323466105], [126.61856397272271, 37.534043192015375], [126.61857715183766, 37.534158915154165], [126.61857528994398, 37.53404323466105]]], [[[126.61870285601869, 37.53161551845537], [126.61867411874488, 37.531769463415294], [126.6186842228661, 37.531769463505725], [126.61870285601869, 37.53161551845537]]], [[[126.6191194738721, 37.52939726412773], [126.61911470283344, 37.529409191512116], [126.61910912926044, 37.52943905090606], [126.6191194738721, 37.52939726412773]]]]}}, {"id": "13", "type": "Feature", "properties": {"primary_landuse": "상업", "designation_names": "성장관리권역,완충녹지2014-07-29(저촉),중심상업지역,가축사육제한구역(인천광역시 서구 조례 제 1749호),지구단위계획구역,중로1류(폭 20m~25m)(접합),국토이용용도지역기타(특별계획구역),대로3류(폭 25m~30m)(접합),토지거래계약에관한허가구역(토지거래허가구역(외국인", "area_m2": 19028.25498813539}, "geometry": {"type": "Polygon", "coordinates": [[[126.62073262011992, 37.53159663009764], [126.62081608444524, 37.53153572204049], [126.62085428702188, 37.531275909950665], [126.62089701235664, 37.531016562906515], [126.6209441472708, 37.530757680538315], [126.62097490873263, 37.530603980874695], [126.62019184653735, 37.53050468901715], [126.6192439438398, 37.53038449619969], [126.61922548407823, 37.53047687789614], [126.6191747397311, 37.53075466865571], [126.61912840488604, 37.53103292415054], [126.61908670585807, 37.531311645118734], [126.61904941643044, 37.53159083083266], [126.62073262011992, 37.53159663009764]]]}}, {"id": "14", "type": "Feature", "properties": {"primary_landuse": "기타", "designation_names": "상대보호구역2025-03-28,지구단위계획구역,경제자유구역2022-01-03,완충녹지2014-07-29,유통및공급시설미분류2020-12-07,성장관리권역,가축사육제한구역(인천광역시 서구 조례 제 1749호),토지거래계약에관한허가구역(토지거래허가구역(외국인 등의 주택용도 취득에 한함)(2", "area_m2": 69.02384139244147}, "geometry": {"type": "Polygon", "coordinates": [[[126.61900009053582, 37.53159058098719], [126.61900015955163, 37.531577066382084], [126.61900045861962, 37.53151850309289], [126.61889298157547, 37.531518154947456], [126.61889268242346, 37.53157671823592], [126.6189452896491, 37.531576888656524], [126.61894522062339, 37.531590403261546], [126.61900009053582, 37.53159058098719]]]}}, {"id": "15", "type": "Feature", "properties": {"primary_landuse": "상업", "designation_names": "가축사육제한구역(인천광역시 서구 조례 제 1749호),대로3류(폭 25m~30m)(접합),성장관리권역,지구단위계획구역,경제자유구역2022-01-03,토지거래계약에관한허가구역(토지거래허가구역(외국인 등의 주택용도 취득에 한함)(2025. 8. 26.~2026. 8. 25.)),중심상업지역,상대보", "area_m2": 3681.300000999798}, "geometry": {"type": "Polygon", "coordinates": [[[126.62081608444524, 37.53153572204049], [126.62073262011992, 37.53159663009764], [126.61904941643044, 37.53159083083266], [126.61900009053582, 37.53159058098719], [126.61894522062339, 37.531590403261546], [126.61879045353284, 37.531589901827935], [126.61871948482239, 37.53152643800931], [126.61870285601869, 37.53161551845537], [126.6186842228661, 37.531769463505725], [126.62078499186403, 37.53176946353478], [126.62081608444524, 37.53153572204049]]]}}, {"id": "16", "type": "Feature", "properties": {"primary_landuse": "상업", "designation_names": "공공공지2012-12-24(저촉),토지거래계약에관한허가구역(토지거래허가구역(외국인 등의 주택용도 취득에 한함)(2025. 8. 26.~2026. 8. 25.)),중심상업지역,대로3류(폭 25m~30m)(저촉),국토이용용도지역기타(특별계획구역),지구단위계획구역,성장관리권역,대로2류(폭 30m~35m)", "area_m2": 5864.564376840262}, "geometry": {"type": "Polygon", "coordinates": [[[126.62105654382022, 37.531883017119384], [126.6211406838078, 37.531822741704474], [126.62290852028079, 37.53182824192182], [126.6235852898613, 37.531830319415825], [126.62360995358523, 37.53183030823798], [126.62368723283468, 37.53189614746373], [126.62368616646461, 37.531546830739636], [126.62360679181063, 37.53160487075272], [126.62118063255879, 37.53159762320591], [126.62110131530633, 37.5315325866677], [126.62105654382022, 37.531883017119384]]]}}, {"id": "17", "type": "Feature", "properties": {"primary_landuse": "상업", "designation_names": "대로3류(폭 25m~30m)(저촉),토지거래계약에관한허가구역(토지거래허가구역(외국인 등의 주택용도 취득에 한함)(2025. 8. 26.~2026. 8. 25.)),성장관리권역,경제자유구역2022-01-03,지구단위계획구역,가축사육제한구역(인천광역시 서구 조례 제 1749호),중심상업지역,대로3류", "area_m2": 15677.91691942515}, "geometry": {"type": "Polygon", "coordinates": [[[126.62117638964426, 37.53267879580364], [126.62290483034784, 37.532667439354064], [126.62290653597458, 37.53226557543318], [126.62290852028079, 37.53182824192182], [126.6211406838078, 37.531822741704474], [126.62105654382022, 37.531883017119384], [126.6210272545435, 37.532147723302764], [126.62100328057102, 37.53241280698725], [126.62098349106128, 37.53267817443362], [126.62117638964426, 37.53267879580364]]]}}, {"id": "18", "type": "Feature", "properties": {"primary_landuse": "녹지", "designation_names": "경제자유구역2022-01-03,지구단위계획구역,자연녹지지역,중로1류(폭 20m~25m)(저촉),문화공원,가축사육제한구역(인천광역시 서구 조례 제 1749호),중로3류(폭 12m~15m)2014-07-29(접합),성장관리권역,상대보호구역2025-03-28,대로3류(폭 25m~30m)(접합),토지거래계약에관한", "area_m2": 102.96344988616778}, "geometry": {"type": "MultiPolygon", "coordinates": [[[[126.62067272683666, 37.533963964299645], [126.62066961370478, 37.53375294280692], [126.62066898959509, 37.53354192933302], [126.62067142062718, 37.5333308356047], [126.62067791103563, 37.5331540937699], [126.62067248228956, 37.533154156265184], [126.62065806674475, 37.53397584335227], [126.62067272683666, 37.533963964299645]]], [[[126.62070357964339, 37.53261330203473], [126.62071881448267, 37.53242062972113], [126.62073362242792, 37.53223883878153], [126.62067248228956, 37.53268210188453], [126.62070027290817, 37.532681919609374], [126.62070357964339, 37.53261330203473]]]]}}, {"id": "19", "type": "Feature", "properties": {"primary_landuse": "상업", "designation_names": "중심상업지역,대로2류(폭 30m~35m)(접합),대로3류(폭 25m~30m)(접합),경제자유구역2022-01-03,토지거래계약에관한허가구역(토지거래허가구역(외국인 등의 주택용도 취득에 한함)(2025. 8. 26.~2026. 8. 25.)),중심상업지역2012-12-24,지구단위계획구역,문화공원,성장관리권", "area_m2": 3323.5011785915713}, "geometry": {"type": "MultiPolygon", "coordinates": [[[[126.62364833083741, 37.53311986109521], [126.62360570752978, 37.53312035283718], [126.62360537351968, 37.533186551663434], [126.62364802590936, 37.53318668813727], [126.62364833083741, 37.53311986109521]]], [[[126.62303018128112, 37.5326040226504], [126.62303357534387, 37.53260403352736], [126.62303454961847, 37.53241122510085], [126.6232551631321, 37.532411931887765], [126.62325517678214, 37.53240922896579], [126.62334229083521, 37.5324095079425], [126.62336233713307, 37.532405337484], [126.62338305086827, 37.532403421630455], [126.6234037514126, 37.53240411859791], [126.62342421386236, 37.53240715736978], [126.62344387254372, 37.532412536135425], [126.62351650530437, 37.532412768625186], [126.62351621885136, 37.53246952998822], [126.62352404829095, 37.53248739462035], [126.6235280270426, 37.53250605781756], [126.62352793110625, 37.53252506836909], [126.62352376411627, 37.53254370549569], [126.62351575461395, 37.53256151943408], [126.62351552317645, 37.53260737901038], [126.62365060688825, 37.53260781128217], [126.62365141396123, 37.53253753675727], [126.6236575403643, 37.532377180392736], [126.62366307280948, 37.53226727748497], [126.62290653597458, 37.53226557543318], [126.62290483034784, 37.532667439354064], [126.62302986498335, 37.532666616852126], [126.62303018128112, 37.5326040226504]]], [[[126.62098349106128, 37.53267817443362], [126.62098340038591, 37.5326800622391], [126.62117638964426, 37.53267879580364], [126.62098349106128, 37.53267817443362]]], [[[126.6229025945527, 37.53313483651462], [126.62290103970032, 37.53355433173549], [126.62362455676787, 37.53355529751083], [126.62363470720544, 37.533382250114364], [126.62364367295544, 37.53326460971105], [126.6236049802964, 37.533264485906194], [126.62360435068146, 37.53338927078983], [126.6233075933395, 37.533388320831534], [126.62329852876157, 37.533390994768176], [126.62328074629339, 37.533394902168205], [126.62325289784864, 37.53339814663428], [126.62322483996525, 37.53339805676581], [126.62319702519349, 37.53339463401231], [126.62317024549326, 37.53338788091103], [126.62307147723334, 37.53338756446093], [126.62307183823643, 37.533316117236204], [126.62306208868677, 37.5332976157319], [126.62305551105958, 37.533278313501626], [126.62305221757859, 37.53325839110327], [126.6230523191013, 37.53323829938657], [126.62305581380397, 37.533218398741006], [126.6230625862714, 37.53319913929065], [126.62307252245445, 37.53318070086722], [126.62307279631531, 37.53312649969553], [126.62247005663235, 37.53313344908991], [126.6229025945527, 37.53313483651462]]]]}}, {"id": "20", "type": "Feature", "properties": {"primary_landuse": "상업", "designation_names": "중로1류(폭 20m~25m)2013-03-25(저촉),중심상업지역2012-12-24,자연녹지지역,가축사육제한구역(인천광역시 서구 조례 제 1749호),공공공지2012-12-24(저촉),성장관리권역,경제자유구역2022-01-03,대로1류(폭 35m~40m)(접합),대로3류(폭 25m~30m)(저촉),중심상업지역,지구단", "area_m2": 22729.81379128858}, "geometry": {"type": "MultiPolygon", "coordinates": [[[[126.62120326835036, 37.5363641042435], [126.62115798077198, 37.5361027619965], [126.62111699466347, 37.535841073181196], [126.62108065031519, 37.53557885870051], [126.6210488336242, 37.53531629838856], [126.62102165768238, 37.535053392613186], [126.6209990088446, 37.53479023111015], [126.62098099974398, 37.53452690434356], [126.62096847775425, 37.53427476749747], [126.62095738007685, 37.53392046315982], [126.6209549878718, 37.533656465881684], [126.62095655545616, 37.53339248135141], [126.62096140950842, 37.53315082981174], [126.62067791103563, 37.5331540937699], [126.62067142062718, 37.5333308356047], [126.62066898959509, 37.53354192933302], [126.62066961370478, 37.53375294280692], [126.62067272683666, 37.533963964299645], [126.62068496924897, 37.53427088037], [126.62069843477212, 37.53453752619615], [126.62071665266717, 37.53480409723357], [126.62073951121988, 37.53507032282357], [126.62076712270297, 37.5353363835232], [126.62079926226107, 37.53560200830799], [126.62083604216633, 37.53586737773388], [126.62087746384142, 37.53613222150493], [126.62092341373597, 37.53639662934924], [126.62097389235491, 37.53666051116458], [126.62102946637032, 37.53692368857341], [126.62108934292287, 37.53718633921234], [126.62109045191957, 37.53719075762481], [126.62102907682208, 37.53726759435715], [126.62110701859427, 37.53724820391047], [126.6214600212066, 37.53716050305593], [126.62136882039466, 37.53711723240596], [126.62136272535015, 37.53711432962546], [126.62130822305537, 37.53688494287295], [126.62125319823986, 37.536624830718466], [126.62120326835036, 37.5363641042435]]], [[[126.62098349106128, 37.53267817443362], [126.62100328057102, 37.53241280698725], [126.6210272545435, 37.532147723302764], [126.62105654382022, 37.531883017119384], [126.62110131530633, 37.5315325866677], [126.62113506043278, 37.53130375413773], [126.62117720405101, 37.531047378380485], [126.62122386993522, 37.53079155775115], [126.62127483177572, 37.53053629151578], [126.62133008998705, 37.53028148957125], [126.62138975628645, 37.53002742256766], [126.621453831088, 37.52977400040084], [126.62152208808729, 37.52952122233544], [126.62159475259067, 37.52926926928678], [126.62167171142627, 37.529018140882734], [126.62174950991712, 37.52877980916148], [126.62185119816054, 37.528738510394355], [126.62184758258064, 37.52873759778263], [126.62156413966488, 37.52864560034064], [126.62144222261963, 37.52861457447087], [126.62148958188169, 37.52868112567825], [126.6214794797663, 37.528710014922545], [126.62139730566514, 37.528963288802565], [126.62131953896706, 37.52921738769129], [126.62124595345276, 37.52947231086901], [126.62117688855561, 37.52972805943666], [126.62111211851419, 37.52998454257608], [126.62105175695987, 37.53024167056152], [126.62099580439414, 37.53049935330251], [126.6209441472708, 37.530757680538315], [126.62089701235664, 37.531016562906515], [126.62085428702188, 37.531275909950665], [126.62081608444524, 37.53153572204049], [126.62078499186403, 37.53176946353478], [126.62079836345772, 37.53176946341529], [126.62073362242792, 37.53223883878153], [126.62071881448267, 37.53242062972113], [126.62070357964339, 37.53261330203473], [126.62070027290817, 37.532681919609374], [126.62098340038591, 37.5326800622391], [126.62098349106128, 37.53267817443362]]]]}}, {"id": "21", "type": "Feature", "properties": {"primary_landuse": "기타", "designation_names": "공공공지2012-12-24(저촉),성장관리권역,대로1류(폭 35m~40m)(접합),중로1류(폭 20m~25m)(저촉),상대보호구역2015-03-31,토지거래계약에관한허가구역(토지거래허가구역(외국인 등의 주택용도 취득에 한함)(2025. 8. 26.~2026. 8. 25.)),지구단위계획구역,상대보호구역2025-0", "area_m2": 580.4361640994194}, "geometry": {"type": "Polygon", "coordinates": [[[126.62680244150545, 37.52986001663717], [126.62691414091755, 37.52987523729113], [126.62702595891241, 37.529889377028674], [126.6271381221983, 37.52990234646915], [126.62725017329284, 37.52991513524985], [126.62736222577657, 37.52992765363196], [126.62747484665529, 37.52993963311446], [126.627599002934, 37.52995245990083], [126.62759934907449, 37.52995110951311], [126.62752751890454, 37.52988123562637], [126.62727423832654, 37.5298536739541], [126.62697054463545, 37.52981730238141], [126.62675156940017, 37.52976200781305], [126.62672036638155, 37.52975767414951], [126.62670125839198, 37.529845820339965], [126.62680244150545, 37.52986001663717]]]}}, {"id": "22", "type": "Feature", "properties": {"primary_landuse": "상업", "designation_names": "공공공지2012-12-24(저촉),상대보호구역2015-03-31,성장관리권역,토지거래계약에관한허가구역(토지거래허가구역(외국인 등의 주택용도 취득에 한함)(2025. 8. 26.~2026. 8. 25.)),상대보호구역2025-03-28,대로1류(폭 35m~40m)(접합),중심상업지역,경제자유구역2022-01-03,가", "area_m2": 1168.0583157596818}, "geometry": {"type": "Polygon", "coordinates": [[[126.62643487991247, 37.52999399826188], [126.62666234770569, 37.53002526396401], [126.62670068281756, 37.529847800689275], [126.62672036638155, 37.52975767414951], [126.62645095569711, 37.52972068923836], [126.62628414564142, 37.52969588146283], [126.62623472013107, 37.52996476267415], [126.62643487991247, 37.52999399826188]]]}}, {"id": "23", "type": "Feature", "properties": {"primary_landuse": "상업", "designation_names": "지구단위계획구역,상대보호구역2015-03-31,성장관리권역,토지거래계약에관한허가구역(토지거래허가구역(외국인 등의 주택용도 취득에 한함)(2025. 8. 26.~2026. 8. 25.)),상대보호구역2025-03-28,가축사육제한구역(인천광역시 서구 조례 제 1749호),중심상업지역,공공공지20", "area_m2": 25126.686377960137}, "geometry": {"type": "Polygon", "coordinates": [[[126.62597543785597, 37.53141718192122], [126.62596823732245, 37.531589698376386], [126.62596528693935, 37.531758552641925], [126.62684852710288, 37.531714390404225], [126.62684596824866, 37.53179499543005], [126.62686799669703, 37.53179509828261], [126.62743332453275, 37.53179770114682], [126.6274347651171, 37.53148659427794], [126.62743532865821, 37.5313964070812], [126.62743634518104, 37.53130613121894], [126.62743837810119, 37.53121621897009], [126.62744109026498, 37.53112621877232], [126.62744561390096, 37.5310359540139], [126.6274514946709, 37.53094578365112], [126.62745828003857, 37.53085570625056], [126.62746653521437, 37.530765813700974], [126.62747614841018, 37.5306758353514], [126.62748677797433, 37.53058622061394], [126.62749887913182, 37.53049643033658], [126.62751176903555, 37.53040727324654], [126.6275265830519, 37.53031794204874], [126.62754196134205, 37.53022888293108], [126.62755892343942, 37.53013982882482], [126.62757735620676, 37.53005077937099], [126.627599002934, 37.52995245990083], [126.62747484665529, 37.52993963311446], [126.62736222577657, 37.52992765363196], [126.62725017329284, 37.52991513524985], [126.6271381221983, 37.52990234646915], [126.62702595891241, 37.529889377028674], [126.62691414091755, 37.52987523729113], [126.62680244150545, 37.52986001663717], [126.62670125839198, 37.529845820339965], [126.62670068281756, 37.529847800689275], [126.62666234770569, 37.53002526396401], [126.62643487991247, 37.52999399826188], [126.62623472013107, 37.52996476267415], [126.62597982933845, 37.53135136987855], [126.62597543785597, 37.53141718192122]]]}}, {"id": "24", "type": "Feature", "properties": {"primary_landuse": "상업", "designation_names": "중심상업지역,성장관리권역,가축사육제한구역(인천광역시 서구 조례 제 1749호),토지거래계약에관한허가구역(토지거래허가구역(외국인 등의 주택용도 취득에 한함)(2025. 8. 26.~2026. 8. 25.)),국토이용용도지역기타(특별계획구역),경제자유구역2022-01-03,지구단위계획구", "area_m2": 1497.4254779562682}, "geometry": {"type": "Polygon", "coordinates": [[[126.62743209181227, 37.53206718297829], [126.62743332453275, 37.53179770114682], [126.62686799669703, 37.53179509828261], [126.62686686966968, 37.53206566162549], [126.62743209181227, 37.53206718297829]]]}}, {"id": "25", "type": "Feature", "properties": {"primary_landuse": "상업", "designation_names": "가축사육제한구역(인천광역시 서구 조례 제 1749호),토지거래계약에관한허가구역(토지거래허가구역(외국인 등의 주택용도 취득에 한함)(2025. 8. 26.~2026. 8. 25.)),지구단위계획구역,경제자유구역2022-01-03,성장관리권역,중심상업지역", "area_m2": 1500.0748327758606}, "geometry": {"type": "Polygon", "coordinates": [[[126.62743096636007, 37.532337836422464], [126.62743209181227, 37.53206718297829], [126.62686686741642, 37.5320661121127], [126.62686551545436, 37.53233640443292], [126.62743096636007, 37.532337836422464]]]}}, {"id": "26", "type": "Feature", "properties": {"primary_landuse": "상업", "designation_names": "경제자유구역2022-01-03,가축사육제한구역(인천광역시 서구 조례 제 1749호),중심상업지역,토지거래계약에관한허가구역(토지거래허가구역(외국인 등의 주택용도 취득에 한함)(2025. 8. 26.~2026. 8. 25.)),지구단위계획구역,성장관리권역", "area_m2": 1999.5809513574236}, "geometry": {"type": "Polygon", "coordinates": [[[126.6274283722371, 37.53269867416532], [126.6274286204396, 37.532626325563605], [126.62743096636007, 37.532337836422464], [126.62686551545436, 37.53233640443292], [126.62686382369242, 37.53269724501985], [126.6274283722371, 37.53269867416532]]]}}, {"id": "27", "type": "Feature", "properties": {"primary_landuse": "기반시설", "designation_names": "도시철도(서울지하철7호선)(저촉),대로1류(폭 35m~40m)(접합),문화공원,가축사육제한구역(인천광역시 서구 조례 제 1749호),경제자유구역2022-01-03,성장관리권역,대로2류(폭 30m~35m)(접합),지구단위계획구역,도시철도(005정거장)(저촉),상대보호구역,상대보호구역2025-03-", "area_m2": 1648.9421542190103}, "geometry": {"type": "MultiPolygon", "coordinates": [[[[126.6262096459683, 37.535997110097846], [126.62617844639091, 37.53588411011548], [126.62624809950358, 37.53614530786595], [126.62625042817527, 37.53614500173845], [126.6262096459683, 37.535997110097846]]], [[[126.62616432631386, 37.535829021884794], [126.6261533566246, 37.535782856427645], [126.62611538138754, 37.535616773707105], [126.62608070453177, 37.535447277700484], [126.62605010401371, 37.53527716394699], [126.62602380427786, 37.5351067935587], [126.62600169305954, 37.534935985983665], [126.62598376942697, 37.53476492141893], [126.62596992021312, 37.534593599506394], [126.6259602580766, 37.53442211070452], [126.62595489612661, 37.53425045537393], [126.62595372029237, 37.53407881335007], [126.62595376979623, 37.534046377925556], [126.6268557031359, 37.534049242627404], [126.62685768801357, 37.53369768323475], [126.62685886208101, 37.53350820908159], [126.62686089197545, 37.53314763991378], [126.6274260086962, 37.53314925107818], [126.6274260216675, 37.53314677830384], [126.62684852710288, 37.53310695082711], [126.6268524608894, 37.53403532444238], [126.62592802106066, 37.53403925822888], [126.62593195484715, 37.53451524639602], [126.62604210086928, 37.53537281185419], [126.62617701191822, 37.53587873085271], [126.62616432631386, 37.535829021884794]]], [[[126.6274283722371, 37.53269867416532], [126.62686382369242, 37.53269724501985], [126.62686551545436, 37.53233640443292], [126.62686686966968, 37.53206566162549], [126.62686799669703, 37.53179509828261], [126.62684596824866, 37.53179499543005], [126.62681705681084, 37.53270570460357], [126.62680132166481, 37.53272143974958], [126.62742829361231, 37.532713663070695], [126.6274283722371, 37.53269867416532]]], [[[126.62596823732245, 37.531589698376386], [126.62597543785597, 37.53141718192122], [126.62597982933845, 37.53135136987855], [126.62590441834162, 37.5317615958423], [126.62596528693935, 37.531758552641925], [126.62596823732245, 37.531589698376386]]], [[[126.62398779367798, 37.533139031257875], [126.62410092946998, 37.5331394829544], [126.62544878525122, 37.53314299733191], [126.625448099107, 37.53309908325409], [126.62398789266788, 37.53311594304551], [126.62398779367798, 37.533139031257875]]]]}}, {"id": "28", "type": "Feature", "properties": {"primary_landuse": "상업", "designation_names": "공공공지2012-12-24(저촉),중심상업지역2012-12-24,지구단위계획구역,문화공원(저촉),상대보호구역2015-03-31,토지거래계약에관한허가구역(토지거래허가구역(외국인 등의 주택용도 취득에 한함)(2025. 8. 26.~2026. 8. 25.)),대로1류(폭 35m~40m)(접합),가축사육제한구역(인", "area_m2": 12618.00070971526}, "geometry": {"type": "MultiPolygon", "coordinates": [[[[126.62779710235888, 37.53589267412825], [126.62779422994508, 37.53587878982099], [126.6277762300297, 37.53579016572285], [126.62775845958387, 37.53570091165524], [126.62774216089919, 37.53561148204407], [126.62772665378208, 37.5355221450335], [126.62771318591493, 37.5354322738812], [126.62770062184698, 37.53534267588329], [126.62768930324201, 37.53525290162746], [126.62767934458411, 37.53516268117988], [126.62767062868168, 37.53507282505939], [126.62765416765802, 37.53483464174428], [126.62765065305341, 37.53474543277451], [126.6276477090965, 37.5346552345226], [126.6276466893988, 37.53456486216318], [126.62764680018628, 37.5344746735788], [126.62764702456046, 37.534384395253774], [126.62764713309667, 37.53429465715368], [126.62764889480223, 37.533987065283824], [126.62765016725197, 37.53366415504464], [126.62765059835097, 37.5336004565225], [126.6276514964643, 37.533420531958676], [126.62765203556673, 37.53322186569083], [126.62765237026849, 37.53315481183814], [126.62753300595482, 37.53315415626518], [126.62742613414596, 37.533146786060755], [126.62742612228251, 37.533149161339125], [126.62742567093558, 37.53323952906202], [126.6274252209366, 37.53332962649122], [126.62742465779897, 37.53341972356066], [126.6274243209327, 37.53350982134544], [126.62742258305997, 37.53369920362267], [126.62742231039728, 37.533980311158714], [126.62742195758564, 37.53405094753437], [126.62742176722887, 37.534089058741806], [126.62742118067251, 37.53418384086514], [126.6274209560288, 37.53427411919135], [126.62742005300474, 37.53436430526849], [126.62742005418376, 37.534454674406085], [126.62741971639662, 37.53454495236974], [126.6274208476088, 37.53463559538052], [126.62742266035505, 37.534725699955764], [126.62742650960355, 37.53481581098031], [126.62743137666101, 37.53490601532616], [126.62743760229841, 37.53499604377602], [126.62744473306371, 37.535086075091165], [126.62745322241766, 37.53517593050996], [126.6274631826046, 37.53526579058535], [126.62747404748163, 37.535355743622695], [126.62748661083037, 37.53544543174041], [126.6274998534977, 37.53553503190808], [126.62751513316657, 37.535624548424984], [126.6275314320325, 37.53571388796846], [126.62754954208131, 37.53580305304598], [126.62756853750167, 37.53589618527077], [126.62756875883403, 37.53589717705857], [126.62750143007176, 37.53596697062981], [126.62789027140278, 37.53595009156866], [126.62779710235888, 37.53589267412825]]], [[[126.627654642591, 37.53269957085126], [126.62765489012521, 37.532627312345326], [126.62765741719683, 37.53252902248206], [126.6276577971136, 37.532248906301234], [126.62765835756049, 37.5320686202316], [126.62765927288252, 37.53186256700099], [126.62766081532305, 37.53155353272742], [126.6276614836326, 37.531464967641504], [126.62766215958429, 37.53137487089745], [126.62766317628294, 37.53128450493397], [126.62766532206336, 37.531194593037526], [126.62766916618506, 37.53110441621891], [126.62767391671022, 37.53101397197121], [126.62769229684052, 37.53077679976687], [126.62770224691647, 37.530687272959206], [126.6277129897941, 37.530597568460706], [126.62773809300197, 37.53041871149839], [126.62775324659673, 37.53032929124755], [126.62776885223255, 37.53023996252268], [126.62778592719485, 37.530150908740524], [126.62780481132307, 37.53006204087689], [126.6278245914684, 37.52997497782192], [126.62793641932176, 37.52993503035536], [126.62793181698333, 37.5299345923328], [126.62753181564757, 37.52988169972665], [126.62752751890454, 37.52988123562637], [126.62759934907449, 37.52995110951311], [126.627599002934, 37.52995245990083], [126.62757735620676, 37.53005077937099], [126.62755892343942, 37.53013982882482], [126.62754196134205, 37.53022888293108], [126.6275265830519, 37.53031794204874], [126.62751176903555, 37.53040727324654], [126.62749887913182, 37.53049643033658], [126.62748677797433, 37.53058622061394], [126.62747614841018, 37.5306758353514], [126.62746653521437, 37.530765813700974], [126.62745828003857, 37.53085570625056], [126.6274514946709, 37.53094578365112], [126.62744561390096, 37.5310359540139], [126.62744109026498, 37.53112621877232], [126.62743837810119, 37.53121621897009], [126.62743634518104, 37.53130613121894], [126.62743532865821, 37.5313964070812], [126.6274347651171, 37.53148659427794], [126.62743332453275, 37.53179770114682], [126.62743209181227, 37.53206718297829], [126.62743096636007, 37.532337836422464], [126.6274286204396, 37.532626325563605], [126.6274283722371, 37.53269867416532], [126.62742829737618, 37.53271366302399], [126.627654586265, 37.5327108554201], [126.627654642591, 37.53269957085126]]]]}}, {"id": "29", "type": "Feature", "properties": {"primary_landuse": "상업", "designation_names": "지구단위계획구역,중심상업지역2012-12-24,가축사육제한구역(인천광역시 서구 조례 제 1749호),토지거래계약에관한허가구역(토지거래허가구역(외국인 등의 주택용도 취득에 한함)(2025. 8. 26.~2026. 8. 25.)),경제자유구역2022-01-03,성장관리권역", "area_m2": 1999.9650920763802}, "geometry": {"type": "Polygon", "coordinates": [[[126.6274243209327, 37.53350982134544], [126.62742465779897, 37.53341972356066], [126.6274252209366, 37.53332962649122], [126.62742567093558, 37.53323952906202], [126.62742612228251, 37.533149161339125], [126.62686100556242, 37.533147550175265], [126.62685886208101, 37.53350820908159], [126.6274243209327, 37.53350982134544]]]}}, {"id": "30", "type": "Feature", "properties": {"primary_landuse": "상업", "designation_names": "성장관리권역,토지거래계약에관한허가구역(토지거래허가구역(외국인 등의 주택용도 취득에 한함)(2025. 8. 26.~2026. 8. 25.)),경제자유구역2022-01-03,가축사육제한구역(인천광역시 서구 조례 제 1749호),지구단위계획구역,중심상업지역,대로2류(폭 30m~35m)(접합)", "area_m2": 8020.065178828411}, "geometry": {"type": "Polygon", "coordinates": [[[126.62546066642706, 37.5317920706066], [126.62547878880964, 37.531023671531855], [126.62474527055065, 37.53102133378309], [126.62469751620996, 37.53136094430393], [126.62420289672107, 37.53135927505845], [126.6240948541725, 37.53135892984079], [126.624083991898, 37.53144899400248], [126.62419203457631, 37.53144933923076], [126.62417141249664, 37.53163523741745], [126.62415661406125, 37.53178799781843], [126.62546066642706, 37.5317920706066]]]}}, {"id": "31", "type": "Feature", "properties": {"primary_landuse": "상업", "designation_names": "대로2류(폭 30m~35m)(접합),경제자유구역2022-01-03,공공공지(공공공지8),중심상업지역,토지거래계약에관한허가구역(토지거래허가구역(외국인 등의 주택용도 취득에 한함)(2025. 8. 26.~2026. 8. 25.)),가축사육제한구역(인천광역시 서구 조례 제 1749호),성장관리권역,지구", "area_m2": 792.5140014802209}, "geometry": {"type": "Polygon", "coordinates": [[[126.62412628412551, 37.53219406659126], [126.6241395167715, 37.531992828012385], [126.62415661406125, 37.53178799781843], [126.62417141249664, 37.53163523741745], [126.62419203457631, 37.53144933923076], [126.624083991898, 37.53144899400248], [126.62405926729873, 37.531663170103585], [126.62405440224428, 37.531708113891014], [126.62403267866664, 37.53197780046934], [126.62401824173604, 37.53219345100479], [126.62412628412551, 37.53219406659126]]]}}, {"id": "32", "type": "Feature", "properties": {"primary_landuse": "상업", "designation_names": "가축사육제한구역(인천광역시 서구 조례 제 1749호),성장관리권역,토지거래계약에관한허가구역(토지거래허가구역(외국인 등의 주택용도 취득에 한함)(2025. 8. 26.~2026. 8. 25.)),대로3류(폭 25m~30m)(저촉),지구단위계획구역,중심상업지역,대로2류(폭 30m~35m)(접합),경제", "area_m2": 435.40842330703475}, "geometry": {"type": "Polygon", "coordinates": [[[126.62366982021221, 37.53214080027125], [126.62368723283468, 37.53189614746373], [126.62360995358523, 37.53183030823798], [126.6235852898613, 37.531830319415825], [126.6235690278832, 37.53204866702463], [126.62355976596363, 37.53215774710699], [126.62355423646792, 37.53226703734884], [126.62366307280948, 37.53226727748497], [126.62366982021221, 37.53214080027125]]]}}, {"id": "33", "type": "Feature", "properties": {"primary_landuse": "상업", "designation_names": "중심상업지역,토지거래계약에관한허가구역(토지거래허가구역(외국인 등의 주택용도 취득에 한함)(2025. 8. 26.~2026. 8. 25.)),성장관리권역,가축사육제한구역(인천광역시 서구 조례 제 1749호),대로3류(폭 25m~30m)(저촉),경제자유구역2022-01-03,지구단위계획구역", "area_m2": 2835.853209901753}, "geometry": {"type": "Polygon", "coordinates": [[[126.62355423655883, 37.53226701932937], [126.62355976596363, 37.53215774710699], [126.6235690278832, 37.53204866702463], [126.6235852898613, 37.531830319415825], [126.62290852028079, 37.53182824192182], [126.62290653597458, 37.53226557543318], [126.62355423655883, 37.53226701932937]]]}}, {"id": "34", "type": "Feature", "properties": {"primary_landuse": "상업", "designation_names": "토지거래계약에관한허가구역(토지거래허가구역(외국인 등의 주택용도 취득에 한함)(2025. 8. 26.~2026. 8. 25.)),중심상업지역,지구단위계획구역,대로2류(폭 30m~35m)(접합),경제자유구역2022-01-03,가축사육제한구역(인천광역시 서구 조례 제 1749호),도시철도(005정거장)(", "area_m2": 11338.66858419974}, "geometry": {"type": "MultiPolygon", "coordinates": [[[[126.62415661406125, 37.53178799781843], [126.6241395167715, 37.531992828012385], [126.62412628412551, 37.53219406659126], [126.62401824173604, 37.53219345100479], [126.62401394242931, 37.532283265827424], [126.62411960956815, 37.532283783729255], [126.6241054901706, 37.532548719354146], [126.62410296001578, 37.53265955238156], [126.62544041467685, 37.5326507339083], [126.62546066642722, 37.53179207059937], [126.62415661406125, 37.53178799781843]]], [[[126.62544041467685, 37.5326507339083], [126.625440231534, 37.5326584991655], [126.62545596668001, 37.53265063159249], [126.62544041467685, 37.5326507339083]]]]}}, {"id": "35", "type": "Feature", "properties": {"primary_landuse": "상업", "designation_names": "중심상업지역,대로2류(폭 30m~35m)(접합),지구단위계획구역,성장관리권역,공공공지(공공공지8),가축사육제한구역(인천광역시 서구 조례 제 1749호),토지거래계약에관한허가구역(토지거래허가구역(외국인 등의 주택용도 취득에 한함)(2025. 8. 26.~2026. 8. 25.)),경제자유구", "area_m2": 394.0059466942427}, "geometry": {"type": "Polygon", "coordinates": [[[126.6241054901706, 37.532548719354146], [126.62411960956815, 37.532283783729255], [126.62401394242931, 37.532283265827424], [126.6240037527513, 37.53250920119513], [126.62400065093424, 37.53254099617674], [126.62399009228838, 37.53261565437731], [126.62398986727293, 37.53266029736098], [126.62410296001578, 37.53265955238156], [126.6241054901706, 37.532548719354146]]]}}, {"id": "36", "type": "Feature", "properties": {"primary_landuse": "기반시설", "designation_names": "경제자유구역2022-01-03,도시철도(005정거장),토지거래계약에관한허가구역(토지거래허가구역(외국인 등의 주택용도 취득에 한함)(2025. 8. 26.~2026. 8. 25.)),지구단위계획구역,자연녹지지역,가축사육제한구역(인천광역시 서구 조례 제 1749호),중심상업지역,성장관리권역,", "area_m2": 1287.5246588685122}, "geometry": {"type": "Polygon", "coordinates": [[[126.62365057279858, 37.53261456858718], [126.62365060688825, 37.53260781128217], [126.62351552317645, 37.53260737901038], [126.62351575461395, 37.53256151943408], [126.62352376411627, 37.53254370549569], [126.62352793110625, 37.53252506836909], [126.6235280270426, 37.53250605781756], [126.62352404829095, 37.53248739462035], [126.62351621885136, 37.53246952998822], [126.62351650530437, 37.532412768625186], [126.62344387254372, 37.532412536135425], [126.62342421386236, 37.53240715736978], [126.6234037514126, 37.53240411859791], [126.62338305086827, 37.532403421630455], [126.62336233713307, 37.532405337484], [126.62334229083521, 37.5324095079425], [126.62325517678214, 37.53240922896579], [126.6232551631321, 37.532411931887765], [126.62303454961847, 37.53241122510085], [126.62303357534387, 37.53260403352736], [126.62303018128112, 37.5326040226504], [126.62302986498335, 37.532666616852126], [126.6236503836577, 37.53266253300158], [126.62365057279858, 37.53261456858718]]]}}, {"id": "37", "type": "Feature", "properties": {"primary_landuse": "기반시설", "designation_names": "성장관리권역,문화공원(저촉),중심상업지역2012-12-24,도시철도(005정거장)(저촉),대로3류(폭 25m~30m)(저촉),지구단위계획구역,중심상업지역,가축사육제한구역(인천광역시 서구 조례 제 1749호),상대보호구역2025-03-28,상대보호구역,토지거래계약에관한허가구역(토지거래", "area_m2": 26334.08327674601}, "geometry": {"type": "MultiPolygon", "coordinates": [[[[126.6240326344241, 37.52929258323046], [126.62409458843864, 37.529368374209106], [126.62406651608137, 37.529461266567374], [126.62401585184026, 37.52963706779821], [126.62396812649926, 37.52981332889078], [126.62392333962393, 37.5299901399462], [126.62386564534881, 37.530393328220164], [126.6238354682835, 37.530544507755884], [126.62380637471682, 37.53070515112769], [126.62377920382583, 37.530865890735896], [126.6237443465534, 37.531092558126815], [126.62371333423961, 37.53131950809454], [126.62368616646461, 37.531546830739636], [126.62368723283468, 37.53189614746373], [126.62366982021221, 37.53214080027125], [126.62366307280948, 37.53226727748497], [126.6236575403643, 37.532377180392736], [126.62365141396123, 37.53253753675727], [126.62365057279858, 37.53261456858718], [126.62365035819273, 37.53266253316925], [126.62398986727293, 37.53266029736098], [126.62399009228838, 37.53261565437731], [126.62400065093424, 37.53254099617674], [126.6240037527513, 37.53250920119513], [126.62401394242931, 37.532283265827424], [126.62401824173604, 37.53219345100479], [126.62403267866664, 37.53197780046934], [126.62405440224428, 37.531708113891014], [126.62405926729873, 37.531663170103585], [126.624083991898, 37.53144899400248], [126.6240948541725, 37.53135892984079], [126.62410214491754, 37.53130408292414], [126.62411626249273, 37.53119664007741], [126.62413022150022, 37.53109820660813], [126.62414531225403, 37.53099968665282], [126.6241533762457, 37.53094853625432], [126.62416761736517, 37.53086145613692], [126.6241964039542, 37.5306942344794], [126.62420021629599, 37.53067856945285], [126.62426327335798, 37.530468209787166], [126.62430470919034, 37.530327697766744], [126.62432972731268, 37.53021227088826], [126.6243677524167, 37.53005255688154], [126.62439510573674, 37.52994515624225], [126.62446120461149, 37.52971462400092], [126.62452068662606, 37.52949497255932], [126.62462047967335, 37.52944798913098], [126.6240326344241, 37.52929258323046]]], [[[126.62364791136493, 37.53320939267991], [126.62363470720544, 37.533382250114364], [126.62362455676787, 37.53355529751083], [126.62362266742836, 37.53359340327475], [126.62362443023797, 37.53364764841638], [126.62363839863838, 37.53392880148053], [126.62368360034623, 37.534275916700906], [126.62370699648609, 37.534460063453544], [126.62369805330202, 37.53464050279029], [126.62376327127, 37.535034533358115], [126.62377004006332, 37.535060863863166], [126.62379025560477, 37.535113005637506], [126.62381733632196, 37.53517237726914], [126.62382369847964, 37.53518960648973], [126.62388380621606, 37.53552028115014], [126.62393974428451, 37.5359150927812], [126.62394327529503, 37.5359328535347], [126.62396984717672, 37.53604835505172], [126.6240724652676, 37.53645286627953], [126.62401392054514, 37.53653007402211], [126.62457119329252, 37.53640922956384], [126.62447537728161, 37.53636108123952], [126.62439803868963, 37.53605882312126], [126.6243509435197, 37.53586216723185], [126.62434548857611, 37.535844490444525], [126.62426324511144, 37.53561771935277], [126.62423953649376, 37.535517724035174], [126.62422108014378, 37.53543071971997], [126.62419896001742, 37.53530739387306], [126.62420027727558, 37.535135759836734], [126.62419957608265, 37.53511773783298], [126.62416089067095, 37.53473424374964], [126.62412981714755, 37.534434385666195], [126.62413267556525, 37.53442844827745], [126.62413790125888, 37.534424230330764], [126.62408957399954, 37.53442749965214], [126.62407814580874, 37.534337904893725], [126.62411662636819, 37.53433532490213], [126.62410040941363, 37.53420814362898], [126.62406403834866, 37.53415135522734], [126.62406245312494, 37.53403935731148], [126.62406073865256, 37.53399790636828], [126.62404916784122, 37.53375703519754], [126.62404310711067, 37.53363511209727], [126.62404117546393, 37.533591858480015], [126.62403552710373, 37.5335452593259], [126.62400506354443, 37.53330414754812], [126.62398766118599, 37.53321020892344], [126.62398779367798, 37.533139031257875], [126.62398789266788, 37.53311594304551], [126.62364831196224, 37.53311986131297], [126.62364791136493, 37.53320939267991]]]]}}, {"id": "38", "type": "Feature", "properties": {"primary_landuse": "상업", "designation_names": "성장관리권역,중심상업지역2012-12-24,토지거래계약에관한허가구역(토지거래허가구역(외국인 등의 주택용도 취득에 한함)(2025. 8. 26.~2026. 8. 25.)),경제자유구역2022-01-03,지구단위계획구역,대로2류(폭 30m~35m)(접합),자연녹지지역,도시철도(005정거장),가축사육제한", "area_m2": 1443.7304364097438}, "geometry": {"type": "Polygon", "coordinates": [[[126.62364802590936, 37.53318668813727], [126.62360537351968, 37.533186551663434], [126.62360570752978, 37.53312035283718], [126.62307279631531, 37.53312649969553], [126.62307252245445, 37.53318070086722], [126.6230625862714, 37.53319913929065], [126.62305581380397, 37.533218398741006], [126.6230523191013, 37.53323829938657], [126.62305221757859, 37.53325839110327], [126.62305551105958, 37.533278313501626], [126.62306208868677, 37.5332976157319], [126.62307183823643, 37.533316117236204], [126.62307147723334, 37.53338756446093], [126.62317024549326, 37.53338788091103], [126.62319702519349, 37.53339463401231], [126.62322483996525, 37.53339805676581], [126.62325289784864, 37.53339814663428], [126.62328074629339, 37.533394902168205], [126.62329852876157, 37.533390994768176], [126.6233075933395, 37.533388320831534], [126.62360435068146, 37.53338927078983], [126.6236049802964, 37.533264485906194], [126.62364367295544, 37.53326460971105], [126.62364791136493, 37.53320939267991], [126.62364802590936, 37.53318668813727]]]}}, {"id": "39", "type": "Feature", "properties": {"primary_landuse": "상업", "designation_names": "토지거래계약에관한허가구역(토지거래허가구역(외국인 등의 주택용도 취득에 한함)(2025. 8. 26.~2026. 8. 25.)),지구단위계획구역,대로2류(폭 30m~35m)(접합),성장관리권역,경제자유구역2022-01-03,가축사육제한구역(인천광역시 서구 조례 제 1749호),중심상업지역2012-12-", "area_m2": 402.5056247941197}, "geometry": {"type": "Polygon", "coordinates": [[[126.62411381644885, 37.53354577982689], [126.62411006449346, 37.533482067955866], [126.62410941473392, 37.53313950106024], [126.62410092946998, 37.5331394829544], [126.62398779367798, 37.533139031257875], [126.62398766118599, 37.53321020892344], [126.62400506354443, 37.53330414754812], [126.62403552710373, 37.5335452593259], [126.62411381644885, 37.53354577982689]]]}}, {"id": "40", "type": "Feature", "properties": {"primary_landuse": "기반시설", "designation_names": "도시철도(005정거장)(저촉),지구단위계획구역,성장관리권역,대로3류(폭 25m~30m)(접합),중심상업지역2012-12-24,경제자유구역2022-01-03,토지거래계약에관한허가구역(토지거래허가구역(외국인 등의 주택용도 취득에 한함)(2025. 8. 26.~2026. 8. 25.)),가축사육제한구역(인", "area_m2": 16130.496656866064}, "geometry": {"type": "Polygon", "coordinates": [[[126.62103828821593, 37.53398460391077], [126.62289951277772, 37.533990675497435], [126.62290103970032, 37.53355433173549], [126.6229025945527, 37.53313483651462], [126.62247005663235, 37.53313344908991], [126.62096140950842, 37.53315082981174], [126.62095655545616, 37.53339248135141], [126.6209549878718, 37.533656465881684], [126.62095738007685, 37.53392046315982], [126.62103828821593, 37.53398460391077]]]}}, {"id": "41", "type": "Feature", "properties": {"primary_landuse": "상업", "designation_names": "중심상업지역2012-12-24,성장관리권역,가축사육제한구역(인천광역시 서구 조례 제 1749호),대로3류(폭 25m~30m)(저촉),토지거래계약에관한허가구역(토지거래허가구역(외국인 등의 주택용도 취득에 한함)(2025. 8. 26.~2026. 8. 25.)),대로2류(폭 30m~35m)(접합),경제자유구", "area_m2": 6051.70591793169}, "geometry": {"type": "Polygon", "coordinates": [[[126.62096847775425, 37.53427476749747], [126.62104698696622, 37.53420987899643], [126.62359337957602, 37.534218235075315], [126.62362268228443, 37.53421832884004], [126.62368360034623, 37.534275916700906], [126.62363839863838, 37.53392880148053], [126.62357335895668, 37.53399301402784], [126.62289951277772, 37.533990675497435], [126.62103828821593, 37.53398460391077], [126.62095738007685, 37.53392046315982], [126.62096847775425, 37.53427476749747]]]}}, {"id": "42", "type": "Feature", "properties": {"primary_landuse": "녹지", "designation_names": "자연녹지지역,성장관리권역,경제자유구역2022-01-03,토지거래계약에관한허가구역(토지거래허가구역(외국인 등의 주택용도 취득에 한함)(2025. 8. 26.~2026. 8. 25.)),상대보호구역2025-03-28,중로3류(폭 12m~15m)2014-07-29(저촉),대로3류(폭 25m~30m)(접합),가축사육제한구", "area_m2": 3312.6975618196593}, "geometry": {"type": "Polygon", "coordinates": [[[126.61865853804522, 37.53420152964312], [126.61891852820824, 37.53420246228534], [126.62060348717034, 37.53420835930774], [126.62068496924897, 37.53427088037], [126.62067272683666, 37.533963964299645], [126.62065806674475, 37.53397584335227], [126.62065674714353, 37.53405105958839], [126.61857528994398, 37.53404323466105], [126.61857715183766, 37.534158915154165], [126.61858856036663, 37.534259090855684], [126.61865853804522, 37.53420152964312]]]}}, {"id": "43", "type": "Feature", "properties": {"primary_landuse": "상업", "designation_names": "지구단위계획구역,상대보호구역2025-03-28,완충녹지2012-12-24(저촉),경제자유구역2022-01-03,토지거래계약에관한허가구역(토지거래허가구역(외국인 등의 주택용도 취득에 한함)(2025. 8. 26.~2026. 8. 25.)),성장관리권역,중심상업지역2012-12-24,중로1류(폭 20m~25m)2013-", "area_m2": 21085.144468162853}, "geometry": {"type": "Polygon", "coordinates": [[[126.62076712270297, 37.5353363835232], [126.62073951121988, 37.53507032282357], [126.62071665266717, 37.53480409723357], [126.62069843477212, 37.53453752619615], [126.62068496924897, 37.53427088037], [126.62060348717034, 37.53420835930774], [126.61891852820824, 37.53420246228534], [126.61892815261749, 37.534488917597216], [126.6189423035573, 37.53477520736019], [126.61896132049677, 37.535061332672456], [126.61898486407296, 37.53534729243253], [126.6189976636475, 37.535477346457206], [126.62033476591182, 37.53538940851052], [126.62077005379957, 37.5353607196502], [126.62076712270297, 37.5353363835232]]]}}, {"id": "44", "type": "Feature", "properties": {"primary_landuse": "상업", "designation_names": "지구단위계획구역,상대보호구역,성장관리권역,중심상업지역2012-12-24,토지거래계약에관한허가구역(토지거래허가구역(외국인 등의 주택용도 취득에 한함)(2025. 8. 26.~2026. 8. 25.)),가축사육제한구역(인천광역시 서구 조례 제 1749호),대로3류(폭 25m~30m)(저촉),경제자", "area_m2": 68466.0948831508}, "geometry": {"type": "Polygon", "coordinates": [[[126.62115798077198, 37.5361027619965], [126.62120326835036, 37.5363641042435], [126.62125319823986, 37.536624830718466], [126.62130822305537, 37.53688494287295], [126.62136272535015, 37.53711432962546], [126.62136882039466, 37.53711723240596], [126.62297579280492, 37.53671685953682], [126.62344989550442, 37.536598546829794], [126.62375292386601, 37.53652518501277], [126.62400133898622, 37.53646723494365], [126.62393741651782, 37.536219709390366], [126.6238770045473, 37.53597165442559], [126.62382327323694, 37.53572262969896], [126.62377339175566, 37.53547307665908], [126.6237280389023, 37.53522299748203], [126.62368755404943, 37.534972393258585], [126.6236513705466, 37.534721442378206], [126.6236205075045, 37.53446996790801], [126.62359337957602, 37.534218235075315], [126.62104698696622, 37.53420987899643], [126.62096847775425, 37.53427476749747], [126.62098099974398, 37.53452690434356], [126.6209990088446, 37.53479023111015], [126.62102165768238, 37.535053392613186], [126.6210488336242, 37.53531629838856], [126.62108065031519, 37.53557885870051], [126.62111699466347, 37.535841073181196], [126.62115798077198, 37.5361027619965]]]}}, {"id": "45", "type": "Feature", "properties": {"primary_landuse": "상업", "designation_names": "중심상업지역2012-12-24,대로1류(폭 35m~40m)(접합),지구단위계획구역,국토이용용도지역기타(특별계획구역),대로3류(폭 25m~30m)(저촉),공공공지(공공공지2),성장관리권역,상대보호구역,대로2류(폭 30m~35m)(접합),가축사육제한구역(인천광역시 서구 조례 제 1749호),토지거", "area_m2": 3825.4920730665553}, "geometry": {"type": "Polygon", "coordinates": [[[126.62189493302301, 37.537051711053735], [126.6221129835268, 37.537025021736156], [126.6221458312461, 37.53701791935581], [126.62308656326576, 37.53678343714714], [126.62311862744629, 37.536774620107735], [126.62315046943274, 37.53676499145861], [126.6235749580493, 37.536635617332], [126.62359614734007, 37.53662937822494], [126.62363931244631, 37.536617983701454], [126.62389985544368, 37.53655583800882], [126.62399568480112, 37.536533980077195], [126.62401392054514, 37.53653007402211], [126.6240724652676, 37.53645286627953], [126.62396984717672, 37.53604835505172], [126.62394327529503, 37.5359328535347], [126.62393974428451, 37.5359150927812], [126.62388380621606, 37.53552028115014], [126.62382369847964, 37.53518960648973], [126.62381733632196, 37.53517237726914], [126.62379025560477, 37.535113005637506], [126.62377004006332, 37.535060863863166], [126.62376327127, 37.535034533358115], [126.62369805330202, 37.53464050279029], [126.62370699648609, 37.534460063453544], [126.62368360034623, 37.534275916700906], [126.62362268228443, 37.53421832884004], [126.62359337957602, 37.534218235075315], [126.6236205075045, 37.53446996790801], [126.6236513705466, 37.534721442378206], [126.62368755404943, 37.534972393258585], [126.6237280389023, 37.53522299748203], [126.62377339175566, 37.53547307665908], [126.62377714353325, 37.53549191931058], [126.62382327323694, 37.53572262969896], [126.6238770045473, 37.53597165442559], [126.62393741651782, 37.536219709390366], [126.62400133898622, 37.53646723494365], [126.62375292386601, 37.53652518501277], [126.62344989550442, 37.536598546829794], [126.62297579280492, 37.53671685953682], [126.62136882039466, 37.53711723240596], [126.6214600212066, 37.53716050305593], [126.62189493302301, 37.537051711053735]]]}}, {"id": "46", "type": "Feature", "properties": {"primary_landuse": "기반시설", "designation_names": "토지거래계약에관한허가구역(토지거래허가구역(외국인 등의 주택용도 취득에 한함)(2025. 8. 26.~2026. 8. 25.)),지구단위계획구역,중로3류(폭 12m~15m)2014-07-29(저촉),도시철도(서울지하철 7호선)(저촉),대로1류(폭 35m~40m)(접합),중로1류(폭 20m~25m)2013-03-25(저촉),", "area_m2": 9891.25201052105}, "geometry": {"type": "Polygon", "coordinates": [[[126.61917927602126, 37.53775608222842], [126.61936121795785, 37.537710810849156], [126.61934074444406, 37.53762100622613], [126.61928006926763, 37.53733862051778], [126.61922403704527, 37.5370555290052], [126.61917253366417, 37.536771911522976], [126.61912567175501, 37.536487858540205], [126.61908356486664, 37.53620328033125], [126.61904598620472, 37.535918266265206], [126.61901304793781, 37.53563299690719], [126.61898486407296, 37.53534729243253], [126.61896132049677, 37.535061332672456], [126.6189423035573, 37.53477520736019], [126.61892815261749, 37.534488917597216], [126.61891852820824, 37.53420246228534], [126.61865853804522, 37.53420152964312], [126.61858856036663, 37.534259090855684], [126.61888654321615, 37.536875518299205], [126.6189311198954, 37.53708149563459], [126.6190083243287, 37.53735530993377], [126.61904555561955, 37.537531213213065], [126.6190843720051, 37.53770694141121], [126.61917927602126, 37.53775608222842]]]}}, {"id": "47", "type": "Feature", "properties": {"primary_landuse": "상업", "designation_names": "지구단위계획구역,국토이용용도지역기타(특별계획구역),가축사육제한구역(인천광역시 서구 조례 제 1749호),중심상업지역2012-12-24,성장관리권역,대로3류(폭 25m~30m)(접합),완충녹지2012-12-24(저촉),토지거래계약에관한허가구역(토지거래허가구역(외국인 등의 주택용도", "area_m2": 35305.44486141855}, "geometry": {"type": "Polygon", "coordinates": [[[126.62108934292287, 37.53718633921234], [126.62102946637032, 37.53692368857341], [126.62097389235491, 37.53666051116458], [126.62092341373597, 37.53639662934924], [126.62087746384142, 37.53613222150493], [126.62083604216633, 37.53586737773388], [126.62079926226107, 37.53560200830799], [126.62077005379957, 37.5353607196502], [126.62033476591182, 37.53538940851052], [126.6189976636475, 37.535477346457206], [126.61901304793781, 37.53563299690719], [126.61904598620472, 37.535918266265206], [126.61908356486664, 37.53620328033125], [126.61912567175501, 37.536487858540205], [126.61917253366417, 37.536771911522976], [126.61922403704527, 37.5370555290052], [126.61928006926763, 37.53733862051778], [126.61934074444406, 37.53762100622613], [126.62108934292287, 37.53718633921234]]]}}, {"id": "48", "type": "Feature", "properties": {"primary_landuse": "상업", "designation_names": "중심상업지역2012-12-24,성장관리권역,국토이용용도지역기타(특별계획구역),지구단위계획구역,공공공지2012-12-24(저촉),토지거래계약에관한허가구역(토지거래허가구역(외국인 등의 주택용도 취득에 한함)(2025. 8. 26.~2026. 8. 25.)),경제자유구역2022-01-03,완충녹지2012", "area_m2": 1400.76622256581}, "geometry": {"type": "Polygon", "coordinates": [[[126.62011492535424, 37.537523499382566], [126.62055993432948, 37.53738789548727], [126.6206782229192, 37.537355300848695], [126.62102907682208, 37.53726759435715], [126.62109045191957, 37.53719075762481], [126.62108934292287, 37.53718633921234], [126.61934074444406, 37.53762100622613], [126.61936121795785, 37.537710810849156], [126.62011492535424, 37.537523499382566]]]}}, {"id": "49", "type": "Feature", "properties": {"primary_landuse": "기반시설", "designation_names": "도시철도(서울지하철 7호선)(저촉),대로1류(폭 35m~40m)(저촉),가축사육제한구역(인천광역시 서구 조례 제 1749호),성장관리권역,대로3류(폭 25m~30m)(접합),완충녹지2012-12-24(저촉),중심상업지역2012-12-24,중로1류(폭 20m~25m)(저촉),토지거래계약에관한허가구역(토지거", "area_m2": 3212.7948224444754}, "geometry": {"type": "Polygon", "coordinates": [[[126.62110679185177, 37.53724829327886], [126.62102907682208, 37.53726759435715], [126.6206782229192, 37.537355300848695], [126.62055993432948, 37.53738789548727], [126.62011492535424, 37.537523499382566], [126.61936121795785, 37.537710810849156], [126.61917927602126, 37.53775608222842], [126.6190843720051, 37.53770694141121], [126.61909799417964, 37.537852568586814], [126.61911470283344, 37.537929773082624], [126.62115411544444, 37.537405469896484], [126.62110679185177, 37.53724829327886]]]}}, {"id": "50", "type": "Feature", "properties": {"primary_landuse": "상업", "designation_names": "지구단위계획구역,중심상업지역2012-12-24,가축사육제한구역(인천광역시 서구 조례 제 1749호),대로2류(폭 30m~35m)(접합),성장관리권역,경제자유구역2022-01-03,토지거래계약에관한허가구역(토지거래허가구역(외국인 등의 주택용도 취득에 한함)(2025. 8. 26.~2026. 8. 25.", "area_m2": 11875.244738198198}, "geometry": {"type": "Polygon", "coordinates": [[[126.62546286089407, 37.53404384752989], [126.62544878525368, 37.53314299748937], [126.6241094146885, 37.53313951006996], [126.62411006449346, 37.533482067955866], [126.62411381644885, 37.53354577982689], [126.62403552710373, 37.5335452593259], [126.62404117546393, 37.533591858480015], [126.62404310711067, 37.53363511209727], [126.62411698466087, 37.5336355283966], [126.62412697191391, 37.53380900057579], [126.62414470007936, 37.53404043103462], [126.62546286089407, 37.53404384752989]]]}}, {"id": "51", "type": "Feature", "properties": {"primary_landuse": "상업", "designation_names": "토지거래계약에관한허가구역(토지거래허가구역(외국인 등의 주택용도 취득에 한함)(2025. 8. 26.~2026. 8. 25.)),가축사육제한구역(인천광역시 서구 조례 제 1749호),경제자유구역2022-01-03,지구단위계획구역,대로2류(폭 30m~35m)(접합),공공공지2012-12-24,중심상업지역20", "area_m2": 284.9072580488464}, "geometry": {"type": "Polygon", "coordinates": [[[126.62363839863838, 37.53392880148053], [126.62362443023797, 37.53364764841638], [126.62362266742836, 37.53359340327475], [126.62362455676787, 37.53355529751083], [126.62354784924366, 37.53355519620257], [126.62355873721096, 37.5337741171651], [126.62357335895668, 37.53399301402784], [126.62363839863838, 37.53392880148053]]]}}, {"id": "52", "type": "Feature", "properties": {"primary_landuse": "상업", "designation_names": "지구단위계획구역,가축사육제한구역(인천광역시 서구 조례 제 1749호),경제자유구역2022-01-03,중심상업지역2012-12-24,토지거래계약에관한허가구역(토지거래허가구역(외국인 등의 주택용도 취득에 한함)(2025. 8. 26.~2026. 8. 25.)),성장관리권역", "area_m2": 2827.008049713691}, "geometry": {"type": "Polygon", "coordinates": [[[126.62357335895668, 37.53399301402784], [126.62355873721096, 37.5337741171651], [126.62354784906178, 37.533555232241525], [126.62290103970032, 37.53355433173549], [126.62289951277772, 37.533990675497435], [126.62357335895668, 37.53399301402784]]]}}, {"id": "53", "type": "Feature", "properties": {"primary_landuse": "상업", "designation_names": "토지거래계약에관한허가구역(토지거래허가구역(외국인 등의 주택용도 취득에 한함)(2025. 8. 26.~2026. 8. 25.)),중심상업지역2012-12-24,공공공지2024-04-18,가축사육제한구역(인천광역시 서구 조례 제 1749호),성장관리권역,경제자유구역2022-01-03,대로2류(폭 30m~35m)(", "area_m2": 511.8399092097402}, "geometry": {"type": "Polygon", "coordinates": [[[126.62416280303611, 37.534332228895664], [126.62417197992818, 37.53432973544982], [126.62415463810194, 37.53415632988887], [126.62414470007936, 37.53404043103462], [126.62412697191391, 37.53380900057579], [126.62411698466087, 37.5336355283966], [126.62404310711067, 37.53363511209727], [126.62404916784122, 37.53375703519754], [126.62406073865256, 37.53399790636828], [126.62406245312494, 37.53403935731148], [126.62406403834866, 37.53415135522734], [126.62410040941363, 37.53420814362898], [126.62411662636819, 37.53433532490213], [126.62416280303611, 37.534332228895664]]]}}, {"id": "54", "type": "Feature", "properties": {"primary_landuse": "기타", "designation_names": "대로2류(폭 30m~35m)(접합),성장관리권역,국토이용용도지역기타(특별계획구역),경제자유구역2022-01-03,가축사육제한구역(인천광역시 서구 조례 제 1749호),토지거래계약에관한허가구역(토지거래허가구역(외국인 등의 주택용도 취득에 한함)(2025. 8. 26.~2026. 8. 25.)),중", "area_m2": 13873.982519173582}, "geometry": {"type": "Polygon", "coordinates": [[[126.62414470007936, 37.53404043103462], [126.62415463810194, 37.53415632988887], [126.62417197992818, 37.53432973544982], [126.62416280303611, 37.534332228895664], [126.62407814580874, 37.534337904893725], [126.62408957399954, 37.53442749965214], [126.6241680069115, 37.53442216415418], [126.62418159075648, 37.534420765974296], [126.62421201536567, 37.534669806235236], [126.62424730650595, 37.53491859172789], [126.62428735244761, 37.535166851794735], [126.62429351852887, 37.535200568447465], [126.62428910382471, 37.53520100484051], [126.6242899857957, 37.53520560269727], [126.6254794031477, 37.535102542067975], [126.62546286089407, 37.53404384752989], [126.62414470007936, 37.53404043103462]]]}}, {"id": "55", "type": "Feature", "properties": {"primary_landuse": "기타", "designation_names": "가축사육제한구역(인천광역시 서구 조례 제 1749호),공공공지2024-04-18(저촉),토지거래계약에관한허가구역(토지거래허가구역(외국인 등의 주택용도 취득에 한함)(2025. 8. 26.~2026. 8. 25.)),지구단위계획구역,성장관리권역,경제자유구역2022-01-03,대로2류(폭 30m~35m)(", "area_m2": 734.9306237522527}, "geometry": {"type": "Polygon", "coordinates": [[[126.62433259309087, 37.53541711060278], [126.62430696682124, 37.53529350328113], [126.6242899857957, 37.53520560269727], [126.62428910382471, 37.53520100484051], [126.62429351852887, 37.535200568447465], [126.62428735244761, 37.535166851794735], [126.62424730650595, 37.53491859172789], [126.62421201536567, 37.534669806235236], [126.62418159075648, 37.534420765974296], [126.6241680069115, 37.53442216415418], [126.62413792397733, 37.534424212383584], [126.62413267556525, 37.53442844827745], [126.62412981714755, 37.534434385666195], [126.62416089067095, 37.53473424374964], [126.62419957608265, 37.53511773783298], [126.62420027727558, 37.535135759836734], [126.62419896001742, 37.53530739387306], [126.62422108014378, 37.53543071971997], [126.62433259309087, 37.53541711060278]]]}}, {"id": "56", "type": "Feature", "properties": {"primary_landuse": "기타", "designation_names": "지구단위계획구역,경제자유구역2022-01-03,국토이용용도지역기타(특별계획구역),가축사육제한구역(인천광역시 서구 조례 제 1749호),토지거래계약에관한허가구역(토지거래허가구역(외국인 등의 주택용도 취득에 한함)(2025. 8. 26.~2026. 8. 25.)),성장관리권역,공공공지202", "area_m2": 13188.307032005148}, "geometry": {"type": "Polygon", "coordinates": [[[126.6242899857957, 37.53520560269727], [126.62430696682124, 37.53529350328113], [126.62433259309087, 37.53541711060278], [126.62422108014378, 37.53543071971997], [126.62423953649376, 37.535517724035174], [126.6243508255563, 37.53550366369201], [126.62443903850004, 37.53591560683706], [126.6244748271794, 37.53606582570996], [126.62454467814995, 37.53634967972289], [126.62499124650874, 37.53626100552191], [126.62550175966285, 37.53616829859508], [126.62573754784388, 37.5361307649545], [126.62547956939903, 37.535113181944816], [126.6254794031477, 37.535102542067975], [126.6242899857957, 37.53520560269727]]]}}, {"id": "57", "type": "Feature", "properties": {"primary_landuse": "상업", "designation_names": "가축사육제한구역(인천광역시 서구 조례 제 1749호),지구단위계획구역,성장관리권역,중심상업지역2012-12-24,국토이용용도지역기타(특별계획구역),토지거래계약에관한허가구역(토지거래허가구역(외국인 등의 주택용도 취득에 한함)(2025. 8. 26.~2026. 8. 25.)),경제자유구", "area_m2": 1492.353690070888}, "geometry": {"type": "Polygon", "coordinates": [[[126.62550175966285, 37.53616829859508], [126.62499124650874, 37.53626100552191], [126.62454467814995, 37.53634967972289], [126.6244748271794, 37.53606582570996], [126.62443903850004, 37.53591560683706], [126.6243508255563, 37.53550366369201], [126.62423953649376, 37.535517724035174], [126.62426324511144, 37.53561771935277], [126.62434548857611, 37.535844490444525], [126.6243509435197, 37.53586216723185], [126.62439803868963, 37.53605882312126], [126.62447537728161, 37.53636108123952], [126.62457119329252, 37.53640922956384], [126.62474062884465, 37.5363747218093], [126.62484018141753, 37.536354857242486], [126.62491719394367, 37.536339876151125], [126.62504958586624, 37.53631443989789], [126.62522625069602, 37.536282206959825], [126.6255104911187, 37.53623202624968], [126.62575671461407, 37.53620636620236], [126.62573754784388, 37.5361307649545], [126.62550175966285, 37.53616829859508]]]}}, {"id": "58", "type": "Feature", "properties": {"primary_landuse": "주거", "designation_names": "광로3류(폭 40m~50m)(저촉),경제자유구역2022-01-03,제1종일반주거지역2012-12-24,대로1류(폭 35m~40m)(접합),중로1류(폭 20m~25m)(접합),지구단위계획구역,중심상업지역,제3종일반주거지역2012-12-24,대로3류(폭 25m~30m)(접합),특수도로(보행자전용도로)(접합),토지거래계", "area_m2": 114.35242200617536}, "geometry": {"type": "Polygon", "coordinates": [[[126.63171102323065, 37.530119926392494], [126.63192979560489, 37.530111028122334], [126.63193097926774, 37.53006220007199], [126.63171199377834, 37.5300622025241], [126.63171102323065, 37.530119926392494]]]}}, {"id": "59", "type": "Feature", "properties": {"primary_landuse": "상업", "designation_names": "중심상업지역,상대보호구역2015-03-31,국토이용용도지역기타(특별계획구역),성장관리권역,토지거래계약에관한허가구역(토지거래허가구역(외국인 등의 주택용도 취득에 한함)(2025. 8. 26.~2026. 8. 25.)),경제자유구역2022-01-03,지구단위계획구역,가축사육제한구역(인천광", "area_m2": 5447.734634429288}, "geometry": {"type": "Polygon", "coordinates": [[[126.6299550310406, 37.530836377612644], [126.62995850339036, 37.53009073000233], [126.62993078790713, 37.53009028241132], [126.62971540703325, 37.530085189735644], [126.62950252045871, 37.530079023336974], [126.629284439267, 37.53007094810588], [126.6292225678808, 37.53006841051933], [126.62921898745297, 37.53083433000563], [126.6299550310406, 37.530836377612644]]]}}, {"id": "60", "type": "Feature", "properties": {"primary_landuse": "상업", "designation_names": "중심상업지역,토지거래계약에관한허가구역(토지거래허가구역(외국인 등의 주택용도 취득에 한함)(2025. 8. 26.~2026. 8. 25.)),국토이용용도지역기타(특별계획구역),성장관리권역,가축사육제한구역(인천광역시 서구 조례 제 1749호),지구단위계획구역,경제자유구역2022-01-0", "area_m2": 5370.405685751719}, "geometry": {"type": "Polygon", "coordinates": [[[126.6306915281308, 37.53083824185861], [126.63069520469458, 37.53009556811582], [126.63060526541183, 37.53009519559723], [126.63037289104986, 37.53009482599355], [126.63014595014361, 37.53009384232532], [126.62995850339036, 37.53009073000233], [126.6299550310406, 37.530836377612644], [126.6306915281308, 37.53083824185861]]]}}, {"id": "61", "type": "Feature", "properties": {"primary_landuse": "상업", "designation_names": "가축사육제한구역(인천광역시 서구 조례 제 1749호),토지거래계약에관한허가구역(토지거래허가구역(외국인 등의 주택용도 취득에 한함)(2025. 8. 26.~2026. 8. 25.)),중심상업지역,경제자유구역2022-01-03,지구단위계획구역,국토이용용도지역기타(특별계획구역),성장관리권", "area_m2": 6599.865623336024}, "geometry": {"type": "Polygon", "coordinates": [[[126.63091609730122, 37.53083885664557], [126.63159463575403, 37.530847561092344], [126.63159833273055, 37.530098940838286], [126.6308428420566, 37.53009594146673], [126.63069520469458, 37.53009556811582], [126.6306915281308, 37.53083824185861], [126.63091609730122, 37.53083885664557]]]}}, {"id": "62", "type": "Feature", "properties": {"primary_landuse": "기타", "designation_names": "상대보호구역2015-03-31,광로3류(폭 40m~50m)(접합),경제자유구역2022-01-03,가축사육제한구역(인천광역시 서구 조례 제 1749호),국토이용용도지역기타(특별계획구역),성장관리권역,대로1류(폭 35m~40m)(접합),중로1류(폭 20m~25m)(접합),지구단위계획구역,토지거래계약에관", "area_m2": 2829.5963380459375}, "geometry": {"type": "MultiPolygon", "coordinates": [[[[126.63162584467462, 37.53162980736538], [126.63170400207522, 37.53156500072065], [126.63171102323065, 37.530119926392494], [126.63163991961545, 37.530062203242345], [126.62907026140533, 37.53006220010928], [126.629284439267, 37.53007094810588], [126.62950252045871, 37.530079023336974], [126.62971540703325, 37.530085189735644], [126.62993078790713, 37.53009028241132], [126.63014595014361, 37.53009384232532], [126.63037289104986, 37.53009482599355], [126.63060526541183, 37.53009519559723], [126.6308428420566, 37.53009594146673], [126.63159833273055, 37.530098940838286], [126.63159054551176, 37.53162996710335], [126.63162584467462, 37.53162980736538]]], [[[126.62847260209503, 37.529978377857255], [126.62833734391616, 37.52996849017475], [126.62820208846836, 37.52995806175261], [126.62813446098363, 37.52995280243477], [126.62806683575455, 37.52994709259082], [126.62799932546461, 37.529941022676056], [126.62793641932176, 37.52993503035536], [126.6278245914684, 37.52997497782192], [126.62802463622003, 37.52999263929483], [126.62833144540737, 37.53001703484822], [126.62854575843956, 37.53003203755489], [126.6288090499391, 37.5300487261259], [126.6290658001568, 37.53006198014071], [126.62859395286253, 37.529986918471785], [126.62847260209503, 37.529978377857255]]]]}}, {"id": "63", "type": "Feature", "properties": {"primary_landuse": "상업", "designation_names": "상대보호구역2015-03-31,중심상업지역,토지거래계약에관한허가구역(토지거래허가구역(외국인 등의 주택용도 취득에 한함)(2025. 8. 26.~2026. 8. 25.)),지구단위계획구역,중로2류(폭 15m~20m)(접합),가축사육제한구역(인천광역시 서구 조례 제 1749호),경제자유구역2022-01-", "area_m2": 6013.421386583944}, "geometry": {"type": "Polygon", "coordinates": [[[126.6284871755578, 37.53002797828658], [126.62833144540737, 37.53001703484822], [126.62802463622003, 37.52999263929483], [126.6278245914684, 37.52997497782192], [126.62780481132307, 37.53006204087689], [126.62778592719485, 37.530150908740524], [126.62776885223255, 37.53023996252268], [126.62775324659673, 37.53032929124755], [126.62773809300197, 37.53041871149839], [126.6277129897941, 37.530597568460706], [126.62770224691647, 37.530687272959206], [126.62769229684052, 37.53077679976687], [126.62775233089036, 37.53083023821624], [126.62848317021023, 37.530832278526304], [126.6284871755578, 37.53002797828658]]]}}, {"id": "64", "type": "Feature", "properties": {"primary_landuse": "상업", "designation_names": "중심상업지역,국토이용용도지역기타(특별계획구역),지구단위계획구역,가축사육제한구역(인천광역시 서구 조례 제 1749호),경제자유구역2022-01-03,상대보호구역2015-03-31,성장관리권역,토지거래계약에관한허가구역(토지거래허가구역(외국인 등의 주택용도 취득에 한함)(202", "area_m2": 5653.022642793399}, "geometry": {"type": "Polygon", "coordinates": [[[126.62921898745297, 37.53083433000563], [126.6292225678808, 37.53006841051933], [126.62907026301862, 37.53006220010929], [126.62906718269186, 37.53006220007199], [126.6290658001568, 37.53006198014071], [126.6288090499391, 37.5300487261259], [126.62854575843956, 37.53003203755489], [126.6284871755578, 37.53002797828658], [126.62848317021023, 37.530832278526304], [126.62921898745297, 37.53083433000563]]]}}, {"id": "65", "type": "Feature", "properties": {"primary_landuse": "상업", "designation_names": "가축사육제한구역(인천광역시 서구 조례 제 1749호),토지거래계약에관한허가구역(토지거래허가구역(외국인 등의 주택용도 취득에 한함)(2025. 8. 26.~2026. 8. 25.)),성장관리권역,중로2류(폭 15m~20m)(접합),지구단위계획구역,경제자유구역2022-01-03,중심상업지역", "area_m2": 22.335375349829945}, "geometry": {"type": "Polygon", "coordinates": [[[126.62944433989433, 37.53097334196511], [126.6294443542154, 37.53097045884558], [126.62882042507943, 37.53096858170057], [126.62882040311355, 37.53097299647703], [126.62944433989433, 37.53097334196511]]]}}, {"id": "66", "type": "Feature", "properties": {"primary_landuse": "상업", "designation_names": "경제자유구역2022-01-03,가축사육제한구역(인천광역시 서구 조례 제 1749호),토지거래계약에관한허가구역(토지거래허가구역(외국인 등의 주택용도 취득에 한함)(2025. 8. 26.~2026. 8. 25.)),지구단위계획구역,중로1류(폭 20m~25m)(저촉),중심상업지역,국토이용용도지역기타", "area_m2": 5466.930657827966}, "geometry": {"type": "Polygon", "coordinates": [[[126.62774079577031, 37.53096535004874], [126.62826833547003, 37.53096692831632], [126.62882042507943, 37.53096858170057], [126.6294443542154, 37.53097045884558], [126.6306805599595, 37.530974166660094], [126.63074445532509, 37.53102509294666], [126.6307424020788, 37.531577032324606], [126.63067845785932, 37.531627286940136], [126.6309762271272, 37.53162813143776], [126.63091198946123, 37.531577654700634], [126.63091390877669, 37.5312354651288], [126.63091609730122, 37.53083885664557], [126.6306915281308, 37.53083824185861], [126.6299550310406, 37.530836377612644], [126.62921898745297, 37.53083433000563], [126.62848317021023, 37.530832278526304], [126.62775233089036, 37.53083023821624], [126.62769229684052, 37.53077679976687], [126.62767391671022, 37.53101397197121], [126.62774079577031, 37.53096535004874]]]}}, {"id": "67", "type": "Feature", "properties": {"primary_landuse": "상업", "designation_names": "토지거래계약에관한허가구역(토지거래허가구역(외국인 등의 주택용도 취득에 한함)(2025. 8. 26.~2026. 8. 25.)),경제자유구역2022-01-03,성장관리권역,지구단위계획구역,중심상업지역,중로2류(폭 15m~20m)(저촉),국토이용용도지역기타(특별계획구역),중로1류(폭 20m~25m)(", "area_m2": 3811.5422121821066}, "geometry": {"type": "Polygon", "coordinates": [[[126.62774079577031, 37.53096535004874], [126.62767391671022, 37.53101397197121], [126.62766916618506, 37.53110441621891], [126.62766532206336, 37.531194593037526], [126.62766317628294, 37.53128450493397], [126.62766215958429, 37.53137487089745], [126.6276614836326, 37.531464967641504], [126.62766081532305, 37.53155353272742], [126.62773923595624, 37.531618021442], [126.62826496921048, 37.53161977421543], [126.62826833547003, 37.53096692831632], [126.62774079577031, 37.53096535004874]]]}}, {"id": "68", "type": "Feature", "properties": {"primary_landuse": "상업", "designation_names": "중심상업지역,가축사육제한구역(인천광역시 서구 조례 제 1749호),지구단위계획구역,토지거래계약에관한허가구역(토지거래허가구역(외국인 등의 주택용도 취득에 한함)(2025. 8. 26.~2026. 8. 25.)),국토이용용도지역기타(특별계획구역),성장관리권역,중로2류(폭 15m~20m)(", "area_m2": 3998.394633608213}, "geometry": {"type": "Polygon", "coordinates": [[[126.6294443542154, 37.53097045884558], [126.62882042507943, 37.53096858170057], [126.62881706228654, 37.53162169793359], [126.62944110954894, 37.531623665579346], [126.6294443542154, 37.53097045884558]]]}}, {"id": "69", "type": "Feature", "properties": {"primary_landuse": "상업", "designation_names": "국토이용용도지역기타(특별계획구역),지구단위계획구역,중심상업지역,가축사육제한구역(인천광역시 서구 조례 제 1749호),경제자유구역2022-01-03,성장관리권역,토지거래계약에관한허가구역(토지거래허가구역(외국인 등의 주택용도 취득에 한함)(2025. 8. 26.~2026. 8. 25.)", "area_m2": 3536.720724972126}, "geometry": {"type": "Polygon", "coordinates": [[[126.62882042507943, 37.53096858170057], [126.62826833547003, 37.53096692831632], [126.62826496921048, 37.53161977421543], [126.62881706228654, 37.53162169793359], [126.62882042507943, 37.53096858170057]]]}}, {"id": "70", "type": "Feature", "properties": {"primary_landuse": "상업", "designation_names": "토지거래계약에관한허가구역(토지거래허가구역(외국인 등의 주택용도 취득에 한함)(2025. 8. 26.~2026. 8. 25.)),가축사육제한구역(인천광역시 서구 조례 제 1749호),성장관리권역,지구단위계획구역,경제자유구역2022-01-03,중심상업지역,중로2류(폭 15m~20m)(접합),중로1류", "area_m2": 2117.578929234396}, "geometry": {"type": "Polygon", "coordinates": [[[126.62924381196639, 37.53180351191243], [126.62924157434651, 37.532253728956114], [126.6297207005407, 37.53225532833948], [126.62972327602546, 37.531804842047364], [126.62924381196639, 37.53180351191243]]]}}, {"id": "71", "type": "Feature", "properties": {"primary_landuse": "상업", "designation_names": "중심상업지역,가축사육제한구역(인천광역시 서구 조례 제 1749호),지구단위계획구역,경제자유구역2022-01-03,토지거래계약에관한허가구역(토지거래허가구역(외국인 등의 주택용도 취득에 한함)(2025. 8. 26.~2026. 8. 25.)),국토이용용도지역기타(특별계획구역),성장관리권", "area_m2": 2618.606734835369}, "geometry": {"type": "Polygon", "coordinates": [[[126.63159259643659, 37.53123759284339], [126.63159463575403, 37.530847561092344], [126.63091609730122, 37.53083885664557], [126.63091390877669, 37.5312354651288], [126.63159259643659, 37.53123759284339]]]}}, {"id": "72", "type": "Feature", "properties": {"primary_landuse": "상업", "designation_names": "토지거래계약에관한허가구역(토지거래허가구역(외국인 등의 주택용도 취득에 한함)(2025. 8. 26.~2026. 8. 25.)),가축사육제한구역(인천광역시 서구 조례 제 1749호),성장관리권역,중심상업지역,중로2류(폭 15m~20m)(저촉),경제자유구역2022-01-03,지구단위계획구역,국토이", "area_m2": 8302.857942478664}, "geometry": {"type": "Polygon", "coordinates": [[[126.63067845785932, 37.531627286940136], [126.6307424020788, 37.531577032324606], [126.63074445532509, 37.53102509294666], [126.6306805599595, 37.530974166660094], [126.6294443542154, 37.53097045884558], [126.62944110954894, 37.531623665579346], [126.63067845785932, 37.531627286940136]]]}}, {"id": "73", "type": "Feature", "properties": {"primary_landuse": "상업", "designation_names": "중로2류(폭 15m~20m)(저촉),중심상업지역,지구단위계획구역,경제자유구역2022-01-03,가축사육제한구역(인천광역시 서구 조례 제 1749호),국토이용용도지역기타(특별계획구역),성장관리권역,토지거래계약에관한허가구역(토지거래허가구역(외국인 등의 주택용도 취득에 한함)(", "area_m2": 2597.437688160747}, "geometry": {"type": "Polygon", "coordinates": [[[126.63159065864582, 37.53162996745772], [126.63159259643659, 37.53123759284339], [126.63091390877669, 37.5312354651288], [126.63091198946123, 37.531577654700634], [126.6309762271272, 37.53162813143776], [126.63159065864582, 37.53162996745772]]]}}, {"id": "74", "type": "Feature", "properties": {"primary_landuse": "상업", "designation_names": "지구단위계획구역,국토이용용도지역기타(특별계획구역),경제자유구역2022-01-03,중로1류(폭 20m~25m)(저촉),광로3류(폭 40m~50m)(접합),가축사육제한구역(인천광역시 서구 조례 제 1749호),성장관리권역,중로2류(폭 15m~20m)(저촉),공공공지2012-12-24(저촉),중심상업지역,", "area_m2": 7229.388787368242}, "geometry": {"type": "Polygon", "coordinates": [[[126.62774003152951, 37.53179867221334], [126.62810477687336, 37.5317997358996], [126.62840333643857, 37.53180103987891], [126.62879138748411, 37.53180217506951], [126.62924381196639, 37.53180351191243], [126.62972327602546, 37.531804842047364], [126.63067665977026, 37.531807659266654], [126.63097510811538, 37.531808595999834], [126.63158988140718, 37.53181025290156], [126.63166886204203, 37.53187663284279], [126.63170400207522, 37.53156500072065], [126.63162584467462, 37.53162980736538], [126.63159054551176, 37.53162996710335], [126.6309762271272, 37.53162813143776], [126.63067845785932, 37.531627286940136], [126.62944110954894, 37.531623665579346], [126.62881706228654, 37.53162169793359], [126.62826496921048, 37.53161977421543], [126.62773923595624, 37.531618021442], [126.62766081532305, 37.53155353272742], [126.62765927288252, 37.53186256700099], [126.62774003152951, 37.53179867221334]]]}}, {"id": "75", "type": "Feature", "properties": {"primary_landuse": "상업", "designation_names": "중심상업지역,중로1류(폭 20m~25m)(저촉),지구단위계획구역,가축사육제한구역(인천광역시 서구 조례 제 1749호),중로2류(폭 15m~20m)(접합),국토이용용도지역기타(특별계획구역),경제자유구역2022-01-03,토지거래계약에관한허가구역(토지거래허가구역(외국인 등의 주택용도", "area_m2": 2984.8113881975764}, "geometry": {"type": "Polygon", "coordinates": [[[126.63158988140718, 37.53181025290156], [126.63097510811538, 37.531808595999834], [126.63091104759708, 37.531859481066526], [126.63090861798916, 37.532259061987254], [126.63158731536814, 37.532261099684085], [126.63158988140718, 37.53181025290156]]]}}, {"id": "76", "type": "Feature", "properties": {"primary_landuse": "상업", "designation_names": "토지거래계약에관한허가구역(토지거래허가구역(외국인 등의 주택용도 취득에 한함)(2025. 8. 26.~2026. 8. 25.)),중로2류(폭 15m~20m)(접합),지구단위계획구역,성장관리권역,중심상업지역,가축사육제한구역(인천광역시 서구 조례 제 1749호),중로1류(폭 20m~25m)(저촉),경제", "area_m2": 4469.206136396495}, "geometry": {"type": "Polygon", "coordinates": [[[126.62972327602546, 37.531804842047364], [126.6297207005407, 37.53225532833948], [126.63067488062585, 37.53225841838926], [126.63073916747086, 37.53220762426465], [126.63074134421231, 37.53185930881804], [126.63067665977026, 37.531807659266654], [126.62972327602546, 37.531804842047364]]]}}, {"id": "77", "type": "Feature", "properties": {"primary_landuse": "상업", "designation_names": "토지거래계약에관한허가구역(토지거래허가구역(외국인 등의 주택용도 취득에 한함)(2025. 8. 26.~2026. 8. 25.)),중심상업지역,중로1류(폭 20m~25m)(저촉),지구단위계획구역,중로2류(폭 15m~20m),성장관리권역,경제자유구역2022-01-03,가축사육제한구역(인천광역시 서구 조", "area_m2": 5232.003235468327}, "geometry": {"type": "Polygon", "coordinates": [[[126.63091104759708, 37.531859481066526], [126.63097510811538, 37.531808595999834], [126.63067665977026, 37.531807659266654], [126.63074134421231, 37.53185930881804], [126.63073916747086, 37.53220762426465], [126.63067488062585, 37.53225841838926], [126.6297207005407, 37.53225532833948], [126.62924157434651, 37.532253728956114], [126.62878914804165, 37.53225221189516], [126.62840098197854, 37.53225098622982], [126.62833697404352, 37.53220005833148], [126.62833848135324, 37.53185210123391], [126.62840333643857, 37.53180103987891], [126.62810477687336, 37.5317997358996], [126.62816878296243, 37.53185093421692], [126.62816701708702, 37.53225060724625], [126.62816645883021, 37.532385303294184], [126.62861888590605, 37.532386822744805], [126.62907131301498, 37.532388340462326], [126.62952374015694, 37.53238985644682], [126.6299761673319, 37.532391370698214], [126.63042859498626, 37.53239279311911], [126.63090760900089, 37.53239438733673], [126.63090861798916, 37.532259061987254], [126.63091104759708, 37.531859481066526]]]}}, {"id": "78", "type": "Feature", "properties": {"primary_landuse": "기타", "designation_names": "공공공지2012-12-24(저촉),국토이용용도지역기타(특별계획구역),중로1류(폭 20m~25m)(저촉),성장관리권역,경제자유구역2022-01-03,광로3류(폭 40m~50m)(접합),토지거래계약에관한허가구역(토지거래허가구역(외국인 등의 주택용도 취득에 한함)(2025. 8. 26.~2026. 8. 25.)),", "area_m2": 710.6039195626981}, "geometry": {"type": "Polygon", "coordinates": [[[126.6316965592467, 37.532614178923325], [126.63166674758232, 37.532236120771486], [126.63166886204203, 37.53187663284279], [126.63158988140718, 37.53181025290156], [126.63158731536814, 37.532261099684085], [126.631585033382, 37.53266202049466], [126.63169722800741, 37.53266062458007], [126.6316965592467, 37.532614178923325]]]}}, {"id": "79", "type": "Feature", "properties": {"primary_landuse": "상업", "designation_names": "경제자유구역2022-01-03,국토이용용도지역기타(특별계획구역),중로2류(폭 15m~20m)(접합),토지거래계약에관한허가구역(토지거래허가구역(외국인 등의 주택용도 취득에 한함)(2025. 8. 26.~2026. 8. 25.)),지구단위계획구역,성장관리권역,중심상업지역,가축사육제한구역(인천", "area_m2": 2704.840127953407}, "geometry": {"type": "Polygon", "coordinates": [[[126.63158731536814, 37.532261099684085], [126.63090861798916, 37.532259061987254], [126.63090760900089, 37.53239438733673], [126.6309062429854, 37.53267046366398], [126.631585033382, 37.53266202049466], [126.63158731536814, 37.532261099684085]]]}}, {"id": "80", "type": "Feature", "properties": {"primary_landuse": "상업", "designation_names": "토지거래계약에관한허가구역(토지거래허가구역(외국인 등의 주택용도 취득에 한함)(2025. 8. 26.~2026. 8. 25.)),성장관리권역,중심상업지역,지구단위계획구역,가축사육제한구역(인천광역시 서구 조례 제 1749호),중로2류(폭 15m~20m)(접합),경제자유구역2022-01-03", "area_m2": 2589.6021001635604}, "geometry": {"type": "Polygon", "coordinates": [[[126.63090760900089, 37.53239438733673], [126.63042859498626, 37.53239279311911], [126.6299761673319, 37.532391370698214], [126.62997472547586, 37.53268204403774], [126.6309062429854, 37.53267046366398], [126.63090760900089, 37.53239438733673]]]}}, {"id": "81", "type": "Feature", "properties": {"primary_landuse": "상업", "designation_names": "중심상업지역,중로2류(폭 15m~20m)(접합),가축사육제한구역(인천광역시 서구 조례 제 1749호),성장관리권역,경제자유구역2022-01-03,지구단위계획구역,중로1류(폭 20m~25m)(저촉),토지거래계약에관한허가구역(토지거래허가구역(외국인 등의 주택용도 취득에 한함)(2025. 8.", "area_m2": 1965.5049779756291}, "geometry": {"type": "Polygon", "coordinates": [[[126.62840333643857, 37.53180103987891], [126.62833848135324, 37.53185210123391], [126.62833697404352, 37.53220005833148], [126.62840098197854, 37.53225098622982], [126.62878914804165, 37.53225221189516], [126.62879138748411, 37.53180217506951], [126.62840333643857, 37.53180103987891]]]}}, {"id": "82", "type": "Feature", "properties": {"primary_landuse": "상업", "designation_names": "지구단위계획구역,중심상업지역,토지거래계약에관한허가구역(토지거래허가구역(외국인 등의 주택용도 취득에 한함)(2025. 8. 26.~2026. 8. 25.)),경제자유구역2022-01-03,중로1류(폭 20m~25m)(저촉),성장관리권역,중로2류(폭 15m~20m)(접합),가축사육제한구역(인천광역시 서", "area_m2": 1997.8668862362333}, "geometry": {"type": "Polygon", "coordinates": [[[126.62879138748411, 37.53180217506951], [126.62878914804165, 37.53225221189516], [126.62924157434651, 37.532253728956114], [126.62924381196639, 37.53180351191243], [126.62879138748411, 37.53180217506951]]]}}, {"id": "83", "type": "Feature", "properties": {"primary_landuse": "상업", "designation_names": "중로1류(폭 20m~25m)(저촉),경제자유구역2022-01-03,가축사육제한구역(인천광역시 서구 조례 제 1749호),지구단위계획구역,성장관리권역,토지거래계약에관한허가구역(토지거래허가구역(외국인 등의 주택용도 취득에 한함)(2025. 8. 26.~2026. 8. 25.)),중심상업지역,중로2류", "area_m2": 2210.3487689503595}, "geometry": {"type": "Polygon", "coordinates": [[[126.62774003152951, 37.53179867221334], [126.62765927288252, 37.53186256700099], [126.62765835756049, 37.5320686202316], [126.6276577971136, 37.532248906301234], [126.62816701708702, 37.53225060724625], [126.62816878296243, 37.53185093421692], [126.62810477687336, 37.5317997358996], [126.62774003152951, 37.53179867221334]]]}}, {"id": "84", "type": "Feature", "properties": {"primary_landuse": "상업", "designation_names": "경제자유구역2022-01-03,중로1류(폭 20m~25m)(접합),토지거래계약에관한허가구역(토지거래허가구역(외국인 등의 주택용도 취득에 한함)(2025. 8. 26.~2026. 8. 25.)),중로2류(폭 15m~20m)(접합),성장관리권역,지구단위계획구역,중심상업지역,가축사육제한구역(인천광역시 서", "area_m2": 2250.8453878754467}, "geometry": {"type": "Polygon", "coordinates": [[[126.62816701708702, 37.53225060724625], [126.6276577971136, 37.532248906301234], [126.62765741719683, 37.53252902248206], [126.62765489012521, 37.532627312345326], [126.627654642591, 37.53269957085126], [126.62816488429789, 37.532701184947705], [126.62816645883021, 37.532385303294184], [126.62816701708702, 37.53225060724625]]]}}, {"id": "85", "type": "Feature", "properties": {"primary_landuse": "상업", "designation_names": "지구단위계획구역,중심상업지역,가축사육제한구역(인천광역시 서구 조례 제 1749호),경제자유구역2022-01-03,토지거래계약에관한허가구역(토지거래허가구역(외국인 등의 주택용도 취득에 한함)(2025. 8. 26.~2026. 8. 25.)),성장관리권역,중로2류(폭 15m~20m)(접합)", "area_m2": 1397.494067907445}, "geometry": {"type": "Polygon", "coordinates": [[[126.62816645883021, 37.532385303294184], [126.62816488429789, 37.532701184947705], [126.6283791898674, 37.53270186222365], [126.62861733219414, 37.53269890562156], [126.62861888590605, 37.532386822744805], [126.62816645883021, 37.532385303294184]]]}}, {"id": "86", "type": "Feature", "properties": {"primary_landuse": "상업", "designation_names": "토지거래계약에관한허가구역(토지거래허가구역(외국인 등의 주택용도 취득에 한함)(2025. 8. 26.~2026. 8. 25.)),성장관리권역,가축사육제한구역(인천광역시 서구 조례 제 1749호),지구단위계획구역,중심상업지역,중로2류(폭 15m~20m)(접합),경제자유구역2022-01-03", "area_m2": 1369.327546091382}, "geometry": {"type": "Polygon", "coordinates": [[[126.62861888590605, 37.532386822744805], [126.62861733219414, 37.53269890562156], [126.62906979667457, 37.53269328682756], [126.62907131301498, 37.532388340462326], [126.62861888590605, 37.532386822744805]]]}}, {"id": "87", "type": "Feature", "properties": {"primary_landuse": "상업", "designation_names": "성장관리권역,가축사육제한구역(인천광역시 서구 조례 제 1749호),경제자유구역2022-01-03,지구단위계획구역,중심상업지역,중로2류(폭 15m~20m)(접합),토지거래계약에관한허가구역(토지거래허가구역(외국인 등의 주택용도 취득에 한함)(2025. 8. 26.~2026. 8. 25.))", "area_m2": 2643.6296731332923}, "geometry": {"type": "Polygon", "coordinates": [[[126.62907131301498, 37.532388340462326], [126.62906979667457, 37.53269328682756], [126.62997472547586, 37.53268204403774], [126.6299761673319, 37.532391370698214], [126.62952374015694, 37.53238985644682], [126.62907131301498, 37.532388340462326]]]}}, {"id": "88", "type": "Feature", "properties": {"primary_landuse": "상업", "designation_names": "중심상업지역2012-12-24,가축사육제한구역(인천광역시 서구 조례 제 1749호),중로2류(폭 15m~20m)2015-11-09(접합),지구단위계획구역,성장관리권역,경제자유구역2022-01-03,토지거래계약에관한허가구역(토지거래허가구역(외국인 등의 주택용도 취득에 한함)(2025. 8. 26.~20", "area_m2": 5443.517490914411}, "geometry": {"type": "Polygon", "coordinates": [[[126.62816016402664, 37.533466559838274], [126.628612598979, 37.53346780905562], [126.62906514664996, 37.533469146994086], [126.6295175816625, 37.5334703927447], [126.62997012939462, 37.533471727215534], [126.62997174786804, 37.5331675263794], [126.62816159307872, 37.53315760723754], [126.62816016402664, 37.533466559838274]]]}}, {"id": "89", "type": "Feature", "properties": {"primary_landuse": "상업", "designation_names": "성장관리권역,토지거래계약에관한허가구역(토지거래허가구역(외국인 등의 주택용도 취득에 한함)(2025. 8. 26.~2026. 8. 25.)),중로1류(폭 20m~25m)(저촉),지구단위계획구역,가축사육제한구역(인천광역시 서구 조례 제 1749호),경제자유구역2022-01-03,중심상업지역2012-12-", "area_m2": 2222.39065606219}, "geometry": {"type": "Polygon", "coordinates": [[[126.62816159307872, 37.53315760723754], [126.62765237026849, 37.53315481183814], [126.62765203556673, 37.53322186569083], [126.6276514964643, 37.533420531958676], [126.62765059835097, 37.5336004565225], [126.62815948855071, 37.53360206637739], [126.62816016402664, 37.533466559838274], [126.62816159307872, 37.53315760723754]]]}}, {"id": "90", "type": "Feature", "properties": {"primary_landuse": "기타", "designation_names": "토지거래계약에관한허가구역(토지거래허가구역(외국인 등의 주택용도 취득에 한함)(2025. 8. 26.~2026. 8. 25.)),중로1류(폭 20m~25m)(접합),국토이용용도지역기타(특별계획구역),지구단위계획구역,가축사육제한구역(인천광역시 서구 조례 제 1749호),중로2류(폭 15m~20m)20", "area_m2": 5243.437631277101}, "geometry": {"type": "Polygon", "coordinates": [[[126.63089939552651, 37.534008572831205], [126.63090159146624, 37.53361052297703], [126.63090237868485, 37.53347429597111], [126.63042279074081, 37.533472970210376], [126.62997012939462, 37.533471727215534], [126.6295175816625, 37.5334703927447], [126.62906514664996, 37.533469146994086], [126.628612598979, 37.53346780905562], [126.62816016402664, 37.533466559838274], [126.62815948855071, 37.53360206637739], [126.62815738937987, 37.534000476849926], [126.62809399985609, 37.534052173372004], [126.62838917606409, 37.534053106313536], [126.62832710116992, 37.533999932058045], [126.62832894220824, 37.53365314740681], [126.62839323138962, 37.5336024446837], [126.6287817438672, 37.53360367148321], [126.62923429191974, 37.53360509887535], [126.62971354034224, 37.53360660859315], [126.63066762539606, 37.53360951824229], [126.63073163523086, 37.533660625075164], [126.6307301429454, 37.53400777127855], [126.63066607055372, 37.534060638326245], [126.63096011684154, 37.53406129099739], [126.63089939552651, 37.534008572831205]]]}}, {"id": "91", "type": "Feature", "properties": {"primary_landuse": "기반시설", "designation_names": "문화공원,토지거래계약에관한허가구역(토지거래허가구역(외국인 등의 주택용도 취득에 한함)(2025. 8. 26.~2026. 8. 25.)),자연녹지지역,성장관리권역,가축사육제한구역(인천광역시 서구 조례 제 1749호),공공공지2012-12-24(저촉),도시철도(서울지하철7호선)(저촉),국토이", "area_m2": 40.10537154139198}, "geometry": {"type": "Polygon", "coordinates": [[[126.62816488429789, 37.532701184947705], [126.627654642591, 37.53269957085126], [126.627654586265, 37.5327108554201], [126.6283791898674, 37.53270186222365], [126.62816488429789, 37.532701184947705]]]}}, {"id": "92", "type": "Feature", "properties": {"primary_landuse": "상업", "designation_names": "경제자유구역2022-01-03,지구단위계획구역,가축사육제한구역(인천광역시 서구 조례 제 1749호),중심상업지역2012-12-24,토지거래계약에관한허가구역(토지거래허가구역(외국인 등의 주택용도 취득에 한함)(2025. 8. 26.~2026. 8. 25.)),성장관리권역,중로2류(폭 15m~20m)2015", "area_m2": 2770.3230840705414}, "geometry": {"type": "Polygon", "coordinates": [[[126.62997012939462, 37.533471727215534], [126.63042279074081, 37.533472970210376], [126.63090237868485, 37.53347429597111], [126.63090387140808, 37.53317262333257], [126.62997174786804, 37.5331675263794], [126.62997012939462, 37.533471727215534]]]}}, {"id": "93", "type": "Feature", "properties": {"primary_landuse": "상업", "designation_names": "가축사육제한구역(인천광역시 서구 조례 제 1749호),지구단위계획구역,성장관리권역,중로2류(폭 15m~20m)2015-11-09(접합),중심상업지역2012-12-24,국토이용용도지역기타(특별계획구역),토지거래계약에관한허가구역(토지거래허가구역(외국인 등의 주택용도 취득에 한함)(202", "area_m2": 2907.3309219427706}, "geometry": {"type": "Polygon", "coordinates": [[[126.63158135969354, 37.5331763232951], [126.63090387140808, 37.53317262333257], [126.63090237868485, 37.53347429597111], [126.63090159146624, 37.53361052297703], [126.63158030109064, 37.53361256077931], [126.63158135969354, 37.5331763232951]]]}}, {"id": "94", "type": "Feature", "properties": {"primary_landuse": "기반시설", "designation_names": "가축사육제한구역(인천광역시 서구 조례 제 1749호),도시철도(서울지하철7호선)(저촉),경제자유구역2022-01-03,중로1류(폭 20m~25m)(접합),공공공지2012-12-24(저촉),중심상업지역2012-12-24,성장관리권역,지구단위계획구역,광로3류(폭 40m~50m)(접합),국토이용용도지역기타", "area_m2": 715.4979768842669}, "geometry": {"type": "Polygon", "coordinates": [[[126.6316606949868, 37.533416036657634], [126.63168927890798, 37.53326376898814], [126.63169340106224, 37.533230895809915], [126.63169511933287, 37.533176944188796], [126.63158135969354, 37.5331763232951], [126.63158030109064, 37.53361256077931], [126.63157921764665, 37.53406097939824], [126.6316586056941, 37.53399951032853], [126.6316606949868, 37.533416036657634]]]}}, {"id": "95", "type": "Feature", "properties": {"primary_landuse": "상업", "designation_names": "지구단위계획구역,중심상업지역2012-12-24,성장관리권역,토지거래계약에관한허가구역(토지거래허가구역(외국인 등의 주택용도 취득에 한함)(2025. 8. 26.~2026. 8. 25.)),국토이용용도지역기타(특별계획구역),가축사육제한구역(인천광역시 서구 조례 제 1749호),경제자유구", "area_m2": 2985.228671492917}, "geometry": {"type": "Polygon", "coordinates": [[[126.63158030109064, 37.53361256077931], [126.63090159146624, 37.53361052297703], [126.63089939552651, 37.534008572831205], [126.63096011684154, 37.53406129099739], [126.63157751346034, 37.53406241564176], [126.63157921764665, 37.53406097939824], [126.63158030109064, 37.53361256077931]]]}}, {"id": "96", "type": "Feature", "properties": {"primary_landuse": "상업", "designation_names": "성장관리권역,경제자유구역2022-01-03,중로2류(폭 15m~20m)2015-11-09(접합),가축사육제한구역(인천광역시 서구 조례 제 1749호),토지거래계약에관한허가구역(토지거래허가구역(외국인 등의 주택용도 취득에 한함)(2025. 8. 26.~2026. 8. 25.)),중심상업지역2012-12-24,지구", "area_m2": 4473.479050449063}, "geometry": {"type": "Polygon", "coordinates": [[[126.62971141495956, 37.53405754665811], [126.63066607055372, 37.534060638326245], [126.6307301429454, 37.53400777127855], [126.63073163523086, 37.533660625075164], [126.63066762539606, 37.53360951824229], [126.62971354034224, 37.53360660859315], [126.62971141495956, 37.53405754665811]]]}}, {"id": "97", "type": "Feature", "properties": {"primary_landuse": "기타", "designation_names": "가축사육제한구역(인천광역시 서구 조례 제 1749호),공공공지2012-12-24(저촉),국토이용용도지역기타(특별계획구역),중로1류(폭 20m~25m)(저촉),지구단위계획구역,토지거래계약에관한허가구역(토지거래허가구역(외국인 등의 주택용도 취득에 한함)(2025. 8. 26.~2026. 8. 25", "area_m2": 7204.065734459432}, "geometry": {"type": "Polygon", "coordinates": [[[126.62772732510712, 37.534231481404], [126.62942710845847, 37.5342371192579], [126.63066415829661, 37.534241190417], [126.63096307067302, 37.5342417682635], [126.63157707063422, 37.53424369314576], [126.63157842829035, 37.53424369739845], [126.63165719275037, 37.53430854496814], [126.6316586056941, 37.53399951032853], [126.63157921764665, 37.53406097939824], [126.63157751346034, 37.53406241564176], [126.63096011684154, 37.53406129099739], [126.63066607055372, 37.534060638326245], [126.62971141495956, 37.53405754665811], [126.62923216409963, 37.534055946818825], [126.6287795006338, 37.534054428949446], [126.62838917606409, 37.534053106313536], [126.62809399985609, 37.534052173372004], [126.6277285651675, 37.53405101734767], [126.62764889480223, 37.533987065283824], [126.62764713309667, 37.53429465715368], [126.62772732510712, 37.534231481404]]]}}, {"id": "98", "type": "Feature", "properties": {"primary_landuse": "상업", "designation_names": "성장관리권역,토지거래계약에관한허가구역(토지거래허가구역(외국인 등의 주택용도 취득에 한함)(2025. 8. 26.~2026. 8. 25.)),가축사육제한구역(인천광역시 서구 조례 제 1749호),중심상업지역2012-12-24,중로2류(폭 15m~20m)(접합),지구단위계획구역,경제자유구역2022-01-", "area_m2": 8294.563583500598}, "geometry": {"type": "Polygon", "coordinates": [[[126.63066070117583, 37.53489367538677], [126.63072486824741, 37.534844682898445], [126.63072726356064, 37.534292294407464], [126.63066415829661, 37.534241190417], [126.62942710845847, 37.5342371192579], [126.62942375325264, 37.53488969458781], [126.63066070117583, 37.53489367538677]]]}}, {"id": "99", "type": "Feature", "properties": {"primary_landuse": "상업", "designation_names": "성장관리권역,토지거래계약에관한허가구역(토지거래허가구역(외국인 등의 주택용도 취득에 한함)(2025. 8. 26.~2026. 8. 25.)),중로1류(폭 20m~25m)(저촉),경제자유구역2022-01-03,중심상업지역2012-12-24,지구단위계획구역,국토이용용도지역기타(특별계획구역),중로2류(폭", "area_m2": 24680.34073798802}, "geometry": {"type": "Polygon", "coordinates": [[[126.62917195220395, 37.535789889263064], [126.62956823806681, 37.53577735288798], [126.62981763149476, 37.53577165095972], [126.63036728806873, 37.53576914498695], [126.63106242389658, 37.535770967132834], [126.63137956109816, 37.53577097041285], [126.63157122302236, 37.53577112045177], [126.63157707063422, 37.53424369314576], [126.63096307067302, 37.5342417682635], [126.630897989363, 37.534292740193436], [126.63089479445165, 37.535029828800454], [126.62892289314507, 37.535023353844075], [126.62891890367267, 37.53580251590507], [126.62917195220395, 37.535789889263064]]]}}, {"id": "100", "type": "Feature", "properties": {"primary_landuse": "상업", "designation_names": "중심상업지역2012-12-24,공공공지2012-12-24(저촉),광로3류(폭 40m~50m)(접합),지구단위계획구역,가축사육제한구역(인천광역시 서구 조례 제 1749호),중로1류(폭 20m~25m)(저촉),국토이용용도지역기타(특별계획구역),토지거래계약에관한허가구역(토지거래허가구역(외국인 등", "area_m2": 3516.7538939012625}, "geometry": {"type": "Polygon", "coordinates": [[[126.63168756953144, 37.5350763723492], [126.63165485001048, 37.53466839242822], [126.63165719275037, 37.53430854496814], [126.63157842829035, 37.53424369739845], [126.63157707063422, 37.53424369314576], [126.63157122302236, 37.53577112045177], [126.63137956109816, 37.53577097041285], [126.63106242389658, 37.535770967132834], [126.63036728806873, 37.53576914498695], [126.62981763149476, 37.53577165095972], [126.62956823806681, 37.53577735288798], [126.62917195220395, 37.535789889263064], [126.62891890367267, 37.53580251590507], [126.6285952361925, 37.535818793282715], [126.62838087205628, 37.535833432993265], [126.6281095771096, 37.535852126969004], [126.62779422994508, 37.53587878982099], [126.62779710235888, 37.53589267412825], [126.62789027140278, 37.53595009156866], [126.628254206855, 37.53591340087174], [126.62838947168935, 37.535901394671995], [126.62857011702233, 37.53588727916242], [126.62918007688256, 37.535839739526025], [126.6292703929201, 37.53583398761272], [126.62939520825364, 37.53583005621712], [126.62950858162867, 37.535829061909624], [126.62959920886354, 37.53582898695076], [126.63050716718217, 37.53583049130418], [126.63060921981943, 37.535830811857814], [126.63064316550799, 37.53583019767319], [126.63068843237346, 37.535828177446184], [126.63109562560408, 37.535806390014805], [126.63112957618014, 37.53580478461856], [126.63116363677644, 37.53580381024933], [126.63119758111306, 37.535803466197564], [126.63160570689688, 37.53579897890572], [126.63168533640504, 37.53573480763167], [126.63168756953144, 37.5350763723492]]]}}, {"id": "101", "type": "Feature", "properties": {"primary_landuse": "상업", "designation_names": "중로1류(폭 20m~25m)(접합),중로2류(폭 15m~20m)2015-11-09(접합),중심상업지역2012-12-24,가축사육제한구역(인천광역시 서구 조례 제 1749호),성장관리권역,토지거래계약에관한허가구역(토지거래허가구역(외국인 등의 주택용도 취득에 한함)(2025. 8. 26.~2026. 8. 25.)),", "area_m2": 1969.0018129461828}, "geometry": {"type": "Polygon", "coordinates": [[[126.62839323138962, 37.5336024446837], [126.62832894220824, 37.53365314740681], [126.62832710116992, 37.533999932058045], [126.62838917606409, 37.534053106313536], [126.6287795006338, 37.534054428949446], [126.6287817438672, 37.53360367148321], [126.62839323138962, 37.5336024446837]]]}}, {"id": "102", "type": "Feature", "properties": {"primary_landuse": "상업", "designation_names": "중로2류(폭 15m~20m)2015-11-09(접합),중로1류(폭 20m~25m)(접합),성장관리권역,중심상업지역2012-12-24,지구단위계획구역,가축사육제한구역(인천광역시 서구 조례 제 1749호),토지거래계약에관한허가구역(토지거래허가구역(외국인 등의 주택용도 취득에 한함)(2025. 8. 26.", "area_m2": 2001.6165668709343}, "geometry": {"type": "Polygon", "coordinates": [[[126.6287817438672, 37.53360367148321], [126.6287795006338, 37.534054428949446], [126.62923216409963, 37.534055946818825], [126.62923429191974, 37.53360509887535], [126.6287817438672, 37.53360367148321]]]}}, {"id": "103", "type": "Feature", "properties": {"primary_landuse": "상업", "designation_names": "중심상업지역2012-12-24,경제자유구역2022-01-03,중로1류(폭 20m~25m)(접합),지구단위계획구역,중로2류(폭 15m~20m)2015-11-09(접합),성장관리권역,가축사육제한구역(인천광역시 서구 조례 제 1749호),토지거래계약에관한허가구역(토지거래허가구역(외국인 등의 주택용도 취", "area_m2": 2119.8705840165558}, "geometry": {"type": "Polygon", "coordinates": [[[126.62923429191974, 37.53360509887535], [126.62923216409963, 37.534055946818825], [126.62971141495956, 37.53405754665811], [126.62971354034224, 37.53360660859315], [126.62923429191974, 37.53360509887535]]]}}, {"id": "104", "type": "Feature", "properties": {"primary_landuse": "기타", "designation_names": "가축사육제한구역(인천광역시 서구 조례 제 1749호),경제자유구역2022-01-03,지구단위계획구역,중로2류(폭 15m~20m)2015-11-09(접합),토지거래계약에관한허가구역(토지거래허가구역(외국인 등의 주택용도 취득에 한함)(2025. 8. 26.~2026. 8. 25.)),성장관리권역,중심상업지", "area_m2": 2206.4365775558845}, "geometry": {"type": "Polygon", "coordinates": [[[126.62765059835097, 37.5336004565225], [126.62765016725197, 37.53366415504464], [126.62764889480223, 37.533987065283824], [126.6277285651675, 37.53405101734767], [126.62809399985609, 37.534052173372004], [126.62815738937987, 37.534000476849926], [126.62815948855071, 37.53360206637739], [126.62765059835097, 37.5336004565225]]]}}, {"id": "105", "type": "Feature", "properties": {"primary_landuse": "기타", "designation_names": "지구단위계획구역,가축사육제한구역(인천광역시 서구 조례 제 1749호),중로1류(폭 20m~25m)(저촉),경제자유구역2022-01-03,토지거래계약에관한허가구역(토지거래허가구역(외국인 등의 주택용도 취득에 한함)(2025. 8. 26.~2026. 8. 25.)),중로2류(폭 15m~20m)(접합),국토이", "area_m2": 11336.055582381714}, "geometry": {"type": "Polygon", "coordinates": [[[126.62942375325264, 37.53488969458781], [126.62942710845847, 37.5342371192579], [126.62772732510712, 37.534231481404], [126.62764713309667, 37.53429465715368], [126.62764702456046, 37.534384395253774], [126.62764680018628, 37.5344746735788], [126.6276466893988, 37.53456486216318], [126.6276477090965, 37.5346552345226], [126.62765065305341, 37.53474543277451], [126.62765416765802, 37.53483464174428], [126.62771863666272, 37.534884219970756], [126.62942375325264, 37.53488969458781]]]}}, {"id": "106", "type": "Feature", "properties": {"primary_landuse": "상업", "designation_names": "중로2류(폭 15m~20m)(저촉),성장관리권역,중심상업지역2012-12-24,토지거래계약에관한허가구역(토지거래허가구역(외국인 등의 주택용도 취득에 한함)(2025. 8. 26.~2026. 8. 25.)),중로1류(폭 20m~25m)(저촉),가축사육제한구역(인천광역시 서구 조례 제 1749호),국토이용용", "area_m2": 5463.644425235871}, "geometry": {"type": "Polygon", "coordinates": [[[126.62773504616129, 37.53501942015181], [126.6283848037931, 37.53502156490927], [126.62892289314507, 37.535023353844075], [126.63089479445165, 37.535029828800454], [126.630897989363, 37.534292740193436], [126.63096307067302, 37.5342417682635], [126.63066415829661, 37.534241190417], [126.63072726356064, 37.534292294407464], [126.63072486824741, 37.534844682898445], [126.63066070117583, 37.53489367538677], [126.62942375325264, 37.53488969458781], [126.62771863666272, 37.534884219970756], [126.62765416765802, 37.53483464174428], [126.62767062868168, 37.53507282505939], [126.62773504616129, 37.53501942015181]]]}}, {"id": "107", "type": "Feature", "properties": {"primary_landuse": "상업", "designation_names": "중로2류(폭 15m~20m),성장관리권역,가축사육제한구역(인천광역시 서구 조례 제 1749호),중심상업지역2012-12-24,국토이용용도지역기타(특별계획구역),지구단위계획구역,토지거래계약에관한허가구역(토지거래허가구역(외국인 등의 주택용도 취득에 한함)(2025. 8. 26.~2026.", "area_m2": 142.67760580931636}, "geometry": {"type": "Polygon", "coordinates": [[[126.62892289314507, 37.535023353844075], [126.6283848037931, 37.53502156490927], [126.62838466913105, 37.53504859413293], [126.62892275867725, 37.535050383069375], [126.62892289314507, 37.535023353844075]]]}}, {"id": "108", "type": "Feature", "properties": {"primary_landuse": "상업", "designation_names": "가축사육제한구역(인천광역시 서구 조례 제 1749호),중로2류(폭 15m~20m),성장관리권역,국토이용용도지역기타(특별계획구역),중로1류(폭 20m~25m)(저촉),경제자유구역2022-01-03,중심상업지역2012-12-24,토지거래계약에관한허가구역(토지거래허가구역(외국인 등의 주택용도", "area_m2": 190.05281069213206}, "geometry": {"type": "Polygon", "coordinates": [[[126.6283848037931, 37.53502156490927], [126.62773504616129, 37.53501942015181], [126.62767062868168, 37.53507282505939], [126.62767321180216, 37.53509932229152], [126.62773479767594, 37.535046539112784], [126.62838466868219, 37.53504868423034], [126.6283848037931, 37.53502156490927]]]}}, {"id": "109", "type": "Feature", "properties": {"primary_landuse": "기타", "designation_names": "가축사육제한구역(인천광역시 서구 조례 제 1749호),국토이용용도지역기타(특별계획구역),성장관리권역,토지거래계약에관한허가구역(토지거래허가구역(외국인 등의 주택용도 취득에 한함)(2025. 8. 26.~2026. 8. 25.)),중로2류(폭 15m~20m)(접합),지구단위계획구역,경제자유", "area_m2": 4049.5635932884984}, "geometry": {"type": "Polygon", "coordinates": [[[126.62892275867725, 37.535050383069375], [126.62838466913105, 37.53504859413293], [126.62838087205628, 37.535833432993265], [126.62859512305212, 37.535818792925454], [126.62891890367267, 37.53580251590507], [126.62892275867725, 37.535050383069375]]]}}, {"id": "110", "type": "Feature", "properties": {"primary_landuse": "상업", "designation_names": "국토이용용도지역기타(특별계획구역),중로2류(폭 15m~20m)(접합),중심상업지역2012-12-24,토지거래계약에관한허가구역(토지거래허가구역(외국인 등의 주택용도 취득에 한함)(2025. 8. 26.~2026. 8. 25.)),공공공지2012-12-24(저촉),경제자유구역2022-01-03,가축사육제한구역", "area_m2": 5229.539287639282}, "geometry": {"type": "Polygon", "coordinates": [[[126.62838466868219, 37.53504868423034], [126.62773479767594, 37.535046539112784], [126.62767321180216, 37.53509932229152], [126.62767934458411, 37.53516268117988], [126.62768930324201, 37.53525290162746], [126.62770062184698, 37.53534267588329], [126.62771318591493, 37.5354322738812], [126.62772665378208, 37.5355221450335], [126.62774216089919, 37.53561148204407], [126.62775845958387, 37.53570091165524], [126.6277762300297, 37.53579016572285], [126.62779422994508, 37.53587878982099], [126.6281095771096, 37.535852126969004], [126.62838087205628, 37.535833432993265], [126.62838466868219, 37.53504868423034]]]}}, {"id": "111", "type": "Feature", "properties": {"primary_landuse": "상업", "designation_names": "성장관리권역,중심상업지역2012-12-24,경제자유구역2022-01-03,토지거래계약에관한허가구역(토지거래허가구역(외국인 등의 주택용도 취득에 한함)(2025. 8. 26.~2026. 8. 25.)),가축사육제한구역(인천광역시 서구 조례 제 1749호),지구단위계획구역", "area_m2": 1049.6155877317115}, "geometry": {"type": "Polygon", "coordinates": [[[126.62685768801357, 37.53369768323475], [126.62742258305997, 37.53369920362267], [126.6274238679353, 37.53350991000941], [126.62685886208101, 37.53350820908159], [126.62685768801357, 37.53369768323475]]]}}, {"id": "112", "type": "Feature", "properties": {"primary_landuse": "상업", "designation_names": "지구단위계획구역,가축사육제한구역(인천광역시 서구 조례 제 1749호),성장관리권역,중심상업지역2012-12-24,토지거래계약에관한허가구역(토지거래허가구역(외국인 등의 주택용도 취득에 한함)(2025. 8. 26.~2026. 8. 25.)),경제자유구역2022-01-03", "area_m2": 1951.4697538379942}, "geometry": {"type": "Polygon", "coordinates": [[[126.62742195758564, 37.53405094753437], [126.62742231039728, 37.533980311158714], [126.62742258305997, 37.53369920362267], [126.62685768801357, 37.53369768323475], [126.6268557031359, 37.534049242627404], [126.62742195758564, 37.53405094753437]]]}}, {"id": "113", "type": "Feature", "properties": {"primary_landuse": "상업", "designation_names": "지구단위계획구역,경제자유구역2022-01-03,중심상업지역2012-12-24,성장관리권역,토지거래계약에관한허가구역(토지거래허가구역(외국인 등의 주택용도 취득에 한함)(2025. 8. 26.~2026. 8. 25.)),공공공지2012-12-24(저촉),국토이용용도지역기타(특별계획구역),가축사육제한", "area_m2": 26149.769243585895}, "geometry": {"type": "Polygon", "coordinates": [[[126.62756853750167, 37.53589618527077], [126.62754954208131, 37.53580305304598], [126.6275314320325, 37.53571388796846], [126.62751513316657, 37.535624548424984], [126.6274998534977, 37.53553503190808], [126.62748661083037, 37.53544543174041], [126.62747404748163, 37.535355743622695], [126.6274631826046, 37.53526579058535], [126.62745322241766, 37.53517593050996], [126.62744473306371, 37.535086075091165], [126.62743760229841, 37.53499604377602], [126.62743137666101, 37.53490601532616], [126.62742650960355, 37.53481581098031], [126.62742266035505, 37.534725699955764], [126.6274208476088, 37.53463559538052], [126.62741971639662, 37.53454495236974], [126.62742005418376, 37.534454674406085], [126.62742005300474, 37.53436430526849], [126.6274209560288, 37.53427411919135], [126.62742118067251, 37.53418384086514], [126.62742176722887, 37.534089058741806], [126.62742195758564, 37.53405094753437], [126.6268557031359, 37.534049242627404], [126.62595376979623, 37.534046377925556], [126.62595372029237, 37.53407881335007], [126.62595489612661, 37.53425045537393], [126.6259602580766, 37.53442211070452], [126.62596992021312, 37.534593599506394], [126.62598376942697, 37.53476492141893], [126.62600169305954, 37.534935985983665], [126.62602380427786, 37.5351067935587], [126.62605010401371, 37.53527716394699], [126.62608070453177, 37.535447277700484], [126.62611538138754, 37.535616773707105], [126.6261533566246, 37.535782856427645], [126.62616432631386, 37.535829021884794], [126.62617701191822, 37.53587873085271], [126.62617743762524, 37.535880327251256], [126.62640488195103, 37.53584852674297], [126.62663267506943, 37.53581834615385], [126.62666833011791, 37.53599613418634], [126.62756853750167, 37.53589618527077]]]}}, {"id": "114", "type": "Feature", "properties": {"primary_landuse": "상업", "designation_names": "국토이용용도지역기타(특별계획구역),토지거래계약에관한허가구역(토지거래허가구역(외국인 등의 주택용도 취득에 한함)(2025. 8. 26.~2026. 8. 25.)),지구단위계획구역,경제자유구역2022-01-03,중심상업지역2012-12-24,상대보호구역,성장관리권역,대로1류(폭 35m~40m)(접합", "area_m2": 1202.5349303607586}, "geometry": {"type": "Polygon", "coordinates": [[[126.62666833011791, 37.53599613418634], [126.62663267506943, 37.53581834615385], [126.62640488195103, 37.53584852674297], [126.62617743762524, 37.535880327251256], [126.62617844639091, 37.53588411011548], [126.6262096459683, 37.535997110097846], [126.62625042817527, 37.53614500173845], [126.62668609662458, 37.536085928991106], [126.62666833011791, 37.53599613418634]]]}}, {"id": "115", "type": "Feature", "properties": {"primary_landuse": "상업", "designation_names": "공공공지2012-12-24(저촉),경제자유구역2022-01-03,성장관리권역,국토이용용도지역기타(특별계획구역),중심상업지역2012-12-24,가축사육제한구역(인천광역시 서구 조례 제 1749호),토지거래계약에관한허가구역(토지거래허가구역(외국인 등의 주택용도 취득에 한함)(2025. 8.", "area_m2": 574.9873490674036}, "geometry": {"type": "Polygon", "coordinates": [[[126.62675629211952, 37.536076511188035], [126.62680034713559, 37.53606800149216], [126.6269942841773, 37.53602059400724], [126.62725284507982, 37.53599186127373], [126.62750143007176, 37.53596697062981], [126.62756875883403, 37.53589717705857], [126.62756853750167, 37.53589618527077], [126.62666833011791, 37.53599613418634], [126.62668609662458, 37.536085928991106], [126.62675629211952, 37.536076511188035]]]}}, {"id": "116", "type": "Feature", "properties": {"primary_landuse": "녹지", "designation_names": "자연녹지지역,광로3류(폭 40m~50m)(접합),경제자유구역2022-01-03,가축사육제한구역(인천광역시 서구 조례 제 1749호),공공공지2012-12-24(저촉),성장관리권역,대로2류(폭 30m~35m)(접합),토지거래계약에관한허가구역(토지거래허가구역(외국인 등의 주택용도 취득에 한함)(2", "area_m2": 16625.78036594155}, "geometry": {"type": "MultiPolygon", "coordinates": [[[[126.63168533640504, 37.53573480763167], [126.63160570689688, 37.53579897890572], [126.63119758111306, 37.535803466197564], [126.63116363677644, 37.53580381024933], [126.63112957618014, 37.53580478461856], [126.63109562560408, 37.535806390014805], [126.63068843237346, 37.535828177446184], [126.63064316550799, 37.53583019767319], [126.63060921981943, 37.535830811857814], [126.63050716718217, 37.53583049130418], [126.62959920886354, 37.53582898695076], [126.62950858162867, 37.535829061909624], [126.62939520825364, 37.53583005621712], [126.6292703929201, 37.53583398761272], [126.62918007688256, 37.535839739526025], [126.62857011702233, 37.53588727916242], [126.62838947168935, 37.535901394671995], [126.628254206855, 37.53591340087174], [126.62789027140278, 37.53595009156866], [126.62750143007176, 37.53596697062981], [126.62725284507982, 37.53599186127373], [126.6269942841773, 37.53602059400724], [126.62680034713559, 37.53606800149216], [126.62675629211952, 37.536076511188035], [126.62668609662458, 37.536085928991106], [126.62625042817527, 37.53614500173845], [126.62624809950358, 37.53614530786595], [126.62627703741617, 37.536253823905], [126.63168357577686, 37.535956933878936], [126.63168533640504, 37.53573480763167]]], [[[126.6255104911187, 37.53623202624968], [126.62522625069602, 37.536282206959825], [126.62504958586624, 37.53631443989789], [126.62491719394367, 37.536339876151125], [126.62484018141753, 37.536354857242486], [126.62474062884465, 37.5363747218093], [126.62457119329252, 37.53640922956384], [126.62399557120557, 37.536534069812845], [126.62389985544368, 37.53655583800882], [126.62363931244631, 37.536617983701454], [126.62359614734007, 37.53662937822494], [126.6235749580493, 37.536635617332], [126.62315046943274, 37.53676499145861], [126.62311862744629, 37.536774620107735], [126.62308656326576, 37.53678343714714], [126.6221458312461, 37.53701791935581], [126.6221129835268, 37.537025021736156], [126.62189481942421, 37.537051800787374], [126.6214600212066, 37.53716050305593], [126.62110679185177, 37.53724829327886], [126.62115411544444, 37.537405469896484], [126.6257549344544, 37.536222509739325], [126.62576280202742, 37.536230377312314], [126.62575671461407, 37.53620636620236], [126.6255104911187, 37.53623202624968]]], [[[126.62627812805961, 37.53625791381788], [126.62627703741617, 37.536253823905], [126.6262741942731, 37.536253980031354], [126.62627812805961, 37.53625791381788]]]]}}, {"id": "117", "type": "Feature", "properties": {"primary_landuse": "상업", "designation_names": "중심상업지역,자연녹지지역,광로3류(폭 40m~50m)(저촉),중로1류(폭 20m~25m)(저촉),제1종전용주거지역,경제자유구역2022-01-03,제3종일반주거지역2012-12-24,대로1류(폭 35m~40m)(접합),문화공원(저촉),성장관리권역,완충녹지2012-12-24(저촉),토지거래계약에관한허가구역(", "area_m2": 9664.888130598316}, "geometry": {"type": "MultiPolygon", "coordinates": [[[[126.63171102323065, 37.530119926392494], [126.63170400207522, 37.53156500072065], [126.63166886204203, 37.53187663284279], [126.63166674758232, 37.532236120771486], [126.6316965592467, 37.532614178923325], [126.63169722800741, 37.53266062458007], [126.63186803868365, 37.53265849916551], [126.63192979560489, 37.530111028122334], [126.63171102323065, 37.530119926392494]]], [[[126.63169340106224, 37.533230895809915], [126.63168927890798, 37.53326376898814], [126.6316606949868, 37.533416036657634], [126.6316586056941, 37.53399951032853], [126.63165719275037, 37.53430854496814], [126.63165485001048, 37.53466839242822], [126.63168756953144, 37.5350763723492], [126.63168533640504, 37.53573480763167], [126.63168357577686, 37.535956933878936], [126.63171855479645, 37.53595501225695], [126.63169495207744, 37.53584486623482], [126.63186017111065, 37.53556950117943], [126.63184443596461, 37.5331777589842], [126.63169511933287, 37.533176944188796], [126.63169340106224, 37.533230895809915]]]]}}]}