{"type": "FeatureCollection", "features": [{"id": "0", "type": "Feature", "properties": {"minutes": 30, "population": 246410.26910662194, "employment": 62712.82964510092, "core_station": "청라국제도시", "region": "cheongna"}, "geometry": {"type": "MultiPolygon", "coordinates": [[[[126.45872509125049, 37.445073341217906], [126.45838923850813, 37.44461517000594], [126.45799868228505, 37.44418545081352], [126.45755718430499, 37.443788321562366], [126.45706899662602, 37.44342760628821], [126.45653882068366, 37.443106778333856], [126.45597176201636, 37.44282892691987], [126.45537328110989, 37.44259672741393], [126.45474914083269, 37.44241241558451], [126.45410535096835, 37.44227776608618], [126.45344811037748, 37.44219407538276], [126.4527837473451, 37.44216214927273], [126.45211865868555, 37.44218229513604], [126.45145924819028, 37.44225431897737], [126.45081186500863, 37.44237752729342], [126.4501827425533, 37.442550733747076], [126.44957793851681, 37.442772270583674], [126.44922424213492, 37.44293705773563], [126.44909134974213, 37.442985734395265], [126.44851668447178, 37.44325346606474], [126.44797769471764, 37.443564817173254], [126.4474795707912, 37.44391678974833], [126.44702710970631, 37.44430599463765], [126.44662466898856, 37.444728684127874], [126.44627612470708, 37.4451807880163], [126.44598483413247, 37.445657952788885], [126.44575360338165, 37.44615558352795], [126.44558466036146, 37.44666888814688], [126.44547963327318, 37.44719292352633], [126.44543953488653, 37.44772264310822], [126.4454647527361, 37.44825294548956], [126.44555504533665, 37.44877872354842], [126.44570954445598, 37.44929491362909], [126.44592676342505, 37.44979654431267], [126.44620461140777, 37.45027878430321], [126.44654041349446, 37.450736988967996], [126.44693093642748, 37.451166745083164], [126.44737241971222, 37.45156391335321], [126.44786061181537, 37.45192466829434], [126.44839081110202, 37.45224553509642], [126.44895791111792, 37.452523423108346], [126.44955644978081, 37.452755655622866], [126.45018066200615, 37.45293999567383], [126.45082453526003, 37.45307466759623], [126.45148186750265, 37.453158374141125], [126.45214632696315, 37.453190308979714], [126.45281151316789, 37.453170164476084], [126.4534710186332, 37.45309813465313], [126.4541184906258, 37.452974913323295], [126.4547476923944, 37.45280168740189], [126.45535256328088, 37.452580125467755], [126.45570629257026, 37.45241532072133], [126.45583919768336, 37.452366636886545], [126.4564139082018, 37.45209887067313], [126.45695292598718, 37.45178748192487], [126.45745105954944, 37.451435469994905], [126.45790351139871, 37.451046225486905], [126.45830592425523, 37.45062349758103], [126.45865442300905, 37.45017135790638], [126.4589456520264, 37.44969416130877], [126.45917680744299, 37.44919650389214], [126.45934566413496, 37.448683178738655], [126.45945059710841, 37.448159129734606], [126.45949059710335, 37.44762940394705], [126.45946528026332, 37.44709910301062], [126.45937489177966, 37.446573333992696], [126.4592203034774, 37.44605716021034], [126.45900300536765, 37.44555555247266], [126.45872509125049, 37.445073341217906]]], [[[126.48304884310846, 37.45603148473858], [126.4826580860486, 37.45560184490282], [126.48221638982825, 37.455204805618806], [126.48172800841344, 37.45484419005552], [126.48119764510403, 37.454523470595326], [126.48063040724155, 37.45424573541393], [126.48003175703585, 37.45401365875975], [126.47940745898434, 37.45382947521845], [126.47876352438857, 37.45369495820953], [126.47810615350167, 37.45361140292146], [126.4774416758623, 37.45357961384924], [126.47677648938759, 37.45359989705384], [126.47611699881033, 37.453672057218014], [126.47546955405069, 37.45379539952644], [126.47484038911425, 37.45396873635239], [126.47423556210289, 37.45419039868636], [126.4736608969142, 37.45445825219746], [126.4731219271894, 37.45476971777281], [126.47262384304814, 37.45512179633798], [126.47217144112236, 37.45551109772023], [126.47176907836935, 37.45593387327712], [126.47142063010888, 37.45638605197707], [126.47112945268843, 37.456863279585406], [126.47089835113668, 37.45736096057899], [126.4707295521177, 37.457874302386784], [126.47062468244734, 37.45839836153073], [126.4705847533804, 37.45892809122319], [126.4706101508218, 37.45945838996303], [126.47070063155739, 37.45998415066259], [126.47085532554352, 37.460500309832526], [126.47107274423456, 37.461001896350815], [126.47135079487076, 37.46148407934607], [126.47168680059023, 37.46194221473379], [126.47207752617345, 37.46237188995669], [126.47251920917316, 37.46276896649789], [126.47300759613137, 37.463129619756614], [126.47353798353522, 37.463450375901864], [126.47410526311731, 37.46372814534819], [126.47470397106443, 37.46396025253037], [126.47532834066023, 37.46414446168957], [126.47597235785378, 37.46427899842179], [126.4766298192177, 37.464362566780636], [126.47729439173644, 37.4643943617688], [126.47795967384663, 37.46437407709795], [126.4786192571403, 37.46430190814167], [126.47926678813427, 37.46417855005318], [126.47989602950895, 37.46400519106564], [126.48050092022501, 37.46378350104017], [126.48107563393673, 37.463515615371826], [126.48161463513821, 37.46320411440934], [126.48211273250011, 37.462851998587], [126.48256512888247, 37.462462659509306], [126.482967467541, 37.46203984726735], [126.4833158740819, 37.46158763430247], [126.48360699376093, 37.46111037616614], [126.4838380237684, 37.46061266955466], [126.48400674018961, 37.46009930802355], [126.48411151938292, 37.45957523580881], [126.48415135357051, 37.45904550020044], [126.48412586049362, 37.45851520292685], [126.48403528704159, 37.45798945101938], [126.48388050682118, 37.45747330762951], [126.4836630116919, 37.456971743272845], [126.483384897351, 37.456489587969074], [126.48304884310846, 37.45603148473858]]], [[[126.43959662613305, 37.46628144507046], [126.43926079965813, 37.465823221442356], [126.43887024702425, 37.46539344053027], [126.438428729922, 37.46499624085007], [126.43794050059479, 37.46463544711546], [126.43741026088023, 37.46431453342441], [126.43684311693156, 37.46403658982258], [126.43624453005606, 37.46380429256484], [126.43562026414278, 37.4636198783604], [126.43497633018475, 37.46348512284898], [126.43431892842966, 37.46340132351469], [126.43365438871346, 37.46336928720143], [126.43298910955086, 37.4633893223499], [126.43232949656641, 37.46346123603036], [126.43168190085787, 37.46358433580003], [126.43105255788294, 37.46375743636675], [126.43044752745607, 37.463978870995426], [126.42987263543168, 37.46424650754729], [126.42933341763307, 37.464557768998375], [126.42883506656659, 37.46490965823984], [126.42838238143233, 37.46529878692228], [126.42797972191273, 37.46572140806667], [126.42763096618341, 37.46617345212911], [126.42733947355117, 37.46665056617231], [126.42710805207882, 37.467148155767845], [126.4269389315104, 37.46766142922605], [126.42683374175782, 37.468185443728395], [126.42679349715834, 37.46871515291853], [126.42681858665594, 37.469245455494175], [126.42690877000304, 37.46977124433207], [126.42706318002122, 37.470287455673166], [126.42728033090123, 37.47078911789416], [126.4275581324645, 37.47127139939557], [126.42789391025008, 37.47172965514498], [126.42828443123597, 37.472159471426515], [126.42872593494774, 37.472556708365026], [126.42921416965653, 37.472917539815015], [126.42974443331804, 37.47323849022916], [126.43031161885865, 37.4735164681505], [126.43091026337274, 37.47374879600532], [126.43153460075631, 37.47393323590858], [126.43217861726967, 37.47406801123295], [126.43283610949264, 37.47415182373295], [126.43350074411265, 37.474183866058695], [126.43416611896784, 37.474163829538455], [126.43482582475629, 37.474091907154666], [126.43547350681379, 37.47396879168459], [126.43610292636437, 37.47379566902373], [126.43670802065074, 37.47357420675626], [126.43728296136445, 37.47330653808309], [126.43782221081105, 37.472995241262566], [126.43832057526801, 37.47264331476279], [126.43877325502065, 37.47225414836496], [126.43917589059335, 37.471831490497486], [126.43952460473072, 37.47137941211553], [126.43981603972438, 37.470902267475246], [126.44004738972644, 37.470404652180896], [126.44021642773953, 37.46989135890973], [126.44032152702421, 37.46936733124168], [126.4403616767199, 37.46883761603906], [126.44033649152966, 37.468307314835194], [126.4402462153786, 37.46778153470062], [126.44009171901146, 37.467265339059935], [126.4398744915558, 37.466763698933086], [126.43959662613305, 37.46628144507046]]], [[[126.680901543475, 37.48685824592698], [126.68050948385802, 37.48642924661824], [126.68006654817852, 37.48603293379559], [126.6795770023288, 37.48567312363043], [126.67904556081199, 37.48535328074856], [126.67847734134239, 37.48507648488477], [126.67787781557276, 37.48484540124365], [126.67725275642286, 37.484662254850925], [126.67660818251537, 37.48452880914214], [126.67595030025323, 37.48444634899363], [126.67528544409446, 37.48441566835935], [126.67462001559814, 37.48443706263152], [126.67396042182648, 37.48451032579898], [126.67331301369428, 37.484634752430026], [126.67268402485729, 37.484809144461146], [126.67207951172638, 37.485031822725965], [126.67150529518304, 37.485300643114144], [126.670966904556, 37.485613017204805], [126.67046952439752, 37.48596593717664], [126.6700179445701, 37.48635600475502], [126.66961651412475, 37.486779463918765], [126.66926909941343, 37.48723223705176], [126.66897904684058, 37.487709964192334], [126.66874915061179, 37.48820804500325], [126.66858162579184, 37.48872168305867], [126.66847808693247, 37.48924593202241], [126.66843953247755, 37.48977574327302], [126.66846633509711, 37.49030601451783], [126.66855823804575, 37.490831638927695], [126.66871435758232, 37.49134755431964], [126.66893319142946, 37.49184879191352], [126.66921263319375, 37.492330524192994], [126.66954999260932, 37.49278811140965], [126.66994202141143, 37.493217146281786], [126.67038494459263, 37.49361349645692], [126.67087449674092, 37.49397334432818], [126.67140596311113, 37.49429322382078], [126.67197422503384, 37.494570053792955], [126.67257380922487, 37.49480116772938], [126.67319894051934, 37.49498433944007], [126.67384359752207, 37.49511780451656], [126.67396341252731, 37.49513282286522], [126.67395113095716, 37.49513518296103], [126.67332205501648, 37.4953095770485], [126.67271745849351, 37.49553225719696], [126.67214316307239, 37.495801079278124], [126.67160469884118, 37.49611345485502], [126.67110725106079, 37.49646637609217], [126.6706556102449, 37.496856444703035], [126.67025412603195, 37.497279904656665], [126.66990666529193, 37.49773267832951], [126.66961657487293, 37.49821040575492], [126.6693866493455, 37.49870848659301], [126.6692191040571, 37.49922212441786], [126.66911555375731, 37.499746372895544], [126.66907699700081, 37.50027618340936], [126.6691038064805, 37.500806453673725], [126.66919572538568, 37.501332076868906], [126.66935186982215, 37.501847990823556], [126.66957073727343, 37.50234922677124], [126.66985022102298, 37.50283095721135], [126.67018763040103, 37.503288542412996], [126.67057971666205, 37.50371757511373], [126.67097792692532, 37.50407386028253], [126.67068909354671, 37.50437847550735], [126.67034160170085, 37.50483124955746], [126.6700514857114, 37.50530897718572], [126.66982154039549, 37.50580705805042], [126.66965398129156, 37.50632069572546], [126.66955042328266, 37.50684494387839], [126.66951186499816, 37.5073747538957], [126.6695386791462, 37.50790502349655], [126.66963060887157, 37.5084306458676], [126.66978677017639, 37.50894655884539], [126.67000566038206, 37.509447793672805], [126.67028517255332, 37.50992952285992], [126.67062261574699, 37.51038710668784], [126.67101474089206, 37.51081613790715], [126.67145777205359, 37.51121248420021], [126.6719474427797, 37.5115723279972], [126.6724790371831, 37.51189220326221], [126.67304743536104, 37.51216902889386], [126.67364716271646, 37.512400138418364], [126.67425613273869, 37.51257852795833], [126.67367149253384, 37.512793811465954], [126.67309706702812, 37.513062635868955], [126.67255848133222, 37.51337501345562], [126.67206092187644, 37.5137279363714], [126.67160918024993, 37.51411800631397], [126.67120760706209, 37.514541467239866], [126.67086007004019, 37.51499424151652], [126.6705699167675, 37.515471969171706], [126.67033994242067, 37.51597004986365], [126.67017236281822, 37.51648368716798], [126.67006879304125, 37.517007934755945], [126.67003023183315, 37.51753774401947], [126.67005705193088, 37.51806801268504], [126.67014899642265, 37.51859363394824], [126.67030518116897, 37.51910954565623], [126.67052410326619, 37.51961077906403], [126.6708036554724, 37.520092506695235], [126.67114114645926, 37.52055008884576], [126.67133877552628, 37.52076628788321], [126.67113442223646, 37.520884795213284], [126.6706368056493, 37.52123771100788], [126.67018501069587, 37.52162777438076], [126.66978338849907, 37.52205122935191], [126.66943580725825, 37.52250399834623], [126.6691456149827, 37.522981721442555], [126.66891560722487, 37.52347979834311], [126.66874800012546, 37.52399343266019], [126.66864440903078, 37.524517678093936], [126.66860583288994, 37.5250474860571], [126.66863264458424, 37.52557775428873], [126.66872458728334, 37.52610337598867], [126.66888077686552, 37.526619288999825], [126.66909971038108, 37.527120524564666], [126.66937928047857, 37.52760225518595], [126.66971679565772, 37.52805984113071], [126.67010900615502, 37.52848887512891], [126.67055213521382, 37.52888522483576], [126.6710419154398, 37.52924507264826], [126.67157362989101, 37.52956495249144], [126.67214215750828, 37.529841783219545], [126.6727420224475, 37.53007289830932], [126.67336744683858, 37.530256071559165], [126.67401240646188, 37.53038953854533], [126.67467068880458, 37.53047201362842], [126.67533595293702, 37.53050270234551], [126.67600179062933, 37.53048130906829], [126.67666178811922, 37.53040803985317], [126.67730958793304, 37.53028360045582], [126.67793895016315, 37.53010918952915], [126.6785438126093, 37.52988648707078], [126.67911834920321, 37.52961763823114], [126.67965702615177, 37.529305232638976], [126.68015465525724, 37.52895227944389], [126.6806064438993, 37.52856217831683], [126.68100804119763, 37.52813868668865], [126.68135557990963, 37.52768588354316], [126.68164571366049, 37.52720813011395], [126.68187564914672, 37.52671002786445], [126.68204317300504, 37.52619637415651], [126.68214667308806, 37.5256721160352], [126.68218515394413, 37.52514230257532], [126.68215824635372, 37.52461203624905], [126.68206621083245, 37.52408642378334], [126.68190993506906, 37.523570526980414], [126.68169092532526, 37.523069313974936], [126.6814112918818, 37.52258761139718], [126.68107372867333, 37.52213005790243], [126.68087606768506, 37.521913874830744], [126.68108040871721, 37.52179535051475], [126.68157798068155, 37.52144239020833], [126.68202971599392, 37.521052282522064], [126.68243126428756, 37.52062878494985], [126.68277875879186, 37.52017597653258], [126.68306885355747, 37.51969821855447], [126.6832987556562, 37.51920011252261], [126.6834662520459, 37.51868645583514], [126.68356973084332, 37.51816219556572], [126.6836081968014, 37.517632380809744], [126.68358128084353, 37.51710211405182], [126.68348924356536, 37.51657650202302], [126.68333297267215, 37.51606060652136], [126.68311397437809, 37.51555939566899], [126.68283435885327, 37.51507769607552], [126.68249681985937, 37.51462014636757], [126.68210460877219, 37.514191152531815], [126.68166150324264, 37.5137948455008], [126.68117177079894, 37.51343504138964], [126.680640127741, 37.51311520476526], [126.68007169372343, 37.51283841530172], [126.6794719424643, 37.512607338141486], [126.67886295929115, 37.51242897534631], [126.67944758219701, 37.51221366591601], [126.68002197893551, 37.51194481024036], [126.68056052376741, 37.51163239805279], [126.6810580297677, 37.51127943856608], [126.68150970550181, 37.51088933151141], [126.68191120117676, 37.5104658343764], [126.68225865052842, 37.510013026197534], [126.68254870804199, 37.509535268256556], [126.68277858114755, 37.509037162060075], [126.68294605708165, 37.50852350500769], [126.6830495241574, 37.50799924417646], [126.68308798723997, 37.50746942866719], [126.68306107727975, 37.50693916097171], [126.68296905481395, 37.50641354783017], [126.68281280740447, 37.50589765105135], [126.6825938410388, 37.50539643876982], [126.68231426557898, 37.5049147376091], [126.6819767744004, 37.50445718621105], [126.68158461841803, 37.5040281905788], [126.68118635731597, 37.503671940572694], [126.68147514574333, 37.50336729910419], [126.68182256400574, 37.502914491310804], [126.68211259597082, 37.50243673357973], [126.68234244931448, 37.501938627415406], [126.68250991146311, 37.50142497021708], [126.68261337086223, 37.50090070906318], [126.68265183245043, 37.50037089305758], [126.68262492719202, 37.49984062469685], [126.68253291557846, 37.49931501072761], [126.68237668506666, 37.49879911296664], [126.68215774148092, 37.49829789955806], [126.68187819446362, 37.497816197136316], [126.68154073711582, 37.49735864435558], [126.68114862002659, 37.49692964723237], [126.6807056199412, 37.496533336731304], [126.68021600337232, 37.49617352900118], [126.67968448550407, 37.495853688644175], [126.6791161847858, 37.495576895370576], [126.67851657365236, 37.495345814359816], [126.67789142584517, 37.49516267061218], [126.67724676084022, 37.49502922753756], [126.67712694528015, 37.49501421251318], [126.67713922673667, 37.49501185208572], [126.6777682916703, 37.494837437525504], [126.67837286803824, 37.49461473125417], [126.67894713252885, 37.49434587845833], [126.67948555397072, 37.49403346880424], [126.6799829466275, 37.493680511479944], [126.68043452015633, 37.49329040619544], [126.6808359257483, 37.492866910420986], [126.6811832980065, 37.492414103179605], [126.68147329215795, 37.49193634574373], [126.6817031162422, 37.49143823961486], [126.68187055796689, 37.490924582191724], [126.68197400597359, 37.49040032055486], [126.68201246530991, 37.4898705038127], [126.68198556696112, 37.489340234469], [126.68189357135142, 37.488814619279786], [126.68173736578292, 37.48829872007371], [126.68151845583914, 37.48779750500893], [126.68123895083781, 37.48731580073596], [126.680901543475, 37.48685824592698]]], [[[126.49936993394805, 37.48990335850634], [126.49897891023913, 37.48947377116549], [126.49853693097211, 37.489076790995234], [126.4980482528383, 37.488716240594535], [126.49751758199413, 37.48839559171758], [126.4969500287413, 37.4881179318598], [126.49635105832529, 37.48788593454384], [126.49572643832518, 37.48770183359109], [126.49508218314078, 37.48756740162564], [126.49442449611018, 37.48748393301705], [126.49375970981419, 37.48745223142584], [126.49309422514011, 37.487472602070916], [126.49243444969028, 37.487544848793505], [126.49178673612636, 37.48766827594535], [126.49115732104099, 37.487841695083375], [126.4905522649438, 37.488063436406215], [126.4899773939378, 37.48833136482311], [126.48943824364592, 37.488642900500615], [126.4889400059269, 37.48899504369], [126.48848747889227, 37.48938440359687], [126.48808502070524, 37.48980723101578], [126.48773650760612, 37.490259454416226], [126.4874452965686, 37.49073671913339], [126.4872141929473, 37.49123442928694], [126.48704542342848, 37.49174779202512], [126.48694061454633, 37.49227186366814], [126.48690077697275, 37.492801597307704], [126.48692629573388, 37.493331891404246], [126.48701692644947, 37.493857638914285], [126.48717179763348, 37.49437377647477], [126.48738941903544, 37.494875333171045], [126.48766769594465, 37.49535747841815], [126.48800394932101, 37.49581556849423], [126.48839494156024, 37.496245191277566], [126.48883690764697, 37.496642208755475], [126.48932559139635, 37.49700279689528], [126.48985628643621, 37.4973234824925], [126.49042388153497, 37.49760117664058], [126.49102290983906, 37.49783320449908], [126.49164760154476, 37.4980173310729], [126.49229193949671, 37.49815178275336], [126.49294971717605, 37.498235264413246], [126.49361459851842, 37.4982669718905], [126.49428017898396, 37.49824659973999], [126.49494004728908, 37.49817434417839], [126.4955878472038, 37.49805090119358], [126.49621733881698, 37.497877459837134], [126.49682245867812, 37.497655690764205], [126.49739737823379, 37.49738773013202], [126.49793655999535, 37.497076159012025], [126.49843481089466, 37.49672397851501], [126.49888733231371, 37.49633458086902], [126.49928976630507, 37.49591171672984], [126.49963823755826, 37.495459459039125], [126.4999293907077, 37.49498216377942], [126.5001604226234, 37.49448442800477], [126.50032910937469, 37.49397104555159], [126.50043382760809, 37.49344696085727], [126.50047357013527, 37.49291722133166], [126.5004479555827, 37.49238692874054], [126.50035723201181, 37.49186119006956], [126.50020227447703, 37.49134506834202], [126.49998457654725, 37.49084353386417], [126.49970623587406, 37.49036141636714], [126.49936993394805, 37.48990335850634]]], [[[126.53026961674158, 37.50887951130716], [126.52987831714358, 37.50845002373577], [126.52943606205288, 37.50805315656674], [126.5289471108156, 37.50769273131026], [126.52841617221651, 37.50737221851503], [126.52784835913401, 37.50709470436582], [126.52724913931382, 37.506862860982146], [126.52662428273477, 37.506678920703244], [126.52597980607293, 37.506544654606294], [126.52532191479746, 37.50646135546413], [126.52465694345436, 37.50642982530603], [126.52399129471152, 37.50645036770083], [126.52333137775018, 37.506522784836676], [126.52268354659401, 37.50664637942523], [126.52205403896775, 37.506819961411914], [126.52144891627225, 37.50704185942806], [126.52087400525225, 37.507309936874776], [126.5203348419169, 37.507621612484186], [126.51983661825172, 37.50797388516062], [126.51938413223438, 37.508363362863115], [126.51898174163487, 37.50878629525212], [126.51863332204452, 37.5092386097863], [126.5183422295386, 37.509715950923066], [126.51811126833228, 37.510213722045854], [126.5179426637424, 37.51072712971522], [126.51783804071674, 37.51125122981798], [126.51779840813907, 37.511780975170986], [126.51782414906282, 37.51231126412094], [126.51791501696937, 37.512836989672884], [126.51807013808921, 37.51335308867426], [126.51828801976525, 37.51385459058068], [126.51856656478026, 37.51433666533383], [126.51890309151166, 37.51479466988985], [126.51929435972183, 37.5152241929498], [126.51973660173645, 37.515621097460745], [126.5202255587119, 37.515981560477435], [126.52075652164282, 37.5163021100001], [126.52132437671585, 37.51657965843252], [126.52192365457152, 37.516811532337734], [126.52254858300078, 37.516995498203556], [126.52319314256636, 37.51712978396951], [126.52385112461317, 37.517213096106886], [126.52451619110693, 37.517244632087056], [126.52518193572313, 37.51722408811741], [126.52584194559621, 37.517151662070304], [126.52648986313193, 37.51702805157657], [126.52711944728605, 37.51685444730198], [126.52772463371677, 37.516632521471735], [126.52829959323007, 37.5163644117536], [126.52883878795322, 37.51605270065563], [126.52933702469448, 37.51570039063731], [126.52978950497364, 37.515310875174585], [126.53019187124131, 37.51488790605815], [126.53054024884115, 37.51443555724075], [126.53083128331157, 37.513958185582446], [126.5310621726677, 37.513460388872744], [126.53123069435387, 37.512946961534375], [126.53133522660816, 37.51242284843639], [126.53137476403516, 37.51189309726132], [126.53134892723806, 37.511362809886236], [126.53125796641976, 37.51083709324554], [126.53110275892037, 37.510321010149354], [126.53088480071648, 37.50981953053084], [126.53060619196624, 37.50933748359178], [126.53026961674158, 37.50887951130716]]], [[[126.63032766629652, 37.553522808618304], [126.62993555799812, 37.553093645481304], [126.62949250615053, 37.55269714584201], [126.6290027777681, 37.55233712766983], [126.62847108911426, 37.55201705759236], [126.62790256028482, 37.55174001753077], [126.62730266591225, 37.551508675039464], [126.62667718246557, 37.551325257635064], [126.62603213265203, 37.551191531360985], [126.62537372745518, 37.5511087837936], [126.6247083063657, 37.55107781165293], [126.62404227637917, 37.55109891313681], [126.62338205034567, 37.55117188505231], [126.6227339852639, 37.55129602477151], [126.62210432111115, 37.55147013699313], [126.62149912079659, 37.55169254524511], [126.62092421181464, 37.55196110801741], [126.62038513015797, 37.55227323937056], [126.61988706702971, 37.552625933821616], [126.61943481886651, 37.55301579526901], [126.6190327411533, 37.55343906967814], [126.61868470647427, 37.55389168121384], [126.61839406720395, 37.55436927147261], [126.61816362319883, 37.55486724143746], [126.61799559480068, 37.55538079575216], [126.61789160141362, 37.555904988888976], [126.61785264586229, 37.55643477276603], [126.61787910468362, 37.556965045356016], [126.61797072444804, 37.55749069981832], [126.61812662414667, 37.55800667368173], [126.61834530362461, 37.558507997603776], [126.61862465798045, 37.558989843237214], [126.6189619977951, 37.559447569741984], [126.61935407499728, 37.55987676849462], [126.61979711411749, 37.56027330556362], [126.62028684863043, 37.56063336154109], [126.6208185620371, 37.56095346834667], [126.62138713329045, 37.56123054264773], [126.62198708612767, 37.561461915574064], [126.62261264183304, 37.56164535843943], [126.6232577749224, 37.561779104221955], [126.62391627121193, 37.561861864595606], [126.62458178771033, 37.56189284234824], [126.62524791375554, 37.56187173906626], [126.62590823280598, 37.56179875801181], [126.62655638428834, 37.561674602163954], [126.62718612490504, 37.561500467443786], [126.62779138880842, 37.561278031187996], [126.62836634606036, 37.56100943598277], [126.62890545881324, 37.56069726901398], [126.6294035346689, 37.560344537133254], [126.62985577670158, 37.55995463788054], [126.63025782966194, 37.55953132674329], [126.63060582191707, 37.55907868096814], [126.63089640272271, 37.558601060274356], [126.63112677446917, 37.558103064848545], [126.63129471959151, 37.55758949102537], [126.63139862188588, 37.55706528508228], [126.6314374820283, 37.55653549559329], [126.63141092714827, 37.55600522480137], [126.63131921436693, 37.55547957947803], [126.6311632282677, 37.55496362174329], [126.63094447232581, 37.55446232031978], [126.63066505438117, 37.55398050269017], [126.63032766629652, 37.553522808618304]]], [[[126.6817914736829, 37.56545321230132], [126.68228933644646, 37.56510025496641], [126.68274133585506, 37.5647101504784], [126.6831431189989, 37.56428665630124], [126.6834908168464, 37.56383385144395], [126.6837810814913, 37.56335609715721], [126.68401111837123, 37.56285799491322], [126.68417871314834, 37.56234434207421], [126.68428225299444, 37.56182008567715], [126.68432074207739, 37.561290274780376], [126.68429381110087, 37.56076001183142], [126.68420172080818, 37.56023440352458], [126.68404535941787, 37.55971851162177], [126.68382623401847, 37.559217304210065], [126.68354645600644, 37.55873560786537], [126.68320872071017, 37.55827806118237], [126.68281628139746, 37.55784907011785], [126.68237291791806, 37.55745276557684], [126.68188290028469, 37.55709296364959], [126.68135094754355, 37.556773128881154], [126.6808853123511, 37.55654652920833], [126.68141659339638, 37.55623851640059], [126.68191439577326, 37.555885559399435], [126.68236634054936, 37.55549545511123], [126.68276807534099, 37.555071960997815], [126.68311573158203, 37.55461915606744], [126.6834059617666, 37.554141401571314], [126.6836359716638, 37.55364329898352], [126.68380354719515, 37.5531296456695], [126.68390707571726, 37.55260538867071], [126.68394556150643, 37.552075577051255], [126.68391863529743, 37.55154531326562], [126.683826557787, 37.55101970401615], [126.68367021707004, 37.55050381107392], [126.68345112003537, 37.550002602536125], [126.68317137780583, 37.54952090498962], [126.68283368536481, 37.54906335704083], [126.6824412955671, 37.548634364658845], [126.6819979877854, 37.548238058761584], [126.68152692927244, 37.54789213328677], [126.68160304519442, 37.547838158740994], [126.68205494219583, 37.54744805456419], [126.68245663468778, 37.5470245604502], [126.68280425451132, 37.54657175540709], [126.68309445451109, 37.54609400068707], [126.68332444074647, 37.54559589776623], [126.68349199936648, 37.545082244013116], [126.68359551789013, 37.544557986473336], [126.6836340006894, 37.5440281742162], [126.68360707852733, 37.54349790970229], [126.68351501206119, 37.54297229964104], [126.68335868927892, 37.54245640581134], [126.68313961689621, 37.54195519631903], [126.68285990579803, 37.5414734977603], [126.68252225066759, 37.54101594875138], [126.68212990400008, 37.54058695527177], [126.68168664475274, 37.540190648250125], [126.68119674193433, 37.53983084380088], [126.68066491348547, 37.539511006493775], [126.6800962808457, 37.53923421600889], [126.67949631964514, 37.53900313749809], [126.6788708069946, 37.538819995936876], [126.6782257658814, 37.538686554713586], [126.67756740720466, 37.53860409866092], [126.67690207000699, 37.53857342169311], [126.67623616047642, 37.53859481916698], [126.67557609030416, 37.53866808504066], [126.67492821498942, 37.53879251385676], [126.67429877268394, 37.53896690753123], [126.67369382416284, 37.53918958688257], [126.6731191944983, 37.53945840779083], [126.67258041699594, 37.5397707818311], [126.67208267993267, 37.54012370118354], [126.67163077660791, 37.54051376758061], [126.67122905918835, 37.54093722501354], [126.67088139679088, 37.541389995883904], [126.67059113820693, 37.54186772025272], [126.67036107962848, 37.54236579781027], [126.67019343768665, 37.54287943216272], [126.67008982806443, 37.543403677010005], [126.67005124989069, 37.54393348377058], [126.67007807606758, 37.54446375019511], [126.67017004962649, 37.54498936950073], [126.67032628614984, 37.545505279553296], [126.67054528223684, 37.54600651162351], [126.67082492993455, 37.546488238247555], [126.67116253699612, 37.54694581973065], [126.6715548527737, 37.54737484884535], [126.67199809949709, 37.54777119329354], [126.67246911250594, 37.54811715626126], [126.67239298982001, 37.54817112483428], [126.67194103871658, 37.548561191331835], [126.67153927898606, 37.54898464875377], [126.67119158015285, 37.549437419501885], [126.67090129135968, 37.54991514363858], [126.6706712090897, 37.55041322085646], [126.6705035502027, 37.550926854765045], [126.6703999305453, 37.55145109906861], [126.67036134934357, 37.551980905190916], [126.6703881795293, 37.552511170888764], [126.67048016409593, 37.55303678938626], [126.67063641852035, 37.55355269855699], [126.67085543922983, 37.55405392968009], [126.67113511803475, 37.55453565530075], [126.67147276238903, 37.5549932357337], [126.6718651212859, 37.555422263761464], [126.67230841654012, 37.555818607096285], [126.67279837915686, 37.556178448195965], [126.67333029043743, 37.55649832104967], [126.67379590189445, 37.556724950247805], [126.67326458662869, 37.55703292832203], [126.67276673639662, 37.557385848206735], [126.67231473065613, 37.55777591489155], [126.67191292256035, 37.55819937236531], [126.67156518209977, 37.558652143029484], [126.6712748588182, 37.559129866947394], [126.67104474953142, 37.55962794381393], [126.67087707135983, 37.56014157724208], [126.67077344033638, 37.56066582094082], [126.67073485579718, 37.5611956263398], [126.67076169070683, 37.5617258912028], [126.67085368801388, 37.56225150876192], [126.67100996307306, 37.56276741689973], [126.6712290121136, 37.56326864690522], [126.67150872667344, 37.56375037133422], [126.6717399521381, 37.56406369146788], [126.67113632180883, 37.56423085557722], [126.67053115850797, 37.564453515231016], [126.66995632203911, 37.564722317154065], [126.66941734769851, 37.565034673104655], [126.66891942565802, 37.5653875754376], [126.66846735099809, 37.56577762604976], [126.66806547753545, 37.566201069084876], [126.66771767588999, 37.56665382708367], [126.66742729619492, 37.56713154023167], [126.6671971358094, 37.567629608327636], [126.66702941234627, 37.568143235069236], [126.66692574227498, 37.568667474230026], [126.6668871253082, 37.56919727728352], [126.66691393472331, 37.56972754201621], [126.66700591371493, 37.570253161661576], [126.66716217781484, 37.57076907408218], [126.66738122335833, 37.571270310525776], [126.66766094191757, 37.5717520434862], [126.6679986405646, 37.572209633207315], [126.66839106777053, 37.57263867238197], [126.66883444469276, 37.573035028614726], [126.66932450155032, 37.57339488423887], [126.66985651873706, 37.573714773103355], [126.67042537227762, 37.57399161397464], [126.6710255831878, 37.57422274023104], [126.67165137026379, 37.57440592556267], [126.67229670579084, 37.574539405428816], [126.67295537363351, 37.574621894065594], [126.67362102914657, 37.57465259687922], [126.67428726032809, 37.57463121810545], [126.67494764962318, 37.57455796366107], [126.67559583578196, 37.574433539159664], [126.6762255751733, 37.57425914311106], [126.67679731246885, 37.57404877764394], [126.67691017955559, 37.574036255448576], [126.6775583581113, 37.57391182006712], [126.67818808870435, 37.573737413426954], [126.67879330558458, 37.57351471548492], [126.67936817926844, 37.573245871348604], [126.67990717271498, 37.572933470602244], [126.68040509467748, 37.57258052234958], [126.68085714971488, 37.5721904262148], [126.68125898438154, 37.57176693958156], [126.68160672914979, 37.571314141386395], [126.68189703566158, 37.57083639281596], [126.6821271089516, 37.570338295287605], [126.68229473433168, 37.56982464611821], [126.6823982986793, 37.56930039230957], [126.68243680592678, 37.56877058289522], [126.68240988660338, 37.56824032030847], [126.68231780134066, 37.56771471124015], [126.68216143830935, 37.56719881745954], [126.6819423046142, 37.566697607071816], [126.68166251173203, 37.56621590668148], [126.6813247551349, 37.56575835492209], [126.68130407515875, 37.5657357502359], [126.6817914736829, 37.56545321230132]]], [[[126.67896933478919, 37.59053892324398], [126.6786314876886, 37.59008136454732], [126.67849948811339, 37.58993711669118], [126.67852235520434, 37.58993078485887], [126.67912770313559, 37.58970808734334], [126.67970270127259, 37.589439243763486], [126.68024181137537, 37.58912684369842], [126.68073984107333, 37.5887738962457], [126.68119199388781, 37.58838380102208], [126.68159391543159, 37.587960315402775], [126.68194173534066, 37.58750751831484], [126.68223210453382, 37.58702977093457], [126.68246222744281, 37.58653167466807], [126.68262988890241, 37.58601802682033], [126.68273347544368, 37.5854937743805], [126.68277199078624, 37.58496396636903], [126.6827450653825, 37.58443370520576], [126.68265295992367, 37.58390809756778], [126.682496562776, 37.583392205210494], [126.68227738137385, 37.58289099622517], [126.68199752765435, 37.58240929720267], [126.68165969767615, 37.581951746763096], [126.68126714561969, 37.581522750899005], [126.68082365242115, 37.58112644056126], [126.68033348934277, 37.58076663189548], [126.67980137683146, 37.580446789511136], [126.67923243906174, 37.580169993136465], [126.67863215460106, 37.5799389079793], [126.67800630367174, 37.57975575907852], [126.67736091251682, 37.57962230989259], [126.67670219540406, 37.579539845330494], [126.67603649482541, 37.57950915938812], [126.67537022046567, 37.57953054750861], [126.67470978752671, 37.57960380374022], [126.67406155499872, 37.5797282227186], [126.67343176447103, 37.579902606454795], [126.67282648007014, 37.58012527586349], [126.672251530101, 37.580394086921096], [126.67171245095257, 37.58070645129825], [126.67121443380583, 37.58105936126893], [126.67076227465715, 37.58144941865677], [126.67036032813712, 37.581872867540554], [126.67001246556966, 37.58232563040495], [126.6697220376752, 37.58280334738886], [126.66949184227794, 37.58330141825431], [126.66932409732874, 37.58381504667246], [126.66922041950501, 37.58433928640079], [126.66918180859508, 37.58486908890738], [126.66920863781915, 37.585399351983924], [126.66930065018211, 37.585924968879816], [126.6694569608953, 37.58644087748388], [126.66967606584606, 37.586942109080454], [126.6699558560352, 37.587423836209794], [126.67029363784556, 37.58788141917164], [126.67042561785382, 37.58802567602402], [126.67040275069228, 37.58803200628833], [126.66979739127211, 37.58825465896724], [126.6692223676032, 37.58852345402652], [126.6686832167838, 37.58883580329101], [126.66818513068478, 37.58918869918032], [126.66773290596632, 37.58957874365386], [126.6673308978904, 37.590002180914965], [126.66698297837371, 37.590454933560395], [126.66669249868525, 37.59093264182766], [126.66646225714821, 37.591430705562914], [126.66629447215816, 37.59194432850618], [126.666221999909, 37.592310659038745], [126.66590189419401, 37.592346134032006], [126.66525353699548, 37.59247050287081], [126.66462361886641, 37.592644837702], [126.66401820516118, 37.5928674599112], [126.6634431254291, 37.59313622592937], [126.66290391730791, 37.593448547861016], [126.66240577322, 37.59380141838902], [126.6619534903836, 37.59419143971708], [126.66155142462014, 37.59461485627153], [126.66120344840161, 37.595067590848714], [126.66091291354299, 37.595545283860304], [126.66068261889872, 37.59604333529954], [126.66051478337585, 37.59655694902508], [126.66041102452452, 37.59708117893624], [126.66039899773932, 37.5972459031567], [126.66035594555498, 37.59722001970308], [126.65978695505596, 37.59694312970127], [126.6591865988435, 37.59671194539543], [126.65856065783103, 37.596528692778655], [126.65791515912902, 37.59639513630759], [126.65725631804041, 37.59631256192371], [126.65659047825038, 37.59628176467987], [126.65592405078343, 37.59630304109048], [126.6552634523147, 37.596376186278995], [126.6546150434271, 37.59650049595002], [126.65398506740691, 37.59667477316686], [126.65337959016547, 37.59689733986979], [126.65280444186337, 37.59716605302415], [126.6522651607981, 37.59747832524347], [126.6517669400938, 37.59783114968936], [126.65131457770607, 37.59822112900933], [126.65091243022182, 37.59864450803441], [126.65056437089962, 37.59909720992254], [126.65027375235438, 37.5995748754004], [126.65004337424615, 37.6000729047267], [126.64987545628566, 37.600586501973304], [126.64977161681692, 37.60111072119861], [126.6497328571858, 37.60164051406882], [126.64975955204575, 37.60217077846911], [126.64985144569685, 37.602696407636664], [126.65000765449517, 37.603212339342655], [126.650226675311, 37.60371360464932], [126.650506399957, 37.60419537577257], [126.65084413544875, 37.60465301258858], [126.65123662990436, 37.60508210733635], [126.6516801038353, 37.60547852708482], [126.65217028652748, 37.60583845355501], [126.6527024571637, 37.606158419912894], [126.65327149029108, 37.606435344177896], [126.65387190519571, 37.60666655892439], [126.65449791870867, 37.60684983698939], [126.65514350093336, 37.60698341293835], [126.65580243335704, 37.60706600008123], [126.65646836878464, 37.60709680287488], [126.65713489251634, 37.60707552459162], [126.65779558417759, 37.60700237017992], [126.65844407960415, 37.60687804428965], [126.65907413218409, 37.6067037444808], [126.65967967306396, 37.60648114968127], [126.66025486963754, 37.606212404005504], [126.66079418175234, 37.605900096089705], [126.66129241509091, 37.60554723414408], [126.66174477121221, 37.6051572169622], [126.66214689377011, 37.60473380116805], [126.66249491046393, 37.604281065016714], [126.66278547031702, 37.60380336909822], [126.66301577592473, 37.603305314323705], [126.6631836103626, 37.60279169759921], [126.66328735849622, 37.60226746561489], [126.6632993799368, 37.602102741172274], [126.66334243594318, 37.602128623576895], [126.66391147907736, 37.60240549682673], [126.66451189579006, 37.602636657598694], [126.66513790289461, 37.60281987924991], [126.665783470556, 37.60295339688941], [126.66644238040165, 37.60303592438901], [126.66710828545405, 37.60306666678036], [126.6677747713061, 37.603045327917755], [126.66843541794834, 37.60297211333348], [126.66908386165058, 37.602847728257146], [126.66971385629945, 37.60267337081903], [126.67031933360003, 37.602450720502254], [126.67089446155903, 37.60218192195603], [126.67143370068533, 37.6018695643259], [126.67193185736514, 37.601516656300824], [126.67238413389623, 37.60112659711811], [126.67278617469952, 37.60070314380614], [126.67313410826225, 37.60025037498118], [126.67342458440864, 37.59977265154765], [126.67365480654053, 37.59927457468142], [126.67382255853755, 37.598760941500984], [126.67389500045972, 37.59839460632975], [126.67421512875423, 37.5983591099543], [126.67486352324295, 37.598234692433756], [126.67549346587636, 37.59806030338469], [126.67609888886086, 37.59783762259479], [126.67667396072675, 37.597568795006765], [126.67721314252358, 37.597256410045844], [126.67771124119, 37.596903476664195], [126.67816345958289, 37.59651339434326], [126.67856544268338, 37.59608992033414], [126.67891331953454, 37.59563713345226], [126.67920374050698, 37.59515939477583], [126.67943390953394, 37.59466130562726], [126.67960161100639, 37.59414766324321], [126.67970523107047, 37.593623414560376], [126.67974377312336, 37.59309360856315], [126.67971686736082, 37.592563347652096], [126.6796247742855, 37.59203773850197], [126.67946838214496, 37.59152184288274], [126.67924919832585, 37.591020628917164], [126.67896933478919, 37.59053892324398]]], [[[126.63364462123661, 37.591996720859946], [126.63325229623577, 37.59156756876094], [126.63280900256474, 37.591171081069085], [126.63231900956696, 37.59081107563799], [126.63178703605385, 37.590491018971775], [126.63121820486371, 37.59021399286177], [126.63061799353959, 37.589982664727366], [126.62999218160112, 37.5897992619464], [126.62934679491704, 37.58966555042106], [126.62868804771271, 37.58958281758538], [126.62802228277003, 37.589551860017366], [126.6273559103934, 37.58957297577455], [126.6266953467277, 37.5896459615267], [126.62604695202073, 37.589770114512916], [126.62541696942192, 37.589944239304636], [126.62481146490535, 37.590166659309254], [126.62423626889343, 37.59043523290425], [126.62369692014194, 37.59074737404658], [126.62319861242567, 37.591100077159815], [126.62274614453655, 37.591489946059724], [126.62234387407604, 37.591913226640685], [126.62199567548538, 37.59236584300878], [126.62170490271909, 37.59284343671462], [126.621474356921, 37.593341408708525], [126.6213062594153, 37.593854963615165], [126.62120223027408, 37.59437915590137], [126.62116327266882, 37.59490893749361], [126.62118976315897, 37.59543920638653], [126.62128144801247, 37.59596485577497], [126.62143744559614, 37.59648082323628], [126.62165625481471, 37.59698213948923], [126.62193576951921, 37.597463976259824], [126.62227329874791, 37.597921692792774], [126.62266559260658, 37.598350880559885], [126.62310887353979, 37.5987474057347], [126.62359887269363, 37.59910744902315], [126.62413087102007, 37.599427542466266], [126.62469974472731, 37.59970460285943], [126.62530001463837, 37.59993596146576], [126.62592589898213, 37.600119389736385], [126.62657136910741, 37.60025312078959], [126.62723020758219, 37.600335866440865], [126.62789606811708, 37.60036682961973], [126.62856253673422, 37.60034571205303], [126.6292231935902, 37.600272717140534], [126.629871674856, 37.600148547995154], [126.63050173405574, 37.59997440066646], [126.63110730227163, 37.599751952613104], [126.63168254663333, 37.599483346535564], [126.632221926527, 37.599171169725125], [126.63272024698112, 37.59881842912895], [126.63317270871416, 37.598428522371684], [126.63357495436131, 37.59800520501383], [126.63392311043486, 37.597552554362565], [126.63421382461422, 37.5970749301848], [126.63444429800704, 37.596576932701225], [126.63461231207155, 37.596063358266726], [126.63471624994231, 37.59553915316492], [126.63475511195533, 37.59500936596184], [126.63472852522469, 37.594479098878445], [126.63463674718092, 37.59395345865034], [126.63448066303842, 37.5934375073482], [126.63426177721892, 37.592936213632235], [126.6339821988151, 37.59245440491034], [126.63364462123661, 37.591996720859946]]], [[[126.648099922115, 37.592169445068755], [126.64770751227836, 37.59174034000642], [126.64726413985075, 37.59134390566833], [126.64677407493329, 37.590983959394215], [126.64624203702927, 37.59066396711854], [126.64567314959629, 37.59038701001255], [126.64507289071835, 37.59015575483138], [126.64444704037244, 37.58997242825053], [126.64380162479664, 37.589838795438695], [126.64314285849417, 37.58975614307222], [126.64247708443061, 37.58972526695463], [126.64181071299801, 37.58974646435946], [126.6411501603323, 37.589819531170605], [126.64050178657548, 37.589943763847025], [126.63987183467559, 37.590117966193034], [126.63926637031153, 37.59034046086957], [126.63869122351961, 37.59060910553522], [126.63815193258228, 37.590921313462744], [126.63765369071825, 37.591274078432676], [126.63720129608612, 37.591664003665144], [126.63679910558255, 37.59208733451195], [126.63645099287955, 37.59253999459501], [126.63616031110521, 37.5930176250437], [126.63592986052768, 37.593515626454256], [126.63576186155467, 37.59402920316765], [126.63565793330974, 37.59455340944034], [126.63561907799294, 37.59508319706365], [126.63564567117871, 37.595613463973706], [126.63573745814595, 37.59613910338398], [126.63589355627789, 37.59665505296748], [126.63611246351059, 37.59715634361472], [126.6363920727506, 37.597638147297985], [126.63672969212529, 37.598095823580294], [126.63712207087148, 37.59852496432087], [126.63756543061555, 37.59892143614601], [126.63805550174382, 37.59928142027536], [126.63858756451428, 37.599601449319735], [126.63915649451377, 37.59987844069483], [126.63975681202241, 37.60010972632863], [126.64038273481016, 37.60029307837531], [126.641028233855, 37.60042673068757], [126.641687091446, 37.60050939583964], [126.64235296110948, 37.6005402775367], [126.64301942877947, 37.60051907829076], [126.64368007462177, 37.60044600228867], [126.6443285349136, 37.60032175342472], [126.64495856338142, 37.60014752851662], [126.64556409140393, 37.59992500577053], [126.6461392864984, 37.59965632860654], [126.64667860852617, 37.59934408500075], [126.64717686307372, 37.59899128254377], [126.64762925149506, 37.59860131945607], [126.64803141713217, 37.59817795184058], [126.64837948726867, 37.5977252574884], [126.64867011041228, 37.59724759658709], [126.648900488548, 37.59674956971069], [126.64906840405199, 37.59623597349688], [126.64917224100839, 37.59571175443859], [126.64921100072529, 37.595181961235824], [126.6491843113021, 37.594651696166885], [126.64909243115827, 37.59412606594752], [126.6489362464913, 37.593610132551575], [126.64871726269068, 37.593108864466416], [126.64843758979222, 37.5926270888527], [126.648099922115, 37.592169445068755]]], [[[126.72867603490953, 37.53520576458834], [126.72833812505819, 37.534748343283994], [126.7279455453903, 37.53431949900589], [126.72750207710449, 37.53392336124544], [126.72701199122021, 37.53356374448702], [126.72648000743861, 37.53324411149294], [126.72591124869288, 37.532967539976234], [126.72531119182555, 37.53273669298066], [126.72468561486713, 37.53255379325316], [126.72404054142287, 37.532420601854206], [126.72338218270242, 37.53233840121191], [126.72271687774847, 37.53230798278215], [126.72205103243863, 37.53232963943332], [126.7213910578462, 37.532403162629], [126.720743308551, 37.53252784443499], [126.72011402149266, 37.53270248433201], [126.71950925595306, 37.532925400768406], [126.71893483524431, 37.533194447341785], [126.71839629066206, 37.533507033454576], [126.7178988082426, 37.533860149244894], [126.71744717883547, 37.53425039455343], [126.71704575197192, 37.53467401164819], [126.71669839397285, 37.53512692139259], [126.71640845070024, 37.53560476250948], [126.71617871531113, 37.536102933563775], [126.7160114013255, 37.53661663726006], [126.71590812126875, 37.53714092662912], [126.71586987109627, 37.53767075265926], [126.71589702055121, 37.53820101291409], [126.71598930955108, 37.53872660066875], [126.71614585063928, 37.53924245409158], [126.71636513748045, 37.539743604997426], [126.7166450593196, 37.5402252267031], [126.71698292126764, 37.54068268052334], [126.71737547021958, 37.54111156045959], [126.71781892615716, 37.54150773565009], [126.71830901853552, 37.5418673901721], [126.71884102740394, 37.542187059812015], [126.71940982886511, 37.54246366544856], [126.72000994443499, 37.542694542726736], [126.72063559382724, 37.5428774677359], [126.72083589443358, 37.54291882583671], [126.72081256488545, 37.543242242792516], [126.72083975068979, 37.54377250182995], [126.72093208063396, 37.544298085695694], [126.72108866686735, 37.54481393259537], [126.72130800262005, 37.54531507440644], [126.72158797666613, 37.54579668453311], [126.72192589361379, 37.546254124401464], [126.7223184998283, 37.546682988147126], [126.72276201473981, 37.54707914506411], [126.72325216723529, 37.54743877940549], [126.72378423678475, 37.54775842715198], [126.72435309890616, 37.54803500939306], [126.72495327453082, 37.54826586199902], [126.7255789827936, 37.54844876129682], [126.72622419673816, 37.54858194550205], [126.72688270140003, 37.548664131699915], [126.7275481537063, 37.54869452821107], [126.72821414361339, 37.54867284222288], [126.72887425589204, 37.548599282612415], [126.72952213196271, 37.54847455793365], [126.73015153118348, 37.548299869588625], [126.73075639099864, 37.5480769002481], [126.73133088536657, 37.547807797634064], [126.73186948090279, 37.54749515382042], [126.73236699019577, 37.547141980251816], [126.73240521489414, 37.54710894656719], [126.73255290391275, 37.547362916822806], [126.73289089532373, 37.5478203260089], [126.73328357306009, 37.54824915396638], [126.73372715586268, 37.54864527033378], [126.734217371964, 37.54900485975466], [126.73474950022093, 37.54932445864228], [126.73531841558541, 37.549600988556755], [126.73591863847551, 37.54983178587242], [126.73654438757023, 37.55001462744892], [126.73718963551961, 37.55014775205796], [126.7378481670313, 37.55022987735899], [126.7385136387735, 37.55026021225942], [126.73917964051527, 37.55023846454033], [126.73983975691337, 37.55016484367362], [126.74048762934856, 37.55004005880358], [126.74064938430894, 37.549995148620226], [126.74034186448253, 37.550213482542055], [126.73989025042917, 37.55060381282368], [126.73948885992944, 37.551027505488804], [126.73914155895548, 37.551480480673185], [126.73885169282174, 37.551958376469415], [126.73862205394401, 37.552456590915654], [126.73845485491442, 37.55297032629824], [126.73835170715293, 37.553494635342346], [126.7383136053422, 37.554024468846244], [126.73834091779794, 37.55455472430088], [126.73843338286883, 37.5550802950269], [126.73859011140338, 37.555596119355855], [126.7388095952615, 37.55609722938205], [126.73908972179089, 37.55657879881517], [126.73942779413102, 37.55703618947268], [126.73982055715018, 37.55746499596372], [126.74026422876774, 37.557861088133286], [126.74075453636061, 37.55822065085776], [126.74128675790418, 37.558540220807366], [126.74185576745144, 37.55881671982077], [126.74245608451281, 37.559047484569845], [126.74308192685974, 37.559230292227824], [126.74372726624348, 37.55936338189316], [126.74438588649035, 37.55944547156187], [126.74505144341332, 37.55947577048468], [126.74571752596046, 37.55945398678937], [126.74637771800964, 37.55938033029448], [126.74702566021264, 37.559255510487695], [126.7476551112904, 37.55908072968771], [126.74826000818786, 37.55885767145629], [126.74883452450646, 37.55858848437201], [126.74937312665082, 37.558275761322705], [126.74987062714648, 37.557922514516484], [126.75032223461523, 37.55753214645274], [126.75072359992552, 37.55710841713349], [126.75107085807316, 37.556655407831606], [126.75136066538951, 37.556177481765566], [126.75159023171909, 37.5556792420605], [126.7517573472578, 37.55516548740072], [126.75186040379414, 37.5546411658019], [126.75189841015118, 37.55411132694821], [126.75187100168147, 37.553581073554305], [126.7517784437261, 37.553055512220354], [126.75162162900598, 37.55253970425385], [126.75140206897338, 37.552038616931725], [126.75112187920786, 37.55155707567176], [126.75078375900011, 37.55109971757379], [126.75039096532134, 37.55067094677749], [126.74994728143044, 37.550274892066106], [126.74945698042215, 37.549915367123745], [126.74892478406805, 37.549595833828256], [126.7483558173471, 37.54931936893238], [126.74775555910313, 37.54908863445311], [126.74712978930431, 37.54890585205395], [126.74648453341148, 37.54877278166581], [126.74582600438977, 37.548690704551824], [126.74516054292046, 37.5486604109788], [126.74449455638732, 37.548682192613384], [126.74383445722262, 37.54875583971619], [126.74318660120517, 37.548880643160516], [126.7430248501277, 37.54892555687126], [126.743332356891, 37.5487072157709], [126.74378394160492, 37.54831687187802], [126.74418529324018, 37.54789316399441], [126.74453254692379, 37.54744017318635], [126.74482235902953, 37.5469622624942], [126.7450519393551, 37.546464034894974], [126.74521907796087, 37.54595028895646], [126.74532216641254, 37.54542597261041], [126.74536021322506, 37.54489613549057], [126.74533285336071, 37.544365880295075], [126.74524035169186, 37.54384031364166], [126.7450836003969, 37.543324496889305], [126.7448641103168, 37.54282339739979], [126.74458399635718, 37.54234184070839], [126.74424595707859, 37.54188446406381], [126.74385324867283, 37.541455671784604], [126.74340965357767, 37.54105959286113], [126.74291944403298, 37.54070004121089], [126.74238734092994, 37.54038047896913], [126.74181846834992, 37.54010398316741], [126.74121830423073, 37.53987321612052], [126.74059262763477, 37.53969039980556], [126.73994746312596, 37.53955729448003], [126.73928902279009, 37.5394751817435], [126.73862364645507, 37.53944485220562], [126.7379577406854, 37.53946659787928], [126.73729771713623, 37.53954020937117], [126.7366499308586, 37.539664977897296], [126.73602061914823, 37.53983970210373], [126.73541584152464, 37.54006269962735], [126.73484142141656, 37.54033182328527], [126.73430289011442, 37.54064448173794], [126.7338054335273, 37.54099766442708], [126.73376721260635, 37.54103069864025], [126.73361953156007, 37.540776729725366], [126.73328156671235, 37.54031932238488], [126.73288892979134, 37.539890494308004], [126.73244540254696, 37.53949437482998], [126.73195525656617, 37.53913477825892], [126.7314232121286, 37.53881516716269], [126.73085439275127, 37.53853861904333], [126.7302542758602, 37.53830779671927], [126.72962864006348, 37.53812492269984], [126.72942834711706, 37.53808357957023], [126.72945163747774, 37.53776016019967], [126.72942439208002, 37.53722990195476], [126.72933201024783, 37.5367043235387], [126.72917538300524, 37.53618848642428], [126.72895601999846, 37.5356873581699], [126.72867603490953, 37.53520576458834]]], [[[126.74868651826115, 37.56388583873802], [126.74834835862514, 37.56342847417324], [126.74795551551874, 37.56299969561517], [126.74751177267727, 37.5626036319216], [126.74702140376338, 37.56224409686293], [126.74648913120278, 37.561924552414176], [126.74592008070816, 37.561648075435215], [126.7453197319299, 37.56141732805918], [126.74469386570766, 37.56123453207355], [126.74404850843035, 37.56110144753983], [126.74338987403877, 37.56101935585723], [126.74272430422826, 37.56098904743268], [126.74205820742512, 37.561010814075814], [126.74139799712276, 37.561084446191494], [126.74075003016938, 37.561209234797374], [126.74012054559957, 37.561383978346484], [126.73951560459646, 37.56160699428976], [126.73894103216153, 37.561876135267354], [126.73840236105157, 37.56218880977333], [126.73790477852188, 37.56254200709524], [126.73745307638696, 37.56293232628926], [126.73705160487961, 37.56335600891233], [126.73670423075235, 37.56380897519716], [126.7364143000243, 37.564286863322316], [126.73618460573377, 37.56478507140006], [126.73601736100709, 37.5652988017783], [126.735914177705, 37.565823107230564], [126.73589124616518, 37.56614177732936], [126.73574537433467, 37.56614653553686], [126.7350851130144, 37.56622013171791], [126.73443709149485, 37.566344884960685], [126.73380754933555, 37.56651959405861], [126.73320254827381, 37.566742576794326], [126.73262791388899, 37.56701168612774], [126.73208917953409, 37.56732433085769], [126.73159153307293, 37.56767750055849], [126.73113976693543, 37.568067794552405], [126.73073823197042, 37.56849145463919], [126.73039079554127, 37.568944401268745], [126.73010080426701, 37.5694222728091], [126.72987105176898, 37.56992046753243], [126.7297037517341, 37.57043418791548], [126.72960051655589, 37.570958486828275], [126.72956234175992, 37.571488315167], [126.7295663429996, 37.571566162167585], [126.72955486255437, 37.57172549762254], [126.72958211716426, 37.57225575290914], [126.72967454029047, 37.57278132849165], [126.72983124318677, 37.573297162655], [126.7300507179612, 37.573798287398866], [126.73033085205029, 37.57427987629118], [126.73066894852178, 37.57473729096198], [126.73106175201262, 37.5751661257889], [126.73150548005323, 37.57556225034382], [126.73199585947776, 37.57592184919095], [126.7325281675702, 37.576241458652206], [126.7330972775502, 37.576518000185374], [126.7336977079608, 37.5767488100524], [126.73432367548149, 37.576931664991555], [126.73496915065736, 37.577064803645484], [126.73562791600625, 37.57714694353805], [126.73629362594265, 37.57717729343591], [126.7369598679399, 37.577155560975584], [126.73762022433905, 37.57708195548201], [126.73826833420775, 37.57695718595147], [126.73889795465101, 37.57678245421841], [126.73950302098136, 37.576559443372055], [126.7400777051674, 37.57629030153473], [126.74061647199605, 37.575977621158685], [126.74111413240604, 37.57562441404128], [126.74156589347848, 37.57523408230003], [126.74196740460215, 37.5748103855875], [126.74231479936842, 37.57435740486295], [126.7426047327931, 37.57387950307011], [126.74283441350663, 37.573381283100744], [126.74300163060383, 37.57286754344956], [126.74310477489603, 37.5723432319881], [126.74314285436216, 37.571813398303284], [126.74314150138405, 37.57178716801661], [126.74328099682519, 37.57178260951315], [126.74394130007104, 37.57170896800587], [126.74458935326643, 37.57158416303455], [126.74521891406263, 37.57140939677505], [126.74582391834713, 37.571186352649214], [126.74639853868659, 37.5709171790999], [126.74693724048322, 37.570604468884774], [126.74743483530253, 37.570251234088516], [126.7478865308577, 37.569860877095124], [126.74828797716876, 37.569437157800266], [126.74863530845154, 37.56898415738047], [126.74892518033333, 37.568506238969], [126.74915480203728, 37.56800800561744], [126.74932196322655, 37.56749425594917], [126.74942505525065, 37.56696993793195], [126.74946308659169, 37.56644010121565], [126.74943569236241, 37.5659098484944], [126.74934313776758, 37.565384286361954], [126.74918631549666, 37.56486847613352], [126.74896673707536, 37.56436738510775], [126.74868651826115, 37.56388583873802]]], [[[126.71914299147782, 37.58924704863943], [126.71875018449032, 37.58881817510049], [126.71830644743642, 37.58842200335244], [126.71781605392488, 37.588062348205895], [126.7172837266197, 37.587742672791826], [126.71671459176191, 37.58746605523064], [126.71611412981495, 37.58723515900845], [126.71548812270852, 37.587052207345266], [126.71484259818803, 37.58691896180084], [126.71418377180417, 37.586836705323925], [126.71351798710008, 37.58680622990748], [126.71285165457002, 37.58682782896839], [126.71219118997573, 37.58690129452458], [126.71154295261228, 37.58702591919699], [126.71091318411608, 37.587200503016824], [126.71030794840227, 37.5874233649729], [126.70973307330821, 37.587692359188146], [126.70919409450326, 37.58800489557], [126.70869620220381, 37.58835796473647], [126.70824419120588, 37.588748166978284], [126.70784241471534, 37.58917174497931], [126.70749474242076, 37.58962461998054], [126.70720452321221, 37.590102431040535], [126.706974552906, 37.59060057701471], [126.70680704728696, 37.59111426085006], [126.70670362072913, 37.59163853576944], [126.70666527060204, 37.59216835290092], [126.70669236761523, 37.5926986098942], [126.70678465219494, 37.593224200056056], [126.70694123693089, 37.59374006153162], [126.70716061507096, 37.594241226057974], [126.70744067498407, 37.59472286682026], [126.70777872045431, 37.595180344949114], [126.70817149661148, 37.59560925421106], [126.70861522125091, 37.596005463460976], [126.70910562124094, 37.59636515644708], [126.70963797366856, 37.59668486858422], [126.71020715132737, 37.59696152034079], [126.71080767210906, 37.59719244691651], [126.71143375182292, 37.59737542392495], [126.71207935993336, 37.59750868883235], [126.7127382776773, 37.59759095794582], [126.71340415800073, 37.597621438786796], [126.71407058673475, 37.597599837729945], [126.7147311444206, 37.597526362834024], [126.71537946818572, 37.597401721837045], [126.71600931307334, 37.597227115335116], [126.71661461223266, 37.59700422521108], [126.7171895353881, 37.59673519842453], [126.71772854502339, 37.596422626319665], [126.71822644973729, 37.596069519651344], [126.71867845425673, 37.59567927956997], [126.71908020562478, 37.595255664845865], [126.71942783511835, 37.594802755649276], [126.7197179954922, 37.59432491423573], [126.71994789319095, 37.5938267429163], [126.72011531522004, 37.59331303971798], [126.7202186504178, 37.59278875216205], [126.72025690492553, 37.59225892960604], [126.72022971170838, 37.59172867460869], [126.72013733403716, 37.591203093786554], [126.71998066289953, 37.590687248635575], [126.71976120836807, 37.59018610679133], [126.71948108500942, 37.58970449419698], [126.71914299147782, 37.58924704863943]]], [[[126.77635969399078, 37.59873353046693], [126.77602120960181, 37.598276244442474], [126.77562802640307, 37.59784755691814], [126.77518393140443, 37.597451595874055], [126.77469320165883, 37.59709217409128], [126.77416056306527, 37.59677275245328], [126.77359114485947, 37.596496406636795], [126.77299043023062, 37.59626579751156], [126.77236420353907, 37.596083145533626], [126.77171849464244, 37.595950209377854], [126.77105952086502, 37.595868269014915], [126.77039362716786, 37.59583811339507], [126.76972722509387, 37.59586003285713], [126.7690667310742, 37.59593381633518], [126.76841850468747, 37.59605875339021], [126.76778878746529, 37.59623364104664], [126.76718364283042, 37.596456795368745], [126.76660889774497, 37.59672606766506], [126.76607008662867, 37.59703886516604], [126.76557239808578, 37.59739217597566], [126.76512062495296, 37.59778259805791], [126.76471911814856, 37.598206371979494], [126.76437174476696, 37.598659417094275], [126.76408185082266, 37.59913737082188], [126.7638522290023, 37.599635630642766], [126.76368509173714, 37.60014939840633], [126.7635820498558, 37.60067372652561], [126.76354409702472, 37.60120356561471], [126.76357160012827, 37.60173381311012], [126.76366429568222, 37.60225936240827], [126.76382129231814, 37.60277515204604], [126.76404107931619, 37.60327621445069], [126.76432154110645, 37.60375772378932], [126.76465997760066, 37.60421504245695], [126.76505313016052, 37.60464376575475], [126.76549721295359, 37.605039764327834], [126.76598794939599, 37.60539922395293], [126.76652061333141, 37.60571868229226], [126.76709007455018, 37.60599506225874], [126.76769084821022, 37.60622570167025], [126.76831714768258, 37.60640837890682], [126.76896294031275, 37.60654133432296], [126.7696220055586, 37.606623287207825], [126.77028799494401, 37.60665344812991], [126.7709544932488, 37.60663152654669], [126.77161508034374, 37.60655773360554], [126.77226339307337, 37.606432780109195], [126.77289318658799, 37.60625786966501], [126.77349839453296, 37.606034687084474], [126.7740731875132, 37.605765382144966], [126.77461202926835, 37.60545254887052], [126.77510973001681, 37.6050992005319], [126.77556149645278, 37.60470874060735], [126.77596297791537, 37.604284929984416], [126.77631030828395, 37.60383185071964], [126.77660014319709, 37.60335386670578], [126.77682969223662, 37.60285558162623], [126.77699674576824, 37.60234179460231], [126.77709969618117, 37.60181745396111], [126.77713755332398, 37.60128760956975], [126.77710995398964, 37.600757364195516], [126.77701716536043, 37.600231824360456], [126.77686008238162, 37.599716051164016], [126.7766402190911, 37.599215011547116], [126.77635969399078, 37.59873353046693]]], [[[126.70423608613042, 37.59951450208366], [126.70384331267462, 37.599085580029005], [126.70339959566556, 37.59868935312225], [126.70290920851987, 37.598329636705046], [126.702376873841, 37.5980098944982], [126.70180771794155, 37.59773320526502], [126.70120722148805, 37.59750223318152], [126.70058116674274, 37.59731920219781], [126.69993558190976, 37.59718587463705], [126.69927668312047, 37.597103534237355], [126.6986108146149, 37.59707297379942], [126.69794438769375, 37.59709448755841], [126.69728381902705, 37.59716786835332], [126.69663546891125, 37.59729240962099], [126.69600558006762, 37.597466912195536], [126.69540021756926, 37.59768969584795], [126.69482521047348, 37.597958615455106], [126.69428609571978, 37.598271081642956], [126.69378806483286, 37.59862408570551], [126.69344330682338, 37.59892156408776], [126.69321323164603, 37.59871606783892], [126.69272289414538, 37.59835630965922], [126.69219060371216, 37.598036522006474], [126.6916214862334, 37.59775978408161], [126.6910210220061, 37.59752876052938], [126.69039499298259, 37.5973456757954], [126.68974942711965, 37.59721229272022], [126.68909054036624, 37.597129895576316], [126.6884246768466, 37.597099277710534], [126.68775824781355, 37.597120733910806], [126.68709766995738, 37.597194057570114], [126.68644930366285, 37.59731854267524], [126.68581939180687, 37.59749299060089], [126.68521399968377, 37.5977157216441], [126.68463895663574, 37.5979845911882], [126.68409979994803, 37.59829701034111], [126.68360172154867, 37.59864997084971], [126.68314951802449, 37.599040074051324], [126.68274754443418, 37.59946356358385], [126.68239967236329, 37.59991636154069], [126.68210925262494, 37.60039410772294], [126.6818790829661, 37.60089220161145], [126.68171138109106, 37.60140584665562], [126.68160776326381, 37.6019300964526], [126.68156922869626, 37.60245990237323], [126.6815961498746, 37.60299016217603], [126.68168826891934, 37.60351576914145], [126.68184470001547, 37.60403166125352], [126.68206393789168, 37.604532869954866], [126.68234387226919, 37.60501456800573], [126.68268180814246, 37.60547211598538], [126.68307449169839, 37.60590110698783], [126.68351814162563, 37.60629740908082], [126.68400848551343, 37.606657205118324], [126.68454080099045, 37.606977029522504], [126.68510996120725, 37.60725380168014], [126.6857104842244, 37.60748485563088], [126.68633658583033, 37.60766796576096], [126.68698223527898, 37.607801368253845], [126.68764121340918, 37.607883778090866], [126.68830717258514, 37.60791440143735], [126.68897369787808, 37.6078929432948], [126.68963436889848, 37.607819610344826], [126.69028282168124, 37.60769510895771], [126.6909128100259, 37.60752063838444], [126.6915182656986, 37.607297879198335], [126.69209335691504, 37.60702897709754], [126.69263254453882, 37.60671652222532], [126.69313063545309, 37.60636352420743], [126.6934754295814, 37.606066047522724], [126.6937055277593, 37.60627154327653], [126.69419592133069, 37.6066312975498], [126.6947282810906, 37.60695107650206], [126.69529747976254, 37.60722779995788], [126.6958980350363, 37.6074588024261], [126.6965241623892, 37.60764185878897], [126.6971698308268, 37.60777520574798], [126.69782882100489, 37.607857558819575], [126.69849478517145, 37.60788812471607], [126.6991613083495, 37.60786660899254], [126.69982197017, 37.60779321888548], [126.70047040675662, 37.60766866131594], [126.70110037206503, 37.60749413607624], [126.70170579808367, 37.607271324266414], [126.70228085331416, 37.60700237209165], [126.70281999896724, 37.60668987017756], [126.70331804233071, 37.60633682860306], [126.70377018679538, 37.60594664789185], [126.70417207805576, 37.605523086242684], [126.70451984604097, 37.605070223314975], [126.70481014217158, 37.60459242091911], [126.7050401715846, 37.604094280990815], [126.70520772001699, 37.603580601255246], [126.70531117508996, 37.60305632900825], [126.70534954179078, 37.602526513460425], [126.7053224520047, 37.60199625710352], [126.70523016800713, 37.60147066656761], [126.70507357988463, 37.600954803442605], [126.70485419691119, 37.600453635537484], [126.70457413296543, 37.599971989046665], [126.70423608613042, 37.59951450208366]]], [[[126.84335644818167, 37.55575611102396], [126.84296309533546, 37.55532764315707], [126.84251888894367, 37.55493193160871], [126.84202810712806, 37.554572786757696], [126.8414954762856, 37.554253666821545], [126.84092612557465, 37.55397764457279], [126.84032553753242, 37.55374737776677], [126.8396994952991, 37.55356508356476], [126.83905402695565, 37.55343251719821], [126.8383953475105, 37.55335095507878], [126.83772979909166, 37.55332118251631], [126.8370637899194, 37.55334348616277], [126.83640373264406, 37.553417651254385], [126.83575598264207, 37.55354296367878], [126.83512677686142, 37.553718216846924], [126.83452217380395, 37.553941723304085], [126.83394799522081, 37.55421133096836], [126.83340977008062, 37.554524443840684], [126.83291268134874, 37.55487804698769], [126.83246151608941, 37.55526873555743], [126.83206061937013, 37.555692747549166], [126.8317138524127, 37.556146000022665], [126.8314245553933, 37.556624128398845], [126.831195515251, 37.55712252847423], [126.83102893881534, 37.55763640074531], [126.83093861846855, 37.55809845230324], [126.83068876444118, 37.557670032080324], [126.83035012733832, 37.55721289725655], [126.82995684209203, 37.556784386802484], [126.82951269669124, 37.55638862699323], [126.82902196867106, 37.55602942867245], [126.82848938391105, 37.555710250572496], [126.82792007112643, 37.55543416602595], [126.82731951248975, 37.55520383338786], [126.82669349085852, 37.55502147045326], [126.82604803411564, 37.55488883311519], [126.82538935715809, 37.55480719846842], [126.82472380209009, 37.55477735252089], [126.82405777719588, 37.55479958263086], [126.82339769527711, 37.55487367474238], [126.82274991194718, 37.55499891544553], [126.8221206644747, 37.555174098841626], [126.82151601176247, 37.55539753814759], [126.82094177603929, 37.55566708192795], [126.82040348682332, 37.55598013479873], [126.8199063276964, 37.5563336824043], [126.81945508639987, 37.5567243204276], [126.81905410873294, 37.55714828735473], [126.81870725669623, 37.557601500679574], [126.81841787128474, 37.55807959620031], [126.81823990589696, 37.55846668235355], [126.81804149177636, 37.55819876059598], [126.81764827255864, 37.557770209848826], [126.81720418720339, 37.55737440438005], [126.81671351266817, 37.55701515547306], [126.8161809743181, 37.55669592234735], [126.81561170042211, 37.556419778865276], [126.81501117277877, 37.55618938394931], [126.81438517394754, 37.55600695599398], [126.81373973159226, 37.5558742515182], [126.8130810604715, 37.555792548262964], [126.81241550263347, 37.555762632896595], [126.81174946638905, 37.55578479344549], [126.81108936464915, 37.55585881652324], [126.81044155321779, 37.555983989384366], [126.80981226963378, 37.55615910678321], [126.80920757314732, 37.556382482572005], [126.80863328640818, 37.55665196592673], [126.80809493942525, 37.55696496204518], [126.80759771633593, 37.55731845711818], [126.80714640549705, 37.55770904733455], [126.80674535337673, 37.55813297164086], [126.80672478160496, 37.55815984358937], [126.8066524728999, 37.55809538176276], [126.80616184504127, 37.55773608950175], [126.80562934737422, 37.55741680921604], [126.80506010777641, 37.55714061522207], [126.8044596077166, 37.55691016692857], [126.80383362948903, 37.556727683243906], [126.8031882005594, 37.556594921223486], [126.8025295355573, 37.556513159162165], [126.8018639764721, 37.55648318429424], [126.80119793162676, 37.556505285218876], [126.80053781401485, 37.55657924912349], [126.7998899795931, 37.55670436383219], [126.7992606661214, 37.55687942465906], [126.79865593313741, 37.55710274600089], [126.79808160364189, 37.55737217755784], [126.79754320805502, 37.55768512502635], [126.7974844137897, 37.557726914561826], [126.7973869426189, 37.55777263923058], [126.79684854126876, 37.55808558345153], [126.79635125826887, 37.55843903048089], [126.79589988255235, 37.55882957697013], [126.79549876121153, 37.55925346228699], [126.79515175762958, 37.55970660471158], [126.7948622142599, 37.560184640725204], [126.79463292041255, 37.56068296701468], [126.79446608535935, 37.561196784788024], [126.79436331701686, 37.561721145975476], [126.7943256064153, 37.56225100087148], [126.7943533181037, 37.56278124675925], [126.79444618658627, 37.5633067770498], [126.79460331882616, 37.56382253046234], [126.79482320279448, 37.564323539772495], [126.79510372198423, 37.564804979658405], [126.79544217575142, 37.565262213183914], [126.79583530528853, 37.56569083647035], [126.79593168159421, 37.5657767653632], [126.79605609009637, 37.56591240436806], [126.79650011226867, 37.56630828820405], [126.79699074865296, 37.566667620198594], [126.79752327405504, 37.56698693924394], [126.79809255959853, 37.56726316959542], [126.79869312213282, 37.56749365051295], [126.79931917706256, 37.56767616190417], [126.79996469408925, 37.56780894572194], [126.80062345532644, 37.56789072290928], [126.80128911522776, 37.56792070572792], [126.80195526174857, 37.56789860535158], [126.80261547815036, 37.56782463465045], [126.80326340485057, 37.56769950613991], [126.80379711217564, 37.567551043367004], [126.80410181880936, 37.56749219503324], [126.80473121103502, 37.5673171094933], [126.80532512891703, 37.56709777626223], [126.8053463400976, 37.56712089698879], [126.80546437194079, 37.56722611044757], [126.80486894528079, 37.5673411127574], [126.80423955316309, 37.56751619903217], [126.80363474814635, 37.56773954476492], [126.80306035392483, 37.56800899942116], [126.80252190154191, 37.56832196847515], [126.80202457614955, 37.56867543837854], [126.8015731670893, 37.56906600556275], [126.8011720217751, 37.56948990919637], [126.8008250038214, 37.56994306738326], [126.8005354558206, 37.570421116453055], [126.80030616712806, 37.57091945296687], [126.80013934696665, 37.571433278034235], [126.80003660311033, 37.57195764351509], [126.79999892635425, 37.57248749966242], [126.8000266809222, 37.57301774374726], [126.80011960090616, 37.573543269197756], [126.8001275521766, 37.57356935744096], [126.79956932886445, 37.5733551508262], [126.79894322598243, 37.573172640451254], [126.79829766471235, 37.57303985071932], [126.79763886095745, 37.572958060191866], [126.79697315804239, 37.57292805637711], [126.79630696567416, 37.57295012815276], [126.79564669826595, 37.57302406298687], [126.794998713216, 37.57314914898343], [126.79436924973365, 37.57332418173304], [126.79376436880017, 37.57354747590301], [126.79318989484027, 37.573816881455286], [126.79265135966457, 37.57412980433696], [126.79215394922176, 37.57448323144439], [126.79170245367186, 37.574873759621205], [126.79130122126128, 37.57529762841182], [126.79095411644283, 37.57575075625583], [126.79066448264513, 37.57622877977533], [126.79043511004973, 37.57672709577776], [126.79026820868738, 37.577240905570534], [126.79016538711419, 37.577765261161005], [126.79012763687393, 37.57829511289775], [126.79015532289847, 37.57882535809457], [126.79024817994028, 37.57935089016925], [126.79040531507381, 37.57986664782385], [126.7906252162434, 37.58036766379309], [126.7909057667774, 37.580849112690935], [126.79124426573077, 37.58130635749425], [126.79163745386172, 37.581734994215545], [126.79208154499335, 37.582130894333886], [126.7925722624598, 37.58249024457454], [126.79310488028622, 37.58280958365367], [126.79367426870603, 37.58308583563338], [126.7942749435776, 37.58331633956492], [126.79490111922325, 37.583498875133984], [126.79554676418125, 37.58363168406028], [126.79620565933224, 37.58371348704471], [126.79687145783929, 37.58374349610037], [126.79753774632182, 37.58372142214812], [126.79819810667303, 37.58364747780356], [126.798846177923, 37.58352237532821], [126.79947571754968, 37.58334731976468], [126.80008066164567, 37.583123997322446], [126.80065518335894, 37.58285455912602], [126.80119374904375, 37.5825416004828], [126.80169117157897, 37.58218813587072], [126.80214266033981, 37.58179756988748], [126.80254386734086, 37.581373664441486], [126.8028909291057, 37.58092050250183], [126.80318050386028, 37.58044244875669], [126.80340980369205, 37.57994410756015], [126.80357662136649, 37.57943027857302], [126.8036793515436, 37.57890591052557], [126.80371700619187, 37.57837605354792], [126.80368922405303, 37.577845810527684], [126.80359627406821, 37.57732028796346], [126.80358832120568, 37.577294199954295], [126.80414658556069, 37.577508387830235], [126.8047727377173, 37.577690870962655], [126.80541835107071, 37.57782362569479], [126.80604231516918, 37.57790104416491], [126.80605007144821, 37.578048990134114], [126.80614303953591, 37.57857451088259], [126.80630028310782, 37.579090248526036], [126.80652028906344, 37.57959123599145], [126.80680093972147, 37.580072648166905], [126.8071395331719, 37.58052984838262], [126.80753280926207, 37.58095843308027], [126.8079769809672, 37.5813542742398], [126.80846777084457, 37.58171355915422], [126.80900045222107, 37.58203282716894], [126.80956989471733, 37.582309003030524], [126.81017061367018, 37.58253942652357], [126.81079682297676, 37.58272187810872], [126.81144249085058, 37.58285460031495], [126.81210139795132, 37.58293631467871], [126.81276719732665, 37.58296623406707], [126.81343347558764, 37.58294407026492], [126.81409381472602, 37.582870036753675], [126.81474185397646, 37.582744846654045], [126.81537135112555, 37.58256970585297], [126.81597624267545, 37.58234630138118], [126.81655070228099, 37.58207678515349], [126.81708919689525, 37.58176375322899], [126.81758654008246, 37.58141022079154], [126.81803794198284, 37.58101959309205], [126.81843905544835, 37.58059563263325], [126.81878601790419, 37.58014242291386], [126.81907548853343, 37.579664329081965], [126.819304680427, 37.57916595587739], [126.81947138739038, 37.57865210326882], [126.81957400515017, 37.578127720213566], [126.81961154675771, 37.57759785698579], [126.81958365204346, 37.5770676165328], [126.81949059103252, 37.57654210532796], [126.81933326129118, 37.57602638419384], [126.81911317923134, 37.575525419569], [126.81883246545893, 37.5750440356876], [126.81849382430944, 37.57458686813211], [126.81810051776854, 37.57415831920572], [126.81765633403131, 37.573762515553845], [126.81716555100274, 37.57340326844204], [126.81663289509281, 37.57308403707223], [126.81630627116574, 37.57292563475781], [126.81689914644521, 37.57295225893992], [126.8175653345651, 37.57293007088891], [126.81822558138026, 37.57285601323017], [126.81887352701511, 37.57273079931705], [126.81950293015858, 37.57255563526586], [126.82010772821884, 37.57233220833121], [126.82068209575166, 37.57206267064417], [126.82122050059743, 37.57174961847043], [126.82171775718525, 37.57139606718867], [126.8221690764897, 37.57100542223109], [126.82249031190051, 37.57066581180806], [126.8224964481591, 37.570671279408224], [126.82298723941041, 37.571030504596415], [126.82351990839483, 37.57134970752543], [126.82408932485178, 37.57162581356902], [126.8246900043685, 37.57185616318452], [126.82531616122174, 37.572038537544536], [126.8259617641302, 37.572171179922215], [126.82662059437946, 37.57225281262334], [126.82728630575777, 37.572282649301904], [126.82795248572428, 37.57226040253983], [126.82861271721819, 37.57218628661792], [126.8292606405117, 37.57206101545092], [126.82989001450915, 37.571885795706805], [126.83049477689984, 37.5716623151768], [126.8310691025835, 37.57139272650834], [126.83160745980403, 37.57107962645821], [126.83210466344975, 37.57072603086629], [126.8325559250057, 37.57033534559151], [126.83295689867614, 37.569911333690875], [126.8333037232331, 37.569458079158196], [126.83359305918815, 37.568979947572714], [126.8338221209293, 37.56848154403742], [126.83398870351543, 37.56796766881256], [126.83409120387073, 37.567443271072804], [126.8341286361768, 37.566913401233236], [126.83411848401798, 37.56672111419753], [126.83419714341969, 37.56647845678482], [126.83429964011793, 37.56595405869884], [126.83433707004386, 37.565424188638815], [126.83430907410272, 37.56489394961736], [126.83421592329357, 37.564368448093596], [126.83405851604657, 37.563852744796485], [126.83383836951882, 37.563351805992475], [126.83369007603932, 37.5630975685245], [126.83386793941082, 37.56320413996236], [126.8344373332708, 37.56348019624232], [126.83503798041988, 37.563710493197675], [126.83566409544643, 37.56389281250855], [126.83630964747209, 37.56402539797857], [126.8369684182726, 37.564106972461936], [126.8376340622091, 37.56413675017365], [126.83830016739078, 37.56411444426391], [126.83896031747759, 37.5640402695834], [126.83960815352644, 37.56391494061304], [126.84023743528267, 37.563739664577696], [126.84084210132468, 37.56351612981087], [126.84141632748086, 37.56324648948241], [126.84195458295439, 37.562933340846634], [126.8424516836142, 37.562579700211266], [126.84290284193776, 37.56218897386894], [126.84330371312397, 37.56176492527194], [126.84365043693236, 37.56131163876722], [126.8439396748449, 37.560833480241726], [126.84416864219395, 37.56033505505747], [126.84433513494739, 37.55982116368291], [126.84443755089433, 37.55929675544784], [126.84447490502887, 37.55876688086807], [126.84444683898576, 37.55823664299942], [126.84435362443882, 37.55771114828958], [126.84419616043125, 37.557195457401626], [126.84397596466627, 37.55669453648228], [126.84369515884306, 37.55621320934449], [126.84335644818167, 37.55575611102396]], [[126.83153585248381, 37.56101730203882], [126.83139553165991, 37.56093321846691], [126.83141844575697, 37.56081599855302], [126.83153585248381, 37.56101730203882]]]]}}, {"id": "1", "type": "Feature", "properties": {"minutes": 60, "population": 255203.59536123852, "employment": 73461.62259973178, "core_station": "청라국제도시", "region": "cheongna"}, "geometry": {"type": "MultiPolygon", "coordinates": [[[[126.64498544469798, 37.38259107117646], [126.64449673337218, 37.382231119798234], [126.64396616663383, 37.38191112445179], [126.64339885377638, 37.38163416634195], [126.64280025772621, 37.38140291223707], [126.64217614245523, 37.38121958880551], [126.64153251750264, 37.38108596118819], [126.6408755801395, 37.381003316013455], [126.64021165573115, 37.38097244901666], [126.63954713687065, 37.380993657383996], [126.63888842186682, 37.381066736893345], [126.63824185317775, 37.38119098388017], [126.63761365638027, 37.38136520200907], [126.63700988026189, 37.38158771378633], [126.63643633860944, 37.38185637670272], [126.63589855425394, 37.38216860385158], [126.63540170590927, 37.3825213888244], [126.63495057831531, 37.38291133464458], [126.63454951616536, 37.38333468646159], [126.63420238226085, 37.383787367691404], [126.63391252029703, 37.384265019256155], [126.63368272263797, 37.38476304154552], [126.63351520339259, 37.385276638696794], [126.63341157705197, 37.38580086476766], [126.63337284289508, 37.38633067135757], [126.63339937531542, 37.3868609562196], [126.63349092016283, 37.38738661239475], [126.63364659713866, 37.38790257739573], [126.63386490822212, 37.38840388196653], [126.63414375204995, 37.38888569794795], [126.63448044411155, 37.38934338478776], [126.63487174256734, 37.389772534247115], [126.63531387944312, 37.39016901287227], [126.6358025969004, 37.39052900182151], [126.63633318823493, 37.3908490336633], [126.63690054320817, 37.39112602579035], [126.63749919727512, 37.391357310127006], [126.63812338423438, 37.39154065884314], [126.63876709179179, 37.39167430582613], [126.63942411950188, 37.39175696370347], [126.64008813852726, 37.391787836251595], [126.6407527526388, 37.39176662607103], [126.64141155986728, 37.39169353745354], [126.6420582142105, 37.391569274413705], [126.64268648679987, 37.39139503390381], [126.6432903259353, 37.39117249427767], [126.64386391540829, 37.39090379911477], [126.64440173055003, 37.39059153656091], [126.64489859146362, 37.39023871438525], [126.64534971292608, 37.38984873099406], [126.64575075047982, 37.389425342681704], [126.64609784226856, 37.38897262743468], [126.6463876462156, 37.38849494563817], [126.64661737218638, 37.38799689806423], [126.64678480882692, 37.38748328154727], [126.64688834482064, 37.38695904277383], [126.64692698436048, 37.38642923063255], [126.6469003566891, 37.38589894758377], [126.646808719617, 37.385373300516754], [126.6466529569871, 37.38485735156878], [126.64643457011174, 37.38435606937896], [126.64615566326681, 37.383874281246406], [126.64581892338471, 37.38341662665316], [126.64542759414265, 37.38298751259878], [126.64498544469798, 37.38259107117646]]], [[[126.68578198592637, 37.40083692044604], [126.68529295950012, 37.400477135044405], [126.68476208871918, 37.40015732012775], [126.68419448580264, 37.3998805551632], [126.68359561646778, 37.39964950505931], [126.68297124731589, 37.399466394520296], [126.68232739032881, 37.39933298663757], [126.68167024500998, 37.399250565924206], [126.6810061387257, 37.39921992595505], [126.68034146581905, 37.39924136173106], [126.67968262608134, 37.3993146668414], [126.6790359631712, 37.39943913545019], [126.67840770357289, 37.39961356908899], [126.67780389667905, 37.399836288189874], [126.67723035657372, 37.400105148248], [126.67669260607437, 37.40041756045916], [126.67619582357051, 37.400770516633315], [126.67574479317001, 37.401160618145596], [126.6753438586324, 37.401584108646325], [126.6749968815326, 37.4020369102159], [126.67470720405828, 37.40251466261724], [126.6744776167993, 37.4030127652684], [126.67431033184069, 37.40352642153203], [126.67420696141932, 37.404050684895566], [126.67416850235149, 37.404580506598215], [126.6741953263829, 37.40511078424627], [126.67428717655613, 37.405636410948894], [126.67444316963261, 37.4061523245013], [126.67466180454753, 37.40665355614165], [126.67494097681852, 37.407135278411864], [126.67527799877102, 37.40759285166108], [126.6756696253872, 37.408021868743496], [126.67611208553066, 37.40841819747944], [126.67660111824776, 37.40877802047022], [126.67713201379574, 37.409097871882324], [126.67769965900388, 37.40937467084605], [126.67829858652952, 37.4096057511463], [126.67892302753523, 37.40978888691845], [126.67956696727782, 37.40992231410138], [126.6802242030736, 37.4100047474403], [126.68088840407933, 37.41003539287523], [126.68155317231181, 37.41001395519509], [126.6819858421064, 37.40996581577612], [126.6817597553615, 37.41033872056414], [126.68153018969365, 37.41083683652935], [126.68136293430383, 37.411350502464536], [126.68125960114489, 37.411874771763905], [126.68122118667475, 37.41240459560932], [126.68124806221023, 37.41293487158622], [126.68133997029844, 37.413460492819645], [126.68149602714344, 37.41397639715723], [126.68171473106659, 37.41447761592559], [126.68199397692116, 37.41495932179038], [126.68233107632396, 37.41541687525841], [126.68272278351121, 37.415845869374195], [126.68316532657037, 37.41624217217899], [126.68365444374894, 37.41660196652368], [126.68418542449041, 37.41692178685046], [126.68475315480296, 37.41719855258895], [126.6853521665239, 37.41742959784396], [126.68597669000417, 37.41761269708843], [126.68662070970576, 37.41774608661303], [126.68725390586597, 37.41782545858505], [126.68724896215724, 37.41789371259352], [126.68727588146264, 37.41842398723672], [126.68736783776355, 37.41894960387615], [126.68752394680004, 37.41946550040347], [126.68774270639105, 37.41996670822031], [126.68802201085379, 37.420448400097534], [126.68835917124063, 37.42090593667651], [126.68875094120038, 37.421334911164166], [126.68919354821583, 37.42173119179067], [126.68968272991819, 37.422090961620334], [126.69021377512925, 37.42241075533137], [126.6907815692359, 37.42268749260965], [126.69138064346058, 37.4229185078341], [126.69200522755185, 37.42310157576683], [126.69264930538742, 37.42323493300021], [126.69330667295257, 37.42331729495335], [126.69370425215106, 37.423335592631176], [126.6933494927382, 37.42371034371079], [126.6930025185062, 37.42416319652322], [126.69271286675635, 37.424640991616165], [126.69248332783252, 37.425139127996545], [126.69231611335597, 37.42565280870205], [126.69221283488662, 37.42617708698442], [126.69217448835693, 37.42670691393878], [126.6922014444304, 37.42723718712035], [126.69229344487941, 37.42776279968068], [126.69244960501936, 37.42827868955056], [126.6926684221774, 37.4287798881955], [126.6929477901167, 37.42926156847446], [126.69328501927853, 37.429719091140285], [126.69367686264937, 37.430148049533635], [126.69411954700496, 37.43054431203952], [126.69417163910917, 37.43058261512655], [126.69372029441642, 37.43090327428168], [126.69326917003929, 37.4312934396295], [126.69286816926774, 37.43171698669738], [126.69252115431608, 37.432169837021405], [126.69223146773827, 37.43264762989522], [126.69200190021382, 37.43314576434726], [126.6918346636399, 37.43365944343385], [126.69173136978966, 37.43418372042242], [126.69169301474422, 37.43471354642066], [126.69171996924965, 37.435243818993], [126.69181197509394, 37.43576943129687], [126.69196814754105, 37.43628532126549], [126.69218698380014, 37.43678652036336], [126.69246637745084, 37.437268201445], [126.69280363868718, 37.43772572525542], [126.69319552018709, 37.43815468512413], [126.69363824835925, 37.43855094942176], [126.69409334647786, 37.43888554729067], [126.69376217550156, 37.43931769108741], [126.69347246836782, 37.43979548619964], [126.69324288631714, 37.44029362230512], [126.69307564138697, 37.44080730244432], [126.69297234543144, 37.44133157987459], [126.6929339945524, 37.44186140569932], [126.69296095945623, 37.442391677484636], [126.69305298183137, 37.44291728839546], [126.69320917678296, 37.44343317637838], [126.69342804130385, 37.44393437291689], [126.69370746870185, 37.44441605089009], [126.69404476884621, 37.44487357107275], [126.69443669404038, 37.445302526829174], [126.6948794702723, 37.44569878656945], [126.69491378650073, 37.44572401373183], [126.69487832661466, 37.44577028199738], [126.69458860089333, 37.44624807912044], [126.69435900569896, 37.44674621671058], [126.69419175319597, 37.447259897794034], [126.69408845531179, 37.447784175619084], [126.69405010816727, 37.44831400128536], [126.69407708243334, 37.44884427236043], [126.6941691197086, 37.44936988201609], [126.6943253349552, 37.44988576821087], [126.69454422497084, 37.45038696244546], [126.69482368281817, 37.450868637620985], [126.69516101807339, 37.45132615453906], [126.69555298270198, 37.45175510659533], [126.69599580231221, 37.45215136223537], [126.69648521248784, 37.45251110476347], [126.69682036456251, 37.45271282234604], [126.69633048030052, 37.453060774725934], [126.6961444073727, 37.45322166440831], [126.69611278117573, 37.45320262951574], [126.69554473841302, 37.45292591634659], [126.6949454134223, 37.452694920449765], [126.69432057719031, 37.45251186600683], [126.69367624619403, 37.45237851556855], [126.69301862449844, 37.4522961530946], [126.69235404405391, 37.45226557159895], [126.69168890376636, 37.452287065519684], [126.69102960792463, 37.452360427886404], [126.69038250457665, 37.45248495231248], [126.68975382444529, 37.45265943979273], [126.68914962097075, 37.452882210241576], [126.68857571205446, 37.45315111866079], [126.68803762406445, 37.4534635757814], [126.68754053863996, 37.453816572982035], [126.6870892428063, 37.45420671124376], [126.68668808288008, 37.454630233864016], [126.68650822135214, 37.45486484238337], [126.6861907594134, 37.454580715706875], [126.68570138603302, 37.45422093108941], [126.68517013806431, 37.45390111638562], [126.6846021313578, 37.453624351059645], [126.68400283551793, 37.45339330002255], [126.68337802125114, 37.45321018798671], [126.6827337048232, 37.453076778057294], [126.68207609015906, 37.45299435476659], [126.68141150914153, 37.45296371171392], [126.68074636068205, 37.45298514392986], [126.68008704914807, 37.45305844503795], [126.67943992273842, 37.45318290924116], [126.67881121239783, 37.45335733811397], [126.67820697185697, 37.45358005213501], [126.67763301937374, 37.453848906849196], [126.67709488173527, 37.45416131350469], [126.67659774105829, 37.45451426396596], [126.67614638489967, 37.454904359664226], [126.6757451601564, 37.45532784430685], [126.67539793119931, 37.455780640031676], [126.6751080426432, 37.4562583866588], [126.67487828711303, 37.45675648366276], [126.67471087831716, 37.45727013446123], [126.6746074296883, 37.45779439259479], [126.67456893879937, 37.45832420935334], [126.67459577770616, 37.45885448239088], [126.67468768931164, 37.45938010486088], [126.67484378978912, 37.45989601459902], [126.67506257704277, 37.4603972428797], [126.67525293312166, 37.460725478014616], [126.67478352982427, 37.4609979418817], [126.67428633259811, 37.461350881543126], [126.67383492283392, 37.46174096733003], [126.6734336479449, 37.462164443045346], [126.67315542426509, 37.46252720002882], [126.67298016051174, 37.4623703112645], [126.67249080138834, 37.4620104725555], [126.67195955631203, 37.46169059889081], [126.67139154110605, 37.46141377030211], [126.67079222545703, 37.46118265230942], [126.67016738026253, 37.46099947026952], [126.66952302208614, 37.46086598796136], [126.66886535525478, 37.460783490613856], [126.6682007121534, 37.46075277253909], [126.66753549229094, 37.4607741294897], [126.66687610072185, 37.46084735581368], [126.6662288864151, 37.46097174643382], [126.66560008116107, 37.461146103633], [126.66499573960365, 37.46136874857981], [126.66442168097275, 37.4616375374843], [126.66388343307679, 37.461949882228296], [126.66338617909356, 37.46230277527256], [126.66293470767029, 37.46269281860134], [126.66253336681342, 37.46311625642653], [126.66229134225087, 37.463431729843954], [126.66227801664553, 37.46341713828132], [126.66183531203927, 37.46302075837538], [126.66134600303022, 37.46266087414365], [126.66081480184167, 37.46234095092566], [126.66024682387481, 37.46206406923018], [126.6596475384582, 37.46183289508852], [126.6590227161986, 37.461649654397995], [126.65837837343919, 37.46151611150212], [126.65772071435862, 37.46143355221296], [126.65705607126738, 37.461402771438806], [126.65639084367425, 37.46142406553578], [126.65573143670817, 37.461497229456846], [126.65508419948608, 37.46162155872543], [126.6544553640188, 37.461795856214955], [126.65385098524077, 37.462018443668775], [126.65327688273983, 37.462287177850406], [126.65273858474643, 37.462599471168545], [126.65224127492017, 37.462952316579084], [126.65178974244549, 37.46334231652501], [126.6513883359162, 37.463765715636036], [126.65104092145262, 37.464218436874106], [126.65075084545519, 37.464696120777184], [126.65052090235336, 37.46519416742443], [126.65035330766148, 37.4657077807192], [126.65024967660236, 37.46623201456399], [126.65021100850595, 37.466761820483384], [126.65023767713508, 37.46729209623658], [126.65032942703324, 37.467817734951616], [126.65048537593199, 37.46833367430843], [126.65070402319634, 37.46883494529679], [126.65098326422917, 37.46931672007949], [126.65132041069741, 37.46977435849953], [126.65171221638727, 37.470203452782755], [126.65215490844041, 37.470599870005096], [126.65264422367154, 37.47095979191456], [126.65317544961816, 37.471279751723685], [126.65374346992775, 37.471556667517525], [126.65434281364446, 37.47178787195438], [126.65496770792114, 37.47197113797273], [126.65561213364707, 37.47210470025572], [126.65626988345515, 37.472187272246224], [126.65693462154834, 37.47221805854786], [126.65759994476696, 37.472196762592105], [126.65825944430725, 37.47212358949741], [126.6589067674947, 37.47199924409287], [126.6595356790149, 37.4718249241252], [126.6601401210107, 37.471602308714836], [126.66071427146485, 37.47133354217263], [126.66125260030415, 37.47102121333347], [126.66174992268353, 37.47066833060655], [126.66220144893614, 37.47027829298289], [126.66260283070734, 37.46985485728073], [126.66284487519744, 37.469539383800324], [126.66285820197834, 37.46955397529853], [126.66330094993245, 37.46995035146918], [126.66379031531962, 37.4703102278532], [126.66432158519376, 37.47063013810164], [126.66488964277868, 37.47090700077693], [126.66548901675911, 37.471138149049125], [126.66611393399592, 37.47132135639779], [126.6667583751569, 37.471454858071375], [126.66741613272607, 37.47153736809681], [126.66808087083152, 37.471568091674776], [126.6687461863134, 37.47154673284114], [126.66940567044256, 37.471473497320304], [126.67005297069306, 37.47134909054287], [126.67068185197175, 37.47117471084691], [126.67128625671313, 37.470952037928335], [126.6718603632592, 37.47068321665207], [126.67239864196013, 37.470370836380276], [126.67289590845436, 37.47001790601755], [126.67334737361384, 37.46962782501373], [126.67374868967285, 37.469204350604784], [126.67402693586722, 37.4688415928925], [126.67420221669211, 37.468998480140364], [126.67469162907771, 37.469358311981324], [126.6752229396773, 37.469678173737414], [126.67579103132194, 37.469954984438196], [126.6763904323678, 37.47018607775447], [126.67660680587957, 37.470249490688644], [126.67658706082544, 37.470263505732284], [126.67613560838504, 37.470653599228875], [126.67573429773843, 37.471077081710575], [126.67538699408395, 37.471529875336316], [126.67509704275628, 37.4720076199467], [126.67486723698562, 37.47250571503593], [126.67469979096494, 37.473019364040304], [126.67459631848635, 37.473543620517844], [126.67455781735353, 37.4740734357745], [126.67458465972197, 37.47460370747876], [126.67467658846236, 37.475129328796896], [126.67483271958406, 37.47564523757564], [126.67505155069702, 37.47614646509846], [126.67533097543311, 37.47662818394607], [126.67566830368946, 37.47708575449952], [126.67606028750068, 37.477514769637764], [126.67650315229186, 37.47791109719859], [126.67699263321292, 37.47827091979321], [126.67752401620436, 37.47859077159056], [126.67809218339974, 37.47886757171597], [126.6786916624273, 37.47909865394192], [126.67931667913537, 37.47928179238417], [126.67996121323289, 37.47941522295501], [126.68034793981435, 37.47946368594753], [126.68014450103135, 37.47955895323673], [126.67960618728861, 37.47987136791753], [126.67910888566004, 37.48022432553869], [126.67865738525244, 37.48061442746296], [126.67825603435226, 37.48103791733825], [126.67790869854586, 37.48149071725246], [126.677618723478, 37.4819684669858], [126.677388902608, 37.48246656598319], [126.67722145027486, 37.4829802176434], [126.67711798033217, 37.48350447549888], [126.67707949055986, 37.484034290842295], [126.67710635300466, 37.484564561341244], [126.67711858484815, 37.48463447772678], [126.67660818251537, 37.48452880914214], [126.67595030025323, 37.48444634899363], [126.67528544409446, 37.48441566835935], [126.67462001559814, 37.48443706263152], [126.67396042182648, 37.48451032579898], [126.67331301369428, 37.484634752430026], [126.67268402485729, 37.484809144461146], [126.67207951172638, 37.485031822725965], [126.67150529518304, 37.485300643114144], [126.670966904556, 37.485613017204805], [126.67046952439752, 37.48596593717664], [126.6700179445701, 37.48635600475502], [126.66961651412475, 37.486779463918765], [126.66926909941343, 37.48723223705176], [126.66897904684058, 37.487709964192334], [126.66874915061179, 37.48820804500325], [126.66858162579184, 37.48872168305867], [126.66847808693247, 37.48924593202241], [126.66843953247755, 37.48977574327302], [126.66846633509711, 37.49030601451783], [126.66855823804575, 37.490831638927695], [126.66871435758232, 37.49134755431964], [126.66893319142946, 37.49184879191352], [126.66921263319375, 37.492330524192994], [126.66954999260932, 37.49278811140965], [126.66994202141143, 37.493217146281786], [126.67038494459263, 37.49361349645692], [126.67087449674092, 37.49397334432818], [126.67140596311113, 37.49429322382078], [126.67197422503384, 37.494570053792955], [126.67257380922487, 37.49480116772938], [126.67319894051934, 37.49498433944007], [126.67384359752207, 37.49511780451656], [126.67396341252731, 37.49513282286522], [126.67395113095716, 37.49513518296103], [126.67332205501648, 37.4953095770485], [126.67271745849351, 37.49553225719696], [126.67214316307239, 37.495801079278124], [126.67160469884118, 37.49611345485502], [126.67110725106079, 37.49646637609217], [126.6706556102449, 37.496856444703035], [126.67025412603195, 37.497279904656665], [126.66990666529193, 37.49773267832951], [126.66961657487293, 37.49821040575492], [126.6693866493455, 37.49870848659301], [126.6692191040571, 37.49922212441786], [126.66911555375731, 37.499746372895544], [126.66907699700081, 37.50027618340936], [126.6691038064805, 37.500806453673725], [126.66919572538568, 37.501332076868906], [126.66935186982215, 37.501847990823556], [126.66957073727343, 37.50234922677124], [126.66985022102298, 37.50283095721135], [126.67018763040103, 37.503288542412996], [126.67057070547789, 37.50370771487143], [126.67032271079118, 37.50411609167569], [126.67009277107611, 37.50461417323362], [126.66992521664412, 37.505127811450535], [126.66982166233312, 37.505652059988776], [126.66980717911373, 37.50585108159009], [126.66965398129156, 37.50632069572546], [126.66955042328266, 37.50684494387839], [126.66951186499816, 37.5073747538957], [126.6695386791462, 37.50790502349655], [126.66963060887157, 37.5084306458676], [126.66978677017639, 37.50894655884539], [126.67000566038206, 37.509447793672805], [126.67028517255332, 37.50992952285992], [126.67062261574699, 37.51038710668784], [126.67101474089206, 37.51081613790715], [126.67145777205359, 37.51121248420021], [126.6719474427797, 37.5115723279972], [126.6724790371831, 37.51189220326221], [126.67304743536104, 37.51216902889386], [126.67364716271646, 37.512400138418364], [126.67425613273869, 37.51257852795833], [126.67367149253384, 37.512793811465954], [126.67309706702812, 37.513062635868955], [126.67255848133222, 37.51337501345562], [126.67206092187644, 37.5137279363714], [126.67160918024993, 37.51411800631397], [126.67120760706209, 37.514541467239866], [126.67086007004019, 37.51499424151652], [126.6705699167675, 37.515471969171706], [126.67033994242067, 37.51597004986365], [126.67017236281822, 37.51648368716798], [126.67006879304125, 37.517007934755945], [126.67003023183315, 37.51753774401947], [126.67005705193088, 37.51806801268504], [126.67014899642265, 37.51859363394824], [126.67030518116897, 37.51910954565623], [126.67052410326619, 37.51961077906403], [126.6708036554724, 37.520092506695235], [126.67114114645926, 37.52055008884576], [126.67133877552628, 37.52076628788321], [126.67113442223646, 37.520884795213284], [126.6706368056493, 37.52123771100788], [126.67018501069587, 37.52162777438076], [126.66978338849907, 37.52205122935191], [126.66943580725825, 37.52250399834623], [126.6691456149827, 37.522981721442555], [126.66891560722487, 37.52347979834311], [126.66874800012546, 37.52399343266019], [126.66864440903078, 37.524517678093936], [126.66860583288994, 37.5250474860571], [126.66863264458424, 37.52557775428873], [126.66872458728334, 37.52610337598867], [126.66888077686552, 37.526619288999825], [126.66909971038108, 37.527120524564666], [126.66937928047857, 37.52760225518595], [126.66971679565772, 37.52805984113071], [126.67010900615502, 37.52848887512891], [126.67055213521382, 37.52888522483576], [126.6710419154398, 37.52924507264826], [126.67157362989101, 37.52956495249144], [126.67214215750828, 37.529841783219545], [126.6727420224475, 37.53007289830932], [126.67336744683858, 37.530256071559165], [126.67401240646188, 37.53038953854533], [126.67467068880458, 37.53047201362842], [126.67533595293702, 37.53050270234551], [126.67600179062933, 37.53048130906829], [126.67666178811922, 37.53040803985317], [126.67730958793304, 37.53028360045582], [126.67793895016315, 37.53010918952915], [126.6785438126093, 37.52988648707078], [126.67911834920321, 37.52961763823114], [126.67965702615177, 37.529305232638976], [126.68015465525724, 37.52895227944389], [126.6806064438993, 37.52856217831683], [126.68100804119763, 37.52813868668865], [126.68135557990963, 37.52768588354316], [126.68164571366049, 37.52720813011395], [126.68187564914672, 37.52671002786445], [126.68204317300504, 37.52619637415651], [126.68214667308806, 37.5256721160352], [126.68218515394413, 37.52514230257532], [126.68215824635372, 37.52461203624905], [126.68206621083245, 37.52408642378334], [126.68190993506906, 37.523570526980414], [126.68169092532526, 37.523069313974936], [126.6814112918818, 37.52258761139718], [126.68107372867333, 37.52213005790243], [126.68087606768506, 37.521913874830744], [126.68108040871721, 37.52179535051475], [126.68157798068155, 37.52144239020833], [126.68202971599392, 37.521052282522064], [126.68243126428756, 37.52062878494985], [126.68277875879186, 37.52017597653258], [126.68306885355747, 37.51969821855447], [126.6832987556562, 37.51920011252261], [126.6834662520459, 37.51868645583514], [126.68356973084332, 37.51816219556572], [126.6836081968014, 37.517632380809744], [126.68358128084353, 37.51710211405182], [126.68348924356536, 37.51657650202302], [126.68333297267215, 37.51606060652136], [126.68311397437809, 37.51555939566899], [126.68283435885327, 37.51507769607552], [126.68249681985937, 37.51462014636757], [126.68210460877219, 37.514191152531815], [126.68166150324264, 37.5137948455008], [126.68117177079894, 37.51343504138964], [126.680640127741, 37.51311520476526], [126.68007169372343, 37.51283841530172], [126.6794719424643, 37.512607338141486], [126.67886295929115, 37.51242897534631], [126.67944758219701, 37.51221366591601], [126.68002197893551, 37.51194481024036], [126.68056052376741, 37.51163239805279], [126.6810580297677, 37.51127943856608], [126.68150970550181, 37.51088933151141], [126.68191120117676, 37.5104658343764], [126.68225865052842, 37.510013026197534], [126.68254870804199, 37.509535268256556], [126.68277858114755, 37.509037162060075], [126.68294605708165, 37.50852350500769], [126.6830495241574, 37.50799924417646], [126.68306397276835, 37.50780022061216], [126.68321709009697, 37.507330588241764], [126.68332055347987, 37.50680632702632], [126.68335901387967, 37.50627651129282], [126.68333210227257, 37.505746243535285], [126.68324007921156, 37.505220630494435], [126.68308383226413, 37.50470473397808], [126.6828648674133, 37.50420352211829], [126.68258529450647, 37.5037218215345], [126.6822478068943, 37.50326427086304], [126.6818646680392, 37.50284513549917], [126.68211259597082, 37.50243673357973], [126.68234244931448, 37.501938627415406], [126.68250991146311, 37.50142497021708], [126.68261337086223, 37.50090070906318], [126.68265183245043, 37.50037089305758], [126.68262492719202, 37.49984062469685], [126.68253291557846, 37.49931501072761], [126.68237668506666, 37.49879911296664], [126.68215774148092, 37.49829789955806], [126.68187819446362, 37.497816197136316], [126.68154073711582, 37.49735864435558], [126.68114862002659, 37.49692964723237], [126.6807056199412, 37.496533336731304], [126.68021600337232, 37.49617352900118], [126.67968448550407, 37.495853688644175], [126.6791161847858, 37.495576895370576], [126.67851657365236, 37.495345814359816], [126.67789142584517, 37.49516267061218], [126.67724676084022, 37.49502922753756], [126.67712694528015, 37.49501421251318], [126.67713922673667, 37.49501185208572], [126.6777682916703, 37.494837437525504], [126.67837286803824, 37.49461473125417], [126.67894713252885, 37.49434587845833], [126.67948555397072, 37.49403346880424], [126.6799829466275, 37.493680511479944], [126.68043452015633, 37.49329040619544], [126.6808359257483, 37.492866910420986], [126.6811832980065, 37.492414103179605], [126.68147329215795, 37.49193634574373], [126.6817031162422, 37.49143823961486], [126.68187055796689, 37.490924582191724], [126.68197400597359, 37.49040032055486], [126.68201246530991, 37.4898705038127], [126.68198556696112, 37.489340234469], [126.68197332988622, 37.4892703185799], [126.682483772348, 37.489375964370645], [126.68314170560512, 37.48945838866167], [126.68380661045879, 37.48948902562034], [126.68447208214198, 37.48946758011713], [126.68513171042008, 37.48939425871166], [126.68577914137795, 37.48926976766222], [126.68640813866297, 37.489095306119076], [126.68701264359198, 37.48887255456697], [126.68758683354199, 37.48860365862871], [126.68812517806005, 37.488291208386066], [126.68862249215117, 37.48793821341795], [126.68907398622966, 37.48754807379682], [126.68947531225223, 37.48712454732345], [126.68982260558855, 37.48667171331637], [126.690112522226, 37.48619393330553], [126.6903422709507, 37.48569580900958], [126.69050964019615, 37.48518213800195], [126.69061301930175, 37.484657867493695], [126.69065141397844, 37.4841280466784], [126.6906244558339, 37.48359777809874], [126.69053240586778, 37.48307216850316], [126.69037615190514, 37.482556279666206], [126.69015719999497, 37.48205507964594], [126.68987765985864, 37.4815733949479], [126.68954022452994, 37.48111586405561], [126.68914814438486, 37.480686892775], [126.68870519581225, 37.480290611821985], [126.68821564482805, 37.479930837061126], [126.68768420598435, 37.47961103277739], [126.68711599696942, 37.47933427833405], [126.68651648933502, 37.47910323853701], [126.6858914558262, 37.47892013799], [126.68524691481866, 37.47878673968731], [126.68486018825608, 37.478738292729695], [126.68506361895811, 37.478643017210025], [126.68560190153192, 37.47833057722581], [126.68609916040795, 37.477977591652675], [126.68655060653214, 37.47758746047237], [126.68695189232287, 37.4771639414042], [126.687299153537, 37.476711113695224], [126.68758904647075, 37.47623333881461], [126.68781878013806, 37.47573521843145], [126.68798614311677, 37.47522155008147], [126.68808952480606, 37.474697280950096], [126.68812793089124, 37.47416746021766], [126.68810099286945, 37.47363719042607], [126.68800897154587, 37.47311157833558], [126.68785275446908, 37.47259568574487], [126.68763384733238, 37.47209448074833], [126.68735435942536, 37.471612789899595], [126.68701698327857, 37.47115525174163], [126.68662496869781, 37.47072627215053], [126.68618209144041, 37.470329981922475], [126.68569261683558, 37.469970197011556], [126.68516125870002, 37.46965038180067], [126.68459313394501, 37.469373615758506], [126.68412456165613, 37.46919300082751], [126.68445572033184, 37.46895790180579], [126.68490711975976, 37.46856777577558], [126.68530836555334, 37.46814426118921], [126.68565559385439, 37.46769143725038], [126.6859454612758, 37.46721366539185], [126.68617517707669, 37.46671554725351], [126.68634253000651, 37.46620188034935], [126.68644590956058, 37.46567761185084], [126.68648432144415, 37.46514779093225], [126.68645739709794, 37.46461752013729], [126.68636539719483, 37.46409190623592], [126.6862092090765, 37.46357601104439], [126.68599033815683, 37.46307480268224], [126.6857108933763, 37.46259310773569], [126.68567077684291, 37.462538694812345], [126.68610787639358, 37.462228345885634], [126.6865592262414, 37.46183821252514], [126.68696042614854, 37.46141469131675], [126.68714030234464, 37.46118008253511], [126.68745779536266, 37.4614642067162], [126.68788192681399, 37.461775984910616], [126.68761343812403, 37.46212617176319], [126.68732360148478, 37.4626039484778], [126.68709390634864, 37.46310206943047], [126.68692656584314, 37.46361573780804], [126.68682319274397, 37.46414000698153], [126.68678478389731, 37.46466982813418], [126.68681171056932, 37.4652000988773], [126.68690371481816, 37.46572571238608], [126.68705991192516, 37.46624160658208], [126.68727879886394, 37.46674281288899], [126.68755826872786, 37.467224504091654], [126.68789563097847, 37.467682040837246], [126.68828763732212, 37.468111016330276], [126.68873051296609, 37.46850729879038], [126.689219992955, 37.4688670712633], [126.68975136323773, 37.46918686840083], [126.69031950606978, 37.469463609855], [126.6909189493137, 37.46969462996368], [126.69154391916231, 37.469877703441234], [126.69218839577589, 37.470011066826004], [126.69284617129645, 37.470093435477395], [126.6935109096788, 37.47012401595837], [126.6941762077604, 37.47010251368373], [126.69483565697988, 37.47002913576004], [126.6954829051479, 37.46990458899011], [126.69611171767366, 37.46973007306092], [126.69615248000886, 37.46971504471444], [126.69609809628574, 37.46999101073316], [126.69605974909581, 37.470520835108466], [126.69608674266811, 37.471051104005014], [126.69617881841693, 37.47157671061547], [126.69633509093521, 37.47209259292753], [126.69655405647049, 37.47259378247901], [126.69683360735915, 37.47307545221581], [126.69717105228239, 37.473532962991555], [126.69756314215005, 37.47396190826063], [126.69800610136473, 37.474358156533505], [126.69849566416575, 37.474717891185044], [126.69902711570396, 37.47503764723122], [126.69959533745167, 37.47531434471971], [126.70019485651086, 37.47554531841186], [126.70081989834357, 37.47572834346911], [126.70146444241611, 37.475861656896264], [126.70212228022032, 37.47594397453408], [126.70278707511066, 37.475974503437044], [126.70345242337983, 37.47595294951692], [126.70395242139496, 37.47589727915493], [126.70384625662086, 37.47612759332935], [126.70367899966382, 37.476641285300296], [126.70357572371475, 37.477165569130236], [126.7035374246853, 37.477695395860856], [126.70356447278506, 37.478225663049244], [126.70357747923428, 37.47829986023237], [126.70320323067192, 37.47847521653646], [126.70266501887869, 37.47878773754601], [126.70216783122372, 37.479140793637605], [126.7017164557174, 37.47953098522582], [126.70131523944464, 37.47995455509492], [126.70096804669636, 37.48040742456222], [126.70067822174076, 37.48088523273777], [126.70044855659233, 37.48138337850317], [126.70028126409127, 37.48189706480624], [126.7001779565524, 37.48242134484513], [126.7001396301919, 37.4829511696982], [126.7001666554829, 37.48348143694073], [126.70025877353498, 37.484007039781154], [126.70041509853452, 37.484522916243314], [126.70063412622423, 37.485024097921105], [126.70091374834243, 37.48550575783603], [126.70125127288479, 37.48596325693604], [126.70164344999456, 37.48639218878764], [126.7020865032342, 37.48678842203032], [126.70257616593744, 37.48714814018336], [126.70310772229267, 37.487467878421405], [126.70367605276239, 37.487744556963456], [126.7042756834009, 37.48797551075316], [126.70490083859497, 37.48815851514351], [126.70554549671841, 37.48829180733829], [126.70620344816385, 37.488374103382704], [126.70686835519042, 37.48840461053926], [126.70753381301004, 37.48838303492927], [126.70819341152183, 37.48830958436602], [126.70884079709774, 37.4881849663524], [126.70946973382276, 37.488010381262], [126.71007416359785, 37.48778751076998], [126.71064826452475, 37.487518501645056], [126.711186507009, 37.48720594505938], [126.71161244716578, 37.48690345813282], [126.71176509320159, 37.48725260085652], [126.71204479531505, 37.487734235154974], [126.71238239810022, 37.488191703169704], [126.7127746509465, 37.488620598766424], [126.71321777668639, 37.489016790933576], [126.7137075079548, 37.48937646358597], [126.71423912827923, 37.48969615233643], [126.71480751750546, 37.489972777880595], [126.71540720112134, 37.4902036756726], [126.71603240300286, 37.49038662160495], [126.71667710107373, 37.490519853444646], [126.71669207099204, 37.490521724416325], [126.71670393269224, 37.49075344497376], [126.7167961748711, 37.49127903569483], [126.71695262825911, 37.491794891106984], [126.71717178736256, 37.4922960430064], [126.71745154265406, 37.49277766470079], [126.7177892008463, 37.49323511750576], [126.71818151079493, 37.49366399543331], [126.71859460513734, 37.494033270010355], [126.7185677634881, 37.49404584872031], [126.71802950156844, 37.49435843837128], [126.7175322805482, 37.494711557853165], [126.71708088875984, 37.49510180697037], [126.71667967344594, 37.49552542795342], [126.71633249888934, 37.495978341627534], [126.71604270918421, 37.496456186677065], [126.71581309600694, 37.49695436162845], [126.71564587169847, 37.49746806914827], [126.71554264791831, 37.49799236223008], [126.71550442007724, 37.49852219182625], [126.71553155770074, 37.49905245546593], [126.7156238008176, 37.499578046391754], [126.71578026241048, 37.50009390274175], [126.71599943690728, 37.50059505630294], [126.7162792146328, 37.50107668036704], [126.71661690208414, 37.50153413622669], [126.71700924783549, 37.501963017864355], [126.71745247382472, 37.502359194402636], [126.71794231172116, 37.50271884990655], [126.71806316216303, 37.50279150400022], [126.71777171126044, 37.50292806664343], [126.71723338166143, 37.50324065144222], [126.71673609730166, 37.5035937663373], [126.71628464712349, 37.50398401117742], [126.7158833789318, 37.504407628234496], [126.71568855933508, 37.50466174865978], [126.71538220658488, 37.50492655844629], [126.71498092820796, 37.50535017225547], [126.71463369692249, 37.505803079556706], [126.71434385736913, 37.50628091909592], [126.71411420170472, 37.50677908945282], [126.71394694267983, 37.507292793338365], [126.71384369228883, 37.50781708378128], [126.71380544619939, 37.508346911759425], [126.7138325741134, 37.50887717481765], [126.71392481615379, 37.509402766204204], [126.71408128531434, 37.50991862405269], [126.71430047595064, 37.51041978013564], [126.71458027823266, 37.5109014077204], [126.71491799842148, 37.51135886806561], [126.71531038477649, 37.511787755110376], [126.7157536588448, 37.51218393792507], [126.71624355183289, 37.5125436005141], [126.71662728129066, 37.51277427290618], [126.7162833835645, 37.51307150865256], [126.71588206579668, 37.513495124507635], [126.71553480129545, 37.51394803347246], [126.71524493502169, 37.51442587427703], [126.71501525938994, 37.514924045489], [126.71484798734355, 37.51543774981117], [126.71474473100274, 37.51596204026813], [126.71470648609306, 37.51649186783759], [126.71473362230559, 37.517022130068355], [126.71482587968391, 37.5175477202166], [126.71498237107461, 37.51806357642776], [126.71520159061963, 37.51856473049005], [126.71548142821098, 37.51904635569018], [126.71581918977002, 37.51950381330957], [126.71621162315792, 37.519932697313465], [126.71665494946896, 37.52032887680133], [126.71714489940658, 37.52068853580944], [126.71767675439195, 37.52100821008145], [126.71824539201022, 37.521284820451825], [126.71884533535598, 37.52151570252037], [126.71947080580237, 37.52169863233058], [126.72011577868497, 37.5218318478044], [126.72077404136267, 37.52191406572598], [126.7214392530948, 37.521944494110414], [126.72210500615653, 37.52192283983802], [126.72276488760133, 37.52184931148017], [126.7234125410744, 37.521724617289536], [126.72404172807902, 37.52154995837411], [126.72464638810449, 37.521327017120775], [126.72522069703425, 37.52105794098049], [126.72575912327021, 37.52074532177164], [126.72625648103168, 37.52039217070136], [126.72670798031406, 37.520001889346204], [126.72710927302622, 37.51957823687248], [126.7274564948612, 37.519125293812465], [126.72774630249776, 37.51864742274641], [126.72797590577478, 37.518149226269614], [126.72814309452949, 37.51763550265016], [126.72824625984245, 37.517111199605075], [126.7282844094863, 37.51658136664036], [126.72825717743096, 37.516051106414594], [126.72816482731608, 37.51552552559451], [126.72800824985885, 37.51500968567624], [126.7277889542248, 37.51450855424539], [126.727509053446, 37.51402695714558], [126.72717124402932, 37.5135695320155], [126.72677877995278, 37.51314068364135], [126.72633544130142, 37.51274454155444], [126.72584549784605, 37.51238492028118], [126.72546174145887, 37.51215427752902], [126.7258055989808, 37.511857014556625], [126.72620685231564, 37.511433364138995], [126.72640165456467, 37.51117922645124], [126.72668142087792, 37.51093736211781], [126.72700042181096, 37.51117151150826], [126.72753225279264, 37.51149114162373], [126.72810085602782, 37.51176770458401], [126.72870075494201, 37.51199853644576], [126.72932617133627, 37.51218141373632], [126.72997108106684, 37.51231457488381], [126.73062927210108, 37.512396737195935], [126.7312944043888, 37.512427109223694], [126.73196007097079, 37.51240539839046], [126.73261985973409, 37.512331813812615], [126.73326741521721, 37.512207064284546], [126.73389649986797, 37.5120323514473], [126.73450105416224, 37.51180935820723], [126.73507525500254, 37.51154023251602], [126.73561357183252, 37.51122756666922], [126.73611081992584, 37.510874372323016], [126.73656221033468, 37.510484051470634], [126.73669198102186, 37.510347002751026], [126.73710837227972, 37.51065257412511], [126.73764024351638, 37.510972159187645], [126.7382088809926, 37.51124867387669], [126.73880880780361, 37.51147945471393], [126.73943424548142, 37.51166227871832], [126.74007916967697, 37.51179538483139], [126.7407373682181, 37.51187749089111], [126.74140250098212, 37.51190780599058], [126.74206816100524, 37.51188603810172], [126.74272793623774, 37.511812396890704], [126.74337547134863, 37.51168759169762], [126.7440045289822, 37.511512824699906], [126.74460904987487, 37.51128977932572], [126.74518321125126, 37.51102060402905], [126.74572148293564, 37.510707891583294], [126.74621868063686, 37.51035465409356], [126.7466700158931, 37.50996429396854], [126.74707114219382, 37.50954057113287], [126.74741819683557, 37.509087566796104], [126.74755652868693, 37.50885931315048], [126.74788321404233, 37.509216139551945], [126.74832664742743, 37.50961220200468], [126.74881668246108, 37.50997173116563], [126.7493485997434, 37.51029126402918], [126.74991727625807, 37.51056772279215], [126.75051723472383, 37.510798444515046], [126.75114269636738, 37.51098120678633], [126.75178763660844, 37.511114249142366], [126.75244584312006, 37.511196290035485], [126.75311097570267, 37.51122653918667], [126.75377662739416, 37.51120470520337], [126.75443638622515, 37.511130998388644], [126.7550838970228, 37.51100612871472], [126.75571292266594, 37.510831298980364], [126.75631740419944, 37.510608193218204], [126.75689151922751, 37.510338960464004], [126.75742973802134, 37.510026194044706], [126.75792687679984, 37.50967290658528], [126.75837814766919, 37.50928250097571], [126.75877920473961, 37.50885873757864], [126.759126185975, 37.50840569799412], [126.7591535668646, 37.50836050365347], [126.75922197003437, 37.50842158581173], [126.75971205040577, 37.50878107031683], [126.76024400660071, 37.50910055458291], [126.76081271522764, 37.50937696127496], [126.76141269869557, 37.50960762795509], [126.76203817798992, 37.509790332742135], [126.76268312836017, 37.50992331572629], [126.76334133738155, 37.510005295932004], [126.76400646483025, 37.510035483665064], [126.76467210379359, 37.51001358812473], [126.76533184242491, 37.50993982020723], [126.7659793257461, 37.50981489047357], [126.76660831690097, 37.50964000230124], [126.76721275726702, 37.50941684028588], [126.76778682484533, 37.509147554005224], [126.76832499036468, 37.50883473730186], [126.76882207055758, 37.50848140328509], [126.76927327809506, 37.50809095529329], [126.76967426769784, 37.507667154097234], [126.77002117798008, 37.50721408166086], [126.7703106686227, 37.50673610180958], [126.77053995251872, 37.50623781818535], [126.77070682258207, 37.50572402989437], [126.77076559308858, 37.505424411161606], [126.77079120013865, 37.50546842277243], [126.77112924218083, 37.505925726211096], [126.77152192540555, 37.50635443003166], [126.77196546849791, 37.50675040506853], [126.77245560007043, 37.50710983732708], [126.77298759979222, 37.507429264735], [126.7735563438518, 37.50770561050502], [126.77415635431643, 37.50793621278615], [126.77478185191109, 37.50811885031769], [126.7754268117086, 37.50825176383788], [126.7760850211932, 37.508333673040525], [126.77675014013649, 37.50836378891557], [126.77741576170774, 37.508341821354726], [126.77807547422793, 37.50826798194822], [126.77872292297077, 37.50814298194593], [126.77935187141341, 37.50796802540237], [126.77995626134526, 37.50774479757196], [126.78053027125372, 37.50747544866651], [126.78106837242356, 37.50716257313186], [126.78154789614663, 37.506821617837865], [126.7818346532596, 37.5071346031447], [126.78227825601219, 37.50753054001672], [126.78276844277553, 37.50788992999948], [126.78330049268659, 37.508209311427855], [126.78386928145007, 37.508485607957425], [126.78446933070214, 37.50871615821157], [126.7850948607937, 37.50889874143085], [126.78573984648432, 37.50903159887676], [126.78639807500845, 37.5091134507834], [126.78706320595417, 37.509143508692844], [126.78772883237498, 37.50912148305536], [126.78838854254522, 37.509047586020806], [126.78903598176129, 37.50892252939433], [126.78966491359229, 37.508747517776115], [126.79026927998788, 37.508524236951224], [126.7908432596626, 37.50825483764205], [126.79133337774698, 37.507969799262135], [126.7914595949087, 37.50825762866714], [126.79173988817578, 37.50873907873107], [126.79207807341933, 37.50919632342741], [126.79247089441627, 37.50962495877094], [126.79291456852381, 37.510020856255345], [126.7934048230917, 37.510380202632646], [126.7939369366033, 37.510699536657654], [126.79450578415022, 37.51097578244251], [126.79510588680186, 37.51120627909941], [126.79573146439435, 37.51138880638521], [126.79637649122928, 37.51152160610036], [126.79703475414445, 37.51160339903518], [126.79769991239633, 37.51163339729998], [126.79836555877526, 37.51161131191976], [126.7990252813632, 37.51153735562006], [126.799672725337, 37.511412240777155], [126.80030165422006, 37.511237172552185], [126.80090600999063, 37.51101383727566], [126.80147997146587, 37.51074438619462], [126.80201801039789, 37.51043141473932], [126.80251494474005, 37.51007793750976], [126.80296598856975, 37.5096873592237], [126.8033667981862, 37.50926344190664], [126.80371351393873, 37.50881026864062], [126.80400279738332, 37.5083322042216], [126.80423186340998, 37.50783385310535], [126.80439850703206, 37.50732001504727], [126.8044750596004, 37.50692883178281], [126.80453162492009, 37.50724889835528], [126.80468871536348, 37.50776464273465], [126.80490850849637, 37.50826563702135], [126.80518888868326, 37.50874705603869], [126.80552715661585, 37.50920426305211], [126.80592005527402, 37.509632854439076], [126.80636380126644, 37.51002870211646], [126.8068541212498, 37.51038799331592], [126.80738629307673, 37.51070726732369], [126.80795519127655, 37.51098344883003], [126.80855533643017, 37.51121387756634], [126.80918094796391, 37.511396333943885], [126.80982599985188, 37.5115290604463], [126.81048427869031, 37.51161077856936], [126.81114944358211, 37.511640701144245], [126.81181508725356, 37.51161853992533], [126.8124747978128, 37.51154450836893], [126.81312222055261, 37.51141931957651], [126.81375111920131, 37.51124417942173], [126.81435543602875, 37.51102077492819], [126.8149293502277, 37.51075125800979], [126.81546733400617, 37.51043822473104], [126.81596420584938, 37.51008469028745], [126.81641518043745, 37.50969405994786], [126.81681591473702, 37.509270096239035], [126.81716254982351, 37.50881688268964], [126.81745174803048, 37.50833878448345], [126.81768072506928, 37.50784040640133], [126.81784727681084, 37.50732654845805], [126.81794980047232, 37.50680215966168], [126.81798731000661, 37.50627229034131], [126.81795944554817, 37.50574204350279], [126.81786647682591, 37.50521652568115], [126.81770930051262, 37.50470079776314], [126.81748943153829, 37.50419982625333], [126.81720898845296, 37.50371843545311], [126.81687067298213, 37.50326126101269], [126.81647774397271, 37.502832705302815], [126.81603398598247, 37.502436895035586], [126.81554367281579, 37.50207764154168], [126.81501152635805, 37.50175840408587], [126.81444267110504, 37.50148225657322], [126.81384258482535, 37.50125185796597], [126.81321704583029, 37.50106942669502], [126.81257207735803, 37.50093671931187], [126.81191388960674, 37.500855013586055], [126.81124881997313, 37.50082509620993], [126.81058327207013, 37.50084725522938], [126.80992365410937, 37.50092127727255], [126.80927631723942, 37.501046449603635], [126.80864749443218, 37.50122156698152], [126.80804324050317, 37.501444943257944], [126.80746937384247, 37.501714427603346], [126.80693142041524, 37.50202742520501], [126.80643456056981, 37.50238092223843], [126.80598357916512, 37.50277151487247], [126.80558281949634, 37.50319544202935], [126.80523614146306, 37.503648621585036], [126.80494688438212, 37.50412668966218], [126.80471783480466, 37.50462504263771], [126.80455119964739, 37.5051388814617], [126.80447464945124, 37.5055300649158], [126.80441808555618, 37.505209998238826], [126.80426100205584, 37.50469425335001], [126.8040412233631, 37.50419325770555], [126.80402049950786, 37.5041576713629], [126.80399913802081, 37.50408753437885], [126.80393851381484, 37.503744473700294], [126.80378143653502, 37.503228728110365], [126.80356166520241, 37.5027277315253], [126.80328131742716, 37.502246308488346], [126.80294309401734, 37.50178909496048], [126.8025502529339, 37.50136049368912], [126.80210657788852, 37.500964631825305], [126.80161634188752, 37.5006053211967], [126.80108426607387, 37.500286021618294], [126.80051547426378, 37.50000980759338], [126.79991544361565, 37.49977933872452], [126.79928995190555, 37.49959683411906], [126.79864502191694, 37.49946405103445], [126.79798686347783, 37.49938226796884], [126.7973218137029, 37.49935227235904], [126.79665627601406, 37.49937435300393], [126.79599665852463, 37.49944829728603], [126.79534931237855, 37.499573393217936], [126.79472047063669, 37.49974843629395], [126.79411618829667, 37.49997174108097], [126.79354228402158, 37.500241157437635], [126.79300428413826, 37.50055409120575], [126.7927555375586, 37.500731016596575], [126.79239413669215, 37.500336622637235], [126.7919505218528, 37.49994072316579], [126.79146034181447, 37.49958137088934], [126.79092831718174, 37.49926202602394], [126.7903595712785, 37.49898576350895], [126.78975958082151, 37.49875524341381], [126.78913412320033, 37.498572685339], [126.78848922087047, 37.498439847056694], [126.78783108339391, 37.49835800759636], [126.78716604768375, 37.498327954937615], [126.78650051702652, 37.49834997842844], [126.78584089946786, 37.49842386600144], [126.78519354615231, 37.49854890621507], [126.7845646902096, 37.498723895099886], [126.7839603867738, 37.49894714774449], [126.78338645471085, 37.49921651450939], [126.78284842061471, 37.499529401713836], [126.7823689499021, 37.49987036325073], [126.78208221782651, 37.49955737912301], [126.78163866260914, 37.49916144148296], [126.7811485377225, 37.49880204693144], [126.78061656324056, 37.498482656091575], [126.78004786200475, 37.49820634434543], [126.77944791030224, 37.49797577223643], [126.7788224851498, 37.4977931598658], [126.77817760869068, 37.497660265528374], [126.77751949023802, 37.49757836879319], [126.77685446652191, 37.497548258191124], [126.77618894071354, 37.497570223627875], [126.77552932081184, 37.49764405359482], [126.7748819579838, 37.49776903720487], [126.77425308545058, 37.49794397103342], [126.77364875850573, 37.498167170699], [126.77307479624118, 37.49843648707216], [126.77253672554124, 37.498749326957245], [126.77203972788202, 37.49910267804824], [126.77158858944777, 37.499493137919366], [126.77118765504413, 37.49991694677139], [126.77084078625158, 37.50037002361989], [126.77055132422232, 37.50084800557705], [126.77032205747962, 37.50134628984984], [126.77015519503024, 37.50186007805072], [126.77009642511979, 37.50215969666328], [126.77007081957802, 37.50211568489351], [126.76973280083628, 37.50165837838143], [126.76934015209268, 37.50122966864102], [126.76889665520825, 37.50083368386825], [126.7684065814753, 37.500474237074606], [126.76787465047592, 37.50015478938635], [126.76730598463341, 37.49987841673283], [126.76670605989459, 37.49964778024387], [126.76608065301708, 37.4994651006404], [126.76543578596849, 37.499332136864446], [126.76477766797156, 37.49925016915338], [126.76411263575213, 37.499219986721236], [126.7634470925632, 37.49924188016509], [126.76278744657095, 37.49931563866924], [126.76214004919332, 37.499440552034436], [126.76151113398387, 37.49961541751225], [126.76090675664648, 37.49983855137915], [126.7603327367579, 37.50010780513914], [126.75979460175672, 37.50042058619938], [126.75929753373758, 37.50077388282031], [126.75884631956164, 37.50116429310067], [126.7584453047633, 37.501588057718905], [126.75809835169665, 37.502041096116734], [126.75807097254734, 37.502086290278726], [126.7580025760202, 37.50202520746068], [126.75751254758435, 37.50166571601465], [126.75698065545944, 37.50134621973694], [126.75641202169501, 37.50106979502475], [126.7558121219294, 37.500839103509044], [126.75518673268016, 37.500656366440495], [126.75454187574542, 37.50052334331422], [126.7538837602508, 37.50044131493891], [126.75321872289807, 37.50041107111251], [126.75255316698973, 37.50043290302295], [126.75189350081428, 37.50050660044682], [126.75124607598386, 37.50063145377279], [126.75061712631596, 37.50080626083034], [126.75001270784598, 37.501029338458295], [126.74943864054627, 37.501298538702066], [126.74890045231149, 37.50161126948407], [126.74840332574831, 37.50196451954888], [126.74795204828112, 37.50235488744353], [126.7475509660533, 37.502778614254765], [126.74720394206769, 37.50323161978849], [126.74706561982798, 37.503459873338464], [126.74673896301924, 37.50310304464494], [126.74629557603917, 37.50270697630749], [126.74580560016823, 37.50234743689527], [126.74527375404722, 37.50202788842638], [126.7447051592832, 37.50175140780056], [126.74410529113948, 37.50152065718707], [126.74347992582956, 37.501337858405485], [126.74283508492138, 37.501204771544955], [126.74217697738649, 37.50112267802765], [126.7415119398502, 37.5010923682785], [126.74084637561675, 37.501114134119966], [126.74018669305478, 37.50118776596454], [126.73953924393393, 37.50131255483208], [126.7389102623054, 37.50148729917255], [126.73830580451194, 37.501710316428465], [126.73773169090404, 37.50197945922645], [126.73719344982175, 37.50229213604195], [126.73669626438014, 37.50264533613919], [126.73624492256997, 37.50303565854639], [126.73611516396302, 37.50317270707386], [126.73569881783298, 37.50286713231654], [126.7351670119308, 37.502547538801366], [126.7345984513748, 37.50227100991495], [126.73399861109935, 37.50204020829117], [126.73337326704991, 37.50185735624064], [126.73272844059008, 37.50172421436532], [126.73207034055244, 37.50164206461687], [126.73140530349028, 37.50161169796147], [126.73073973270327, 37.50163340676928], [126.73008003662306, 37.50170698200177], [126.72943256714942, 37.5018317152237], [126.72880355852915, 37.50200640542062], [126.72819906736464, 37.50222937055628], [126.72762491432731, 37.502498463759], [126.72708662813643, 37.50281109398178], [126.72658939234097, 37.50316425093737], [126.72616456688012, 37.5035315602294], [126.7258456006899, 37.503297408672815], [126.72572474175857, 37.50322476245438], [126.72601617968314, 37.50308818004453], [126.72655447226188, 37.50277555478668], [126.72705170560906, 37.502422397928065], [126.7275030909185, 37.50203211110065], [126.72790428119657, 37.50160845352307], [126.72825141312259, 37.501155505776424], [126.72854114424067, 37.50067763048575], [126.72877068512582, 37.50017943028674], [126.72893782621529, 37.49966570348311], [126.72904095904764, 37.49914139782233], [126.72907909170715, 37.49861156283546], [126.72905185832609, 37.498081301200486], [126.72895952255563, 37.49755571959774], [126.72880297497368, 37.49703987953094], [126.72858372445687, 37.49653874858727], [126.72830388360181, 37.49605715260588], [126.72796614833749, 37.49559972921489], [126.72757377192706, 37.495170883184095], [126.72727494710638, 37.4949038125666], [126.72765935902024, 37.4947970478959], [126.72826379143797, 37.49457408459385], [126.72883788106239, 37.49430498722583], [126.72937609840851, 37.49399234781421], [126.72987325970807, 37.49363917776024], [126.73032457684904, 37.49324887882278], [126.73072570349437, 37.492825210336946], [126.73107277693614, 37.49237225298868], [126.73136245528161, 37.4918943694953], [126.7315919496138, 37.4913961625713], [126.73175905081787, 37.49088243058498], [126.73186215081608, 37.49035812133357], [126.7319002580084, 37.48982828438259], [126.73187300677176, 37.489298022428784], [126.73178066092872, 37.48877244215553], [126.73162411115355, 37.48825660505367], [126.73140486634347, 37.48775547868184], [126.73112503903943, 37.487273888835205], [126.7307873250395, 37.48681647308289], [126.73039497740159, 37.4863876361212], [126.72995177508865, 37.48599150737203], [126.72946198655808, 37.48563190123382], [126.72893032864751, 37.48531228036762], [126.72836192115254, 37.48503572237053], [126.72776223753435, 37.48480489015704], [126.727454129266, 37.48471476057295], [126.72689322833557, 37.48449885063701], [126.72626804776863, 37.48431596225635], [126.7256233848619, 37.484182783026405], [126.72496544687417, 37.48410059525859], [126.72468482208248, 37.484087762704085], [126.7245665351043, 37.483697851747976], [126.72434735045776, 37.48319671257034], [126.72406758524394, 37.482715106334645], [126.72372993466298, 37.482257670768085], [126.72333765116225, 37.481828810757975], [126.72289451308725, 37.4814326559483], [126.72240478827715, 37.481073020988646], [126.72187319295622, 37.48075336881767], [126.7213048463178, 37.480476777334], [126.72070522123747, 37.48024590977457], [126.72008009158971, 37.480062989085056], [126.7194354766749, 37.4799297765284], [126.71877758328999, 37.47984755473683], [126.7181127459997, 37.47981711537007], [126.71744736618145, 37.47983875149816], [126.7167878504291, 37.47991225478205], [126.71650011248475, 37.479967670233236], [126.71657017272025, 37.47985211786353], [126.7167997265251, 37.47935393935908], [126.71696690037129, 37.478840228095336], [126.71707008548043, 37.47831593167026], [126.71710828943182, 37.477786099526185], [126.7170811456696, 37.47725583431408], [126.71698891698054, 37.4767302427491], [126.71683249291004, 37.47621438643138], [126.71661338114436, 37.475713233105154], [126.71633369294311, 37.47523160882566], [126.71599612276462, 37.47477415149413], [126.71560392228216, 37.47434526620776], [126.71516086904194, 37.47394908285414], [126.71467123006641, 37.47358941635793], [126.71413972075378, 37.47326972996163], [126.71357145946955, 37.47299310189356], [126.71297191826787, 37.472762195742995], [126.71234687021614, 37.47257923482726], [126.71170233382956, 37.472445980796586], [126.71104451514944, 37.47236371668246], [126.71037974802168, 37.47233323455203], [126.70971443314856, 37.47235482788694], [126.70921446261644, 37.47241052298618], [126.70922328595157, 37.47239137730167], [126.70983567657906, 37.472273463166445], [126.71046447705696, 37.472098870763794], [126.71106877495534, 37.471875993090634], [126.71164274964673, 37.47160697698466], [126.71218087275301, 37.47129441368495], [126.71267796141309, 37.47094131385919], [126.71312922821372, 37.47055107858941], [126.71353032730164, 37.47012746659712], [126.71387739623302, 37.46967455802394], [126.71416709315696, 37.46919671511731], [126.71439662897595, 37.46869854020083], [126.71456379417376, 37.46818483133468], [126.71466698005457, 37.46766053609367], [126.71470519418953, 37.46713070390876], [126.71467806992399, 37.466600437431325], [126.71458586985618, 37.46607484338883], [126.7144294832553, 37.4655589834054], [126.71421041744605, 37.465057825260736], [126.713930783245, 37.464576195056665], [126.71359327459012, 37.464118730751665], [126.71320114256184, 37.46368983751032], [126.71275816404707, 37.463293645297085], [126.71226860534865, 37.46293396912213], [126.7117371810918, 37.46261427232139], [126.71116900882329, 37.462337633223555], [126.71078357959868, 37.462189160022874], [126.71111850266206, 37.46217828524728], [126.71177786727851, 37.46210481168001], [126.7124250204527, 37.46198017083182], [126.71305372850945, 37.46180556329611], [126.71365793555346, 37.46158267096396], [126.71423182183278, 37.46131364081409], [126.71476985982122, 37.46100106422074], [126.71526686747775, 37.46064795197941], [126.71563791097664, 37.46032702713337], [126.71566593839634, 37.460343887185225], [126.71623411266438, 37.46062050476922], [126.71683356789825, 37.460851393851996], [126.71745853017453, 37.46103433041041], [126.71810297972596, 37.46116755230216], [126.71876070895505, 37.46124977625007], [126.71942538226249, 37.46128021021156], [126.72009059711291, 37.46125856101325], [126.72074994574719, 37.46118503717754], [126.72139707694569, 37.46106034691315], [126.72202575724516, 37.46088569128962], [126.72262993101799, 37.46066275266138], [126.72320377883304, 37.460393678453144], [126.72374177353501, 37.46008106046358], [126.72423873350026, 37.45972790988696], [126.72468987255563, 37.45933762829388], [126.72509084607871, 37.458913974851754], [126.72543779283532, 37.458461030101084], [126.72572737215144, 37.4579831566373], [126.72588359302163, 37.457643920033824], [126.72610552626857, 37.45794466803768], [126.72649770334355, 37.45837351935939], [126.72694072670032, 37.45876966087978], [126.72743032995878, 37.45912927700194], [126.7279617978786, 37.45944890388373], [126.72853001177319, 37.459725462817346], [126.72912949881916, 37.45995628989912], [126.72975448478627, 37.46013916170327], [126.73039894967869, 37.46027231671138], [126.73105668575093, 37.46035447229083], [126.73172135733762, 37.460384837057745], [126.73238656191994, 37.4603631185056], [126.73304589183775, 37.46028952582502], [126.73369299605191, 37.46016476788814], [126.73432164135943, 37.459990046416564], [126.7349257724701, 37.45976704439916], [126.73549957036424, 37.45949790987135], [126.73603750836786, 37.45918523521292], [126.73653440540404, 37.45883203216394], [126.7369854759064, 37.45844170280041], [126.73738637591329, 37.458018006749754], [126.73773324489919, 37.45756502496266], [126.73802274293963, 37.457087120391094], [126.73825208285291, 37.456588895951896], [126.73841905700972, 37.45607515018145], [126.738522058554, 37.45555083100918], [126.73856009683175, 37.455020988095754], [126.73853280688128, 37.45449072419509], [126.73844045289553, 37.45396514600912], [126.73828392562488, 37.453449315008584], [126.73827027127736, 37.453418098653025], [126.73855362956954, 37.45336345068071], [126.7391822068089, 37.45318870239814], [126.73978626885356, 37.4529656745139], [126.74035999734949, 37.45269651531256], [126.74089786629153, 37.45238381741143], [126.74139469526823, 37.452030592774385], [126.74184569936894, 37.451640243685226], [126.74224653527182, 37.45121652996114], [126.74259334306875, 37.450763532722895], [126.7428827834246, 37.45028561507106], [126.74311206971309, 37.44978738004825], [126.74327899482127, 37.449273626292566], [126.74338195236508, 37.44874930181014], [126.7434199521139, 37.44821945631259], [126.74339262947672, 37.447689192578565], [126.7433002489608, 37.447163617308235], [126.74314370157143, 37.44664779194416], [126.74292449618002, 37.44614668393199], [126.74264474494537, 37.44566511889029], [126.74230714293053, 37.44520773414969], [126.74191494211306, 37.44477893410841], [126.74147192004042, 37.44438284783338], [126.74098234343326, 37.444023289314806], [126.74045092708785, 37.443703720755984], [126.73988278847357, 37.44342721925113], [126.73928339846279, 37.44319644717158], [126.73865852866696, 37.4430136265444], [126.73801419588516, 37.442880517669806], [126.737356604199, 37.442798402182355], [126.73669208526971, 37.4427680707188], [126.7360270374111, 37.442789815310654], [126.73536786402269, 37.442863426574874], [126.73472091197438, 37.442988195729036], [126.73409241053363, 37.443162921412245], [126.73348841142173, 37.44338592124592], [126.7329147305742, 37.443655048023466], [126.73237689216512, 37.44396771037357], [126.73188007543254, 37.44432089769859], [126.73142906481665, 37.44471120914859], [126.73102820388961, 37.44513488635286], [126.73068135352119, 37.445587849594034], [126.73039185468255, 37.446065737078044], [126.7301624962474, 37.44656394692161], [126.72999548810134, 37.44707768145427], [126.7298924398194, 37.44760199340858], [126.72985434511928, 37.4481318335544], [126.72988157224091, 37.44866209931876], [126.72997386034766, 37.44918768392345], [126.73013032198543, 37.44970352556719], [126.73014397228518, 37.44973474283763], [126.72986062196283, 37.449789370762524], [126.72923205249057, 37.44996406963731], [126.72862798434755, 37.450187043604], [126.7280542341336, 37.450456145705076], [126.7275163266904, 37.450768784806954], [126.72701944192046, 37.45112195053594], [126.72656836491883, 37.451512242250224], [126.72616743989681, 37.451935901769254], [126.72582052834127, 37.4523888495462], [126.72553097181267, 37.45286672393611], [126.72537475967583, 37.45320596043938], [126.72515284304825, 37.45290521101333], [126.724760701736, 37.4524763552406], [126.72431772656095, 37.45208020567367], [126.72382818379306, 37.45172057691218], [126.72329678790358, 37.45140093183571], [126.72272865616561, 37.45112434827511], [126.72212925938597, 37.450893489391554], [126.72150436924169, 37.450710578047655], [126.720860002728, 37.45057737541674], [126.72020236425139, 37.45049516403578], [126.71953778592346, 37.45046473546446], [126.71887266662974, 37.45048638266894], [126.71821341045704, 37.45055989720354], [126.71756636507178, 37.45068457121692], [126.71693776063942, 37.45085920426405], [126.71633364987214, 37.45108211485813], [126.71575984977974, 37.45135115665174], [126.71522188568356, 37.45166373909192], [126.7147249380311, 37.452016852350546], [126.71435393237489, 37.452337775200455], [126.71432590821108, 37.452320914852045], [126.71375780338008, 37.45204428850125], [126.71315842769629, 37.45181338438103], [126.71253355263391, 37.451630425789475], [126.71188919504326, 37.451497174354685], [126.71123155924498, 37.45141491308339], [126.7105669773251, 37.45138443401543], [126.7099018482036, 37.45140603060308], [126.70924257606195, 37.45147949488777], [126.7085955087201, 37.45160411950185], [126.70796687655476, 37.451778704475814], [126.70736273254475, 37.4520015687856], [126.70678889401968, 37.45227056652938], [126.70625088667055, 37.45258310757826], [126.70575995064826, 37.45293187790266], [126.70549139187511, 37.45280108392491], [126.70547112203919, 37.45279327355225], [126.7054338996385, 37.452765918635116], [126.70509872375203, 37.45256422521438], [126.70558856477109, 37.452216235950154], [126.70603975364378, 37.451826025659464], [126.70644079037201, 37.45140243571147], [126.7067878131118, 37.450949546035154], [126.70707748045619, 37.450471718695745], [126.70730700359142, 37.44997355586679], [126.70747417312224, 37.449459855491966], [126.70757738030979, 37.44893556506434], [126.70761563251861, 37.44840573396861], [126.70758856272616, 37.44787546484585], [126.70749643300479, 37.44734986444925], [126.70734013194507, 37.446833994464434], [126.70712116604699, 37.446332822767786], [126.70684164516413, 37.44585117559205], [126.70650426214253, 37.445393691059614], [126.70611226685251, 37.444964774530256], [126.70566943486402, 37.44456855619315], [126.70563511548792, 37.4445433321135], [126.70567056821491, 37.444497060527645], [126.70596021699382, 37.44401923520446], [126.70618972701122, 37.44352107386402], [126.7063568889978, 37.4430073744356], [126.70646009428698, 37.44248308440316], [126.70649835026116, 37.44195325314753], [126.70647128986101, 37.44142298331139], [126.7063791750681, 37.44089738165483], [126.70622289432875, 37.440381509875685], [126.7060039539469, 37.439880335867706], [126.70572446353009, 37.43939868588599], [126.70538711563076, 37.43894119808008], [126.70499515978075, 37.438512277841426], [126.70455237117014, 37.438116055395], [126.70409723034584, 37.43778149727284], [126.70442833548283, 37.437349323639005], [126.70471796373029, 37.43687150056021], [126.70494745925009, 37.436373340877466], [126.70511461291215, 37.43585964250405], [126.70521781612956, 37.4353353529137], [126.70525607630422, 37.434805521483], [126.7052290263359, 37.43427525085632], [126.70513692810513, 37.43374964780142], [126.70498066989835, 37.433233774029695], [126.70476175780206, 37.43273259745415], [126.70448230115107, 37.43225094435478], [126.70414499217236, 37.43179345291124], [126.70375308002276, 37.43136452855016], [126.7033103394714, 37.430968301536375], [126.70325824237317, 37.430930002422535], [126.70370954720204, 37.43060930637729], [126.70416061394009, 37.430219100460995], [126.70456154363242, 37.42979551414569], [126.70490847546532, 37.42934262732499], [126.70519806890664, 37.42886480203627], [126.70542753585327, 37.42836664043305], [126.70559466745, 37.42785294044694], [126.7056978553219, 37.42732864956715], [126.70573610701813, 37.426798817182636], [126.70570905551962, 37.42626854594687], [126.70561696272105, 37.42574294263353], [126.70546071685605, 37.42522706895648], [126.70524182389174, 37.424725892827915], [126.70496239297825, 37.42424424052357], [126.70462511609429, 37.42378675021557], [126.70423324208735, 37.423357827319755], [126.70379054535903, 37.422961602086986], [126.70330128949853, 37.42260188984627], [126.70277018621532, 37.42228215428164], [126.70220234996616, 37.422005474095776], [126.701603248714, 37.421774513380626], [126.70097865129186, 37.42159149597954], [126.70033457187822, 37.42145818408715], [126.6996772121168, 37.42137586129233], [126.69927964145114, 37.42135758380233], [126.69963436031729, 37.42098281430385], [126.69998127993551, 37.420529941147386], [126.70027086950829, 37.42005212719269], [126.70050034096926, 37.41955397448404], [126.70066748541903, 37.41904028086744], [126.70077069435831, 37.418515993770754], [126.70080897513269, 37.41798616254662], [126.7007819604424, 37.41745588983751], [126.7006899118271, 37.4169302824314], [126.7005337170944, 37.4164144020818], [126.70031488171855, 37.41591321676539], [126.7000355142948, 37.4154315528466], [126.6996983061902, 37.41497404860965], [126.69930650558979, 37.41454510960474], [126.69886388618828, 37.41414886623809], [126.69837471083042, 37.413789134013534], [126.69784369045064, 37.41346937680771], [126.69727593870779, 37.41319267353187], [126.6966769227514, 37.412961688500424], [126.6960524105937, 37.412778645790894], [126.6954084155926, 37.41264530784165], [126.69477525353378, 37.412565979890175], [126.69478018997866, 37.41249772542183], [126.69475321908246, 37.41196745136527], [126.69466121869883, 37.41144183935044], [126.69450507617056, 37.41092595117541], [126.69428629646904, 37.41042475489242], [126.69400698765318, 37.40994307697179], [126.69366984052569, 37.40948555583277], [126.69327810268437, 37.409056597188496], [126.6928355472198, 37.40866033163451], [126.6923464363612, 37.408300574888464], [126.69181548042226, 37.40798079106324], [126.69124779244156, 37.40770405932647], [126.69064883895508, 37.40747304426667], [126.6900243873739, 37.40728997025059], [126.68938045047305, 37.40715660001794], [126.68872322852494, 37.40707421771937], [126.68805904963315, 37.407043616559875], [126.68739430883956, 37.40706509116691], [126.68696165885646, 37.40711325064208], [126.68718771000871, 37.406740335284454], [126.68741722541387, 37.406242207400155], [126.687584427617, 37.405728531836324], [126.68768770756138, 37.405204255847224], [126.68772607190776, 37.404674428678824], [126.68769915255051, 37.40414415293488], [126.68760721011039, 37.40361853543308], [126.68745113137172, 37.40310263802459], [126.68723242069126, 37.402601428850865], [126.686953185463, 37.402119734506606], [126.68661611578091, 37.40166219356951], [126.68622445849707, 37.40123321194362], [126.68578198592637, 37.40083692044604]], [[126.70032621643517, 37.46423215998421], [126.70023411965833, 37.463706555725324], [126.70007783665675, 37.46319067773531], [126.69994109146009, 37.462877682730756], [126.70021853194982, 37.46293507882369], [126.70087625523833, 37.46301740225224], [126.7015409351108, 37.46304793690467], [126.70220616896854, 37.46302638863739], [126.70286554886927, 37.462952965000134], [126.70310839624959, 37.46290621333479], [126.7035103289284, 37.462861454350616], [126.70377394510379, 37.46281070277412], [126.70366104609629, 37.46287627486066], [126.70316396979878, 37.46322933735624], [126.70271269658434, 37.46361953495632], [126.70231157255273, 37.464043110387], [126.70196446110634, 37.464495984911736], [126.70167470572989, 37.46497379759153], [126.70154242979707, 37.46526077986802], [126.7009300843321, 37.46537865166734], [126.70030131917602, 37.46555319391933], [126.70026055992048, 37.46556822374344], [126.70031492487523, 37.46529225538946], [126.70035323871276, 37.46476242878904], [126.70032621643517, 37.46423215998421]], [[126.70699346066085, 37.461409145848364], [126.70726205262807, 37.46153993660662], [126.70764747137201, 37.46168842119247], [126.70731255016982, 37.46169928614966], [126.70665318520172, 37.46177273479505], [126.7063895745136, 37.46182349286829], [126.70650246958553, 37.461757918117506], [126.70699346066085, 37.461409145848364]]], [[[126.66791777817247, 37.40870647969319], [126.66742878812953, 37.40834662128414], [126.66689793990628, 37.40802672681795], [126.66633034550523, 37.40774987652758], [126.66573147056243, 37.407518736142904], [126.66510708173351, 37.40733553123713], [126.66446319119007, 37.40720202580995], [126.66380599875873, 37.407119505313304], [126.6631418322593, 37.40708876428237], [126.66247708661435, 37.40711009869084], [126.66181816231507, 37.40718330310358], [126.66117140383379, 37.407307672653936], [126.66054303857415, 37.40748200982706], [126.65993911694541, 37.40770463598367], [126.65936545413544, 37.40797340751382], [126.65882757414236, 37.408285736465686], [126.65833065660169, 37.40863861545106], [126.65787948692075, 37.40902864658851], [126.65747841019946, 37.40945207420633], [126.65713128938125, 37.40990482099079], [126.65684146803731, 37.410382527232834], [126.65661173814254, 37.4108805927955], [126.65644431315542, 37.411394221399156], [126.65634080666143, 37.41191846679818], [126.65630221678744, 37.412448280405386], [126.6563289165393, 37.412978559905575], [126.6564206501571, 37.41350419839063], [126.65657653552552, 37.41402013354282], [126.65679507261797, 37.41452139639271], [126.65707415789517, 37.41500315918197], [126.65741110452144, 37.415460781869804], [126.65780266820548, 37.4158898568344], [126.65824507841809, 37.41628625133871], [126.65873407468743, 37.416646147350555], [126.65926494762279, 37.41696607833297], [126.65983258427192, 37.41724296264968], [126.66043151737529, 37.4174741332632], [126.66105597804213, 37.41765736343866], [126.66169995134017, 37.417790888205246], [126.66235723426254, 37.41787342136785], [126.663021495512, 37.417904167904524], [126.66368633652468, 37.417882831629974], [126.66434535314451, 37.4178096180511], [126.66499219735138, 37.417685232386766], [126.66562063844718, 37.417510872771054], [126.66622462310839, 37.41728821870577], [126.66679833372473, 37.41701941487329], [126.667336244461, 37.41670705046686], [126.66783317450023, 37.41635413423718], [126.66828433795476, 37.41596406549692], [126.66868538996397, 37.415540601362906], [126.66903246853404, 37.415087820552095], [126.66932223171746, 37.4146100840812], [126.66955188977431, 37.414111993248845], [126.66971923200683, 37.41359834530578], [126.66982264800977, 37.413074087240815], [126.66986114313376, 37.41254426812788], [126.66983434801416, 37.41201399049374], [126.6697425220758, 37.411488361174825], [126.66958655098182, 37.410972442136625], [126.66936793805318, 37.410471201729315], [126.66908878974355, 37.409989466848735], [126.66875179531085, 37.40953187646321], [126.66836020088361, 37.40910283695318], [126.66791777817247, 37.40870647969319]]], [[[126.45755718430499, 37.443788321562366], [126.45706899662602, 37.44342760628821], [126.45653882068366, 37.443106778333856], [126.45597176201636, 37.44282892691987], [126.45537328110989, 37.44259672741393], [126.45474914083269, 37.44241241558451], [126.45410535096835, 37.44227776608618], [126.45344811037748, 37.44219407538276], [126.4527837473451, 37.44216214927273], [126.45211865868555, 37.44218229513604], [126.45145924819028, 37.44225431897737], [126.45081186500863, 37.44237752729342], [126.4501827425533, 37.442550733747076], [126.44957793851681, 37.442772270583674], [126.44922424213492, 37.44293705773563], [126.44909134974213, 37.442985734395265], [126.44851668447178, 37.44325346606474], [126.44797769471764, 37.443564817173254], [126.4474795707912, 37.44391678974833], [126.44702710970631, 37.44430599463765], [126.44662466898856, 37.444728684127874], [126.44627612470708, 37.4451807880163], [126.44598483413247, 37.445657952788885], [126.44575360338165, 37.44615558352795], [126.44558466036146, 37.44666888814688], [126.44547963327318, 37.44719292352633], [126.44543953488653, 37.44772264310822], [126.4454647527361, 37.44825294548956], [126.44555504533665, 37.44877872354842], [126.44570954445598, 37.44929491362909], [126.44592676342505, 37.44979654431267], [126.44620461140777, 37.45027878430321], [126.44654041349446, 37.450736988967996], [126.44693093642748, 37.451166745083164], [126.44737241971222, 37.45156391335321], [126.44786061181537, 37.45192466829434], [126.44839081110202, 37.45224553509642], [126.44895791111792, 37.452523423108346], [126.44955644978081, 37.452755655622866], [126.45018066200615, 37.45293999567383], [126.45082453526003, 37.45307466759623], [126.45148186750265, 37.453158374141125], [126.45214632696315, 37.453190308979714], [126.45281151316789, 37.453170164476084], [126.4534710186332, 37.45309813465313], [126.4541184906258, 37.452974913323295], [126.4547476923944, 37.45280168740189], [126.45535256328088, 37.452580125467755], [126.45570629257026, 37.45241532072133], [126.45583919768336, 37.452366636886545], [126.4564139082018, 37.45209887067313], [126.45695292598718, 37.45178748192487], [126.45745105954944, 37.451435469994905], [126.45790351139871, 37.451046225486905], [126.45830592425523, 37.45062349758103], [126.45865442300905, 37.45017135790638], [126.4589456520264, 37.44969416130877], [126.45917680744299, 37.44919650389214], [126.45934566413496, 37.448683178738655], [126.45945059710841, 37.448159129734606], [126.45949059710335, 37.44762940394705], [126.45946528026332, 37.44709910301062], [126.45937489177966, 37.446573333992696], [126.4592203034774, 37.44605716021034], [126.45900300536765, 37.44555555247266], [126.45872509125049, 37.445073341217906], [126.45838923850813, 37.44461517000594], [126.45799868228505, 37.44418545081352], [126.45755718430499, 37.443788321562366]]], [[[126.48172800841344, 37.45484419005552], [126.48119764510403, 37.454523470595326], [126.48063040724155, 37.45424573541393], [126.48003175703585, 37.45401365875975], [126.47940745898434, 37.45382947521845], [126.47876352438857, 37.45369495820953], [126.47810615350167, 37.45361140292146], [126.4774416758623, 37.45357961384924], [126.47677648938759, 37.45359989705384], [126.47611699881033, 37.453672057218014], [126.47546955405069, 37.45379539952644], [126.47484038911425, 37.45396873635239], [126.47423556210289, 37.45419039868636], [126.4736608969142, 37.45445825219746], [126.4731219271894, 37.45476971777281], [126.47262384304814, 37.45512179633798], [126.47217144112236, 37.45551109772023], [126.47176907836935, 37.45593387327712], [126.47142063010888, 37.45638605197707], [126.47112945268843, 37.456863279585406], [126.47089835113668, 37.45736096057899], [126.4707295521177, 37.457874302386784], [126.47062468244734, 37.45839836153073], [126.4705847533804, 37.45892809122319], [126.4706101508218, 37.45945838996303], [126.47070063155739, 37.45998415066259], [126.47085532554352, 37.460500309832526], [126.47107274423456, 37.461001896350815], [126.47135079487076, 37.46148407934607], [126.47168680059023, 37.46194221473379], [126.47207752617345, 37.46237188995669], [126.47251920917316, 37.46276896649789], [126.47300759613137, 37.463129619756614], [126.47353798353522, 37.463450375901864], [126.47410526311731, 37.46372814534819], [126.47470397106443, 37.46396025253037], [126.47532834066023, 37.46414446168957], [126.47597235785378, 37.46427899842179], [126.4766298192177, 37.464362566780636], [126.47729439173644, 37.4643943617688], [126.47795967384663, 37.46437407709795], [126.4786192571403, 37.46430190814167], [126.47926678813427, 37.46417855005318], [126.47989602950895, 37.46400519106564], [126.48050092022501, 37.46378350104017], [126.48107563393673, 37.463515615371826], [126.48161463513821, 37.46320411440934], [126.48211273250011, 37.462851998587], [126.48256512888247, 37.462462659509306], [126.482967467541, 37.46203984726735], [126.4833158740819, 37.46158763430247], [126.48360699376093, 37.46111037616614], [126.4838380237684, 37.46061266955466], [126.48400674018961, 37.46009930802355], [126.48411151938292, 37.45957523580881], [126.48415135357051, 37.45904550020044], [126.48412586049362, 37.45851520292685], [126.48403528704159, 37.45798945101938], [126.48388050682118, 37.45747330762951], [126.4836630116919, 37.456971743272845], [126.483384897351, 37.456489587969074], [126.48304884310846, 37.45603148473858], [126.4826580860486, 37.45560184490282], [126.48221638982825, 37.455204805618806], [126.48172800841344, 37.45484419005552]]], [[[126.64751791263127, 37.46472641699831], [126.64702866244399, 37.46436647428572], [126.64649751158568, 37.46404648739462], [126.64592957497347, 37.46376953744685], [126.64533032153832, 37.46353829113077], [126.64470552157955, 37.463354975038506], [126.64406119122596, 37.463221354239344], [126.64340353453703, 37.463138715295194], [126.64273888380035, 37.463107853881056], [126.64207363859832, 37.46312906712916], [126.64141420422928, 37.46320215077068], [126.64076693007374, 37.46332640110174], [126.6401380484978, 37.46350062175558], [126.63953361487933, 37.46372313521521], [126.63895944933373, 37.463991798956464], [126.63842108069775, 37.46430402606622], [126.63792369331064, 37.4646568101379], [126.637472077103, 37.465046754205204], [126.6370705814742, 37.46547010343604], [126.636723073402, 37.46592278127287], [126.63643290018763, 37.46640042867189], [126.63620285719631, 37.46689844606409], [126.63603516090392, 37.46741203763496], [126.63593142751144, 37.46793625749658], [126.63589265733427, 37.468466057308696], [126.63591922511829, 37.468996334889724], [126.63601087637839, 37.46952198335056], [126.63616672979637, 37.47003794027772], [126.63638528565725, 37.47053923649213], [126.63666444024472, 37.471021043914014], [126.63688390814276, 37.47131904480042], [126.6363893650982, 37.47102107243685], [126.63582141446648, 37.47074407403193], [126.63522213791829, 37.470512776412804], [126.63459730597575, 37.47032940666537], [126.63395293507561, 37.47019573037532], [126.6332952296678, 37.470113034638615], [126.6326305225087, 37.470082115676846], [126.63196521372376, 37.470103271176164], [126.63130570922311, 37.470176297423556], [126.63065835906212, 37.470300491267615], [126.63002939633813, 37.47047465688537], [126.62942487720986, 37.4706971172897], [126.62885062261537, 37.47096573046727], [126.62831216224845, 37.4712779099919], [126.62781468133096, 37.47163064991529], [126.62736297069372, 37.47202055369641], [126.62696138064497, 37.47244386689132], [126.6266137790714, 37.47289651328973], [126.62632351417443, 37.473374134150895], [126.62609338220204, 37.473872130161666], [126.62592560048708, 37.47438570571377], [126.62582178605338, 37.47490991507393], [126.62578293999704, 37.47543971000334], [126.62580943779511, 37.47596998836777], [126.62590102563699, 37.4764956432709], [126.62605682281584, 37.477011612237476], [126.62627533015898, 37.477512925972675], [126.62655444441802, 37.47799475622815], [126.62689147848225, 37.47845246231302], [126.6272831872218, 37.478881635801706], [126.62772579871351, 37.479278143007456], [126.62821505054924, 37.479638164811576], [126.6287462308784, 37.47995823346435], [126.62931422378884, 37.480235266002246], [126.62991355858956, 37.48046659395877], [126.63053846251992, 37.48064998908218], [126.63118291637666, 37.480783684811605], [126.63184071252192, 37.480866393304034], [126.63250551471226, 37.48089731784768], [126.63317091917028, 37.48087616054188], [126.6338305163092, 37.48080312516909], [126.63447795251359, 37.48067891523136], [126.6351069913795, 37.48050472717017], [126.63571157382219, 37.48028223883513], [126.63628587647031, 37.4800135933129], [126.63682436778359, 37.479701378272686], [126.63732186135074, 37.47934860102761], [126.63777356585496, 37.47895865955295], [126.6381751312236, 37.478535309741204], [126.63852269051849, 37.47808262920982], [126.6388128971629, 37.47760497801126], [126.63904295714747, 37.4771069566245], [126.63921065590581, 37.476593361633036], [126.6393143796021, 37.47606913951714], [126.63935313062719, 37.47553933900588], [126.63932653715604, 37.47500906244791], [126.63923485667587, 37.474483416670175], [126.63907897345362, 37.47396746379728], [126.63886038996856, 37.47346617250551], [126.63858121239515, 37.47298437018076], [126.63836173295577, 37.4726863723858], [126.63885629483683, 37.47298433664439], [126.63942427374705, 37.473261320706705], [126.64002358544462, 37.47349259733909], [126.64064845739122, 37.47367593878441], [126.6412928706916, 37.47380957899906], [126.64195061809868, 37.473892230675006], [126.6426153638386, 37.47392309764799], [126.64328070467805, 37.473901882572115], [126.64394023164343, 37.473828789786495], [126.64458759179574, 37.47370452334638], [126.64521654946412, 37.47353028023761], [126.64582104634651, 37.47330773884009], [126.64639525989631, 37.47303904275162], [126.64693365943195, 37.472726780128426], [126.64743105942678, 37.47237395874184], [126.6478826694657, 37.47198397699215], [126.64828414038634, 37.47156059115956], [126.64863160616054, 37.4711078792082], [126.64892172111244, 37.47063020149286], [126.64915169211594, 37.470132158747596], [126.64931930546157, 37.46961854776126], [126.64942294813588, 37.46909431516782], [126.64946162330983, 37.46856450979687], [126.64943495988838, 37.4680342340436], [126.64934321603195, 37.467508594726866], [126.6491872766172, 37.46699265390876], [126.64896864466388, 37.466491380149286], [126.64868942681251, 37.4660096006653], [126.64835231299415, 37.46555195485427], [126.64796055048988, 37.46512284962975], [126.64751791263127, 37.46472641699831]]], [[[126.438428729922, 37.46499624085007], [126.43794050059479, 37.46463544711546], [126.43741026088023, 37.46431453342441], [126.43684311693156, 37.46403658982258], [126.43624453005606, 37.46380429256484], [126.43562026414278, 37.4636198783604], [126.43497633018475, 37.46348512284898], [126.43431892842966, 37.46340132351469], [126.43365438871346, 37.46336928720143], [126.43298910955086, 37.4633893223499], [126.43232949656641, 37.46346123603036], [126.43168190085787, 37.46358433580003], [126.43105255788294, 37.46375743636675], [126.43044752745607, 37.463978870995426], [126.42987263543168, 37.46424650754729], [126.42933341763307, 37.464557768998375], [126.42883506656659, 37.46490965823984], [126.42838238143233, 37.46529878692228], [126.42797972191273, 37.46572140806667], [126.42763096618341, 37.46617345212911], [126.42733947355117, 37.46665056617231], [126.42710805207882, 37.467148155767845], [126.4269389315104, 37.46766142922605], [126.42683374175782, 37.468185443728395], [126.42679349715834, 37.46871515291853], [126.42681858665594, 37.469245455494175], [126.42690877000304, 37.46977124433207], [126.42706318002122, 37.470287455673166], [126.42728033090123, 37.47078911789416], [126.4275581324645, 37.47127139939557], [126.42789391025008, 37.47172965514498], [126.42828443123597, 37.472159471426515], [126.42872593494774, 37.472556708365026], [126.42921416965653, 37.472917539815015], [126.42974443331804, 37.47323849022916], [126.43031161885865, 37.4735164681505], [126.43091026337274, 37.47374879600532], [126.43153460075631, 37.47393323590858], [126.43217861726967, 37.47406801123295], [126.43283610949264, 37.47415182373295], [126.43350074411265, 37.474183866058695], [126.43416611896784, 37.474163829538455], [126.43482582475629, 37.474091907154666], [126.43547350681379, 37.47396879168459], [126.43610292636437, 37.47379566902373], [126.43670802065074, 37.47357420675626], [126.43728296136445, 37.47330653808309], [126.43782221081105, 37.472995241262566], [126.43832057526801, 37.47264331476279], [126.43877325502065, 37.47225414836496], [126.43917589059335, 37.471831490497486], [126.43952460473072, 37.47137941211553], [126.43981603972438, 37.470902267475246], [126.44004738972644, 37.470404652180896], [126.44021642773953, 37.46989135890973], [126.44032152702421, 37.46936733124168], [126.4403616767199, 37.46883761603906], [126.44033649152966, 37.468307314835194], [126.4402462153786, 37.46778153470062], [126.44009171901146, 37.467265339059935], [126.4398744915558, 37.466763698933086], [126.43959662613305, 37.46628144507046], [126.43926079965813, 37.465823221442356], [126.43887024702425, 37.46539344053027], [126.438428729922, 37.46499624085007]]], [[[126.61689499253556, 37.47083886683962], [126.61622967437897, 37.47085993358516], [126.61557014966647, 37.470932871707205], [126.61492276864774, 37.47105697890258], [126.6142937647169, 37.471231060182355], [126.61368919442893, 37.47145343937122], [126.61311487921397, 37.47172197523772], [126.61257634934876, 37.47203408209994], [126.61207879072371, 37.47238675470927], [126.61162699491713, 37.47277659717286], [126.61122531305662, 37.473199855637375], [126.61087761391224, 37.473652454419764], [126.6105872466244, 37.474130035238026], [126.61035700842646, 37.47462799916502], [126.61018911767376, 37.47514155090184], [126.61008519243985, 37.475665744944976], [126.61004623488769, 37.47619553320362], [126.61007262156804, 37.47672581360827], [126.61016409974052, 37.47725147924347], [126.61031978975475, 37.477767467531066], [126.6105381934705, 37.47826880899061], [126.61081720863801, 37.478750675107136], [126.61115414910147, 37.47920842484469], [126.6115457706333, 37.47963764935757], [126.6119883021509, 37.48003421446772], [126.6124774820173, 37.48039430049889], [126.6130085990758, 37.48071443908276], [126.61357653802439, 37.480991546582146], [126.61405028990987, 37.481174479232806], [126.61414141042519, 37.481218937499776], [126.61474070469558, 37.48145034189721], [126.61536557807256, 37.48163381688191], [126.61601001164759, 37.48176759512352], [126.61666779797851, 37.481850387983954], [126.61733260091657, 37.48188139793846], [126.61799801667723, 37.48186032626334], [126.61865763556472, 37.48178737591592], [126.61930510375386, 37.481663249578936], [126.61993418453228, 37.48148914288834], [126.62053881841099, 37.48126673290971], [126.62111318152269, 37.48099816197483], [126.62165174174395, 37.48068601703435], [126.6221493119992, 37.48033330472617], [126.62260110023212, 37.47994342240017], [126.62300275556298, 37.47952012537921], [126.62335041018642, 37.47906749077253], [126.62364071660694, 37.478589878190526], [126.62387087985368, 37.478091887740604], [126.62403868436529, 37.47757831570866], [126.62414251528709, 37.47705410835432], [126.62418137397715, 37.47652431426491], [126.6241548875735, 37.475994035727744], [126.6240633125324, 37.47546837958931], [126.62390753210556, 37.4749524080744], [126.62368904778276, 37.474451090039295], [126.62340996478402, 37.473969253127784], [126.62307297174306, 37.47351153729078], [126.6226813147793, 37.473082350116506], [126.62223876620935, 37.47268582440083], [126.62174958820039, 37.472325778365914], [126.62121849171632, 37.47200567890924], [126.6206505911518, 37.47172860823637], [126.62017688181533, 37.47154570231835], [126.62008576926144, 37.47150124873846], [126.61948653680113, 37.471269871871584], [126.61886173870002, 37.47108641933659], [126.61821739106959, 37.4709526575161], [126.6175596981359, 37.47086987432933], [126.61689499253556, 37.47083886683962]]], [[[126.4980482528383, 37.488716240594535], [126.49751758199413, 37.48839559171758], [126.4969500287413, 37.4881179318598], [126.49635105832529, 37.48788593454384], [126.49572643832518, 37.48770183359109], [126.49508218314078, 37.48756740162564], [126.49442449611018, 37.48748393301705], [126.49375970981419, 37.48745223142584], [126.49309422514011, 37.487472602070916], [126.49243444969028, 37.487544848793505], [126.49178673612636, 37.48766827594535], [126.49115732104099, 37.487841695083375], [126.4905522649438, 37.488063436406215], [126.4899773939378, 37.48833136482311], [126.48943824364592, 37.488642900500615], [126.4889400059269, 37.48899504369], [126.48848747889227, 37.48938440359687], [126.48808502070524, 37.48980723101578], [126.48773650760612, 37.490259454416226], [126.4874452965686, 37.49073671913339], [126.4872141929473, 37.49123442928694], [126.48704542342848, 37.49174779202512], [126.48694061454633, 37.49227186366814], [126.48690077697275, 37.492801597307704], [126.48692629573388, 37.493331891404246], [126.48701692644947, 37.493857638914285], [126.48717179763348, 37.49437377647477], [126.48738941903544, 37.494875333171045], [126.48766769594465, 37.49535747841815], [126.48800394932101, 37.49581556849423], [126.48839494156024, 37.496245191277566], [126.48883690764697, 37.496642208755475], [126.48932559139635, 37.49700279689528], [126.48985628643621, 37.4973234824925], [126.49042388153497, 37.49760117664058], [126.49102290983906, 37.49783320449908], [126.49164760154476, 37.4980173310729], [126.49229193949671, 37.49815178275336], [126.49294971717605, 37.498235264413246], [126.49361459851842, 37.4982669718905], [126.49428017898396, 37.49824659973999], [126.49494004728908, 37.49817434417839], [126.4955878472038, 37.49805090119358], [126.49621733881698, 37.497877459837134], [126.49682245867812, 37.497655690764205], [126.49739737823379, 37.49738773013202], [126.49793655999535, 37.497076159012025], [126.49843481089466, 37.49672397851501], [126.49888733231371, 37.49633458086902], [126.49928976630507, 37.49591171672984], [126.49963823755826, 37.495459459039125], [126.4999293907077, 37.49498216377942], [126.5001604226234, 37.49448442800477], [126.50032910937469, 37.49397104555159], [126.50043382760809, 37.49344696085727], [126.50047357013527, 37.49291722133166], [126.5004479555827, 37.49238692874054], [126.50035723201181, 37.49186119006956], [126.50020227447703, 37.49134506834202], [126.49998457654725, 37.49084353386417], [126.49970623587406, 37.49036141636714], [126.49936993394805, 37.48990335850634], [126.49897891023913, 37.48947377116549], [126.49853693097211, 37.489076790995234], [126.4980482528383, 37.488716240594535]]], [[[126.52943606205288, 37.50805315656674], [126.5289471108156, 37.50769273131026], [126.52841617221651, 37.50737221851503], [126.52784835913401, 37.50709470436582], [126.52724913931382, 37.506862860982146], [126.52662428273477, 37.506678920703244], [126.52597980607293, 37.506544654606294], [126.52532191479746, 37.50646135546413], [126.52465694345436, 37.50642982530603], [126.52399129471152, 37.50645036770083], [126.52333137775018, 37.506522784836676], [126.52268354659401, 37.50664637942523], [126.52205403896775, 37.506819961411914], [126.52144891627225, 37.50704185942806], [126.52087400525225, 37.507309936874776], [126.5203348419169, 37.507621612484186], [126.51983661825172, 37.50797388516062], [126.51938413223438, 37.508363362863115], [126.51898174163487, 37.50878629525212], [126.51863332204452, 37.5092386097863], [126.5183422295386, 37.509715950923066], [126.51811126833228, 37.510213722045854], [126.5179426637424, 37.51072712971522], [126.51783804071674, 37.51125122981798], [126.51779840813907, 37.511780975170986], [126.51782414906282, 37.51231126412094], [126.51791501696937, 37.512836989672884], [126.51807013808921, 37.51335308867426], [126.51828801976525, 37.51385459058068], [126.51856656478026, 37.51433666533383], [126.51890309151166, 37.51479466988985], [126.51929435972183, 37.5152241929498], [126.51973660173645, 37.515621097460745], [126.5202255587119, 37.515981560477435], [126.52075652164282, 37.5163021100001], [126.52132437671585, 37.51657965843252], [126.52192365457152, 37.516811532337734], [126.52254858300078, 37.516995498203556], [126.52319314256636, 37.51712978396951], [126.52385112461317, 37.517213096106886], [126.52451619110693, 37.517244632087056], [126.52518193572313, 37.51722408811741], [126.52584194559621, 37.517151662070304], [126.52648986313193, 37.51702805157657], [126.52711944728605, 37.51685444730198], [126.52772463371677, 37.516632521471735], [126.52829959323007, 37.5163644117536], [126.52883878795322, 37.51605270065563], [126.52933702469448, 37.51570039063731], [126.52978950497364, 37.515310875174585], [126.53019187124131, 37.51488790605815], [126.53054024884115, 37.51443555724075], [126.53083128331157, 37.513958185582446], [126.5310621726677, 37.513460388872744], [126.53123069435387, 37.512946961534375], [126.53133522660816, 37.51242284843639], [126.53137476403516, 37.51189309726132], [126.53134892723806, 37.511362809886236], [126.53125796641976, 37.51083709324554], [126.53110275892037, 37.510321010149354], [126.53088480071648, 37.50981953053084], [126.53060619196624, 37.50933748359178], [126.53026961674158, 37.50887951130716], [126.52987831714358, 37.50845002373577], [126.52943606205288, 37.50805315656674]]], [[[126.68168664475274, 37.540190648250125], [126.68119674193433, 37.53983084380088], [126.68066491348547, 37.539511006493775], [126.6800962808457, 37.53923421600889], [126.67949631964514, 37.53900313749809], [126.6788708069946, 37.538819995936876], [126.6782257658814, 37.538686554713586], [126.67756740720466, 37.53860409866092], [126.67690207000699, 37.53857342169311], [126.67623616047642, 37.53859481916698], [126.67557609030416, 37.53866808504066], [126.67492821498942, 37.53879251385676], [126.67429877268394, 37.53896690753123], [126.67369382416284, 37.53918958688257], [126.6731191944983, 37.53945840779083], [126.67258041699594, 37.5397707818311], [126.67208267993267, 37.54012370118354], [126.67163077660791, 37.54051376758061], [126.67122905918835, 37.54093722501354], [126.67088139679088, 37.541389995883904], [126.67059113820693, 37.54186772025272], [126.67036107962848, 37.54236579781027], [126.67019343768665, 37.54287943216272], [126.67008982806443, 37.543403677010005], [126.67005124989069, 37.54393348377058], [126.67007807606758, 37.54446375019511], [126.67017004962649, 37.54498936950073], [126.67032628614984, 37.545505279553296], [126.67054528223684, 37.54600651162351], [126.67082492993455, 37.546488238247555], [126.67116253699612, 37.54694581973065], [126.6715548527737, 37.54737484884535], [126.67199809949709, 37.54777119329354], [126.67246911250594, 37.54811715626126], [126.67239298982001, 37.54817112483428], [126.67194103871658, 37.548561191331835], [126.67153927898606, 37.54898464875377], [126.67119158015285, 37.549437419501885], [126.67090129135968, 37.54991514363858], [126.6706712090897, 37.55041322085646], [126.6705035502027, 37.550926854765045], [126.6703999305453, 37.55145109906861], [126.67036134934357, 37.551980905190916], [126.6703881795293, 37.552511170888764], [126.67048016409593, 37.55303678938626], [126.67063641852035, 37.55355269855699], [126.67085543922983, 37.55405392968009], [126.67113511803475, 37.55453565530075], [126.67147276238903, 37.5549932357337], [126.6718651212859, 37.555422263761464], [126.67230841654012, 37.555818607096285], [126.67279837915686, 37.556178448195965], [126.67333029043743, 37.55649832104967], [126.67379590189445, 37.556724950247805], [126.67326458662869, 37.55703292832203], [126.67276673639662, 37.557385848206735], [126.67231473065613, 37.55777591489155], [126.67191292256035, 37.55819937236531], [126.67156518209977, 37.558652143029484], [126.6712748588182, 37.559129866947394], [126.67104474953142, 37.55962794381393], [126.67087707135983, 37.56014157724208], [126.67077344033638, 37.56066582094082], [126.67073485579718, 37.5611956263398], [126.67076169070683, 37.5617258912028], [126.67085368801388, 37.56225150876192], [126.67100996307306, 37.56276741689973], [126.6712290121136, 37.56326864690522], [126.67150872667344, 37.56375037133422], [126.6717399521381, 37.56406369146788], [126.67113632180883, 37.56423085557722], [126.67053115850797, 37.564453515231016], [126.66995632203911, 37.564722317154065], [126.66941734769851, 37.565034673104655], [126.66891942565802, 37.5653875754376], [126.66846735099809, 37.56577762604976], [126.66806547753545, 37.566201069084876], [126.66771767588999, 37.56665382708367], [126.66742729619492, 37.56713154023167], [126.6671971358094, 37.567629608327636], [126.66702941234627, 37.568143235069236], [126.66692574227498, 37.568667474230026], [126.6668871253082, 37.56919727728352], [126.66691393472331, 37.56972754201621], [126.66700591371493, 37.570253161661576], [126.66716217781484, 37.57076907408218], [126.66738122335833, 37.571270310525776], [126.66766094191757, 37.5717520434862], [126.6679986405646, 37.572209633207315], [126.66839106777053, 37.57263867238197], [126.66883444469276, 37.573035028614726], [126.66932450155032, 37.57339488423887], [126.66985651873706, 37.573714773103355], [126.67042537227762, 37.57399161397464], [126.6710255831878, 37.57422274023104], [126.67165137026379, 37.57440592556267], [126.67229670579084, 37.574539405428816], [126.67295537363351, 37.574621894065594], [126.67362102914657, 37.57465259687922], [126.67428726032809, 37.57463121810545], [126.67494764962318, 37.57455796366107], [126.67559583578196, 37.574433539159664], [126.6762255751733, 37.57425914311106], [126.67679731246885, 37.57404877764394], [126.67691017955559, 37.574036255448576], [126.6775583581113, 37.57391182006712], [126.67818808870435, 37.573737413426954], [126.67879330558458, 37.57351471548492], [126.67936817926844, 37.573245871348604], [126.67990717271498, 37.572933470602244], [126.68040509467748, 37.57258052234958], [126.68085714971488, 37.5721904262148], [126.68125898438154, 37.57176693958156], [126.68160672914979, 37.571314141386395], [126.68189703566158, 37.57083639281596], [126.6821271089516, 37.570338295287605], [126.68229473433168, 37.56982464611821], [126.6823982986793, 37.56930039230957], [126.68243680592678, 37.56877058289522], [126.68240988660338, 37.56824032030847], [126.68231780134066, 37.56771471124015], [126.68216143830935, 37.56719881745954], [126.6819423046142, 37.566697607071816], [126.68166251173203, 37.56621590668148], [126.6813247551349, 37.56575835492209], [126.68130407515875, 37.5657357502359], [126.6817914736829, 37.56545321230132], [126.68228933644646, 37.56510025496641], [126.68274133585506, 37.5647101504784], [126.6831431189989, 37.56428665630124], [126.6834908168464, 37.56383385144395], [126.6837810814913, 37.56335609715721], [126.68401111837123, 37.56285799491322], [126.68417871314834, 37.56234434207421], [126.68428225299444, 37.56182008567715], [126.68432074207739, 37.561290274780376], [126.68429381110087, 37.56076001183142], [126.68420172080818, 37.56023440352458], [126.68404535941787, 37.55971851162177], [126.68382623401847, 37.559217304210065], [126.68354645600644, 37.55873560786537], [126.68320872071017, 37.55827806118237], [126.68281628139746, 37.55784907011785], [126.68237291791806, 37.55745276557684], [126.68188290028469, 37.55709296364959], [126.68135094754355, 37.556773128881154], [126.6808853123511, 37.55654652920833], [126.68141659339638, 37.55623851640059], [126.68191439577326, 37.555885559399435], [126.68236634054936, 37.55549545511123], [126.68276807534099, 37.555071960997815], [126.68311573158203, 37.55461915606744], [126.6834059617666, 37.554141401571314], [126.6836359716638, 37.55364329898352], [126.68380354719515, 37.5531296456695], [126.68390707571726, 37.55260538867071], [126.68394556150643, 37.552075577051255], [126.68391863529743, 37.55154531326562], [126.683826557787, 37.55101970401615], [126.68367021707004, 37.55050381107392], [126.68345112003537, 37.550002602536125], [126.68317137780583, 37.54952090498962], [126.68283368536481, 37.54906335704083], [126.6824412955671, 37.548634364658845], [126.6819979877854, 37.548238058761584], [126.68152692927244, 37.54789213328677], [126.68160304519442, 37.547838158740994], [126.68205494219583, 37.54744805456419], [126.68245663468778, 37.5470245604502], [126.68280425451132, 37.54657175540709], [126.68309445451109, 37.54609400068707], [126.68332444074647, 37.54559589776623], [126.68349199936648, 37.545082244013116], [126.68359551789013, 37.544557986473336], [126.6836340006894, 37.5440281742162], [126.68360707852733, 37.54349790970229], [126.68351501206119, 37.54297229964104], [126.68335868927892, 37.54245640581134], [126.68313961689621, 37.54195519631903], [126.68285990579803, 37.5414734977603], [126.68252225066759, 37.54101594875138], [126.68212990400008, 37.54058695527177], [126.68168664475274, 37.540190648250125]]], [[[126.62949250615053, 37.55269714584201], [126.6290027777681, 37.55233712766983], [126.62847108911426, 37.55201705759236], [126.62790256028482, 37.55174001753077], [126.62730266591225, 37.551508675039464], [126.62667718246557, 37.551325257635064], [126.62603213265203, 37.551191531360985], [126.62537372745518, 37.5511087837936], [126.6247083063657, 37.55107781165293], [126.62404227637917, 37.55109891313681], [126.62338205034567, 37.55117188505231], [126.6227339852639, 37.55129602477151], [126.62210432111115, 37.55147013699313], [126.62149912079659, 37.55169254524511], [126.62092421181464, 37.55196110801741], [126.62038513015797, 37.55227323937056], [126.61988706702971, 37.552625933821616], [126.61943481886651, 37.55301579526901], [126.6190327411533, 37.55343906967814], [126.61868470647427, 37.55389168121384], [126.61839406720395, 37.55436927147261], [126.61816362319883, 37.55486724143746], [126.61799559480068, 37.55538079575216], [126.61789160141362, 37.555904988888976], [126.61785264586229, 37.55643477276603], [126.61787910468362, 37.556965045356016], [126.61797072444804, 37.55749069981832], [126.61812662414667, 37.55800667368173], [126.61834530362461, 37.558507997603776], [126.61862465798045, 37.558989843237214], [126.6189619977951, 37.559447569741984], [126.61935407499728, 37.55987676849462], [126.61979711411749, 37.56027330556362], [126.62028684863043, 37.56063336154109], [126.6208185620371, 37.56095346834667], [126.62138713329045, 37.56123054264773], [126.62198708612767, 37.561461915574064], [126.62261264183304, 37.56164535843943], [126.6232577749224, 37.561779104221955], [126.62391627121193, 37.561861864595606], [126.62458178771033, 37.56189284234824], [126.62524791375554, 37.56187173906626], [126.62590823280598, 37.56179875801181], [126.62655638428834, 37.561674602163954], [126.62718612490504, 37.561500467443786], [126.62779138880842, 37.561278031187996], [126.62836634606036, 37.56100943598277], [126.62890545881324, 37.56069726901398], [126.6294035346689, 37.560344537133254], [126.62985577670158, 37.55995463788054], [126.63025782966194, 37.55953132674329], [126.63060582191707, 37.55907868096814], [126.63089640272271, 37.558601060274356], [126.63112677446917, 37.558103064848545], [126.63129471959151, 37.55758949102537], [126.63139862188588, 37.55706528508228], [126.6314374820283, 37.55653549559329], [126.63141092714827, 37.55600522480137], [126.63131921436693, 37.55547957947803], [126.6311632282677, 37.55496362174329], [126.63094447232581, 37.55446232031978], [126.63066505438117, 37.55398050269017], [126.63032766629652, 37.553522808618304], [126.62993555799812, 37.553093645481304], [126.62949250615053, 37.55269714584201]]], [[[126.68082365242115, 37.58112644056126], [126.68033348934277, 37.58076663189548], [126.67980137683146, 37.580446789511136], [126.67923243906174, 37.580169993136465], [126.67863215460106, 37.5799389079793], [126.67800630367174, 37.57975575907852], [126.67736091251682, 37.57962230989259], [126.67670219540406, 37.579539845330494], [126.67603649482541, 37.57950915938812], [126.67537022046567, 37.57953054750861], [126.67470978752671, 37.57960380374022], [126.67406155499872, 37.5797282227186], [126.67343176447103, 37.579902606454795], [126.67282648007014, 37.58012527586349], [126.672251530101, 37.580394086921096], [126.67171245095257, 37.58070645129825], [126.67121443380583, 37.58105936126893], [126.67076227465715, 37.58144941865677], [126.67036032813712, 37.581872867540554], [126.67001246556966, 37.58232563040495], [126.6697220376752, 37.58280334738886], [126.66949184227794, 37.58330141825431], [126.66932409732874, 37.58381504667246], [126.66922041950501, 37.58433928640079], [126.66918180859508, 37.58486908890738], [126.66920863781915, 37.585399351983924], [126.66930065018211, 37.585924968879816], [126.6694569608953, 37.58644087748388], [126.66967606584606, 37.586942109080454], [126.6699558560352, 37.587423836209794], [126.67029363784556, 37.58788141917164], [126.67042561785382, 37.58802567602402], [126.67040275069228, 37.58803200628833], [126.66979739127211, 37.58825465896724], [126.6692223676032, 37.58852345402652], [126.6686832167838, 37.58883580329101], [126.66818513068478, 37.58918869918032], [126.66773290596632, 37.58957874365386], [126.6673308978904, 37.590002180914965], [126.66698297837371, 37.590454933560395], [126.66669249868525, 37.59093264182766], [126.66646225714821, 37.591430705562914], [126.66629447215816, 37.59194432850618], [126.666221999909, 37.592310659038745], [126.66590189419401, 37.592346134032006], [126.66525353699548, 37.59247050287081], [126.66462361886641, 37.592644837702], [126.66401820516118, 37.5928674599112], [126.6634431254291, 37.59313622592937], [126.66290391730791, 37.593448547861016], [126.66240577322, 37.59380141838902], [126.6619534903836, 37.59419143971708], [126.66155142462014, 37.59461485627153], [126.66120344840161, 37.595067590848714], [126.66091291354299, 37.595545283860304], [126.66068261889872, 37.59604333529954], [126.66051478337585, 37.59655694902508], [126.66041102452452, 37.59708117893624], [126.66039899773932, 37.5972459031567], [126.66035594555498, 37.59722001970308], [126.65978695505596, 37.59694312970127], [126.6591865988435, 37.59671194539543], [126.65856065783103, 37.596528692778655], [126.65791515912902, 37.59639513630759], [126.65725631804041, 37.59631256192371], [126.65659047825038, 37.59628176467987], [126.65592405078343, 37.59630304109048], [126.6552634523147, 37.596376186278995], [126.6546150434271, 37.59650049595002], [126.65398506740691, 37.59667477316686], [126.65337959016547, 37.59689733986979], [126.65280444186337, 37.59716605302415], [126.6522651607981, 37.59747832524347], [126.6517669400938, 37.59783114968936], [126.65131457770607, 37.59822112900933], [126.65091243022182, 37.59864450803441], [126.65056437089962, 37.59909720992254], [126.65027375235438, 37.5995748754004], [126.65004337424615, 37.6000729047267], [126.64987545628566, 37.600586501973304], [126.64977161681692, 37.60111072119861], [126.6497328571858, 37.60164051406882], [126.64975955204575, 37.60217077846911], [126.64985144569685, 37.602696407636664], [126.65000765449517, 37.603212339342655], [126.650226675311, 37.60371360464932], [126.650506399957, 37.60419537577257], [126.65084413544875, 37.60465301258858], [126.65123662990436, 37.60508210733635], [126.6516801038353, 37.60547852708482], [126.65217028652748, 37.60583845355501], [126.6527024571637, 37.606158419912894], [126.65327149029108, 37.606435344177896], [126.65387190519571, 37.60666655892439], [126.65449791870867, 37.60684983698939], [126.65514350093336, 37.60698341293835], [126.65580243335704, 37.60706600008123], [126.65646836878464, 37.60709680287488], [126.65713489251634, 37.60707552459162], [126.65779558417759, 37.60700237017992], [126.65844407960415, 37.60687804428965], [126.65907413218409, 37.6067037444808], [126.65967967306396, 37.60648114968127], [126.66025486963754, 37.606212404005504], [126.66079418175234, 37.605900096089705], [126.66129241509091, 37.60554723414408], [126.66174477121221, 37.6051572169622], [126.66214689377011, 37.60473380116805], [126.66249491046393, 37.604281065016714], [126.66278547031702, 37.60380336909822], [126.66301577592473, 37.603305314323705], [126.6631836103626, 37.60279169759921], [126.66328735849622, 37.60226746561489], [126.6632993799368, 37.602102741172274], [126.66334243594318, 37.602128623576895], [126.66391147907736, 37.60240549682673], [126.66451189579006, 37.602636657598694], [126.66513790289461, 37.60281987924991], [126.665783470556, 37.60295339688941], [126.66644238040165, 37.60303592438901], [126.66710828545405, 37.60306666678036], [126.6677747713061, 37.603045327917755], [126.66843541794834, 37.60297211333348], [126.66908386165058, 37.602847728257146], [126.66971385629945, 37.60267337081903], [126.67031933360003, 37.602450720502254], [126.67089446155903, 37.60218192195603], [126.67143370068533, 37.6018695643259], [126.67193185736514, 37.601516656300824], [126.67238413389623, 37.60112659711811], [126.67278617469952, 37.60070314380614], [126.67313410826225, 37.60025037498118], [126.67342458440864, 37.59977265154765], [126.67365480654053, 37.59927457468142], [126.67382255853755, 37.598760941500984], [126.67389500045972, 37.59839460632975], [126.67421512875423, 37.5983591099543], [126.67486352324295, 37.598234692433756], [126.67549346587636, 37.59806030338469], [126.67609888886086, 37.59783762259479], [126.67667396072675, 37.597568795006765], [126.67721314252358, 37.597256410045844], [126.67771124119, 37.596903476664195], [126.67816345958289, 37.59651339434326], [126.67856544268338, 37.59608992033414], [126.67891331953454, 37.59563713345226], [126.67920374050698, 37.59515939477583], [126.67943390953394, 37.59466130562726], [126.67960161100639, 37.59414766324321], [126.67970523107047, 37.593623414560376], [126.67974377312336, 37.59309360856315], [126.67971686736082, 37.592563347652096], [126.6796247742855, 37.59203773850197], [126.67946838214496, 37.59152184288274], [126.67924919832585, 37.591020628917164], [126.67896933478919, 37.59053892324398], [126.6786314876886, 37.59008136454732], [126.67849948811339, 37.58993711669118], [126.67852235520434, 37.58993078485887], [126.67912770313559, 37.58970808734334], [126.67970270127259, 37.589439243763486], [126.68024181137537, 37.58912684369842], [126.68073984107333, 37.5887738962457], [126.68119199388781, 37.58838380102208], [126.68159391543159, 37.587960315402775], [126.68194173534066, 37.58750751831484], [126.68223210453382, 37.58702977093457], [126.68246222744281, 37.58653167466807], [126.68262988890241, 37.58601802682033], [126.68273347544368, 37.5854937743805], [126.68277199078624, 37.58496396636903], [126.6827450653825, 37.58443370520576], [126.68265295992367, 37.58390809756778], [126.682496562776, 37.583392205210494], [126.68227738137385, 37.58289099622517], [126.68199752765435, 37.58240929720267], [126.68165969767615, 37.581951746763096], [126.68126714561969, 37.581522750899005], [126.68082365242115, 37.58112644056126]]], [[[126.63231900956696, 37.59081107563799], [126.63178703605385, 37.590491018971775], [126.63121820486371, 37.59021399286177], [126.63061799353959, 37.589982664727366], [126.62999218160112, 37.5897992619464], [126.62934679491704, 37.58966555042106], [126.62868804771271, 37.58958281758538], [126.62802228277003, 37.589551860017366], [126.6273559103934, 37.58957297577455], [126.6266953467277, 37.5896459615267], [126.62604695202073, 37.589770114512916], [126.62541696942192, 37.589944239304636], [126.62481146490535, 37.590166659309254], [126.62423626889343, 37.59043523290425], [126.62369692014194, 37.59074737404658], [126.62319861242567, 37.591100077159815], [126.62274614453655, 37.591489946059724], [126.62234387407604, 37.591913226640685], [126.62199567548538, 37.59236584300878], [126.62170490271909, 37.59284343671462], [126.621474356921, 37.593341408708525], [126.6213062594153, 37.593854963615165], [126.62120223027408, 37.59437915590137], [126.62116327266882, 37.59490893749361], [126.62118976315897, 37.59543920638653], [126.62128144801247, 37.59596485577497], [126.62143744559614, 37.59648082323628], [126.62165625481471, 37.59698213948923], [126.62193576951921, 37.597463976259824], [126.62227329874791, 37.597921692792774], [126.62266559260658, 37.598350880559885], [126.62310887353979, 37.5987474057347], [126.62359887269363, 37.59910744902315], [126.62413087102007, 37.599427542466266], [126.62469974472731, 37.59970460285943], [126.62530001463837, 37.59993596146576], [126.62592589898213, 37.600119389736385], [126.62657136910741, 37.60025312078959], [126.62723020758219, 37.600335866440865], [126.62789606811708, 37.60036682961973], [126.62856253673422, 37.60034571205303], [126.6292231935902, 37.600272717140534], [126.629871674856, 37.600148547995154], [126.63050173405574, 37.59997440066646], [126.63110730227163, 37.599751952613104], [126.63168254663333, 37.599483346535564], [126.632221926527, 37.599171169725125], [126.63272024698112, 37.59881842912895], [126.63317270871416, 37.598428522371684], [126.63357495436131, 37.59800520501383], [126.63392311043486, 37.597552554362565], [126.63421382461422, 37.5970749301848], [126.63444429800704, 37.596576932701225], [126.63461231207155, 37.596063358266726], [126.63471624994231, 37.59553915316492], [126.63475511195533, 37.59500936596184], [126.63472852522469, 37.594479098878445], [126.63463674718092, 37.59395345865034], [126.63448066303842, 37.5934375073482], [126.63426177721892, 37.592936213632235], [126.6339821988151, 37.59245440491034], [126.63364462123661, 37.591996720859946], [126.63325229623577, 37.59156756876094], [126.63280900256474, 37.591171081069085], [126.63231900956696, 37.59081107563799]]], [[[126.64677407493329, 37.590983959394215], [126.64624203702927, 37.59066396711854], [126.64567314959629, 37.59038701001255], [126.64507289071835, 37.59015575483138], [126.64444704037244, 37.58997242825053], [126.64380162479664, 37.589838795438695], [126.64314285849417, 37.58975614307222], [126.64247708443061, 37.58972526695463], [126.64181071299801, 37.58974646435946], [126.6411501603323, 37.589819531170605], [126.64050178657548, 37.589943763847025], [126.63987183467559, 37.590117966193034], [126.63926637031153, 37.59034046086957], [126.63869122351961, 37.59060910553522], [126.63815193258228, 37.590921313462744], [126.63765369071825, 37.591274078432676], [126.63720129608612, 37.591664003665144], [126.63679910558255, 37.59208733451195], [126.63645099287955, 37.59253999459501], [126.63616031110521, 37.5930176250437], [126.63592986052768, 37.593515626454256], [126.63576186155467, 37.59402920316765], [126.63565793330974, 37.59455340944034], [126.63561907799294, 37.59508319706365], [126.63564567117871, 37.595613463973706], [126.63573745814595, 37.59613910338398], [126.63589355627789, 37.59665505296748], [126.63611246351059, 37.59715634361472], [126.6363920727506, 37.597638147297985], [126.63672969212529, 37.598095823580294], [126.63712207087148, 37.59852496432087], [126.63756543061555, 37.59892143614601], [126.63805550174382, 37.59928142027536], [126.63858756451428, 37.599601449319735], [126.63915649451377, 37.59987844069483], [126.63975681202241, 37.60010972632863], [126.64038273481016, 37.60029307837531], [126.641028233855, 37.60042673068757], [126.641687091446, 37.60050939583964], [126.64235296110948, 37.6005402775367], [126.64301942877947, 37.60051907829076], [126.64368007462177, 37.60044600228867], [126.6443285349136, 37.60032175342472], [126.64495856338142, 37.60014752851662], [126.64556409140393, 37.59992500577053], [126.6461392864984, 37.59965632860654], [126.64667860852617, 37.59934408500075], [126.64717686307372, 37.59899128254377], [126.64762925149506, 37.59860131945607], [126.64803141713217, 37.59817795184058], [126.64837948726867, 37.5977252574884], [126.64867011041228, 37.59724759658709], [126.648900488548, 37.59674956971069], [126.64906840405199, 37.59623597349688], [126.64917224100839, 37.59571175443859], [126.64921100072529, 37.595181961235824], [126.6491843113021, 37.594651696166885], [126.64909243115827, 37.59412606594752], [126.6489362464913, 37.593610132551575], [126.64871726269068, 37.593108864466416], [126.64843758979222, 37.5926270888527], [126.648099922115, 37.592169445068755], [126.64770751227836, 37.59174034000642], [126.64726413985075, 37.59134390566833], [126.64677407493329, 37.590983959394215]]], [[[126.70339959566556, 37.59868935312225], [126.70290920851987, 37.598329636705046], [126.702376873841, 37.5980098944982], [126.70180771794155, 37.59773320526502], [126.70120722148805, 37.59750223318152], [126.70058116674274, 37.59731920219781], [126.69993558190976, 37.59718587463705], [126.69927668312047, 37.597103534237355], [126.6986108146149, 37.59707297379942], [126.69794438769375, 37.59709448755841], [126.69728381902705, 37.59716786835332], [126.69663546891125, 37.59729240962099], [126.69600558006762, 37.597466912195536], [126.69540021756926, 37.59768969584795], [126.69482521047348, 37.597958615455106], [126.69428609571978, 37.598271081642956], [126.69378806483286, 37.59862408570551], [126.69344330682338, 37.59892156408776], [126.69321323164603, 37.59871606783892], [126.69272289414538, 37.59835630965922], [126.69219060371216, 37.598036522006474], [126.6916214862334, 37.59775978408161], [126.6910210220061, 37.59752876052938], [126.69039499298259, 37.5973456757954], [126.68974942711965, 37.59721229272022], [126.68909054036624, 37.597129895576316], [126.6884246768466, 37.597099277710534], [126.68775824781355, 37.597120733910806], [126.68709766995738, 37.597194057570114], [126.68644930366285, 37.59731854267524], [126.68581939180687, 37.59749299060089], [126.68521399968377, 37.5977157216441], [126.68463895663574, 37.5979845911882], [126.68409979994803, 37.59829701034111], [126.68360172154867, 37.59864997084971], [126.68314951802449, 37.599040074051324], [126.68274754443418, 37.59946356358385], [126.68239967236329, 37.59991636154069], [126.68210925262494, 37.60039410772294], [126.6818790829661, 37.60089220161145], [126.68171138109106, 37.60140584665562], [126.68160776326381, 37.6019300964526], [126.68156922869626, 37.60245990237323], [126.6815961498746, 37.60299016217603], [126.68168826891934, 37.60351576914145], [126.68184470001547, 37.60403166125352], [126.68206393789168, 37.604532869954866], [126.68234387226919, 37.60501456800573], [126.68268180814246, 37.60547211598538], [126.68307449169839, 37.60590110698783], [126.68351814162563, 37.60629740908082], [126.68400848551343, 37.606657205118324], [126.68454080099045, 37.606977029522504], [126.68510996120725, 37.60725380168014], [126.6857104842244, 37.60748485563088], [126.68633658583033, 37.60766796576096], [126.68698223527898, 37.607801368253845], [126.68764121340918, 37.607883778090866], [126.68830717258514, 37.60791440143735], [126.68897369787808, 37.6078929432948], [126.68963436889848, 37.607819610344826], [126.69028282168124, 37.60769510895771], [126.6909128100259, 37.60752063838444], [126.6915182656986, 37.607297879198335], [126.69209335691504, 37.60702897709754], [126.69263254453882, 37.60671652222532], [126.69313063545309, 37.60636352420743], [126.6934754295814, 37.606066047522724], [126.6937055277593, 37.60627154327653], [126.69419592133069, 37.6066312975498], [126.6947282810906, 37.60695107650206], [126.69529747976254, 37.60722779995788], [126.6958980350363, 37.6074588024261], [126.6965241623892, 37.60764185878897], [126.6971698308268, 37.60777520574798], [126.69782882100489, 37.607857558819575], [126.69849478517145, 37.60788812471607], [126.6991613083495, 37.60786660899254], [126.69982197017, 37.60779321888548], [126.70047040675662, 37.60766866131594], [126.70110037206503, 37.60749413607624], [126.70170579808367, 37.607271324266414], [126.70228085331416, 37.60700237209165], [126.70281999896724, 37.60668987017756], [126.70331804233071, 37.60633682860306], [126.70377018679538, 37.60594664789185], [126.70417207805576, 37.605523086242684], [126.70451984604097, 37.605070223314975], [126.70481014217158, 37.60459242091911], [126.7050401715846, 37.604094280990815], [126.70520772001699, 37.603580601255246], [126.70531117508996, 37.60305632900825], [126.70534954179078, 37.602526513460425], [126.7053224520047, 37.60199625710352], [126.70523016800713, 37.60147066656761], [126.70507357988463, 37.600954803442605], [126.70485419691119, 37.600453635537484], [126.70457413296543, 37.599971989046665], [126.70423608613042, 37.59951450208366], [126.70384331267462, 37.599085580029005], [126.70339959566556, 37.59868935312225]]], [[[126.64832683396999, 37.63649895663604], [126.64779446863088, 37.63617896976392], [126.64722523167964, 37.6359020179493], [126.64662460456482, 37.63567076789554], [126.64599837080773, 37.63548744622809], [126.64535256033649, 37.63535381806778], [126.64469339145467, 37.635271170045776], [126.6440272110019, 37.63524029792351], [126.64336043328082, 37.635261498936], [126.64269947833708, 37.635334568932535], [126.64205071018381, 37.63545880434165], [126.64142037556458, 37.635633008941845], [126.64081454384164, 37.635855505372895], [126.64023904858719, 37.63612415127724], [126.63969943143809, 37.636436359916495], [126.63920088875375, 37.63678912506525], [126.63874822158952, 37.63717904994277], [126.63834578946704, 37.63760237990519], [126.63799746838609, 37.63805503858378], [126.63770661348305, 37.63853266712224], [126.6374760266954, 37.639030666135874], [126.63730792974503, 37.63954423998926], [126.63720394270182, 37.64006844296682], [126.63716506833508, 37.640598226891825], [126.63719168240584, 37.64112848973609], [126.63728352999499, 37.64165412475212], [126.63743972790493, 37.64217006965494], [126.6376587731135, 37.64267135537968], [126.63793855720097, 37.64315315394547], [126.63827638661274, 37.643610824963865], [126.6386690085644, 37.64403996034399], [126.63911264234102, 37.644436426762866], [126.6396030156901, 37.644796405491334], [126.64013540595883, 37.64511642919132], [126.6407046855791, 37.645393415329124], [126.64130537146256, 37.645624695882404], [126.64193167782949, 37.645808043053606], [126.64257757196141, 37.6459416907418], [126.64323683233972, 37.64602435156536], [126.64390310860864, 37.64605522927096], [126.64456998278331, 37.64603402640894], [126.64523103111154, 37.64596094720113], [126.64587988599135, 37.645836695572996], [126.64651029734642, 37.645662468369274], [126.64711619286554, 37.64543994381888], [126.64769173652485, 37.64517126535995], [126.64823138482733, 37.644859020981926], [126.64872994021638, 37.644506218283674], [126.6491826011484, 37.644116255488896], [126.64958500834128, 37.6436928886986], [126.64993328675321, 37.64324019569681], [126.65022408288758, 37.64276253665884], [126.6504545970654, 37.64226451214148], [126.65062261035509, 37.64175091876019], [126.6507265059018, 37.641226702981065], [126.6507652844524, 37.640696913472745], [126.65073857392801, 37.64016665247799], [126.65064663295442, 37.63964102667324], [126.65049034831793, 37.63912509798946], [126.65027122637355, 37.63862383486821], [126.6499913784899, 37.63814206442179], [126.64965350067324, 37.637684425957985], [126.64926084756819, 37.63725532631663], [126.64881720108687, 37.636858897447254], [126.64832683396999, 37.63649895663604]]], [[[126.61966775875152, 37.63795577385601], [126.61917752756531, 37.63759571361371], [126.6186452821228, 37.63727559672429], [126.6180761478809, 37.63699850555798], [126.61747560530043, 37.63676710815977], [126.61684943708975, 37.636583632573526], [126.6162036725468, 37.63644984540167], [126.61554452953348, 37.636367034805964], [126.61487835464074, 37.6363359981126], [126.61421156211787, 37.6363570341406], [126.61355057215279, 37.63642994032725], [126.61290174909547, 37.63655401467773], [126.6122713402174, 37.63672806252087], [126.61166541559501, 37.636950408005355], [126.61108980969388, 37.63721891022674], [126.61055006521504, 37.63753098382999], [126.61005137974264, 37.63788362388985], [126.60959855570555, 37.638273434830175], [126.60919595413453, 37.63869666310451], [126.60884745265986, 37.63914923332366], [126.60855640815375, 37.63962678748367], [126.60832562437838, 37.64012472691673], [126.60815732495188, 37.64063825656198], [126.60805313189324, 37.64116243113033], [126.6080140499555, 37.64169220271957], [126.60804045689848, 37.64222246942119], [126.60813209979807, 37.64274812445151], [126.60828809742841, 37.64326410533366], [126.60850694869693, 37.64376544265709], [126.6087865470527, 37.644247307944696], [126.60912420073107, 37.64470506016608], [126.60951665864145, 37.645134290448766], [126.60996014165023, 37.64553086455606], [126.61045037895855, 37.64589096272183], [126.61098264922525, 37.646211116457636], [126.61155182603947, 37.6464882419772], [126.61215242730434, 37.646719669915434], [126.61277866805625, 37.64690317105478], [126.61342451620963, 37.64703697781085], [126.6140837506894, 37.64711980126924], [126.61475002138963, 37.64715084360951], [126.61541691037922, 37.64712980579557], [126.61607799376308, 37.64705689045883], [126.6167269036012, 37.64693279994565], [126.61735738928714, 37.64675872954841], [126.61796337779282, 37.646536355985134], [126.61853903219766, 37.64626782123932], [126.61907880793662, 37.645955711915896], [126.61957750622425, 37.64560303431285], [126.62003032413924, 37.64521318544904], [126.62043290088602, 37.64478992032835], [126.62078135978841, 37.64433731575592], [126.62107234561014, 37.64385973105589], [126.62130305684423, 37.64336176606972], [126.62147127266033, 37.64284821684028], [126.62157537425249, 37.642324029409224], [126.62161436038275, 37.6417942521731], [126.62158785697305, 37.6412639872574], [126.6214961206547, 37.6407383413772], [126.62134003624355, 37.640222376657725], [126.62112110816715, 37.63972106188839], [126.6208414459281, 37.63923922467958], [126.62050374374604, 37.638781504982624], [126.62011125457553, 37.63835231042011], [126.61966775875152, 37.63795577385601]]], [[[126.67380517466631, 37.640281554246144], [126.67331466284259, 37.63992171580987], [126.67278216405089, 37.63960184032023], [126.67221280618517, 37.63932500782308], [126.6716120718571, 37.639093883872995], [126.67098574561933, 37.63891069388141], [126.67033985828952, 37.63877720170159], [126.66968062891053, 37.638694692655804], [126.66901440490398, 37.63866396116777], [126.6683476009916, 37.638685303118926], [126.66768663747104, 37.63875851300202], [126.66703787843824, 37.63888288589917], [126.6664075705493, 37.63905722426555], [126.66580178290971, 37.639279849453345], [126.66522634866799, 37.63954861786554], [126.66468680887454, 37.639860941584445], [126.66418835914496, 37.6402138132766], [126.66373579964073, 37.640603835135416], [126.66333348884801, 37.64102725158304], [126.66298530159959, 37.641479985417696], [126.66269459174421, 37.641957677059004], [126.6624641598237, 37.64245572651407], [126.6622962260696, 37.64296933766123], [126.66219240898096, 37.643493564425015], [126.66215370969103, 37.64402335839893], [126.66218050227513, 37.644553617457234], [126.66227253009512, 37.64507923488809], [126.6624289082175, 37.6455951485751], [126.66264813188424, 37.646096389753325], [126.66292809095627, 37.64657813087017], [126.66326609019289, 37.64703573208992], [126.66365887517318, 37.64746478599347], [126.66410266361082, 37.64786116004218], [126.66459318176263, 37.64822103639633], [126.66512570557981, 37.6485409487037], [126.66569510620677, 37.64881781550355], [126.66629589938846, 37.6490489699231], [126.66692229831057, 37.64923218537997], [126.6675682693622, 37.649365697042285], [126.66822759028314, 37.649448218839076], [126.66889391013382, 37.6494789558566], [126.66956081050932, 37.649457612000944], [126.67022186740493, 37.64938439285254], [126.67087071313638, 37.649260003685306], [126.67150109771576, 37.64908564266936], [126.67210694909043, 37.64886298932291], [126.67268243166254, 37.64859418832506], [126.67322200252447, 37.648281828845825], [126.67372046486658, 37.64792891959283], [126.67417301804272, 37.64753885981616], [126.67457530380992, 37.64711540655081], [126.67492344829715, 37.646662638413446], [126.67521409929888, 37.64618491630269], [126.67544445853505, 37.645686841382314], [126.67561230856732, 37.64517321075267], [126.67571603411403, 37.644648971237885], [126.67575463755983, 37.64411917173448], [126.67572774851261, 37.643588914580675], [126.67563562731759, 37.64306330641513], [126.67547916249657, 37.6425474089982], [126.67525986213938, 37.64204619046955], [126.67497983933228, 37.641564477511366], [126.67464179176521, 37.64110690887723], [126.67424897571648, 37.64067789073404], [126.67380517466631, 37.640281554246144]]], [[[126.63338501206513, 37.641582086669196], [126.63289469005981, 37.641222082531065], [126.63236235896683, 37.640902026671775], [126.6317931450671, 37.64062500087388], [126.63119252958786, 37.64039367255296], [126.63056629593882, 37.64021026908782], [126.62992047404735, 37.64007655638663], [126.62926128232712, 37.639993821894265], [126.62859506783765, 37.639962862204406], [126.62792824520925, 37.639983975394934], [126.62726723491956, 37.6400569581604], [126.62661840151426, 37.64018110776899], [126.62598799236461, 37.64035522882513], [126.6253820775499, 37.64057764477283], [126.62480649144166, 37.64084621402937], [126.62426677655085, 37.641158350594395], [126.62376813017731, 37.641511048936536], [126.62331535437406, 37.641900912918466], [126.62291280970813, 37.64232418848291], [126.62256437326252, 37.642776799785246], [126.62227340128396, 37.643254388425746], [126.62204269683698, 37.643752355404274], [126.6218744827763, 37.644265905394434], [126.6217703802995, 37.64479009291086], [126.6217313932876, 37.64531986992627], [126.62175789858671, 37.64585013447947], [126.62184964232559, 37.64637577980702], [126.62200574230732, 37.64689174352506], [126.62222469645357, 37.64739305638792], [126.62250439722229, 37.647874890153695], [126.6228421518622, 37.6483326040952], [126.62323470830984, 37.64876178970835], [126.623678286482, 37.649158313186454], [126.62416861466262, 37.649518355250805], [126.62470097063468, 37.64983844795324], [126.62527022716105, 37.650115508095325], [126.62587090137649, 37.65034686694168], [126.62649720761404, 37.65053029594038], [126.62714311315679, 37.65066402820205], [126.6278023963764, 37.65074677553009], [126.62846870669708, 37.65077774083759], [126.62913562580579, 37.65075662583076], [126.62979672951721, 37.650683633884846], [126.63044564969549, 37.65055946808447], [126.63107613563474, 37.650385324447434], [126.63168211430472, 37.650162880397524], [126.63225774887995, 37.649894278597394], [126.6327974949869, 37.64958210629802], [126.63329615412616, 37.64922937040407], [126.63374892375408, 37.64883946849591], [126.63415144354096, 37.648416156088324], [126.63449983735991, 37.64796351044178], [126.63479075060228, 37.647485891275885], [126.63502138246075, 37.64698789876377], [126.63518951287014, 37.64647432921314], [126.63529352384758, 37.64595012886102], [126.63533241502826, 37.64542034622798], [126.63530581324885, 37.644890083491084], [126.63521397608825, 37.64436444734399], [126.63505778933353, 37.64384849981776], [126.63483875839768, 37.64334720953576], [126.63455899377367, 37.6428654038722], [126.63422119066678, 37.64240772247429], [126.63382860300297, 37.64197857259547], [126.63338501206513, 37.641582086669196]]], [[[126.68820382525547, 37.649744156842395], [126.68767119201223, 37.64942434753107], [126.68710170324356, 37.649147585835216], [126.68650084282082, 37.648916536627596], [126.68587439650993, 37.64873342459998], [126.6852283962839, 37.64860001285502], [126.68456906227186, 37.648517585940674], [126.68390274290215, 37.648486937490055], [126.68323585381418, 37.64850836258538], [126.68257481612525, 37.64858165491913], [126.68192599464518, 37.648706108779905], [126.68129563663119, 37.64888052584365], [126.68068981167148, 37.649103226705144], [126.68011435327418, 37.64937206703907], [126.67957480272267, 37.649684458235456], [126.67907635573671, 37.65003739231134], [126.67862381245212, 37.65042747085961], [126.6782215311997, 37.6508509377566], [126.6778733865287, 37.651303715314754], [126.67758273187886, 37.65178144353256], [126.67735236726139, 37.65227952206477], [126.67718451226074, 37.65279315450939], [126.67708078461851, 37.653317394585606], [126.6770421846074, 37.65384719375829], [126.67706908534743, 37.65437744985118], [126.67716122915942, 37.65490305618057], [126.6773177299933, 37.65541895073641], [126.67753708190948, 37.6559201649375], [126.67781717353378, 37.656401871490594], [126.67815530834883, 37.656859430892375], [126.67854823062758, 37.65728843612606], [126.67899215676096, 37.657684755121394], [126.6794828116789, 37.6580445705686], [126.68001547001468, 37.65836441670187], [126.68058500161618, 37.658641212697724], [126.68118592096603, 37.65887229236527], [126.68181244003378, 37.659055429842155], [126.6824585240504, 37.65918886104777], [126.68311794966675, 37.65927130068625], [126.68378436493418, 37.65930195463551], [126.684451350528, 37.659280527602064], [126.68511248162218, 37.65920722596786], [126.68576138981747, 37.659082755801734], [126.68639182452418, 37.65890831605434], [126.68699771320684, 37.65868558700262], [126.68757321990854, 37.658416714055235], [126.68811280148958, 37.65810428707548], [126.6886112610377, 37.6577513154214], [126.68906379793437, 37.65736119894429], [126.68946605409424, 37.656937695225345], [126.68981415593242, 37.656484883367185], [126.69010475165513, 37.65600712468947], [126.69033504351572, 37.65550902070798], [126.69050281472578, 37.65499536880271], [126.69060645076372, 37.65447111600237], [126.69064495487713, 37.653941311331025], [126.69061795763128, 37.653411057176264], [126.690525720414, 37.652885460147345], [126.69036913286492, 37.65236958189685], [126.69014970425603, 37.6518683903794], [126.68986954890875, 37.65138671201652], [126.68953136578929, 37.650929185228215], [126.68913841248103, 37.65050021577791], [126.6886944737855, 37.65010393436074], [126.68820382525547, 37.649744156842395]]], [[[126.79096683555959, 37.434868173327985], [126.79043526705564, 37.43454882748728], [126.78986700923235, 37.43427256464104], [126.78926753410795, 37.434042044863055], [126.78864261411185, 37.43385948775167], [126.78799826652529, 37.43372665107065], [126.7873406955716, 37.433644813834626], [126.7866762327122, 37.43361476400217], [126.78601127572112, 37.433636790894155], [126.78535222712364, 37.433710682410336], [126.78470543258918, 37.43383572707079], [126.78407711987003, 37.4340107208627], [126.78347333887214, 37.434233978826555], [126.78289990343296, 37.4345033512707], [126.7823623353658, 37.43481624445853], [126.78186581130797, 37.43516964556963], [126.78141511288376, 37.435560151695235], [126.78101458066149, 37.4359840025894], [126.7806680723477, 37.43643711686154], [126.78037892562153, 37.43691513126214], [126.78014992596744, 37.43741344268457], [126.77998327981702, 37.437927252478765], [126.77988059325995, 37.43845161265103], [126.7798428565305, 37.4389814735053], [126.77987043442089, 37.4395117322676], [126.77996306271557, 37.440037282225575], [126.7801198506829, 37.44055306191016], [126.7803392896024, 37.44105410384547], [126.78061926724698, 37.44153558239735], [126.78095708818311, 37.441992860259376], [126.78134949969444, 37.442421533128275], [126.7817927230809, 37.44281747213769], [126.78228249003298, 37.44317686364111], [126.78281408373101, 37.44349624596006], [126.78338238427446, 37.44377254274272], [126.7839819180033, 37.4440030926112], [126.78460691023609, 37.4441856748107], [126.7852513409155, 37.444318530613415], [126.78590900262499, 37.444400380269826], [126.78657356041548, 37.4444304353441], [126.78723861286477, 37.44440840631389], [126.78789775377918, 37.44433450536162], [126.78854463394158, 37.44420944432983], [126.78917302230909, 37.44403442786047], [126.7897768660686, 37.44381114178457], [126.79035034897078, 37.4435417368741], [126.79088794737834, 37.443228808113304], [126.791384483488, 37.44287536968965], [126.79183517521234, 37.442484825945854], [126.79223568224052, 37.442060938573434], [126.79258214783417, 37.44160779036487], [126.79287123595587, 37.44112974587379], [126.79310016337328, 37.44063140936325], [126.79326672643087, 37.44011758044735], [126.79336932223214, 37.439593207854685], [126.79340696403051, 37.439063341758605], [126.79337929068191, 37.43853308513455], [126.79328657007032, 37.43800754461267], [126.79312969647502, 37.437491781299414], [126.79291018190717, 37.436990762041525], [126.79263014150096, 37.43650931160171], [126.79229227310182, 37.43605206620601], [126.7918998312501, 37.43562342891007], [126.7914565958118, 37.43522752721319], [126.79096683555959, 37.434868173327985]]], [[[126.76446422511115, 37.43584753024213], [126.76397459179435, 37.43548806586798], [126.76344313566567, 37.43516859983213], [126.76287497457655, 37.43489220824185], [126.76227557961502, 37.43466155241038], [126.76165072243955, 37.43447885324587], [126.76100641972732, 37.434345869879415], [126.76034887527022, 37.43426388273756], [126.75968442027484, 37.4342336812218], [126.75901945243965, 37.4342555561129], [126.75836037439419, 37.43432929677364], [126.75771353209106, 37.434454193176116], [126.75708515374188, 37.43462904273454], [126.75648128988375, 37.4348521618778], [126.75590775515093, 37.43512140225061], [126.7553700723117, 37.435434171387904], [126.7548734191073, 37.43578745766367], [126.75442257840429, 37.43617785927496], [126.75402189213973, 37.43660161698249], [126.75367521950233, 37.43705465029331], [126.75338589975243, 37.43753259673804], [126.75315672003971, 37.43803085386499], [126.75298988852886, 37.438544623547685], [126.75288701309401, 37.43906895817945], [126.75284908578803, 37.43959880831101], [126.75287647323835, 37.44012907127248], [126.7529689130636, 37.440654640311955], [126.75312551634765, 37.44117045377739], [126.7533447761493, 37.44167154386832], [126.75362458196747, 37.44215308448749], [126.75396224002448, 37.442610437731275], [126.75435449917386, 37.443039198570865], [126.75458524396545, 37.44324544478482], [126.7542530195718, 37.44317686099865], [126.75359540600574, 37.44309483565092], [126.75293087633966, 37.443064595397345], [126.75226582899066, 37.443086431391585], [126.75160666735339, 37.44316013337079], [126.75095973818476, 37.44328499167944], [126.75033127053234, 37.44345980409852], [126.74972731579246, 37.44368288741447], [126.74915368947404, 37.44395209361709], [126.74861591522672, 37.444264830570404], [126.74811917167153, 37.444618086958464], [126.74766824254472, 37.445008461266326], [126.74726747063457, 37.44543219451781], [126.74692071595447, 37.445885206455735], [126.7466313185548, 37.44636313481677], [126.74640206633309, 37.4468613773237], [126.74623516815257, 37.44737513599109], [126.74613223252979, 37.44789946331863], [126.74609425209773, 37.44842930992762], [126.74612159399598, 37.44895957318238], [126.74621399628249, 37.44948514632832], [126.74637057040337, 37.45000096767405], [126.74658980969892, 37.450502069343294], [126.74686960386626, 37.45098362512736], [126.74720725924058, 37.4514409969766], [126.74759952470194, 37.451869779682944], [126.74804262295874, 37.45226584332237], [126.7485322869084, 37.45262537304808], [126.74906380072501, 37.45294490585015], [126.74963204527899, 37.45322136392709], [126.75023154745087, 37.45345208434697], [126.75085653286405, 37.45363484471174], [126.75150098152768, 37.453767884576784], [126.75215868585234, 37.453849922418996], [126.75282331047852, 37.45388016798909], [126.75348845333991, 37.45385832992908], [126.75414770737133, 37.45378461858124], [126.75479472226519, 37.4536597439611], [126.75542326567961, 37.45348490891451], [126.75602728330675, 37.453261797524604], [126.75660095722095, 37.45299255888045], [126.75713876194348, 37.45267978636471], [126.7576355176822, 37.45232649266], [126.75808644023265, 37.45193608071532], [126.75848718705923, 37.4515123109532], [126.75883389911257, 37.45105926503393], [126.75912323798038, 37.45058130652668], [126.75935241801443, 37.45008303886723], [126.75951923312566, 37.449569261007554], [126.75962207798986, 37.44904492118553], [126.75965996346181, 37.44851506926001], [126.75963252605119, 37.44798480807101], [126.75954003137053, 37.44745924429372], [126.75938337152442, 37.44694343925949], [126.75916405646686, 37.44644236021775], [126.7588841994123, 37.44596083250764], [126.75854649644218, 37.445503493099935], [126.75815420050563, 37.44507474595601], [126.75792344026532, 37.44486850660788], [126.75825567563857, 37.444937080173005], [126.75891331082254, 37.44501907979159], [126.75957786073968, 37.44504928660787], [126.7602429240437, 37.445027409637284], [126.76090209443622, 37.444953659597026], [126.76154902241586, 37.444828746875395], [126.76217747647843, 37.44465387468537], [126.7627814031773, 37.44443072746776], [126.7633549854632, 37.44416145465672], [126.7638926987404, 37.44384864996393], [126.76438936409802, 37.44349532638176], [126.7648401982024, 37.4431048871468], [126.76524085937008, 37.442681092944234], [126.76558748937681, 37.44222802566947], [126.7658767506005, 37.441750049097124], [126.76610585814065, 37.44125176683665], [126.7662726066061, 37.4407379779804], [126.76637539131407, 37.44021363087187], [126.7664132236983, 37.43968377543981], [126.76638574077919, 37.4391535145578], [126.76629320860685, 37.43862795489787], [126.7661365196463, 37.438112157751576], [126.76591718413121, 37.43761109029224], [126.76563731547235, 37.437129577747434], [126.76529960986227, 37.436672256941854], [126.76490732027487, 37.43624353165778], [126.76446422511115, 37.43584753024213]]], [[[126.78702108678426, 37.47985050087365], [126.78648921994665, 37.47953113658928], [126.78592063915025, 37.479254853493856], [126.78532081952262, 37.47902431185534], [126.78469553680918, 37.47884173148185], [126.78405081178212, 37.47870887036052], [126.78339285229724, 37.478627007740776], [126.78272799355474, 37.47859693182531], [126.78206263713834, 37.47861893218594], [126.78140318941689, 37.47869279697789], [126.78075599990058, 37.478817814978726], [126.78012730014275, 37.47899278243266], [126.7795231437742, 37.47921601463431], [126.77894934824526, 37.47948536214071], [126.7784114388354, 37.47979823145612], [126.77791459546813, 37.480151609990855], [126.7774636028422, 37.48054209505442], [126.77706280435932, 37.480965926604604], [126.77671606029087, 37.48141902343802], [126.77642671058766, 37.48189702247391], [126.77619754269062, 37.48239532075439], [126.7760307646538, 37.48290911975665], [126.77592798383958, 37.48343347159143], [126.77589019139283, 37.48396332664339], [126.77591775264541, 37.48449358219462], [126.77601040354502, 37.48501913156374], [126.77616725314535, 37.48553491328727], [126.7763867921352, 37.486035959869355], [126.77666690732633, 37.48651744563064], [126.77700490196263, 37.48697473319471], [126.77739752165668, 37.4874034181641], [126.77784098570467, 37.487799371555134], [126.77833102347992, 37.48815877958193], [126.77886291555458, 37.488478180405984], [126.77943153915398, 37.48875449749639], [126.78003141750577, 37.488985069278826], [126.78065677260773, 37.48916767478669], [126.78130158090578, 37.48930055506704], [126.78195963134417, 37.48938243013409], [126.7826245852273, 37.48941251130689], [126.7832900373153, 37.48939050881151], [126.78394957756272, 37.489316634574806], [126.78459685290369, 37.489191600182146], [126.78522562848656, 37.48901661001925], [126.78582984776669, 37.48879334966422], [126.7864036908761, 37.48852396964193], [126.7869416307068, 37.48821106469766], [126.78743848616631, 37.48785764879032], [126.78788947209102, 37.48746712604659], [126.78829024533688, 37.48704325795672], [126.78863694660228, 37.48659012712833], [126.78892623758136, 37.48611209794852], [126.7891553330899, 37.48561377453364], [126.78928431946882, 37.485216188957224], [126.78947715783629, 37.48547701362067], [126.78986984177725, 37.485905657900354], [126.79031336369181, 37.486301565158215], [126.79080345239532, 37.48666092205265], [126.79133538796883, 37.486980267237655], [126.79179480133304, 37.48720345289512], [126.79192297200518, 37.487280397826396], [126.79249163572139, 37.487556652510044], [126.79309154576914, 37.48778715833371], [126.79371692384062, 37.48796969496631], [126.79436174616008, 37.488102504118515], [126.7950198015364, 37.48818430648993], [126.79568475122633, 37.48821431410006], [126.79635019003042, 37.4881922378839], [126.79700970803125, 37.48811829047863], [126.7976569523774, 37.487993184174684], [126.79828568851623, 37.48781812405068], [126.79888986028341, 37.487594796358806], [126.79946364826911, 37.487325352272656], [126.8000015258969, 37.48701238715465], [126.80049831267401, 37.48665891554334], [126.80094922409907, 37.48626834210189], [126.80134991774614, 37.485844428808704], [126.80169653508088, 37.48539125870662], [126.8019857386063, 37.484913196560775], [126.80221474398095, 37.48441484680471], [126.80238134680104, 37.483901009180485], [126.80248394379001, 37.48337663250065], [126.80252154819284, 37.48284676697796], [126.80249379922861, 37.482316515582106], [126.80240096551249, 37.48179098489256], [126.8022439424157, 37.481275235920556], [126.80202424339168, 37.4807742353741], [126.80174398535299, 37.48029280783488], [126.80140586824264, 37.47983558930759], [126.80101314899719, 37.4794069825882], [126.80056961015451, 37.47901111488064], [126.80007952340918, 37.47865179806931], [126.79954760846695, 37.478332492029146], [126.79908822545335, 37.47810933650405], [126.79896006282449, 37.478032399312], [126.79839144641706, 37.47775617581217], [126.79779159936511, 37.477525697161376], [126.79716629767775, 37.47734318256146], [126.79652156230951, 37.477210389366384], [126.7958636012155, 37.477128596171816], [126.79519874961142, 37.47709859051217], [126.79453340901215, 37.47712066128309], [126.7938739856344, 37.47719459596209], [126.79322682875419, 37.47731968265407], [126.79259816961098, 37.47749471694203], [126.79199406144492, 37.47771801347723], [126.79142032124268, 37.47798742219738], [126.79088247375158, 37.47830034901738], [126.79038569829946, 37.47865378079382], [126.78993477893172, 37.4790443143235], [126.78953405834521, 37.479468189097396], [126.78918739606178, 37.47992132349568], [126.7888981312451, 37.48039935407568], [126.78866905051915, 37.4808976775754], [126.78854006868538, 37.48129526281195], [126.7883472441134, 37.48103443657926], [126.7879545939985, 37.480605787238716], [126.78751111785833, 37.48020987122029], [126.78702108678426, 37.47985050087365]]], [[[126.76937360271235, 37.4829283858252], [126.7688836422172, 37.482568941138226], [126.76835183485461, 37.48224949595582], [126.7677833018575, 37.481973126183604], [126.76718351789383, 37.48174249292393], [126.76655825836623, 37.481559816866906], [126.76591354382414, 37.48142685692065], [126.76525558202268, 37.481344893285865], [126.7645907081845, 37.48131471513745], [126.76392532403862, 37.48133661303124], [126.76326583622068, 37.4814103761087], [126.76261859462656, 37.48153529412641], [126.76198983131059, 37.481710164291044], [126.76138560051487, 37.48193330283369], [126.76081172040564, 37.48220256121306], [126.76027371707596, 37.48251534679156], [126.75977677135286, 37.48286864778574], [126.75932566891987, 37.4832590622519], [126.75892475423515, 37.48368283082784], [126.75857788868838, 37.48413587291679], [126.75843598215019, 37.48437017586505], [126.75839472371703, 37.48432510694864], [126.75795138376536, 37.48392908164136], [126.75746147233804, 37.48356959015864], [126.75692970745469, 37.483250094057404], [126.75636120993978, 37.4829736697335], [126.75576145412003, 37.48274297881449], [126.75513621512754, 37.482560242545546], [126.75449151331428, 37.48242722041433], [126.75383355631303, 37.48234519322012], [126.75316867930036, 37.482314950749576], [126.75250328403588, 37.482336784177654], [126.75184377726218, 37.482410483266264], [126.75119650905746, 37.482535338387954], [126.75056771173199, 37.48271014735474], [126.74996343985497, 37.48293322698682], [126.74938951198773, 37.483202429310076], [126.74885145468275, 37.48351516222654], [126.74835444928618, 37.483868414459906], [126.74790328205567, 37.48425878453599], [126.7475022980728, 37.48468251352014], [126.747155359394, 37.48513552119703], [126.74686580784292, 37.48561344534504], [126.74665114265214, 37.48607973185816], [126.74663306811985, 37.4860486378676], [126.74629526418057, 37.48559126538063], [126.74590283328953, 37.48516247893561], [126.74545955521054, 37.48476640746779], [126.74496969912987, 37.484406864823924], [126.7444379825348, 37.484087313053635], [126.74386952578537, 37.483810829088775], [126.7432698028163, 37.48358007513105], [126.74264458844381, 37.48339727303254], [126.74199990278319, 37.48326418291453], [126.74134195331192, 37.483182086230684], [126.74067707513423, 37.48315177343655], [126.74001167002096, 37.483173536383894], [126.73935214480944, 37.483247165513035], [126.73870484975522, 37.48337195186989], [126.73807601742675, 37.48354669392837], [126.73747170272988, 37.48376970915277], [126.73689772463781, 37.484038850188945], [126.73635961018604, 37.484351525529036], [126.73586254127044, 37.484704724451085], [126.73541130475968, 37.48509504599431], [126.73501024640188, 37.48551873169153], [126.73466322896913, 37.48597170174435], [126.7343735950429, 37.486449594293745], [126.73414413479978, 37.48694780740819], [126.733977059108, 37.48746154338615], [126.73387397819567, 37.487985854946544], [126.73383588609737, 37.48851569286315], [126.73386315103076, 37.48904595458442], [126.73395551179776, 37.489571533370885], [126.73411208024713, 37.49008736747697], [126.73433134977657, 37.49058848890352], [126.73461120979456, 37.491070071251364], [126.73494896600444, 37.49152747621467], [126.735341366317, 37.491956298265976], [126.73578463214356, 37.49235240710171], [126.7362744947687, 37.49271198743908], [126.73680623645357, 37.493031575779916], [126.73737473587407, 37.49330809378701], [126.73797451745551, 37.493538877950364], [126.73859980412938, 37.4937217052572], [126.73924457300178, 37.49385481461744], [126.73990261339748, 37.49393692383796], [126.74056758671804, 37.493967241981444], [126.74123308753644, 37.49394547699055], [126.74189270533734, 37.493871838503466], [126.7425400863071, 37.49374703583393], [126.74316899457551, 37.49357227113491], [126.74377337231849, 37.49334922781216], [126.74434739813995, 37.49308005429964], [126.7448855431702, 37.49276734335326], [126.74538262433822, 37.49241410706329], [126.74583385430454, 37.492023747826565], [126.74623488757248, 37.4916000255588], [126.74658186233422, 37.49114702146376], [126.74687143764801, 37.490669098708715], [126.74708611509936, 37.490202812283236], [126.74710419079219, 37.49023390619569], [126.74744202012718, 37.490691276293354], [126.74783448828936, 37.49112005763665], [126.74827781603592, 37.49151612031393], [126.74876773405443, 37.491875649486914], [126.74929952407201, 37.49219518215022], [126.74986806429828, 37.49247164050294], [126.75046787876514, 37.49270236160983], [126.75109319008676, 37.4928851230656], [126.75173797513155, 37.493018164414664], [126.75239602306821, 37.49310020411922], [126.75306099522555, 37.49313045191183], [126.75372648618763, 37.49310861641306], [126.75438608553426, 37.493034907940526], [126.75503343962968, 37.49291003648232], [126.75566231286295, 37.49273520485423], [126.75626664774772, 37.492512097106896], [126.75684062330131, 37.49224286229493], [126.75737871113871, 37.49193009376477], [126.75787572874039, 37.49157680416139], [126.7583268893797, 37.491186396395065], [126.75872784822835, 37.49076263084883], [126.75907474419579, 37.49030958914313], [126.75921666030092, 37.49007528576064], [126.75925792233731, 37.49012035438553], [126.7597013053117, 37.49051637484241], [126.76019127244068, 37.490875857216345], [126.76072310497781, 37.49119533895273], [126.76129168072266, 37.49147174274124], [126.7618915233645, 37.49170240617228], [126.7625168552457, 37.491885107396236], [126.7631616530364, 37.49201808653789], [126.76381970578227, 37.49210006265887], [126.76448467476561, 37.492130246104395], [126.76515015460114, 37.492108346115124], [126.76580973497587, 37.49203457363007], [126.76645706243703, 37.491909639254175], [126.76708590163044, 37.49173474640945], [126.76769019539812, 37.491511579736375], [126.76826412315381, 37.49124228885724], [126.7688021569734, 37.490929467658624], [126.76929911485826, 37.49057612929282], [126.76975021065738, 37.4901856771397], [126.77015110016757, 37.48976187200977], [126.77049792296664, 37.48930879590454], [126.77078733957748, 37.488830812684405], [126.7710165636053, 37.48833252602349], [126.77118338853974, 37.48781873505699], [126.77128620896453, 37.48729438814903], [126.7713240359725, 37.48676453522659], [126.77129650663909, 37.48623427913903], [126.77120388746461, 37.485708726511945], [126.7710470717549, 37.48519293856878], [126.77082757096706, 37.484691882393676], [126.77054750010595, 37.484210383104795], [126.77020955731324, 37.4837530773984], [126.76981699784847, 37.483324368910445], [126.76937360271235, 37.4829283858252]]], [[[126.70788876506782, 37.50445354198588], [126.70735706882893, 37.50413382456197], [126.70678860132318, 37.5038571629129], [126.7061888365901, 37.50362622095071], [126.70556354984882, 37.503443222336955], [126.70491876191188, 37.50330992908443], [126.70426068124156, 37.50322762460184], [126.70359564420494, 37.5031971013447], [126.70293005410159, 37.50321865319048], [126.70227031954896, 37.50329207261139], [126.70162279281675, 37.503416652671895], [126.70099370870248, 37.503591193831824], [126.70038912453457, 37.50381401548955], [126.69981486187888, 37.50408297215464], [126.699276450509, 37.50439547409459], [126.69877907517797, 37.50474851225739], [126.6983275257032, 37.50513868723072], [126.69792615084498, 37.505562241959396], [126.6975788164218, 37.50601509790708], [126.69728886806682, 37.50649289431445], [126.69705909898393, 37.50699103017697], [126.69689172301545, 37.507504708538185], [126.69678835328146, 37.50802898267313], [126.69674998659875, 37.508558803717214], [126.69677699383044, 37.509089069282595], [126.69686911626181, 37.50961467259394], [126.6970254680388, 37.51013055167048], [126.69724454464787, 37.51063173808084], [126.69752423735778, 37.51111340480068], [126.69786185348553, 37.511570912712095], [126.69825414229346, 37.5119998552964], [126.698697326269, 37.51239610108922], [126.69918713748726, 37.51275583348849], [126.69971885870636, 37.51307558753119], [126.7002873688008, 37.51335228328356], [126.70088719209438, 37.51358325552298], [126.70151255111756, 37.51376627942435], [126.70215742228, 37.51389959200312], [126.70281559392114, 37.51398190910787], [126.70348072617793, 37.51401243779801], [126.70414641209153, 37.513990883987304], [126.7048062393626, 37.51391745527905], [126.70545385215827, 37.513792858965665], [126.70608301237364, 37.51361829521194], [126.70668765975587, 37.513395445487745], [126.70726197030969, 37.513126456362116], [126.70780041242085, 37.51281391881499], [126.70829780015501, 37.512460843266716], [126.70874934321797, 37.512070630566356], [126.70915069309599, 37.511647039218886], [126.7094979849305, 37.511194149167935], [126.70978787472495, 37.51071632248333], [126.71001757152592, 37.51021816133318], [126.71018486426891, 37.509704463645726], [126.71028814303209, 37.50918017688862], [126.71032641449467, 37.50865035041153], [126.7102993114527, 37.508120086811076], [126.71020709630291, 37.50759449278708], [126.71005065846248, 37.50707862996342], [126.70983150575226, 37.50657746614686], [126.70955174982807, 37.506095827493475], [126.70921408580219, 37.50563835204258], [126.70882176625295, 37.505209445065475], [126.70837856987431, 37.50481323665812], [126.70788876506782, 37.50445354198588]]], [[[126.72737603107034, 37.52643503623075], [126.72688599416695, 37.526075419048695], [126.72635406355758, 37.52575578568319], [126.72578536166347, 37.525479213850936], [126.7251853647799, 37.52524836659889], [126.72455985035997, 37.525065466676566], [126.72391484140711, 37.52493227514644], [126.72325654851029, 37.524850074437914], [126.72259131007876, 37.52481965600754], [126.72192553135004, 37.52484131272377], [126.7212656227567, 37.5249148360495], [126.72061793824345, 37.52503951804925], [126.71998871412647, 37.52521415820183], [126.71938400908186, 37.52543707495298], [126.71880964583954, 37.5257061218972], [126.71827115514192, 37.526018708433206], [126.71777372250648, 37.52637182469488], [126.71732213830347, 37.52676207051825], [126.71692075162862, 37.527185688166206], [126.71657342841571, 37.52763859849667], [126.71628351419152, 37.52811644022677], [126.71605380183294, 37.528614611915366], [126.7158865046378, 37.52912831626086], [126.71578323496935, 37.52965260628769], [126.71574498868242, 37.53018243297782], [126.71577213548227, 37.53071269388846], [126.71586441531144, 37.53123828228847], [126.71602094080117, 37.53175413634001], [126.71624020576589, 37.53225528785197], [126.71652009966085, 37.532736910135355], [126.71685792786576, 37.53319436449953], [126.71725043760036, 37.53362324494078], [126.71769384922389, 37.53401942059265], [126.7177050074444, 37.53402760994666], [126.71744717883547, 37.53425039455343], [126.71704575197192, 37.53467401164819], [126.71669839397285, 37.53512692139259], [126.71640845070024, 37.53560476250948], [126.71617871531113, 37.536102933563775], [126.7160114013255, 37.53661663726006], [126.71590812126875, 37.53714092662912], [126.71586987109627, 37.53767075265926], [126.71589702055121, 37.53820101291409], [126.71598930955108, 37.53872660066875], [126.71614585063928, 37.53924245409158], [126.71636513748045, 37.539743604997426], [126.7166450593196, 37.5402252267031], [126.71698292126764, 37.54068268052334], [126.71737547021958, 37.54111156045959], [126.71781892615716, 37.54150773565009], [126.71830901853552, 37.5418673901721], [126.71884102740394, 37.542187059812015], [126.71940982886511, 37.54246366544856], [126.72000994443499, 37.542694542726736], [126.72063559382724, 37.5428774677359], [126.72083589443358, 37.54291882583671], [126.72081256488545, 37.543242242792516], [126.72083975068979, 37.54377250182995], [126.72093208063396, 37.544298085695694], [126.72108866686735, 37.54481393259537], [126.72130800262005, 37.54531507440644], [126.72158797666613, 37.54579668453311], [126.72192589361379, 37.546254124401464], [126.7223184998283, 37.546682988147126], [126.72276201473981, 37.54707914506411], [126.72325216723529, 37.54743877940549], [126.72378423678475, 37.54775842715198], [126.72435309890616, 37.54803500939306], [126.72495327453082, 37.54826586199902], [126.7255789827936, 37.54844876129682], [126.72622419673816, 37.54858194550205], [126.72688270140003, 37.548664131699915], [126.7275481537063, 37.54869452821107], [126.72821414361339, 37.54867284222288], [126.72887425589204, 37.548599282612415], [126.72952213196271, 37.54847455793365], [126.73015153118348, 37.548299869588625], [126.73075639099864, 37.5480769002481], [126.73133088536657, 37.547807797634064], [126.73186948090279, 37.54749515382042], [126.73236699019577, 37.547141980251816], [126.73240521489414, 37.54710894656719], [126.73255290391275, 37.547362916822806], [126.73289089532373, 37.5478203260089], [126.73328357306009, 37.54824915396638], [126.73372715586268, 37.54864527033378], [126.734217371964, 37.54900485975466], [126.73474950022093, 37.54932445864228], [126.73531841558541, 37.549600988556755], [126.73591863847551, 37.54983178587242], [126.73654438757023, 37.55001462744892], [126.73718963551961, 37.55014775205796], [126.7378481670313, 37.55022987735899], [126.7385136387735, 37.55026021225942], [126.73917964051527, 37.55023846454033], [126.73983975691337, 37.55016484367362], [126.74048762934856, 37.55004005880358], [126.74064938430894, 37.549995148620226], [126.74034186448253, 37.550213482542055], [126.73989025042917, 37.55060381282368], [126.73948885992944, 37.551027505488804], [126.73914155895548, 37.551480480673185], [126.73885169282174, 37.551958376469415], [126.73862205394401, 37.552456590915654], [126.73845485491442, 37.55297032629824], [126.73835170715293, 37.553494635342346], [126.7383136053422, 37.554024468846244], [126.73834091779794, 37.55455472430088], [126.73843338286883, 37.5550802950269], [126.73859011140338, 37.555596119355855], [126.7388095952615, 37.55609722938205], [126.73908972179089, 37.55657879881517], [126.73942779413102, 37.55703618947268], [126.73982055715018, 37.55746499596372], [126.74026422876774, 37.557861088133286], [126.74075453636061, 37.55822065085776], [126.74128675790418, 37.558540220807366], [126.74185576745144, 37.55881671982077], [126.74245608451281, 37.559047484569845], [126.74308192685974, 37.559230292227824], [126.74372726624348, 37.55936338189316], [126.74438588649035, 37.55944547156187], [126.74505144341332, 37.55947577048468], [126.74571752596046, 37.55945398678937], [126.74637771800964, 37.55938033029448], [126.74702566021264, 37.559255510487695], [126.7476551112904, 37.55908072968771], [126.74826000818786, 37.55885767145629], [126.74883452450646, 37.55858848437201], [126.74937312665082, 37.558275761322705], [126.74987062714648, 37.557922514516484], [126.75032223461523, 37.55753214645274], [126.75072359992552, 37.55710841713349], [126.75107085807316, 37.556655407831606], [126.75136066538951, 37.556177481765566], [126.75159023171909, 37.5556792420605], [126.7517573472578, 37.55516548740072], [126.75186040379414, 37.5546411658019], [126.75189841015118, 37.55411132694821], [126.75187100168147, 37.553581073554305], [126.7517784437261, 37.553055512220354], [126.75162162900598, 37.55253970425385], [126.75140206897338, 37.552038616931725], [126.75112187920786, 37.55155707567176], [126.75078375900011, 37.55109971757379], [126.75039096532134, 37.55067094677749], [126.74994728143044, 37.550274892066106], [126.74945698042215, 37.549915367123745], [126.74892478406805, 37.549595833828256], [126.7483558173471, 37.54931936893238], [126.74775555910313, 37.54908863445311], [126.74712978930431, 37.54890585205395], [126.74648453341148, 37.54877278166581], [126.74582600438977, 37.548690704551824], [126.74516054292046, 37.5486604109788], [126.74449455638732, 37.548682192613384], [126.74383445722262, 37.54875583971619], [126.74318660120517, 37.548880643160516], [126.7430248501277, 37.54892555687126], [126.743332356891, 37.5487072157709], [126.74378394160492, 37.54831687187802], [126.74418529324018, 37.54789316399441], [126.74453254692379, 37.54744017318635], [126.74482235902953, 37.5469622624942], [126.7450519393551, 37.546464034894974], [126.74521907796087, 37.54595028895646], [126.74532216641254, 37.54542597261041], [126.74536021322506, 37.54489613549057], [126.74533285336071, 37.544365880295075], [126.74524035169186, 37.54384031364166], [126.7450836003969, 37.543324496889305], [126.7448641103168, 37.54282339739979], [126.74458399635718, 37.54234184070839], [126.74424595707859, 37.54188446406381], [126.74385324867283, 37.541455671784604], [126.74340965357767, 37.54105959286113], [126.74291944403298, 37.54070004121089], [126.74238734092994, 37.54038047896913], [126.74181846834992, 37.54010398316741], [126.74121830423073, 37.53987321612052], [126.74059262763477, 37.53969039980556], [126.73994746312596, 37.53955729448003], [126.73928902279009, 37.5394751817435], [126.73862364645507, 37.53944485220562], [126.7379577406854, 37.53946659787928], [126.73729771713623, 37.53954020937117], [126.7366499308586, 37.539664977897296], [126.73602061914823, 37.53983970210373], [126.73541584152464, 37.54006269962735], [126.73484142141656, 37.54033182328527], [126.73430289011442, 37.54064448173794], [126.7338054335273, 37.54099766442708], [126.73376721260635, 37.54103069864025], [126.73361953156007, 37.540776729725366], [126.73328156671235, 37.54031932238488], [126.73288892979134, 37.539890494308004], [126.73244540254696, 37.53949437482998], [126.73195525656617, 37.53913477825892], [126.7314232121286, 37.53881516716269], [126.73085439275127, 37.53853861904333], [126.7302542758602, 37.53830779671927], [126.72962864006348, 37.53812492269984], [126.72942834711706, 37.53808357957023], [126.72945163747774, 37.53776016019967], [126.72942439208002, 37.53722990195476], [126.72933201024783, 37.5367043235387], [126.72917538300524, 37.53618848642428], [126.72895601999846, 37.5356873581699], [126.72867603490953, 37.53520576458834], [126.72833812505819, 37.534748343283994], [126.7279455453903, 37.53431949900589], [126.72750207710449, 37.53392336124544], [126.72749091781165, 37.53391517280527], [126.72774871575422, 37.53369236590951], [126.72815007735223, 37.5332687116255], [126.7284973578661, 37.53281576718421], [126.72878721341002, 37.532337895179374], [126.72901685336207, 37.53183969821552], [126.72918406720699, 37.53132597456564], [126.72928724578462, 37.5308016719471], [126.72932539674075, 37.53027183986186], [126.72929815403356, 37.52974158096001], [126.72920578140622, 37.52921600189551], [126.72904916979364, 37.52870016414744], [126.7288298286911, 37.528199035280394], [126.72854987156923, 37.5277174411131], [126.7282119954781, 37.527260019255735], [126.72781945503824, 37.526831174462785], [126.72737603107034, 37.52643503623075]]], [[[126.74751177267727, 37.5626036319216], [126.74702140376338, 37.56224409686293], [126.74648913120278, 37.561924552414176], [126.74592008070816, 37.561648075435215], [126.7453197319299, 37.56141732805918], [126.74469386570766, 37.56123453207355], [126.74404850843035, 37.56110144753983], [126.74338987403877, 37.56101935585723], [126.74272430422826, 37.56098904743268], [126.74205820742512, 37.561010814075814], [126.74139799712276, 37.561084446191494], [126.74075003016938, 37.561209234797374], [126.74012054559957, 37.561383978346484], [126.73951560459646, 37.56160699428976], [126.73894103216153, 37.561876135267354], [126.73840236105157, 37.56218880977333], [126.73790477852188, 37.56254200709524], [126.73745307638696, 37.56293232628926], [126.73705160487961, 37.56335600891233], [126.73670423075235, 37.56380897519716], [126.7364143000243, 37.564286863322316], [126.73618460573377, 37.56478507140006], [126.73601736100709, 37.5652988017783], [126.735914177705, 37.565823107230564], [126.73589124616518, 37.56614177732936], [126.73574537433467, 37.56614653553686], [126.7350851130144, 37.56622013171791], [126.73443709149485, 37.566344884960685], [126.73380754933555, 37.56651959405861], [126.73320254827381, 37.566742576794326], [126.73262791388899, 37.56701168612774], [126.73208917953409, 37.56732433085769], [126.73159153307293, 37.56767750055849], [126.73113976693543, 37.568067794552405], [126.73073823197042, 37.56849145463919], [126.73039079554127, 37.568944401268745], [126.73010080426701, 37.5694222728091], [126.72987105176898, 37.56992046753243], [126.7297037517341, 37.57043418791548], [126.72960051655589, 37.570958486828275], [126.72956234175992, 37.571488315167], [126.7295663429996, 37.571566162167585], [126.72955486255437, 37.57172549762254], [126.72958211716426, 37.57225575290914], [126.72967454029047, 37.57278132849165], [126.72983124318677, 37.573297162655], [126.7300507179612, 37.573798287398866], [126.73033085205029, 37.57427987629118], [126.73066894852178, 37.57473729096198], [126.73106175201262, 37.5751661257889], [126.73150548005323, 37.57556225034382], [126.73199585947776, 37.57592184919095], [126.7325281675702, 37.576241458652206], [126.7330972775502, 37.576518000185374], [126.7336977079608, 37.5767488100524], [126.73432367548149, 37.576931664991555], [126.73496915065736, 37.577064803645484], [126.73562791600625, 37.57714694353805], [126.73629362594265, 37.57717729343591], [126.7369598679399, 37.577155560975584], [126.73762022433905, 37.57708195548201], [126.73826833420775, 37.57695718595147], [126.73889795465101, 37.57678245421841], [126.73950302098136, 37.576559443372055], [126.7400777051674, 37.57629030153473], [126.74061647199605, 37.575977621158685], [126.74111413240604, 37.57562441404128], [126.74156589347848, 37.57523408230003], [126.74196740460215, 37.5748103855875], [126.74231479936842, 37.57435740486295], [126.7426047327931, 37.57387950307011], [126.74283441350663, 37.573381283100744], [126.74300163060383, 37.57286754344956], [126.74310477489603, 37.5723432319881], [126.74314285436216, 37.571813398303284], [126.74314150138405, 37.57178716801661], [126.74328099682519, 37.57178260951315], [126.74394130007104, 37.57170896800587], [126.74458935326643, 37.57158416303455], [126.74521891406263, 37.57140939677505], [126.74582391834713, 37.571186352649214], [126.74639853868659, 37.5709171790999], [126.74693724048322, 37.570604468884774], [126.74743483530253, 37.570251234088516], [126.7478865308577, 37.569860877095124], [126.74828797716876, 37.569437157800266], [126.74863530845154, 37.56898415738047], [126.74892518033333, 37.568506238969], [126.74915480203728, 37.56800800561744], [126.74932196322655, 37.56749425594917], [126.74942505525065, 37.56696993793195], [126.74946308659169, 37.56644010121565], [126.74943569236241, 37.5659098484944], [126.74934313776758, 37.565384286361954], [126.74918631549666, 37.56486847613352], [126.74896673707536, 37.56436738510775], [126.74868651826115, 37.56388583873802], [126.74834835862514, 37.56342847417324], [126.74795551551874, 37.56299969561517], [126.74751177267727, 37.5626036319216]]], [[[126.71781605392488, 37.588062348205895], [126.7172837266197, 37.587742672791826], [126.71671459176191, 37.58746605523064], [126.71611412981495, 37.58723515900845], [126.71548812270852, 37.587052207345266], [126.71484259818803, 37.58691896180084], [126.71418377180417, 37.586836705323925], [126.71351798710008, 37.58680622990748], [126.71285165457002, 37.58682782896839], [126.71219118997573, 37.58690129452458], [126.71154295261228, 37.58702591919699], [126.71091318411608, 37.587200503016824], [126.71030794840227, 37.5874233649729], [126.70973307330821, 37.587692359188146], [126.70919409450326, 37.58800489557], [126.70869620220381, 37.58835796473647], [126.70824419120588, 37.588748166978284], [126.70784241471534, 37.58917174497931], [126.70749474242076, 37.58962461998054], [126.70720452321221, 37.590102431040535], [126.706974552906, 37.59060057701471], [126.70680704728696, 37.59111426085006], [126.70670362072913, 37.59163853576944], [126.70666527060204, 37.59216835290092], [126.70669236761523, 37.5926986098942], [126.70678465219494, 37.593224200056056], [126.70694123693089, 37.59374006153162], [126.70716061507096, 37.594241226057974], [126.70744067498407, 37.59472286682026], [126.70777872045431, 37.595180344949114], [126.70817149661148, 37.59560925421106], [126.70861522125091, 37.596005463460976], [126.70910562124094, 37.59636515644708], [126.70963797366856, 37.59668486858422], [126.71020715132737, 37.59696152034079], [126.71080767210906, 37.59719244691651], [126.71143375182292, 37.59737542392495], [126.71207935993336, 37.59750868883235], [126.7127382776773, 37.59759095794582], [126.71340415800073, 37.597621438786796], [126.71407058673475, 37.597599837729945], [126.7147311444206, 37.597526362834024], [126.71537946818572, 37.597401721837045], [126.71600931307334, 37.597227115335116], [126.71661461223266, 37.59700422521108], [126.7171895353881, 37.59673519842453], [126.71772854502339, 37.596422626319665], [126.71822644973729, 37.596069519651344], [126.71867845425673, 37.59567927956997], [126.71908020562478, 37.595255664845865], [126.71942783511835, 37.594802755649276], [126.7197179954922, 37.59432491423573], [126.71994789319095, 37.5938267429163], [126.72011531522004, 37.59331303971798], [126.7202186504178, 37.59278875216205], [126.72025690492553, 37.59225892960604], [126.72022971170838, 37.59172867460869], [126.72013733403716, 37.591203093786554], [126.71998066289953, 37.590687248635575], [126.71976120836807, 37.59018610679133], [126.71948108500942, 37.58970449419698], [126.71914299147782, 37.58924704863943], [126.71875018449032, 37.58881817510049], [126.71830644743642, 37.58842200335244], [126.71781605392488, 37.588062348205895]]], [[[126.77518393140443, 37.597451595874055], [126.77469320165883, 37.59709217409128], [126.77416056306527, 37.59677275245328], [126.77359114485947, 37.596496406636795], [126.77299043023062, 37.59626579751156], [126.77236420353907, 37.596083145533626], [126.77171849464244, 37.595950209377854], [126.77105952086502, 37.595868269014915], [126.77039362716786, 37.59583811339507], [126.76972722509387, 37.59586003285713], [126.7690667310742, 37.59593381633518], [126.76841850468747, 37.59605875339021], [126.76778878746529, 37.59623364104664], [126.76718364283042, 37.596456795368745], [126.76660889774497, 37.59672606766506], [126.76607008662867, 37.59703886516604], [126.76557239808578, 37.59739217597566], [126.76512062495296, 37.59778259805791], [126.76471911814856, 37.598206371979494], [126.76437174476696, 37.598659417094275], [126.76408185082266, 37.59913737082188], [126.7638522290023, 37.599635630642766], [126.76368509173714, 37.60014939840633], [126.7635820498558, 37.60067372652561], [126.76354409702472, 37.60120356561471], [126.76357160012827, 37.60173381311012], [126.76366429568222, 37.60225936240827], [126.76382129231814, 37.60277515204604], [126.76404107931619, 37.60327621445069], [126.76432154110645, 37.60375772378932], [126.76465997760066, 37.60421504245695], [126.76505313016052, 37.60464376575475], [126.76549721295359, 37.605039764327834], [126.76598794939599, 37.60539922395293], [126.76652061333141, 37.60571868229226], [126.76709007455018, 37.60599506225874], [126.76769084821022, 37.60622570167025], [126.76831714768258, 37.60640837890682], [126.76896294031275, 37.60654133432296], [126.7696220055586, 37.606623287207825], [126.77028799494401, 37.60665344812991], [126.7709544932488, 37.60663152654669], [126.77161508034374, 37.60655773360554], [126.77226339307337, 37.606432780109195], [126.77289318658799, 37.60625786966501], [126.77349839453296, 37.606034687084474], [126.7740731875132, 37.605765382144966], [126.77461202926835, 37.60545254887052], [126.77510973001681, 37.6050992005319], [126.77556149645278, 37.60470874060735], [126.77596297791537, 37.604284929984416], [126.77631030828395, 37.60383185071964], [126.77660014319709, 37.60335386670578], [126.77682969223662, 37.60285558162623], [126.77699674576824, 37.60234179460231], [126.77709969618117, 37.60181745396111], [126.77713755332398, 37.60128760956975], [126.77710995398964, 37.600757364195516], [126.77701716536043, 37.600231824360456], [126.77686008238162, 37.599716051164016], [126.7766402190911, 37.599215011547116], [126.77635969399078, 37.59873353046693], [126.77602120960181, 37.598276244442474], [126.77562802640307, 37.59784755691814], [126.77518393140443, 37.597451595874055]]], [[[126.73725865110288, 37.608690135946446], [126.73676803362632, 37.60833055831318], [126.73623548081775, 37.6080109669938], [126.73566612108851, 37.60773443929859], [126.73506543706618, 37.607503637848154], [126.73443921281745, 37.607320784949835], [126.73379347817723, 37.60718764121241], [126.73313445071801, 37.60710548860452], [126.73246847591781, 37.607075118119255], [126.73180196610008, 37.607096822163484], [126.73114133873266, 37.607170391744724], [126.73049295467709, 37.60729511848278], [126.72986305698174, 37.60746980142663], [126.72925771080564, 37.60769275861119], [126.72868274504972, 37.607961843242975], [126.72814369625674, 37.60827446435932], [126.72764575531765, 37.60862761176275], [126.72719371749777, 37.609017884991], [126.72679193626239, 37.60944152604463], [126.72644428134713, 37.609894455557665], [126.72615410147624, 37.61037231206375], [126.72592419208891, 37.61087049398057], [126.72575676838498, 37.611384203908806], [126.7256534439513, 37.61190849481966], [126.72561521517561, 37.61243831768677], [126.7256424516002, 37.612968570104066], [126.72573489231004, 37.613494145421726], [126.72589164839232, 37.61400998192718], [126.72611121144548, 37.61451111159727], [126.72639146805817, 37.61499270795211], [126.72672972012019, 37.61545013254929], [126.72712271077161, 37.61587897967023], [126.7275666557415, 37.61627511876772], [126.72805727977538, 37.61663473426507], [126.72858985780152, 37.616954362323085], [126.72915926043946, 37.617230924219626], [126.72976000341265, 37.61746175601974], [126.73038630038899, 37.617644634249785], [126.73103211873867, 37.6177777973275], [126.73169123767227, 37.617859962541], [126.73235730819647, 37.61789033841276], [126.73302391430921, 37.61786863232893], [126.73368463484213, 37.61779505336034], [126.73433310535331, 37.61767031024796], [126.73496307947197, 37.61749560457206], [126.73556848910219, 37.61727261917134], [126.73614350290454, 37.61700350192357], [126.73668258248985, 37.616690845044836], [126.73718053578382, 37.61633766010696], [126.73763256704636, 37.615947349014625], [126.7380343230642, 37.61552367122236], [126.73838193507075, 37.61507070750799], [126.73867205599076, 37.61459282065222], [126.73890189265049, 37.61409461340367], [126.73906923264497, 37.61358088413515], [126.73917246560426, 37.61305658061869], [126.73921059865594, 37.61252675236509], [126.73918326593633, 37.611996501987406], [126.73909073206104, 37.61147093605708], [126.73893388952314, 37.61095511592595], [126.73871425004667, 37.6104540089879], [126.73843392997983, 37.60997244084923], [126.73809562987138, 37.60951504886804], [126.73770260842764, 37.60908623750948], [126.73725865110288, 37.608690135946446]]], [[[126.7245779928389, 37.61658421186867], [126.72408738614497, 37.61622458209097], [126.72355483290158, 37.61590493394322], [126.72298546152484, 37.61562834528274], [126.72238475475483, 37.61539747931693], [126.72175849687754, 37.61521455897408], [126.72111271805177, 37.61508134551212], [126.72045363627545, 37.614999121570705], [126.71978759754936, 37.61496867882953], [126.71912101481219, 37.614990310390866], [126.71846030623334, 37.61506380795993], [126.71781183345588, 37.61518846384969], [126.71718184038178, 37.615363077791145], [126.7165763930877, 37.615585968483515], [126.7160013214476, 37.61585498977354], [126.71546216302305, 37.6161675513085], [126.71496410975999, 37.616520643464746], [126.7145119580047, 37.6169108663122], [126.71411006231912, 37.6173344623368], [126.71376229354058, 37.61778735260647], [126.71347200148949, 37.61826517603311], [126.71324198268516, 37.61876333135334], [126.71307445338117, 37.6192770214244], [126.7129710281815, 37.61980129940916], [126.7129327044446, 37.62033111640616], [126.71295985262768, 37.620861370066265], [126.71305221266623, 37.6213869537281], [126.71320889642497, 37.62190280559904], [126.71342839619972, 37.62240395750825], [126.71370859918932, 37.622885582761896], [126.71404680780091, 37.6233430426394], [126.7144397655939, 37.623771931082466], [126.71488368861455, 37.624168117145906], [126.7153743018206, 37.62452778480061], [126.71590688024523, 37.62484746970492], [126.71647629450464, 37.62512409258893], [126.7170770602108, 37.62535498893006], [126.71770339081277, 37.62553793463273], [126.71834925335708, 37.62567116746446], [126.71900842662849, 37.625753404041184], [126.71967456111008, 37.62578385219768], [126.72034124018343, 37.62576221862354], [126.72100204197689, 37.62568871169091], [126.72165060126528, 37.62556403944667], [126.722280670822, 37.62538940278829], [126.72288618163127, 37.62516648388957], [126.72346130137822, 37.62489742998771], [126.72400049065261, 37.624584832688676], [126.72449855632291, 37.62423170299054], [126.72495070156607, 37.62384144226606], [126.72535257207039, 37.62341780948493], [126.72570029796627, 37.62296488499174], [126.72599053108124, 37.62248703118976], [126.72622047716085, 37.6219888505097], [126.72638792274631, 37.62147514106889], [126.72649125645093, 37.62095085044881], [126.72652948443232, 37.620421028036496], [126.72650223991305, 37.619890776389205], [126.72640978665987, 37.619365202090925], [126.72625301639023, 37.61884936657447], [126.72603344013287, 37.618348237382186], [126.72575317362806, 37.61786664033488], [126.7254149169096, 37.61740921306922], [126.72502192826683, 37.61698036039021], [126.7245779928389, 37.61658421186867]]], [[[126.7100815324506, 37.62754520873212], [126.70954896040311, 37.627225497741534], [126.70897955652293, 37.62694884163127], [126.7083788038635, 37.62671790425794], [126.70775248715292, 37.62653490923705], [126.70710663711641, 37.62640161854522], [126.70644747243749, 37.626319315565425], [126.70578133991478, 37.62628879273802], [126.70511465338959, 37.6263103439361], [126.70445383203011, 37.626383761638394], [126.70380523856451, 37.62650833892668], [126.70317511805605, 37.62668287628864], [126.70256953780759, 37.62690569316076], [126.70199432897238, 37.62717464410062], [126.70145503043219, 37.627487139432986], [126.70095683548146, 37.62784017017184], [126.70050454183007, 37.628230336978774], [126.70010250540584, 37.62865388287966], [126.6997545984009, 37.629106729425494], [126.69946417196658, 37.62958451594964], [126.69923402391625, 37.63008264154459], [126.69906637174824, 37.63059630935431], [126.69896283125013, 37.631120572756544], [126.69892440089116, 37.63165038299077], [126.69895145215621, 37.632180637773466], [126.6990437259148, 37.63270623043283], [126.69920033486366, 37.63322209908999], [126.69941977202001, 37.63372327541271], [126.69969992518693, 37.634204932472265], [126.70003809725239, 37.63466243124189], [126.70043103212878, 37.63509136528875], [126.70087494608413, 37.63548760322837], [126.7013655641643, 37.63584732853192], [126.70189816135621, 37.636167076302264], [126.70246760809586, 37.63644376666374], [126.70306841968277, 37.636674734443524], [126.70369480912426, 37.636857754857594], [126.70434074290009, 37.63699106495348], [126.70499999910874, 37.637073380602516], [126.70566622743411, 37.63710390887747], [126.70633301035325, 37.637082355695924], [126.70699392499364, 37.63700892865534], [126.70764260504234, 37.636884335032846], [126.70827280210874, 37.636709774968466], [126.70887844594796, 37.63648692989811], [126.70945370296295, 37.636217946347884], [126.70999303242039, 37.63590541524622], [126.71049123983778, 37.6355523469537], [126.7109435270261, 37.63516214225193], [126.7113455383059, 37.6347385595713], [126.71169340245137, 37.634285678774255], [126.71198376995822, 37.63380786184364], [126.71221384527767, 37.63330971085552], [126.71238141370631, 37.63279602364176], [126.71248486267473, 37.63227174757028], [126.71252319723101, 37.63174193188849], [126.71249604957202, 37.63121167908928], [126.71240368253252, 37.63068609576819], [126.71224698700057, 37.63017024344524], [126.71202747328626, 37.62966908982495], [126.7117472565286, 37.62918746096362], [126.71140903628338, 37.62872999480436], [126.71101607048969, 37.62830109652681], [126.71057214406771, 37.627904896140834], [126.7100815324506, 37.62754520873212]]], [[[126.78189767135166, 37.64824361443384], [126.7813646398526, 37.647924223989044], [126.78079480717645, 37.64764791101764], [126.78019366050205, 37.64741733607224], [126.77956698834812, 37.64723471927908], [126.77892082485941, 37.6471018189737], [126.7782613917349, 37.647019914781204], [126.77759503835594, 37.64698979530344], [126.77692818068896, 37.647011750531234], [126.77626723954913, 37.64708556905458], [126.77561857881788, 37.647210540097404], [126.77498844420681, 37.64738546035755], [126.77438290315581, 37.64760864558601], [126.77380778644277, 37.64787794679467], [126.77326863206498, 37.648190770936516], [126.77277063193178, 37.64854410585998], [126.77231858188058, 37.64893454929786], [126.77191683549721, 37.649358341612185], [126.77156926218473, 37.649811401980614], [126.77127920988495, 37.65028936767662], [126.77104947281212, 37.65078763606611], [126.7708822645103, 37.65130140891638], [126.77077919649548, 37.651825738591825], [126.77074126268931, 37.65235557569163], [126.77076882979642, 37.65288581767134], [126.77086163371969, 37.65341135798017], [126.77101878205032, 37.65392713524111], [126.77120915933185, 37.65436075542105], [126.77084460631805, 37.65446192737589], [126.77023899539887, 37.65468509033744], [126.76966380905176, 37.65495437029539], [126.76912458594417, 37.65526717440744], [126.76862651864698, 37.65562049071503], [126.76817440364418, 37.65601091713036], [126.76777259514691, 37.65643469417954], [126.76742496315636, 37.65688774118739], [126.76713485617941, 37.65736569555629], [126.766905068957, 37.657863954761375], [126.76673781551641, 37.658377720658606], [126.76663470780868, 37.65890204567952], [126.76659674013806, 37.65943188046827], [126.7666242795358, 37.65996212250283], [126.76671706217213, 37.660487665232], [126.76687419584376, 37.66100344725554], [126.76709416851467, 37.66150450107341], [126.76737486282983, 37.66198600093463], [126.7677135764641, 37.66244330932454], [126.76810704811201, 37.66287202164222], [126.76855148886924, 37.663268008637424], [126.76904261870482, 37.66362745619722], [126.76957570767334, 37.66394690209889], [126.77014562147068, 37.664223269374055], [126.77074687089411, 37.6644538959618], [126.77137366473035, 37.66463656036487], [126.77201996556065, 37.664769503060654], [126.7726795479451, 37.66485144346037], [126.77334605842339, 37.66488159225247], [126.77401307675291, 37.66485965901121], [126.7746741777924, 37.66478585499645], [126.77532299343292, 37.66466089111798], [126.77595327397808, 37.66448597108372], [126.7765589483797, 37.66426277979834], [126.77713418274804, 37.663993467124], [126.77767343657017, 37.66368062716026], [126.77817151609486, 37.66332727324344], [126.77862362436825, 37.66293680890665], [126.77902540743783, 37.6625129950811], [126.77937299627953, 37.66205991385522], [126.77966304404467, 37.66158192914164], [126.7798927582678, 37.66108364463135], [126.78005992772694, 37.66056985944085], [126.78016294369847, 37.66004552188004], [126.78020081540342, 37.65951568178664], [126.78017317949852, 37.658985441886564], [126.78008030352223, 37.658459908648986], [126.77992308326483, 37.65794414310936], [126.77973264626333, 37.65751053663826], [126.78009720263903, 37.65740933729473], [126.78070280713847, 37.657186123743955], [126.78127797184239, 37.65691678982296], [126.78181715690918, 37.656603929835875], [126.78231516925024, 37.656250557311786], [126.78276721255887, 37.655860075962835], [126.78316893350846, 37.65543624688394], [126.78351646367328, 37.65498315231026], [126.78380645676972, 37.65450515628278], [126.78403612085869, 37.65400686260128], [126.78420324520083, 37.65349307047036], [126.78430622150665, 37.652968728266615], [126.78434405937885, 37.652438885872286], [126.78431639579952, 37.651908646035324], [126.7842234985731, 37.651383115224135], [126.78406626369402, 37.65086735445076], [126.78384620666606, 37.65036633053582], [126.7835654478593, 37.64988486828445], [126.78322669204776, 37.64942760403344], [126.78283320232558, 37.64899894101646], [126.78238876865537, 37.648603006976614], [126.78189767135166, 37.64824361443384]]], [[[126.75358869544235, 37.66416782656417], [126.75296195070383, 37.663985068135766], [126.75231569240097, 37.66385202142276], [126.75165614314564, 37.66376996745938], [126.75098965343692, 37.663739696288914], [126.75032264055316, 37.663761499362224], [126.74966152680317, 37.66383516673382], [126.7490126777292, 37.66395998908259], [126.74838234085495, 37.664134764537756], [126.74777658556647, 37.664357810244454], [126.74720124470298, 37.66462697855792], [126.7466618584186, 37.66493967771087], [126.74616362085438, 37.66529289675551], [126.7457113301327, 37.66568323454084], [126.74530934215583, 37.66610693244679], [126.74496152865241, 37.66655991056073], [126.74467123987665, 37.66703780694904], [126.7444412723197, 37.66753601964579], [126.74427384174528, 37.66804975095554], [126.74417056181028, 37.66857405364361], [126.7441324284779, 37.66910387856999], [126.74415981037524, 37.669634123308334], [126.74425244519013, 37.670159681282115], [126.7444094421439, 37.67067549094488], [126.74462929051829, 37.67117658453096], [126.74466489888562, 37.671237697732], [126.74435357437086, 37.67135230800666], [126.74377816699534, 37.67162145858832], [126.74323871548563, 37.67193414101568], [126.74274041461052, 37.67228734450213], [126.74228806310194, 37.67267766804663], [126.74188601744738, 37.67310135316638], [126.74153814993092, 37.67355432007207], [126.74124781132696, 37.67403220693817], [126.7410177986067, 37.67453041189067], [126.74085032796908, 37.67504413730885], [126.74074701345708, 37.67556843601494], [126.74070885136734, 37.67609825890743], [126.74073621060435, 37.67662850357967], [126.7408288290747, 37.67715406345588], [126.74098581615759, 37.67766987697134], [126.74120566123035, 37.67817097632334], [126.74148624816861, 37.678652535322804], [126.74182487568314, 37.6791099158858], [126.74221828329964, 37.67953871271652], [126.74266268273215, 37.67993479575067], [126.74315379434924, 37.68029434995021], [126.74368688838229, 37.68061391206506], [126.74425683047943, 37.68089040400705], [126.74485813116618, 37.68112116251404], [126.7454849987359, 37.68130396481754], [126.7461313950599, 37.681437050066044], [126.74679109377826, 37.68151913629702], [126.74745774030967, 37.681549432793666], [126.74812491310027, 37.68152764770685], [126.74878618552002, 37.681453990868874], [126.749435187808, 37.68132917177141], [126.75006566846858, 37.68115439272751], [126.75067155452473, 37.680931337283575], [126.75124701004638, 37.680662153993254], [126.75178649238907, 37.680349435709985], [126.75228480559906, 37.679996194598274], [126.7527371504704, 37.67960583310509], [126.7531391707707, 37.67918211117159], [126.75348699519022, 37.67872911000178], [126.75377727461073, 37.678251192737974], [126.75400721433539, 37.67775296242235], [126.75417460097053, 37.67723921765032], [126.75427782370127, 37.67671490634338], [126.7543158897581, 37.676185078087315], [126.75428843392699, 37.67565483549488], [126.75419572201345, 37.675129285061935], [126.7540386482292, 37.67461348799028], [126.75381872652882, 37.674112411450736], [126.75378310927285, 37.67405130094829], [126.7540944310516, 37.67393666579898], [126.75466982003343, 37.6736674647816], [126.75520923712793, 37.67335472977956], [126.75569495650814, 37.67301035724885], [126.75573260232912, 37.67306119152884], [126.75612605942436, 37.67348994291401], [126.75657049814507, 37.67388597434584], [126.75706163848064, 37.674245471283314], [126.75759475038514, 37.67456497102797], [126.758164699334, 37.674841396092525], [126.7587659957862, 37.67507208385921], [126.75939284807563, 37.675254812241185], [126.76003921822048, 37.67538782109924], [126.76069888011298, 37.67546982920699], [126.76136547952662, 37.67550004660039], [126.76203259536166, 37.67547818219266], [126.762693801537, 37.675404446580366], [126.76334272893037, 37.675279550014224], [126.76397312676806, 37.675104695553706], [126.7645789228715, 37.674881567471786], [126.76515428217778, 37.67461231502183], [126.76569366296982, 37.674299531723435], [126.76619187027286, 37.67394623036727], [126.76664410590162, 37.67355581398043], [126.76704601467651, 37.67313204303256], [126.76739372636246, 37.672678999199476], [126.76768389292745, 37.67220104603405], [126.76791372076183, 37.67170278692385], [126.76808099754962, 37.67118902074118], [126.76818411353392, 37.67066469561331], [126.76822207697303, 37.67013486125865], [126.76819452364091, 37.66960462034827], [126.76810172028154, 37.66907907936137], [126.76794456198678, 37.668563299408405], [126.7677245635243, 37.66806224749498], [126.76744384470173, 37.66758074869608], [126.76710510990944, 37.66712343970051], [126.76671162204055, 37.66669472417279], [126.76626717104094, 37.666298730361575], [126.7657760373932, 37.66593927136213], [126.76524295088615, 37.665619808414995], [126.76467304506842, 37.66534341759334], [126.76407180782346, 37.665112760199], [126.76344502854215, 37.66493005715163], [126.76279874240062, 37.66479706761681], [126.76213917227837, 37.66471507207841], [126.76147266887533, 37.66468486001735], [126.76080564960154, 37.664706722315586], [126.76014453682731, 37.66478044845755], [126.75949569608562, 37.66490532855648], [126.75886537482012, 37.66508016018577], [126.7582596422668, 37.66530325994977], [126.75768433104639, 37.66557247968343], [126.75714498102798, 37.665885227124384], [126.75665931524175, 37.66622960660482], [126.75662167215634, 37.66617877259204], [126.75622825007544, 37.66575002271178], [126.75578386098925, 37.665353989982094], [126.75529278478453, 37.664994487873166], [126.75475975069759, 37.66467497804069], [126.75418989177273, 37.66439853700927], [126.75358869544235, 37.66416782656417]]], [[[126.77414942657911, 37.677563371762616], [126.77361622120236, 37.67724394605261], [126.77304619545869, 37.67696759498679], [126.77244483838577, 37.676736979484005], [126.77181794052764, 37.67655432006049], [126.77117153820143, 37.67642137546174], [126.77051185540475, 37.67633942573897], [126.76984524392162, 37.6763092599321], [126.7691781222022, 37.6763311684778], [126.7685169136026, 37.676404940415466], [126.76786798457798, 37.67652986541759], [126.7672375834217, 37.676704740625425], [126.76663178013885, 37.676927882224064], [126.7660564080311, 37.67719714164584], [126.76551700755392, 37.67750992624652], [126.76501877298573, 37.67786322425585], [126.76456650242102, 37.67825363376269], [126.764164551569, 37.6786773954564], [126.76381679180199, 37.67913042881018], [126.76352657285805, 37.67960837135832], [126.76329669055713, 37.68010662069021], [126.76312935984326, 37.68062037875728], [126.7630261934128, 37.68114469806678], [126.76298818613704, 37.681674529318116], [126.76301570543008, 37.682204770023475], [126.7631084876573, 37.68273031364456], [126.76326564062094, 37.68324609877252], [126.76348565210064, 37.683747157877306], [126.76351001796316, 37.68378894708947], [126.76362764241586, 37.68405682440816], [126.76390839674168, 37.68453833134641], [126.76424718917207, 37.68499564880646], [126.76464075764365, 37.685424372099725], [126.76508531232025, 37.68582037186981], [126.7655765720742, 37.68617983388038], [126.766109805709, 37.68649929576909], [126.76667987752703, 37.6867756804131], [126.76728129680325, 37.6870063255838], [126.76790827068773, 37.687189009604566], [126.76855476002679, 37.68732197276346], [126.76921453756377, 37.68740393427432], [126.76988124795749, 37.68743410462207], [126.77054846903857, 37.6874121931732], [126.77120977371155, 37.687338410977645], [126.7718587919049, 37.68721346873504], [126.77248927196995, 37.68703856994506], [126.7730951409358, 37.68681539930801], [126.77367056303773, 37.68654610648741], [126.77420999595394, 37.686233285391985], [126.77470824420774, 37.685879949176766], [126.77516050921996, 37.68548950120476], [126.77556243552847, 37.68506570225004], [126.77591015273009, 37.684612634258315], [126.77620031274041, 37.68413466101517], [126.77643012201382, 37.68363638610156], [126.77659736841402, 37.68312260854195], [126.77670044247763, 37.68259827657305], [126.77673835286771, 37.68206843997897], [126.7767107358699, 37.68153820145208], [126.77661785884213, 37.681012667448364], [126.7764606175864, 37.68049689901071], [126.77624052766981, 37.67999586303347], [126.77621615582774, 37.67995407636381], [126.77609849213282, 37.67968621101412], [126.77581767630237, 37.67920473207661], [126.77547883804218, 37.67874744694795], [126.77508524124187, 37.678318759062506], [126.77464067689628, 37.67792279640239], [126.77414942657911, 37.677563371762616]]], [[[126.73330999431728, 37.71243047606697], [126.73281872159163, 37.71207088101915], [126.73228545209147, 37.711751269511346], [126.73171532112862, 37.71147471904626], [126.73111381875495, 37.711243892461916], [126.73048673691419, 37.71106101230599], [126.72984011369496, 37.71092783944836], [126.72918017522126, 37.710845656137025], [126.72851327573784, 37.710815253659995], [126.72784583646637, 37.710836924731886], [126.72718428381864, 37.7109104606778], [126.72653498756029, 37.711035153441934], [126.72590419951817, 37.71120980240126], [126.72529799342003, 37.711432725919146], [126.7247222064436, 37.71170177752784], [126.72418238303662, 37.712014366584455], [126.72368372154764, 37.712367483202144], [126.72323102418014, 37.71275772721719], [126.72282865075152, 37.713181340913536], [126.72248047670232, 37.71363424519066], [126.72218985575927, 37.71411207882714], [126.72195958761355, 37.7146102404626], [126.72179189092539, 37.71512393289444], [126.72168838191666, 37.7156482092635], [126.72165005875941, 37.71617802068419], [126.72167729191194, 37.716708264861026], [126.72176982049787, 37.717233835223524], [126.72192675476502, 37.71774967010638], [126.72214658460233, 37.71825080150121], [126.7224271940349, 37.7187324029104], [126.72276588155958, 37.719189835841334], [126.72315938612631, 37.71961869449345], [126.72360391851737, 37.72001484820656], [126.7240951978222, 37.720374481261224], [126.72462849265811, 37.720694129647065], [126.72519866673966, 37.72097071444419], [126.72580022835791, 37.72120157149523], [126.72642738329243, 37.721384477081656], [126.72707409064562, 37.72151766935633], [126.72773412106031, 37.721599865325096], [126.72840111675846, 37.72163027321346], [126.72906865282091, 37.721608600098904], [126.72973029911631, 37.72153505473478], [126.73037968228014, 37.72141034553887], [126.73101054714586, 37.721235673765676], [126.73161681703338, 37.721012721928496], [126.73219265231364, 37.72074363758341], [126.73273250668255, 37.72043101263137], [126.73323118060175, 37.72007785833862], [126.73368387139008, 37.719687576316744], [126.73408621948293, 37.71926392574236], [126.73443435041347, 37.71881098713318], [126.73472491211193, 37.718333123030014], [126.73495510716388, 37.71783493596406], [126.73512271971808, 37.71732122411516], [126.73522613678581, 37.7167969350887], [126.73526436372833, 37.716267118256674], [126.73523703378481, 37.71573687612252], [126.73514441155122, 37.7152113151782], [126.73498739037859, 37.71469549672712], [126.73476748371769, 37.71419438814617], [126.73448681049572, 37.71371281505626], [126.73414807466726, 37.71325541486171], [126.73375453913856, 37.71282659210503], [126.73330999431728, 37.71243047606697]]], [[[126.81352746406718, 37.36617298224332], [126.8130380410046, 37.3658137190641], [126.81250686021797, 37.36549447270627], [126.81193903690577, 37.36521831716316], [126.8113400389028, 37.3649879114767], [126.81071563404544, 37.364805474148014], [126.81007183465665, 37.36467276178865], [126.80941483968387, 37.36459105221721], [126.80875097504551, 37.36456113216389], [126.80808663275897, 37.36458328970054], [126.80742820943436, 37.36465731146932], [126.80678204472422, 37.36478248473621], [126.80615436031998, 37.36495760424983], [126.80555120008103, 37.365180983839586], [126.80497837187052, 37.36545047264193], [126.80444139165716, 37.36576347579881], [126.80394543041953, 37.36611697942967], [126.80349526436338, 37.36650757963716], [126.80309522893086, 37.36693151526789], [126.80274917704405, 37.36738470411368], [126.8024604419854, 37.36786278220535], [126.80223180527285, 37.36836114582136], [126.80206546983987, 37.36887499580761], [126.80196303878024, 37.36939938378209], [126.80192549986361, 37.36992925977987], [126.8019532159726, 37.37045952088031], [126.80204592155576, 37.37098506034797], [126.80220272513233, 37.37150081681451], [126.80242211782674, 37.37200182302763], [126.80270198785267, 37.372483253697546], [126.80303964080903, 37.372940471979504], [126.8034318255938, 37.3733690741449], [126.80387476568795, 37.37376493200933], [126.80436419550837, 37.37412423270905], [126.80489540148136, 37.37444351544147], [126.80546326744047, 37.374719704815355], [126.80606232391212, 37.37495014048871], [126.80668680081291, 37.375132602808016], [126.80733068305129, 37.37526533420138], [126.80798776849603, 37.37534705611868], [126.80865172775191, 37.3753769813553], [126.80931616516541, 37.37535482164022], [126.80997468047075, 37.37528079041497], [126.81062093048064, 37.37515560077698], [126.81124869022558, 37.374980458606785], [126.81185191295094, 37.374757050945625], [126.81242478839222, 37.37448752973586], [126.81296179876566, 37.37417449108088], [126.81345777193363, 37.37382095022546], [126.81390793123197, 37.37343031249747], [126.81430794147816, 37.37300634049216], [126.81465395071803, 37.372553117815585], [126.814942627308, 37.372075009737024], [126.81517119197713, 37.371576621130394], [126.81533744456048, 37.371062752110156], [126.81543978514814, 37.370538351789826], [126.81547722944728, 37.37000847060873], [126.81544941821136, 37.369478211686726], [126.81535662064745, 37.36895268167553], [126.81519973177113, 37.368436941580086], [126.81498026373602, 37.36793595802354], [126.81470033122369, 37.367454555425034], [126.81436263103657, 37.3669973695505], [126.81397041609169, 37.366568802883194], [126.81352746406718, 37.36617298224332]]], [[[126.81021525741505, 37.37758770948114], [126.80968400654733, 37.37726845036403], [126.80911610572122, 37.37699228102701], [126.8085170235178, 37.37676186064463], [126.80789252858395, 37.37657940785926], [126.80724863410964, 37.37644667943113], [126.80659153995741, 37.37636495333341], [126.80592757300006, 37.376335016455265], [126.80526312623967, 37.376357157030476], [126.80460459729164, 37.37643116186449], [126.80395832682493, 37.37655631838635], [126.80333053754869, 37.376731421505966], [126.80272727433152, 37.3769547852107], [126.80215434602773, 37.37722425879011], [126.80161726956942, 37.377537247532906], [126.80112121686167, 37.37789073769754], [126.8006709649909, 37.37828132551656], [126.8002708502256, 37.37870524995613], [126.79992472625193, 37.3791584289161], [126.79963592704686, 37.37963649852273], [126.79940723474641, 37.380134855136426], [126.79924085281988, 37.38064869967076], [126.79913838480948, 37.38117308379639], [126.7991008188414, 37.381702957585645], [126.79912851805955, 37.38223321813924], [126.79922121707601, 37.382758758727064], [126.799378024474, 37.383274517970044], [126.79959743134195, 37.38377552858909], [126.7998773257578, 37.3842569652519], [126.80021501308616, 37.38471419105593], [126.80060724189458, 37.38514280219992], [126.80105023524037, 37.38553867041286], [126.80153972702786, 37.385897982731095], [126.80207100308667, 37.38621727823989], [126.80263894657531, 37.38649348142474], [126.8032380872733, 37.3867239318104], [126.8038626542858, 37.38690640960144], [126.80450663165287, 37.38703915707669], [126.80516381632651, 37.38712089553103], [126.80582787795517, 37.387150837600416], [126.80649241989866, 37.38712869485156], [126.8071510408837, 37.38705468056258], [126.80779739670442, 37.38692950766776], [126.80842526137158, 37.3867543818864], [126.8090285871193, 37.38653099010201], [126.80960156269032, 37.38626148410412], [126.81013866933601, 37.38594845984985], [126.8106347339913, 37.385594932445414], [126.81108497911056, 37.385204307089396], [126.81148506868479, 37.38478034625815], [126.81183114999587, 37.38432713345032], [126.81211989070638, 37.38384903384043], [126.81234851092819, 37.38335065222106], [126.81251480996195, 37.382836788639594], [126.81261718745097, 37.382312392157345], [126.81265465874772, 37.38178251317686], [126.81262686434647, 37.3812522547969], [126.81253407329302, 37.380726723664054], [126.81237718054102, 37.38021098079404], [126.81215769828214, 37.37970999283673], [126.81187774133573, 37.37922858425359], [126.81154000674016, 37.37877139086804], [126.81114774774434, 37.37834281523551], [126.81070474245104, 37.37794698426237], [126.81021525741505, 37.37758770948114]]], [[[126.79214324510117, 37.40540572261967], [126.79161187772483, 37.40508638257518], [126.79104383633765, 37.40481012626132], [126.79044459087434, 37.40457961368949], [126.78981991155376, 37.40439706438916], [126.78917581334075, 37.40426423604921], [126.7885184980588, 37.40418240760429], [126.7878542947089, 37.40415236692852], [126.78718959856788, 37.40417440325469], [126.78653080965087, 37.40424830439168], [126.78588427112841, 37.40437335876678], [126.78525620828906, 37.40454836227342], [126.78465266863384, 37.404771629858146], [126.78407946367739, 37.40504101173627], [126.78354211301433, 37.40535391407984], [126.78304579118894, 37.40570732397971], [126.78259527787823, 37.40609783844191], [126.78219491186759, 37.40652169713965], [126.7818485492625, 37.406974818606585], [126.78155952633799, 37.40745283952342], [126.78133062738496, 37.407951156720266], [126.7811640578638, 37.40846497149105], [126.78106142312443, 37.40898933579385], [126.78102371290026, 37.40951919989259], [126.78105129172626, 37.410049460981945], [126.7811438953758, 37.410575012327186], [126.78130063335276, 37.41109079244602], [126.78151999741615, 37.41159183385856], [126.78179987605829, 37.41207331093606], [126.78213757479763, 37.412530586386694], [126.78252984209364, 37.412959255930915], [126.78297290063449, 37.41335519073492], [126.78346248369785, 37.41371457719327], [126.78399387623512, 37.414033953676636], [126.78456196028353, 37.41431024389001], [126.78516126426888, 37.41454078651924], [126.78578601572345, 37.414723360879776], [126.7864301969102, 37.41485620831968], [126.78708760281708, 37.4149380491703], [126.78775190096044, 37.414968095080795], [126.78841669242054, 37.41494605661718], [126.78907557351923, 37.41487214605275], [126.78972219754351, 37.41474707532244], [126.79035033591897, 37.414572049161414], [126.79095393824178, 37.41434875349367], [126.7915271905891, 37.41407933918315], [126.79206457154501, 37.413766401304144], [126.79256090540115, 37.41341295413141], [126.79301141201816, 37.41302240209128], [126.79341175286783, 37.41259850695467], [126.7937580728117, 37.412145351588215], [126.79404703721417, 37.411667300613985], [126.79427586403324, 37.411168958356946], [126.79444235058067, 37.4106551244862], [126.79454489469508, 37.41013074777771], [126.7945825101258, 37.40960087844424], [126.79455483598072, 37.409070619492326], [126.79446214014948, 37.408545077574544], [126.79430531667073, 37.40802931381091], [126.79408587707123, 37.40752829505274], [126.79380593576148, 37.40704684605826], [126.79346818963131, 37.406589603040004], [126.79307589204244, 37.40616096903123], [126.79263282147085, 37.4057650715001], [126.79214324510117, 37.40540572261967]]], [[[126.79783356965041, 37.44632956116767], [126.797343706961, 37.4459702333307], [126.79681203310837, 37.445650915689555], [126.7962436680388, 37.4453746829225], [126.7956440848028, 37.4451441948135], [126.79501905687017, 37.444961670655935], [126.7943746025609, 37.44482886789614], [126.79371692712526, 37.44474706522218], [126.79305236303001, 37.44471705025988], [126.79238730902343, 37.444739111994494], [126.79172816856435, 37.44481303799042], [126.79108128820619, 37.44493811643594], [126.79045289652733, 37.44511314299314], [126.78984904419372, 37.445336432387265], [126.78927554572958, 37.44560583462424], [126.78873792355512, 37.445918755680864], [126.78824135482883, 37.44627218246858], [126.78779062160547, 37.446662711831586], [126.78739006478878, 37.447086583300354], [126.78704354232283, 37.44753971528631], [126.78675439202364, 37.44801774436946], [126.78652539941082, 37.448516067301775], [126.78635877084898, 37.44902988532237], [126.78625611225918, 37.449554250358254], [126.78621841360723, 37.450084112666396], [126.78624603931941, 37.45061436945862], [126.78633872472035, 37.45113991404138], [126.78649557852911, 37.45165568499707], [126.7867150913916, 37.45215671493362], [126.78699515036902, 37.452638178332116], [126.78733305924479, 37.453095438031795], [126.78772556445567, 37.453524089904], [126.78816888639922, 37.45392000528431], [126.78865875581644, 37.45427937075353], [126.78919045490046, 37.45459872488369], [126.78975886273537, 37.45487499159434], [126.79035850462715, 37.45510550979703], [126.79098360485193, 37.45528805904194], [126.79162814231161, 37.455420880918595], [126.7922859085604, 37.455502696004324], [126.79295056764175, 37.45553271619628], [126.79361571715707, 37.455510652308284], [126.79427494997717, 37.45543671685866], [126.79492191599921, 37.455311622022435], [126.7955503833529, 37.455136572767394], [126.7961542984641, 37.454913255240605], [126.79672784439603, 37.454643820517205], [126.79726549690439, 37.45433086386886], [126.79776207766493, 37.45397739975189], [126.79821280416049, 37.45358683275666], [126.79861333574576, 37.453162924798846], [126.79895981544642, 37.45270975886932], [126.79924890708979, 37.45223169969246], [126.79947782741043, 37.45173335167282], [126.79964437282192, 37.45121951453535], [126.79974694059852, 37.4506951370877], [126.7997845442644, 37.45016526954989], [126.79975682304348, 37.44963501491105], [126.79966404528155, 37.449109479782], [126.79950710580887, 37.44859372521701], [126.79928751727158, 37.44809271797828], [126.79900739551657, 37.44761128271247], [126.79866943917301, 37.44715405549921], [126.7982769036282, 37.446725439218724], [126.79783356965041, 37.44632956116767]]], [[[126.8019554642061, 37.4649143197893], [126.80146546169976, 37.46455500873644], [126.80093363970003, 37.46423570912829], [126.80036511957944, 37.46395949546906], [126.79976537588087, 37.463729027358504], [126.79914018361858, 37.46354652389715], [126.79849556269397, 37.463413742331916], [126.79783771996074, 37.46333196114666], [126.79717298949554, 37.46330196776028], [126.79650777164758, 37.463324050950334], [126.79584847145235, 37.463397998074754], [126.79520143700046, 37.46352309711857], [126.79457289835322, 37.46369814354576], [126.79396890759116, 37.46392145189054], [126.79339528057096, 37.46419087197675], [126.79285754095052, 37.464503809609596], [126.79236086701916, 37.46485725154132], [126.79191004184487, 37.46524779447063], [126.79150940721735, 37.46567167779772], [126.79116282183048, 37.466124819820116], [126.79087362410708, 37.466602857021435], [126.79064460002442, 37.46710118607568], [126.79047795625125, 37.46761500816314], [126.7903752988564, 37.468139375171724], [126.79033761779543, 37.46866923733939], [126.79036527732644, 37.469199491879245], [126.79045801244969, 37.46972503211922], [126.7906149314065, 37.47024079668337], [126.7908345242164, 37.47074181824086], [126.79111467717152, 37.47122327135316], [126.79145269315087, 37.47168051895819], [126.79184531756022, 37.47210915704339], [126.79228876964926, 37.47250505707673], [126.79277877890564, 37.47286440578643], [126.79331062617543, 37.47318374190559], [126.79387918911499, 37.473459989526866], [126.79447899153585, 37.47369048774543], [126.79510425616719, 37.47387301630366], [126.79574896032646, 37.474005816990214], [126.79640689396129, 37.47408761058638], [126.79707171950174, 37.47411760919633], [126.79773703294494, 37.47409552384178], [126.7983964255817, 37.47402156724799], [126.79904354576894, 37.4738964517938], [126.79967216015058, 37.47372138264586], [126.80027621373567, 37.47349804614315], [126.80084988825325, 37.47322859354391], [126.80138765822018, 37.47291562029235], [126.80188434418089, 37.47256214100508], [126.80233516260515, 37.47217156041893], [126.80273577196263, 37.47174764058084], [126.80308231453054, 37.471294464596376], [126.80337145353162, 37.470816397287074], [126.80360040524525, 37.47031804313594], [126.80376696578375, 37.46980420192717], [126.803869532277, 37.46927982250767], [126.80390711826273, 37.468749955116415], [126.80387936313647, 37.46821970274107], [126.8037865355717, 37.46769417197048], [126.80362953087956, 37.46717842381669], [126.80340986233526, 37.46667742497995], [126.80312964655708, 37.46619600002558], [126.80279158308035, 37.46573878493359], [126.80239892832452, 37.4653101824671], [126.8019554642061, 37.4649143197893]]], [[[126.81633838880666, 37.481132670487604], [126.8158063861079, 37.48081343692034], [126.81523768550039, 37.48053729380303], [126.81463776326406, 37.480306900055965], [126.81401239613112, 37.480124474063565], [126.81336760568578, 37.47999177232681], [126.8127096004129, 37.479910072561054], [126.81204471595315, 37.47988016140141], [126.8113793541376, 37.47990232683395], [126.81071992138709, 37.47997635542507], [126.81007276706802, 37.4801015343758], [126.80944412239542, 37.480276658381115], [126.80884004047047, 37.48050004122869], [126.80826633802774, 37.48076953202539], [126.80772853945159, 37.481082535896], [126.80723182359954, 37.481436038955266], [126.806780973944, 37.481826637313624], [126.80638033251131, 37.48225056983771], [126.80603375806194, 37.48270375435146], [126.80574458891465, 37.48318182692936], [126.80551561077283, 37.483680183904674], [126.80534902986417, 37.48419402618866], [126.80524645165347, 37.48471840547445], [126.80520886533502, 37.48524827188143], [126.80523663425578, 37.485778522581455], [126.80532949236348, 37.48630405093895], [126.80548654671594, 37.48681979569186], [126.80570628602946, 37.48732078969956], [126.8059865951856, 37.48780220778827], [126.80632477555922, 37.48825941323268], [126.80671757097267, 37.48868800242572], [126.80716119902844, 37.489083847305764], [126.80765138751883, 37.489443135131815], [126.80818341556287, 37.48976240522305], [126.80875215907488, 37.49003858230779], [126.80935214012621, 37.49026900616044], [126.80997757972435, 37.49045145723961], [126.8106224535003, 37.49058417808024], [126.81128054976686, 37.49066589023289], [126.81194552938653, 37.49069580658635], [126.81261098687135, 37.49067363895501], [126.81327051212386, 37.49059960085692], [126.8139177522229, 37.490474405456446], [126.814546472657, 37.49029925869073], [126.81515061741348, 37.490075847646786], [126.81572436734317, 37.48980632430133], [126.81626219623686, 37.48949328478038], [126.81675892407188, 37.48913974433923], [126.81720976691538, 37.48874910830401], [126.81761038300279, 37.48832513925597], [126.81795691454762, 37.487871920774765], [126.81824602487994, 37.4873938180913], [126.81847493055656, 37.48689543602923], [126.81864142813458, 37.48638157464134], [126.81874391535159, 37.48585718296868], [126.81878140651011, 37.48532731136786], [126.81875354192013, 37.48479706286666], [126.81866059131045, 37.48427154401612], [126.81850345117797, 37.48375581571296], [126.81828363610298, 37.483254844465655], [126.81800326411532, 37.48277345457331], [126.81766503625474, 37.482316281677676], [126.81727221052377, 37.48188772813498], [126.81682857048497, 37.48149192063679], [126.81633838880666, 37.481132670487604]]], [[[126.84350737342096, 37.48294216103831], [126.84301705296028, 37.48258302035615], [126.84248492474592, 37.48226390581674], [126.84191611309693, 37.48198789014201], [126.84131609536124, 37.481757631025225], [126.84069064918964, 37.481575345554795], [126.84004579692645, 37.481442788878994], [126.83938774765112, 37.48136123731685], [126.83872283742751, 37.48133147607702], [126.83805746833451, 37.48135379170259], [126.83739804686317, 37.48142796931436], [126.83675092227146, 37.481553294679], [126.83612232548872, 37.481728561082235], [126.83551830915576, 37.48195208094103], [126.83494468937646, 37.48222170204332], [126.83440698974032, 37.4825348282594], [126.83391038815341, 37.482888444526104], [126.83345966698904, 37.48327914586366], [126.83305916703763, 37.48370317014701], [126.83271274569853, 37.48415643431613], [126.83242373981729, 37.48463457367804], [126.83219493352613, 37.48513298392235], [126.83202853139878, 37.485646865446675], [126.83192613717908, 37.486171269565546], [126.8318887382899, 37.486701146158396], [126.83191669627344, 37.48723139229813], [126.83200974325662, 37.48775690139225], [126.83216698447806, 37.48827261236343], [126.83238690685377, 37.488773558395614], [126.83266739350154, 37.48925491477636], [126.83300574408581, 37.48971204537408], [126.83339870078854, 37.49014054730208], [126.83384247965755, 37.49053629333886], [126.83433280703125, 37.49089547169525], [126.83486496068974, 37.49121462274462], [126.83543381533622, 37.49149067236204], [126.83603389197035, 37.49172096154976], [126.8366594106779, 37.491903272063844], [126.83730434632703, 37.49203584779357], [126.83796248663388, 37.492117411687666], [126.8386274920362, 37.49214717806359], [126.83867490090812, 37.49214558822316], [126.83854725038718, 37.492356788391874], [126.83831846027482, 37.49285521001174], [126.83815208203909, 37.49336909973052], [126.8380497191944, 37.49389350878374], [126.83801235886203, 37.494423387003145], [126.83804036221349, 37.49495363144584], [126.83813346093923, 37.49547913553547], [126.83829075978, 37.49599483824265], [126.83851074509715, 37.49649577283066], [126.83879129940263, 37.49697711469708], [126.83912972170933, 37.497434227849816], [126.83952275350843, 37.497862709569944], [126.83996661012445, 37.49825843283041], [126.84045701714672, 37.498617586061165], [126.84098925158797, 37.49893670987749], [126.84155818737287, 37.49921273041655], [126.84215834471918, 37.49944298896067], [126.8427839429348, 37.49962526756097], [126.84342895612157, 37.49975781041414], [126.84408717124822, 37.499839340785634], [126.8447522480314, 37.49986907331587], [126.84541778004655, 37.499846721590515], [126.84607735647802, 37.49977250090164], [126.8467246239117, 37.49964712617307], [126.84735334757299, 37.49947180506999], [126.8479574714188, 37.49924822635928], [126.8485311765023, 37.498978543633214], [126.84906893704743, 37.49866535455339], [126.84956557369124, 37.49831167581592], [126.85001630338081, 37.4979209140791], [126.8504167854431, 37.49749683313486], [126.85076316338429, 37.49704351764037], [126.85105210201556, 37.49656533376052], [126.85128081954915, 37.496066887100405], [126.85144711435566, 37.495552978334295], [126.8515493861269, 37.495028556958665], [126.85158665124146, 37.494498673615276], [126.85155855218702, 37.493968431443975], [126.85146536095088, 37.49344293693382], [126.85130797634751, 37.49292725074606], [126.85108791531127, 37.492426338982554], [126.85080729824014, 37.49194502536864], [126.85046882853321, 37.49148794481067], [126.85007576652087, 37.49105949877492], [126.84963189803973, 37.49066381291718], [126.84914149795638, 37.490304697370085], [126.84860928899148, 37.48998561007023], [126.84804039624125, 37.48970962347712], [126.84744029783417, 37.48947939500391], [126.84681477219738, 37.48929714144386], [126.84616984243979, 37.489164617638025], [126.84551171838663, 37.48908309958895], [126.84484673682124, 37.48905337218268], [126.8447993299986, 37.48905496452056], [126.84492695725774, 37.488843757258316], [126.84515569101296, 37.48834532197036], [126.84532200975433, 37.48783142139211], [126.84542431294255, 37.48730700494128], [126.845461616653, 37.486777123212356], [126.84543356300117, 37.48624687932976], [126.84534042353657, 37.48572137979929], [126.84518309657463, 37.48520568533075], [126.84496309849433, 37.48470476210599], [126.84468254908711, 37.484223433960985], [126.84434415110034, 37.48376633594222], [126.84395116417375, 37.483337869684426], [126.84350737342096, 37.48294216103831]]], [[[126.82472540278629, 37.48676048580389], [126.82406732491455, 37.48667884868771], [126.82340237499179, 37.48664900084963], [126.82273695547893, 37.48667122966627], [126.82207747335215, 37.48674532109394], [126.82143027845304, 37.48687056172892], [126.82080160238732, 37.48704574567251], [126.82019749855853, 37.48726918613551], [126.81962378391233, 37.48753873167023], [126.8190859829509, 37.48785178687461], [126.81858927455526, 37.48820533736926], [126.81813844212648, 37.48859597880794], [126.81773782752568, 37.48901994964256], [126.81739128925567, 37.489473167328065], [126.81710216528751, 37.489951267619475], [126.81687324089025, 37.49044964658304], [126.81670672177478, 37.490963504918035], [126.81660421281148, 37.49148789416283], [126.81656670252838, 37.49201776434056], [126.8165945535407, 37.492548012586404], [126.81668749900604, 37.49307353228811], [126.81684464514117, 37.49358926226655], [126.8170644797786, 37.494090235523046], [126.81734488688188, 37.49457162708328], [126.81768316688233, 37.49502880047709], [126.81807606264265, 37.49545735240577], [126.81851979079843, 37.49585315516636], [126.81901007817736, 37.496212396423324], [126.81904666908488, 37.496234347325654], [126.8190595033326, 37.496245795121894], [126.8195497958697, 37.496605034165626], [126.82008192573335, 37.49692425128401], [126.82065076785648, 37.49720037171549], [126.82125084335996, 37.49743073578014], [126.82187637234078, 37.49761312451248], [126.82252132956849, 37.49774578104808], [126.82317950255133, 37.49782742755701], [126.82384455141236, 37.49785727756063], [126.82451006999622, 37.4978350435126], [126.8251696476166, 37.49776093957104], [126.82581693084776, 37.497635679534795], [126.82644568476262, 37.49746046996388], [126.8270498530261, 37.49723699855056], [126.82762361626284, 37.49696741785328], [126.82816144813579, 37.49665432455069], [126.82865816859406, 37.496300734416295], [126.82910899377643, 37.49591005325497], [126.82950958208907, 37.49548604408265], [126.82985607601377, 37.49503279086548], [126.83014513924365, 37.49455465916883], [126.83037398879003, 37.49405625409562], [126.8305404217513, 37.49354237592009], [126.83064283648811, 37.49301797384468], [126.83068024800166, 37.49248809832588], [126.83065229736955, 37.491957852428854], [126.83055925514961, 37.49143234267916], [126.83040201872137, 37.49091662988548], [126.83018210359255, 37.490415680406514], [126.82990162875659, 37.48993431833137], [126.82956329624355, 37.48947717903353], [126.8291703650635, 37.489048664545344], [126.82872661979411, 37.48865290118208], [126.82823633411643, 37.488293699822904], [126.82819974431389, 37.48827175174924], [126.82818691000163, 37.48826030493035], [126.82769662947999, 37.487901101357515], [126.8271645301071, 37.48758191836276], [126.82659573592491, 37.48730582932704], [126.82599572411377, 37.48707549264984], [126.82537027226783, 37.4868931261661], [126.82472540278629, 37.48676048580389]]], [[[126.80917313456864, 37.519936575551476], [126.80864089007446, 37.51961730936176], [126.80807192424751, 37.51934113088073], [126.80747171592111, 37.519110699368454], [126.80684604458138, 37.51892823357231], [126.80620093474035, 37.518795490375965], [126.8055425979568, 37.51871374789344], [126.80487737306163, 37.51868379317082], [126.80421166516186, 37.518705914613406], [126.80355188400868, 37.51877989921106], [126.80290438232113, 37.51890503458849], [126.802275394657, 37.51908011586048], [126.80167097741844, 37.519303457226535], [126.80109695056717, 37.51957290819344], [126.80055884161018, 37.51988587427013], [126.80006183239293, 37.520239341935984], [126.79961070921236, 37.520629907643006], [126.79920981672886, 37.521053810573115], [126.79886301612099, 37.52150696883599], [126.79857364788637, 37.52198501875973], [126.79834449964707, 37.522483356896544], [126.79817777927065, 37.52299718433974], [126.79807509356716, 37.523521552925935], [126.79803743276851, 37.52405141287803], [126.79806516094155, 37.52458166143036], [126.7981580124291, 37.52510719196817], [126.7983150943554, 37.525622943208425], [126.79853489517372, 37.526123947947895], [126.79881529917564, 37.52660538090912], [126.79915360682458, 37.52706260522312], [126.79954656071888, 37.527491217100554], [126.7999903769359, 37.527887088260684], [126.80048078145656, 37.52824640570867], [126.80101305131961, 37.528565708477636], [126.80158206011019, 37.5288419209804], [126.80218232734396, 37.5290723826495], [126.80280807127104, 37.529254873578616], [126.80345326458982, 37.52938763591825], [126.80411169253361, 37.52946939081869], [126.80477701276826, 37.529499350756666], [126.80544281652286, 37.52947722712646], [126.80610269036258, 37.52940323302224], [126.80675027800656, 37.52927808118467], [126.80737934159363, 37.529102977131494], [126.80798382180407, 37.52887960753869], [126.80855789625613, 37.52861012398422], [126.80909603561362, 37.52829712221145], [126.80959305686271, 37.52794361711278], [126.81004417324412, 37.52755301367474], [126.81044504035877, 37.527129074165394], [126.81079179800298, 37.52667588188077], [126.81108110733021, 37.52619780180021], [126.81131018298221, 37.52569943853045], [126.81147681988085, 37.52518559194397], [126.8115794144241, 37.52466121093985], [126.81161697988328, 37.52413134577237], [126.81158915585542, 37.52360109940769], [126.81149621168132, 37.52307557837643], [126.81133904379861, 37.522559843596305], [126.81111916705733, 37.52205886163803], [126.81083870008352, 37.52157745690354], [126.81050034483377, 37.52112026517713], [126.81010736053905, 37.520691688995775], [126.80966353229014, 37.520295855268444], [126.80917313456864, 37.519936575551476]]], [[[126.84475901655404, 37.537501505427265], [126.84423735176058, 37.537188904205976], [126.84449712844875, 37.53726455265791], [126.845142467904, 37.53739708840468], [126.8458010151528, 37.53747861184871], [126.84646642671086, 37.53750833769697], [126.847132292927, 37.537485979599424], [126.84779219976443, 37.53741175290963], [126.84843979062455, 37.537286372609486], [126.84906882761585, 37.53711104641819], [126.84967325167564, 37.53688746315219], [126.85024724096435, 37.53661777644815], [126.85078526696762, 37.536304584006714], [126.85128214776532, 37.535950902557076], [126.85173309795297, 37.53556013878438], [126.85213377473433, 37.535136056500924], [126.85248031974106, 37.53468274037746], [126.85276939617674, 37.53420455658557], [126.85293352320154, 37.53384704164537], [126.85314505667971, 37.533497119979664], [126.85337387671066, 37.53299867329327], [126.85354024290484, 37.532484765411844], [126.85364255426877, 37.53196034582361], [126.85367982680218, 37.531430465153306], [126.85365170292388, 37.53090022651503], [126.85355845486269, 37.53037473636368], [126.85343742191655, 37.52997838687333], [126.85356040560724, 37.53002553734397], [126.85418628670715, 37.53020775725609], [126.85483158346395, 37.5303402398023], [126.85549008011337, 37.53042170882886], [126.85615543365861, 37.53045137956715], [126.85682123500767, 37.53042896619817], [126.85748107074893, 37.53035468460812], [126.85812858496917, 37.53022925030782], [126.85875754051557, 37.530053871536765], [126.85936187911055, 37.52983023761788], [126.85942855012563, 37.529798902294324], [126.8596018083397, 37.52995324165676], [126.86009251588524, 37.53031231424024], [126.86062505841028, 37.53063135073239], [126.86119430687091, 37.530907278110945], [126.86179477847172, 37.531137438555135], [126.86242068949191, 37.53131961506074], [126.86306601101857, 37.53145205280773], [126.8637245270485, 37.53153347607406], [126.86438989439813, 37.53156310053199], [126.86505570384233, 37.53154064080855], [126.8657155418915, 37.53146631323655], [126.86636305261024, 37.53134083376993], [126.86699199887958, 37.53116541108341], [126.8675963225115, 37.53094173492304], [126.8681702026346, 37.53067195982046], [126.86870811178689, 37.53035868432776], [126.86920486917464, 37.53000492597402], [126.86965569058285, 37.52961409218502], [126.87005623445651, 37.52918994744713], [126.87040264370805, 37.52873657703235], [126.87062669869934, 37.52836573939325], [126.87104008113322, 37.528668165285794], [126.87157265940773, 37.528987152815], [126.87214193654563, 37.52926302775073], [126.8727424294748, 37.52949313277744], [126.87336835426868, 37.52967525142485], [126.8740136818814, 37.52980762943043], [126.87467219625093, 37.52988899164777], [126.87533755420965, 37.529918554337435], [126.87600334662287, 37.52989603272165], [126.87666316016524, 37.529821643729605], [126.87731063913755, 37.5296961039071], [126.87793954672698, 37.52952062251038], [126.87854382511851, 37.52929688985121], [126.87911765387689, 37.52902706100547], [126.87965550603542, 37.52871373504301], [126.88015220134983, 37.52835992997904], [126.88047134369158, 37.528083183317584], [126.88081004153221, 37.528540018828146], [126.88120347423873, 37.528968363234874], [126.88164773510015, 37.52936393143916], [126.88213854581072, 37.52972291336349], [126.88267117949295, 37.53004185127241], [126.88324050622388, 37.53031767309326], [126.88384104245324, 37.530547722022156], [126.88446700383699, 37.530729782129306], [126.88511236097638, 37.53086209971617], [126.88577089752468, 37.53094340021851], [126.88643627010043, 37.53097290049159], [126.88710206942801, 37.53095031635903], [126.88776188211544, 37.53087586535252], [126.88840935247188, 37.530750264615385], [126.88903824376769, 37.530574723990824], [126.88964249834507, 37.530350934361294], [126.89021629599851, 37.53008105135161], [126.8907541100614, 37.529767674553405], [126.89125076065686, 37.529413822471575], [126.89143218310531, 37.52925646602563], [126.89181210038359, 37.52959466798685], [126.89230296189227, 37.52995360809369], [126.89283564111877, 37.53027250053957], [126.8934050077009, 37.53054827368973], [126.8940055777042, 37.53077827120918], [126.89463156645884, 37.5309602776634], [126.89527694430213, 37.53109253987082], [126.89593549468768, 37.53117378380081], [126.89634012342474, 37.53119168908011], [126.89609958923386, 37.5315900646798], [126.89587105684973, 37.532088596823634], [126.89570498121907, 37.532602566949606], [126.89564087457535, 37.53293212919132], [126.89546797703125, 37.53288186255767], [126.89482258346052, 37.532749601296864], [126.89416402053467, 37.53266835107176], [126.89349862926004, 37.53263889419035], [126.89283281634447, 37.532661514266145], [126.89217299254996, 37.53273599348974], [126.89152551100653, 37.532861614725086], [126.89089660607942, 37.53303716841048], [126.89029233337612, 37.53326096419819], [126.88971851146948, 37.5335308472207], [126.88918066589649, 37.53384421882764], [126.88868397597038, 37.534198061594005], [126.88823322491784, 37.53458896835997], [126.88783275382029, 37.535013175022925], [126.8874864198031, 37.535466596766966], [126.88719755887504, 37.535944867381666], [126.88696895377694, 37.53644338129234], [126.88680280714948, 37.53695733789756], [126.8867007202804, 37.53748178778777], [126.8866636776369, 37.538011680400245], [126.88669203733419, 37.53854191265204], [126.88678552763369, 37.53906737808263], [126.88694324950723, 37.539583016033184], [126.88716368524364, 37.540083860388904], [126.88727919576321, 37.54028165939801], [126.88679697509089, 37.539992977238605], [126.88622756195606, 37.53971717224794], [126.88562694508117, 37.539487135095776], [126.88500090788266, 37.539305080732824], [126.88435547839225, 37.53917276208201], [126.88369687124373, 37.53909145317072], [126.88303142786913, 37.53906193687175], [126.88236555547765, 37.539084497370496], [126.88170566540363, 37.53915891743102], [126.88105811141483, 37.53928448048669], [126.88042912857348, 37.539459977535955], [126.87982477323672, 37.53968371877631], [126.87925086477254, 37.539953549865444], [126.87871292955079, 37.54026687265304], [126.8782161477474, 37.54062067018433], [126.87776530347323, 37.541011535735215], [126.87736473870699, 37.541435705600136], [126.87705883587272, 37.54183605899449], [126.87699475931132, 37.541817420744096], [126.87634932299267, 37.54168505832029], [126.87569070310869, 37.54160370466797], [126.87502524121402, 37.541574143090536], [126.87435934469616, 37.54159665820921], [126.87369942512149, 37.541671033224844], [126.87305183654165, 37.541796552004385], [126.87242281435164, 37.54197200597244], [126.87181841528715, 37.542195705741285], [126.87124445913686, 37.54246549736784], [126.87070647272934, 37.542778783081786], [126.87020963673308, 37.54313254628534], [126.86975873578037, 37.543523380585015], [126.8693581123953, 37.5439475225763], [126.86901162516904, 37.54440088806646], [126.8687226115853, 37.544879111387225], [126.86849385585457, 37.545377587419885], [126.86834116086935, 37.54584948931397], [126.86814302933736, 37.545773574293406], [126.86751698362684, 37.54559142733467], [126.86687153236461, 37.545459013043846], [126.86621289039428, 37.54537760636883], [126.86554739948309, 37.54534799112335], [126.86488146729774, 37.5453704524452], [126.8642215057479, 37.545444774052996], [126.863573869289, 37.5455702403278], [126.86294479377672, 37.54574564319962], [126.86234033645975, 37.545969293772615], [126.86176631768714, 37.54623903857739], [126.86122826489004, 37.546552280294435], [126.86073135937572, 37.54690600274968], [126.86028038644542, 37.547296799942075], [126.85987968931595, 37.54772090882462], [126.85953312728822, 37.54817424552353], [126.85924403856595, 37.54865244464805], [126.85901520808302, 37.54915090131272], [126.85884884065044, 37.549664815468276], [126.85874653968244, 37.55018923811484], [126.85870929170842, 37.550719118953], [126.85873745682171, 37.551249355014086], [126.85883076515874, 37.55177483980174], [126.8589883194449, 37.5522905124715], [126.85920860358449, 37.55279140657486], [126.85922073973337, 37.552812201146345], [126.85874425039664, 37.55290448053362], [126.85811510204383, 37.553079856783356], [126.85751057110151, 37.553303481674014], [126.85693647862739, 37.55357320198358], [126.85639835276186, 37.553886420628494], [126.85590137551544, 37.55424012165694], [126.8554503328799, 37.55463089927441], [126.85504956874314, 37.555054990622494], [126.85470294305127, 37.55550831199651], [126.8544137946211, 37.5559864981535], [126.85437088205593, 37.556079949750895], [126.85434968540451, 37.5560790045055], [126.85368365524575, 37.55610140171322], [126.85302358870351, 37.55617565961369], [126.85237584124353, 37.55630106320124], [126.85174664978952, 37.55647640500936], [126.85114207270578, 37.55669999673013], [126.85056793149394, 37.5569696854609], [126.8500297547633, 37.557282874422164], [126.8495327250139, 37.557636547948015], [126.8490816287428, 37.55802730050883], [126.84868081035401, 37.55845136948763], [126.8483341303159, 37.55890467139523], [126.84804492796846, 37.5593828411763], [126.84781598933986, 37.559881274228346], [126.8476495202827, 37.56039517072992], [126.84754712519032, 37.56091958185157], [126.84750979149906, 37.56144945740528], [126.84753788012841, 37.56197969447362], [126.8476311219522, 37.5625051865509], [126.84778862033724, 37.56302087272272], [126.84800885972712, 37.56352178641077], [126.84828972019007, 37.56400310321281], [126.84862849779319, 37.56446018737694], [126.84872249693878, 37.564562553188466], [126.84875674161088, 37.564608756117494], [126.84915017593515, 37.56503720477875], [126.84959447698094, 37.56543289159288], [126.85008536605753, 37.56579200533952], [126.85061811553429, 37.566111087012885], [126.85118759437412, 37.56638706315482], [126.85178831756232, 37.56661727547417], [126.85241449895409, 37.5667995064664], [126.85306010703123, 37.566932000786046], [126.85371892302896, 37.567013482165606], [126.85438460087283, 37.56704316571719], [126.85505072834503, 37.56702076549833], [126.85571088889081, 37.56694649726849], [126.85635872346637, 37.56682107641005], [126.85698799183146, 37.5666457110333], [126.8575926326939, 37.566422090332594], [126.85816682212509, 37.56615236830575], [126.85870502968262, 37.565839142994214], [126.8592020716977, 37.56548543144436], [126.85965316121342, 37.56509464063184], [126.86005395409231, 37.56467053462989], [126.86040059084893, 37.56421719833821], [126.86068973380452, 37.56373899812298], [126.86080316493671, 37.56349195121239], [126.86129167025072, 37.563475496743685], [126.86195179376806, 37.56340119322486], [126.8625995875865, 37.56327573766519], [126.86322881185863, 37.56310033850934], [126.86383340571729, 37.56287668527704], [126.86440754568704, 37.562606932279536], [126.8649457018022, 37.56229367785653], [126.86544269088976, 37.56193993933475], [126.86589372650293, 37.56154912394958], [126.86629446502366, 37.56112499601081], [126.86664104749029, 37.56067164062927], [126.86693013674707, 37.56019342435486], [126.86715894955898, 37.559694953105314], [126.86732528338297, 37.559181027792164], [126.86742753753929, 37.558656598071394], [126.8674647285805, 37.55812671466505], [126.86743649971217, 37.55759648071322], [126.867343124176, 37.55707100262518], [126.86718550256533, 37.55655534090322], [126.8669651541005, 37.55605446141257], [126.86695301527527, 37.55603366762409], [126.86742951494728, 37.555941355245686], [126.86805866634015, 37.555765929465714], [126.86866318653696, 37.55554225055194], [126.86923725277218, 37.55527247306288], [126.86977533579069, 37.55495919557405], [126.87027225312391, 37.55460543563425], [126.87072321901633, 37.55421460068501], [126.87112389052166, 37.55379045522434], [126.87147040932365, 37.55333708453166], [126.87175943887978, 37.55285885530411], [126.87198819652983, 37.552360373583994], [126.87208718617423, 37.55205442715204], [126.87232122754563, 37.552144084114566], [126.87294733989437, 37.552326205999556], [126.87359286142822, 37.55245858755477], [126.87425157421629, 37.552539953599364], [126.87491713317857, 37.55256952035694], [126.87558312724306, 37.55254700301045], [126.87624314114083, 37.552472618448014], [126.8768908172417, 37.552347083172876], [126.87751991683295, 37.55217160639768], [126.87812438024929, 37.55194787838993], [126.87869838527253, 37.55167805418108], [126.87923640323764, 37.55136473279671], [126.87973325230311, 37.551010932208335], [126.88018414737142, 37.55062006024892], [126.88058474617883, 37.55019588177282], [126.8809311911097, 37.549742482377276], [126.88099382810393, 37.549638811707894], [126.88161804798673, 37.54976678392718], [126.88227674647915, 37.54984810510209], [126.8829422853243, 37.549877626449664], [126.88360825364411, 37.549855063590414], [126.88426823641781, 37.54978063385105], [126.88491587631525, 37.549655054170096], [126.88554493497271, 37.54947953418806], [126.88614935311954, 37.54925576458872], [126.88672330897398, 37.54898590080421], [126.88726127434501, 37.54867254224129], [126.88775806789806, 37.54831870722958], [126.88820890507074, 37.54792780393353], [126.88860944415723, 37.54750359750922], [126.88895582811745, 37.54705017382292], [126.88924472170804, 37.54657190008172], [126.88947334357873, 37.54607338275621], [126.88963949302543, 37.54555942320092], [126.88974157114377, 37.54503497140087], [126.88977859618122, 37.54450507828997], [126.88975021294121, 37.543974847101055], [126.88965669615114, 37.543449384216125], [126.88949894776343, 37.54293374999044], [126.88927848821801, 37.54243291002391], [126.88916296914904, 37.54223511296671], [126.88964521340002, 37.542523785561755], [126.89021466055627, 37.54279957423921], [126.89081531828349, 37.54302958828445], [126.89144140106661, 37.54321161210357], [126.8920868783369, 37.543343892347536], [126.8927455325898, 37.5434251548118], [126.8934110193093, 37.543454616718066], [126.89407692811965, 37.54343199425968], [126.8947368445737, 37.54335750533763], [126.89538441198052, 37.54323186746069], [126.89601339267526, 37.543056290830066], [126.89661772813868, 37.542832466675264], [126.89719159738611, 37.54256255095393], [126.89772947306128, 37.54224914357306], [126.8982261746941, 37.54189526333239], [126.89867691860809, 37.541504318831876], [126.89907736399607, 37.54108007562425], [126.89942365472075, 37.54062661992981], [126.89971245643697, 37.54014831926368], [126.89989686574931, 37.53974603428444], [126.89997815860666, 37.53977715762799], [126.9006042372408, 37.53995913292093], [126.90124970342134, 37.54009136304647], [126.90190833975049, 37.540172574283], [126.90257380188493, 37.54020198434587], [126.90323967968581, 37.54017930992802], [126.9038995590049, 37.540104769431075], [126.90454708350921, 37.539979080860796], [126.90517601594756, 37.53980345490681], [126.90578029826588, 37.53957958327383], [126.90635410999185, 37.539309622376855], [126.90689192432373, 37.538996172558065], [126.90738856138273, 37.53864225302591], [126.90783923811472, 37.53825127275871], [126.9082396143601, 37.53782699765354], [126.90858583464777, 37.5373735142378], [126.90887456531138, 37.53689519029335], [126.90910302657014, 37.53639663277371], [126.90926901926689, 37.53588264341991], [126.90937094600683, 37.53535817250332], [126.90940782649496, 37.534828271141315], [126.90937930692631, 37.534298042645545], [126.9092856633404, 37.53377259337147], [126.90924380715259, 37.53363588524059], [126.90922860092503, 37.53335316082087], [126.90913495949063, 37.532827711362515], [126.90897709800477, 37.53231210127584], [126.90875653799539, 37.53181129592785], [126.90847540466604, 37.53133011801712], [126.90839342664523, 37.5312196250117], [126.90836582573175, 37.531172383716616], [126.9080268288265, 37.530715466525876], [126.90763323246544, 37.53028721020921], [126.9071888276292, 37.52989173859397], [126.90669789434692, 37.52953285974859], [126.9061651604709, 37.52921402932943], [126.90559575614887, 37.52893831732187], [126.90499516443192, 37.5287083784948], [126.90436916849397, 37.528526426852544], [126.90372379596916, 37.528394214329396], [126.90306526094284, 37.52831301393131], [126.90266064582636, 37.528295131806495], [126.90290113448287, 37.52789674222922], [126.90294128271583, 37.52780913590242], [126.90310131350482, 37.52785565339318], [126.90374668025748, 37.52798786928086], [126.90440521322017, 37.52806906586535], [126.90507056904572, 37.528098461003296], [126.90573633861997, 37.52807577153145], [126.90639610883775, 37.5280012159965], [126.9070435244177, 37.52787551254901], [126.90767234915832, 37.527699872021856], [126.90827652604357, 37.527475986260015], [126.90885023561707, 37.52720601181444], [126.9093879520614, 37.52689254915758], [126.9098844964409, 37.52653861762134], [126.91033508659422, 37.52614762629942], [126.91073538319557, 37.52572334119514], [126.91108153154089, 37.525269848931885], [126.91137019865629, 37.5247915173765], [126.91159860537266, 37.524292953555594], [126.91176455305751, 37.52377895927063], [126.91186644474894, 37.523254484840315], [126.91190330048869, 37.522724581415694], [126.91189250554842, 37.5225239851673], [126.9122531738769, 37.522662054244705], [126.91287914071032, 37.5228439640229], [126.91352448237902, 37.52297612636942], [126.91418298268503, 37.523057268215965], [126.91484829859593, 37.5230866079466], [126.91551402138217, 37.52306386293203], [126.91617373838962, 37.52298925225413], [126.91682109484975, 37.52286349459481], [126.9170105306801, 37.522810561343306], [126.91703842867639, 37.522967031332094], [126.91708042749586, 37.52310417481449], [126.91682193328644, 37.523113010376775], [126.91616221578506, 37.52318762467027], [126.9155148554589, 37.52331337867821], [126.91488608550692, 37.52348906156086], [126.91428196023803, 37.523712981726696], [126.91370829680666, 37.52398298311075], [126.91317061922507, 37.52429646592291], [126.91267410519009, 37.524650411667295], [126.9122235362358, 37.52504141219226], [126.91182325169122, 37.525465702491985], [126.91147710688617, 37.52591919694467], [126.91118843600808, 37.526397528639194], [126.91096001996809, 37.526896091412006], [126.9107940595865, 37.52741008419042], [126.91069215435752, 37.52793455721576], [126.91065528699879, 37.52846445970172], [126.91068381393691, 37.528994688469496], [126.91077746182202, 37.52952013709135], [126.91093533010725, 37.5300357450697], [126.91115589967025, 37.530536546577785], [126.91143704739561, 37.531017718292574], [126.91177606657986, 37.531474625858635], [126.91216969296363, 37.5319028685353], [126.91261413614211, 37.53229832159624], [126.9131051160522, 37.53265717607266], [126.91363790418515, 37.53297597545653], [126.9142073691289, 37.53325164900945], [126.91480802600057, 37.53348154135586], [126.91543408929276, 37.533663438074484], [126.91607952862402, 37.533795587041034], [126.91673812685515, 37.53387671531598], [126.91740354000987, 37.533906041414134], [126.91806935842138, 37.53388328283752], [126.91872916851388, 37.53380865879874], [126.91937661462178, 37.53368288810851], [126.92000546024953, 37.53350718224767], [126.92060964818003, 37.53328323369076], [126.9211833588508, 37.53301319959385], [126.92172106643423, 37.53269968100414], [126.92221759208054, 37.53234569779243], [126.9226681538094, 37.53195465955024], [126.92306841256945, 37.53153033273283], [126.92341451402181, 37.531076804365334], [126.92370312564502, 37.53059844266221], [126.9239314688051, 37.53009985494025], [126.92409734548245, 37.529585843230876], [126.9241991593996, 37.5290613580203], [126.92423593134795, 37.528531450563094], [126.9242073085675, 37.52800122422912], [126.92411356809126, 37.527475785352536], [126.92408603269043, 37.52738590522785], [126.92462607734618, 37.527367413419945], [126.9252858239018, 37.527292752134095], [126.92576896392771, 37.5271988623028], [126.9258744383173, 37.527186925310325], [126.92616023466016, 37.527131384455146], [126.92618425486818, 37.52757613907899], [126.92627801000748, 37.528101576424234], [126.92643598240488, 37.52861716466683], [126.9266566519349, 37.52911793816966], [126.92693789451883, 37.52959907387904], [126.92727700253886, 37.53005593778602], [126.92767071087938, 37.53048412957013], [126.92811522834542, 37.530879524995086], [126.92860627415759, 37.53123831564711], [126.92913911917167, 37.53155704563291], [126.929708631427, 37.53183264488258], [126.93030932558435, 37.532062458736405], [126.93093541577662, 37.532244273529344], [126.93158087136285, 37.5323763379265], [126.932239475047, 37.532457379803226], [126.93290488280002, 37.532486618506866], [126.93357068500724, 37.53246377238162], [126.934230468249, 37.53238906148368], [126.93487787711862, 37.53226320546072], [126.9355066754797, 37.53208741661584], [126.93611080657088, 37.5318633882231], [126.93668445137784, 37.53159327820773], [126.93722208470804, 37.53127968834829], [126.93771852842764, 37.53092563920206], [126.9381690013461, 37.53053454099557], [126.93856916526828, 37.53011016076151], [126.93891516676933, 37.52965658603926], [126.93920367429115, 37.529178185489506], [126.9394319102029, 37.52867956680276], [126.9395976775183, 37.528165532308314], [126.93969938101345, 37.52764103271136], [126.93973604254334, 37.52711111940452], [126.93970731041131, 37.52658089581351], [126.93961346270335, 37.526055468245644], [126.93945540455694, 37.525539896714605], [126.93923465939284, 37.525039146215306], [126.93895335419634, 37.52455803891743], [126.93861419899136, 37.524101207738106], [126.93822046070689, 37.52367305174004], [126.93777593168853, 37.52327769378434], [126.93728489315971, 37.522918940844825], [126.9367520739847, 37.52260024736553], [126.9361826051312, 37.522324682013426], [126.93558197027052, 37.52209489814557], [126.93495595299105, 37.52191310827467], [126.93431058113168, 37.52178106277788], [126.93365206877098, 37.521700033053506], [126.93301041419046, 37.52167183887181], [126.93351047188015, 37.5213801501871], [126.93400686673894, 37.52102611565968], [126.93445729866427, 37.5206350306301], [126.93485742985548, 37.52021066200396], [126.93520340720258, 37.51975709720874], [126.93549189937957, 37.519278704809324], [126.9357201289028, 37.51878009241771], [126.93588589884692, 37.51826606230251], [126.93598761396198, 37.51774156512674], [126.93600552243491, 37.517482858265744], [126.93608017799848, 37.51754926390778], [126.93657117583429, 37.51790802184892], [126.93710396111811, 37.51822671611983], [126.93767340246434, 37.51850227699493], [126.93827401521665, 37.5187320501844], [126.93890001429216, 37.51891382241516], [126.93954536992784, 37.519045842762594], [126.93958743437364, 37.519051016917544], [126.94011785586342, 37.519205029095815], [126.94076321623109, 37.519337042819714], [126.94142171605188, 37.51941803282086], [126.94208701229775, 37.51944721894655], [126.94275269642871, 37.519424320047655], [126.94341235616317, 37.51934955668888], [126.94405963728491, 37.51922364902334], [126.94468830488879, 37.51904780985158], [126.94529230347379, 37.51882373293242], [126.94586581530257, 37.518553576658434], [126.94640331646418, 37.518239943253576], [126.94689963009836, 37.51788585369433], [126.94734997626797, 37.51749471859621], [126.94775001799894, 37.51707030534694], [126.94809590304345, 37.5166167018035], [126.94820588463685, 37.516434253550216], [126.94828018168914, 37.51650032397364], [126.94877123176269, 37.51685903167164], [126.94930406222355, 37.51717767131835], [126.94987354125041, 37.517453173714316], [126.9504741838235, 37.51768288513311], [126.95110020457227, 37.51786459289683], [126.95174557352463, 37.517996546701966], [126.95240407421909, 37.518077475489655], [126.95306936361914, 37.518106599697056], [126.95373503325072, 37.51808363877163], [126.954394670972, 37.51800881387582], [126.95504192277903, 37.517882845755686], [126.95567055404933, 37.5177069477943], [126.95627450963228, 37.517482814316914], [126.95684797220513, 37.51721260426096], [126.9573854183319, 37.516898920368504], [126.95788167168288, 37.51654478410236], [126.95833195290216, 37.516153606527816], [126.95873192564176, 37.51572915544163], [126.95907773831883, 37.51527551906507], [126.95936606119423, 37.514797066652015], [126.95959411841565, 37.51429840639186], [126.95975971471763, 37.51378434101361], [126.95977815787019, 37.51368907251985], [126.96025539771985, 37.513919904510374], [126.96085604458088, 37.51414956329662], [126.96148206176896, 37.51433121610701], [126.96212741934612, 37.51446311316756], [126.96278590096031, 37.51454398396623], [126.96345116375889, 37.51457304949895], [126.9641167995241, 37.514550029778604], [126.96477639644061, 37.514475146534174], [126.96542360089782, 37.514349121073934], [126.9660521787297, 37.51417316733344], [126.96665607530078, 37.51394898017535], [126.9672294738573, 37.513678719054205], [126.96776685158035, 37.51336498720397], [126.9682630327996, 37.513010806549346], [126.96871323885443, 37.51261958858308], [126.96911313412122, 37.51219510149082], [126.96945886776372, 37.511741433840456], [126.96974711080438, 37.511262955186794], [126.96997508815998, 37.51076427397173], [126.97014060533442, 37.510250193125756], [126.97024206951255, 37.50972566379942], [126.97027850485344, 37.50919573767066], [126.97024956183775, 37.508665518287664], [126.97015552058099, 37.50814011191628], [126.96999728808305, 37.50762457836527], [126.96977638944192, 37.50712388226305], [126.96949495311894, 37.50664284525491], [126.96915569039881, 37.50618609958068], [126.96876186924392, 37.505758043479496], [126.96831728279597, 37.505362798850406], [126.96782621282969, 37.50500417157609], [126.96729338851053, 37.50468561489079], [126.96672394085446, 37.504410196144676], [126.96612335332782, 37.50418056728367], [126.96549740906248, 37.50399893932853], [126.96485213519412, 37.50386706109808], [126.9641937448578, 37.5037862023807], [126.96352857739848, 37.50375714171624], [126.96286303737006, 37.503780158904675], [126.96220353290876, 37.503855032314355], [126.9615564140722, 37.50398104101492], [126.96092791173602, 37.50415697171492], [126.96032407763444, 37.5043811304371], [126.95975072612057, 37.5046513588197], [126.95921337820552, 37.504965054886874], [126.95871720841404, 37.50531919808907], [126.95826699496769, 37.50571037837278], [126.95786707377404, 37.506134829000494], [126.95752129666572, 37.50658846280567], [126.95723299429069, 37.50706691153407], [126.95700494401234, 37.507565567893884], [126.95683934312912, 37.508079629909766], [126.956820897715, 37.508174898016485], [126.95634370497413, 37.50794405229413], [126.95574312171507, 37.50771437081848], [126.95511717387645, 37.507532687930485], [126.95447188862845, 37.50740075297764], [126.95381347921581, 37.50731983629434], [126.95314828516716, 37.50729071697829], [126.9524827112923, 37.507313675394016], [126.95182316605312, 37.507388490475556], [126.95117599989956, 37.50751444185398], [126.95054744416247, 37.507690316789606], [126.94994355108982, 37.50791442184204], [126.94937013560205, 37.50818459916622], [126.94883271932575, 37.50849824727793], [126.94833647744348, 37.508852346089405], [126.94788618887037, 37.509243485974686], [126.94748619023707, 37.50966790058543], [126.94714033412144, 37.51012150310207], [126.94703035940314, 37.5103039506109], [126.94695606953643, 37.51023787938988], [126.94646507122776, 37.50987916415944], [126.94593230449487, 37.50956051182293], [126.94536289980012, 37.50928499065144], [126.94476234019693, 37.50905525357692], [126.94451593248498, 37.50898370894386], [126.94416589600978, 37.50881432827976], [126.94356534390495, 37.508584585160506], [126.9429394191554, 37.50840283794256], [126.94229414870935, 37.50827083659268], [126.94163574566933, 37.50818985208436], [126.94097054950267, 37.5081606641681], [126.94030496503957, 37.50818355386874], [126.93964540084379, 37.50825830078167], [126.93899820754766, 37.5083841851941], [126.93836961674299, 37.508559995010955], [126.93776568101507, 37.50878403741866], [126.93719221569454, 37.50905415517523], [126.93665474288734, 37.50936774736993], [126.93615843831977, 37.50972179445344], [126.93570808151003, 37.5101128872979], [126.93530800974523, 37.51053726000809], [126.93496207630695, 37.510990826168054], [126.93467361334775, 37.51146921817552], [126.93444539977673, 37.51196782928535], [126.93427963446442, 37.51248185795862], [126.93417791502605, 37.51300635409018], [126.93417009082842, 37.51311935131626], [126.93415719169901, 37.513185862424535], [126.93413927806638, 37.51344456914938], [126.93406462828075, 37.51337816228184], [126.93357367197805, 37.513019393986184], [126.93304093864779, 37.51270068393477], [126.93296059391835, 37.512661796957126], [126.93290056736578, 37.512325493954705], [126.93274258326886, 37.511809912857274], [126.93252192239034, 37.51130914934625], [126.93224071090327, 37.51082802571701], [126.93190165792878, 37.51037117504424], [126.93150802941118, 37.50994299657879], [126.93106361663902, 37.50954761339842], [126.93057269971645, 37.50918883272018], [126.93004000633707, 37.508870109255504], [126.92947066625767, 37.50859451196031], [126.92943215408584, 37.50857977320057], [126.9291873961348, 37.50843332429537], [126.9290198424564, 37.50835221588603], [126.92905253238726, 37.508298008685536], [126.92928077020815, 37.50779940788943], [126.92944655894019, 37.5072853860218], [126.92954830315163, 37.50676089366632], [126.92958502430382, 37.50623098214606], [126.92955637012444, 37.505700754869785], [126.92946261794741, 37.50517531818066], [126.92930467198893, 37.504659732180656], [126.92908405458833, 37.50415896200448], [126.92880289149967, 37.50367783001183], [126.92846389137783, 37.50322096935816], [126.92807031965798, 37.50279277939059], [126.9276259670818, 37.50239738329783], [126.92713511317379, 37.50203858842145], [126.92660248502092, 37.50171984960971], [126.92603321175213, 37.501444235966474], [126.92543277515637, 37.50121440131411], [126.92480695691381, 37.501032558654515], [126.92416178294809, 37.500900458873254], [126.9235034654334, 37.500819373891325], [126.92283834301423, 37.50079008442635], [126.92217281981121, 37.500812872480594], [126.92151330379853, 37.50088751862774], [126.92086614514464, 37.5010133041249], [126.9202375751078, 37.50118901782899], [126.91963364607307, 37.501412967851515], [126.9190601733062, 37.50168299783976], [126.91852267898417, 37.50199650772781], [126.91802633903977, 37.502350478758686], [126.91757593333094, 37.50274150253681], [126.91717579961472, 37.50316581383193], [126.9168297917682, 37.5036193268196], [126.9165412426594, 37.504097674409756], [126.91631293202607, 37.50459625028528], [126.91614705967243, 37.50511025324691], [126.91604522424366, 37.505634733437525], [126.9160084077839, 37.50616464000153], [126.91603696622808, 37.50669486972063], [126.91613062592134, 37.50722031615779], [126.91628848620157, 37.507735918836445], [126.91650902802199, 37.508236711980885], [126.91679012853305, 37.50871787234881], [126.91712908148473, 37.50917476569428], [126.91752262325451, 37.50960299141387], [126.91796696425176, 37.50999842494494], [126.91845782539686, 37.510357257507195], [126.91899047932483, 37.51067603280409], [126.9191580271249, 37.510757155361645], [126.91912532897852, 37.51081135973247], [126.91889701442675, 37.51130994001032], [126.91883249208497, 37.51150988569493], [126.91821790958564, 37.51148280074552], [126.91755229034425, 37.51150556191714], [126.9168926758531, 37.5115801813019], [126.91624541722835, 37.511705940414565], [126.9156167466902, 37.51188162836612], [126.91501271759086, 37.5121055535161], [126.91464045921457, 37.51228079305659], [126.91426712339765, 37.51229354841933], [126.91360749893457, 37.51236814936145], [126.91296022821479, 37.5124938903503], [126.91294443516352, 37.512498303377846], [126.91272058331657, 37.51225470804433], [126.91227625704407, 37.511859255048066], [126.91178541609526, 37.51150039705439], [126.91125278743309, 37.5111815895192], [126.91068350019202, 37.510905902207874], [126.91008303629597, 37.510675989651865], [126.9094571776884, 37.510494065602856], [126.90881195068158, 37.510361881729764], [126.90815356796047, 37.51028071076294], [126.90748836879719, 37.51025133424755], [126.90682275805081, 37.51027403502369], [126.906599395864, 37.510299283221364], [126.90672944076293, 37.51008377662921], [126.90695783209193, 37.509585220425954], [126.90712377759587, 37.509071231378954], [126.90722568033277, 37.50854675975643], [126.907262560237, 37.50801685668247], [126.9072340635074, 37.5074866254852], [126.9071404659617, 37.506961172546234], [126.90698267032744, 37.5064455581247], [126.90676219749686, 37.50594474762966], [126.9064811718326, 37.505463563809606], [126.90614230066706, 37.50500664031956], [126.90574884819465, 37.50457837711208], [126.90530460400977, 37.50418289808141], [126.90481384659431, 37.5038240113679], [126.90428130210715, 37.50350517270417], [126.90371209887262, 37.50322945215551], [126.9031117180062, 37.50299950457343], [126.90248594065233, 37.50281754404698], [126.90184079234143, 37.50268532259627], [126.90118248500121, 37.50260411331341], [126.9005173571784, 37.50257469811248], [126.89985181304567, 37.50259736020585], [126.89919226077855, 37.50267188137967], [126.89854505089424, 37.502797544093895], [126.89791641514368, 37.50297313838731], [126.89731240654392, 37.503196973520915], [126.89673884112601, 37.50346689424793], [126.89620124195808, 37.50378030155446], [126.89570478598145, 37.50413417767122], [126.89558647667567, 37.50423683811053], [126.89525045156334, 37.50403561778866], [126.89468127813801, 37.50375985400071], [126.89408092137545, 37.50352986074214], [126.89403167062876, 37.50351553583103], [126.89399032512128, 37.503499696414394], [126.89336456641146, 37.50331768773714], [126.89271943058104, 37.503185416581935], [126.89206112943769, 37.50310415651932], [126.89139600146862, 37.5030746899521], [126.89073045084793, 37.50309730058708], [126.89007088581359, 37.503171770705706], [126.88942365700548, 37.503297383259294], [126.88910294384488, 37.503386938863684], [126.88907467848134, 37.50285860231578], [126.88898121374433, 37.50233313574297], [126.88882355263982, 37.50181749784006], [126.88860321476473, 37.50131665424277], [126.8883223231823, 37.500835428018924], [126.8879835839342, 37.50037845323233], [126.88759025994514, 37.499950130329935], [126.88714613957295, 37.49955458378115], [126.88665550010813, 37.499195622376675], [126.88612306657461, 37.49887670256853], [126.88555396622922, 37.49860089520335], [126.88495367919762, 37.49837085596864], [126.88432798572148, 37.49818879983575], [126.88368291052436, 37.4980564797452], [126.88302466483054, 37.49797516973859], [126.88235958659375, 37.497945652699485], [126.88169407950949, 37.497968212820496], [126.88103455139678, 37.498042632869215], [126.88038735254015, 37.498168196278925], [126.87975871458428, 37.49834369404421], [126.87915469056703, 37.49856743635515], [126.87858109666738, 37.49883726885852], [126.87804345622705, 37.4991505933897], [126.87754694658398, 37.49950439297627], [126.87709634922822, 37.49989526087357], [126.87669600376032, 37.50031943335264], [126.87634976609444, 37.50077282592622], [126.87606097130988, 37.50125107266437], [126.87583240150848, 37.501749568222], [126.87566625898883, 37.50226351217432], [126.87556414499674, 37.50278795523358], [126.87552704425815, 37.50331784690295], [126.87555531544533, 37.50384808410887], [126.87564868766985, 37.50437356034346], [126.87580626303848, 37.504889214844425], [126.87602652524917, 37.50539008133818], [126.87630735414632, 37.505871335877], [126.87664604609722, 37.50632834330895], [126.87703933999485, 37.506756701932545], [126.87748344863772, 37.50715228590564], [126.87797409518606, 37.50751128499932], [126.87850655434377, 37.50783024131317], [126.8790756978693, 37.50810608259769], [126.87967604397757, 37.50833615186189], [126.88030181015665, 37.50851823298038], [126.880946968889, 37.508650572052446], [126.8816053057402, 37.508731894307054], [126.88227047925335, 37.50876141638997], [126.88293608207154, 37.50873885391473], [126.88359570269675, 37.50866442420422], [126.88399308499494, 37.508587328337434], [126.88396755506102, 37.508952514748906], [126.88398004544639, 37.509186269949], [126.88335516950995, 37.509109094411926], [126.8826899924004, 37.50907957840799], [126.88202438650058, 37.50910213946754], [126.88136476058035, 37.50917656034911], [126.88071746586557, 37.509302124478054], [126.8800887349233, 37.50947762284214], [126.87948462168634, 37.50970136562585], [126.87891094319248, 37.50997119847154], [126.87837322359775, 37.510284523211475], [126.87787664100215, 37.51063832287149], [126.87742597759828, 37.511029190706424], [126.87702557362277, 37.511453362988114], [126.87667928555352, 37.51190675523141], [126.87639044895559, 37.51238500150976], [126.87616184633399, 37.51288349648268], [126.87599568030397, 37.5133974397311], [126.87589355233845, 37.513921881974156], [126.87585644729867, 37.514451772722985], [126.87588472389906, 37.51498200891285], [126.87597811119984, 37.515507484045656], [126.87613571116329, 37.516023137369636], [126.87635600725115, 37.516524002622425], [126.87663687898217, 37.517005255868135], [126.87697562231168, 37.51746226196707], [126.87736897563809, 37.5178906192304], [126.87781315118785, 37.51828620182888], [126.87830387147697, 37.51864519954659], [126.87883641049902, 37.51896415449618], [126.87940563924307, 37.51923999444107], [126.8800060751031, 37.51947006240296], [126.88063193470225, 37.519652142268846], [126.88127718962272, 37.519784480149966], [126.88193562450301, 37.519865801286635], [126.88260089694153, 37.51989532233532], [126.88326659862786, 37.51987275891953], [126.88392631711105, 37.51979832837124], [126.88457369760819, 37.519672747636584], [126.8852025042556, 37.519497226365964], [126.88580668021119, 37.51927345525516], [126.88638040602692, 37.519003589750405], [126.8869181557282, 37.518690229274526], [126.88741475005807, 37.51833639217497], [126.88786540637298, 37.51794548663573], [126.88812810562375, 37.51766715226459], [126.88812251562504, 37.51769588061781], [126.88808549476359, 37.51822577562086], [126.88811385898812, 37.518756009324605], [126.88820733651521, 37.51928147525452], [126.8883650284383, 37.51979711274704], [126.88858541733343, 37.520297955691916], [126.88867608983018, 37.52045325663882], [126.88849384347706, 37.520400251190246], [126.88784856997263, 37.52026795259161], [126.88719012468682, 37.52018666433779], [126.886524847494, 37.52015716910283], [126.88585914400417, 37.52017975086947], [126.88519942392641, 37.52025419219697], [126.88455203939257, 37.520379776313966], [126.88392322383419, 37.52055529401592], [126.88331903199854, 37.52077905530131], [126.88274528167999, 37.521048905634586], [126.88220749772607, 37.52136224667982], [126.88171085885662, 37.52171606130608], [126.88139174850168, 37.52199281189731], [126.88105307612894, 37.52153597778277], [126.88065968272363, 37.5211076326938], [126.88021547547864, 37.52071206070526], [126.87972473252157, 37.520353070852444], [126.8791921798733, 37.52003411986092], [126.87862294593782, 37.51975827887717], [126.87802251212695, 37.51952820391198], [126.87739666009536, 37.519346110280374], [126.87675141609273, 37.519213751283544], [126.87609299296797, 37.51913240133742], [126.87542773038226, 37.519102843709845], [126.87476203380514, 37.51912536298405], [126.87410231287903, 37.519199742320836], [126.87345491974393, 37.51932526554545], [126.87282608791399, 37.51950072403951], [126.87222187229287, 37.519724428371404], [126.87164809090356, 37.519994224553784], [126.8711102688924, 37.52030751477211], [126.87061358534508, 37.52066128238474], [126.87016282342601, 37.521052120955325], [126.86976232432019, 37.521476267037784], [126.86941594542148, 37.521929636399534], [126.86919190417498, 37.52230047226471], [126.86877856406392, 37.521998039965204], [126.8682460471274, 37.52167904001945], [126.86767684183582, 37.52140314660579], [126.86707642932566, 37.521173016239764], [126.86645059104681, 37.520990864769665], [126.86580535311681, 37.520858446053424], [126.86514692832633, 37.52077703508181], [126.86448165635258, 37.520747415709984], [126.86381594275554, 37.52076987311553], [126.86315619734134, 37.5208441910547], [126.86250877248558, 37.520969653943716], [126.86187990200752, 37.521145053744966], [126.86127564118254, 37.521368701591825], [126.8612089784787, 37.52140003807896], [126.86103573644445, 37.52124570100347], [126.86054508307724, 37.520886632295834], [126.86001260956581, 37.520567595560614], [126.85969020066874, 37.52041129168451], [126.85970300429427, 37.52022902721979], [126.85967484081068, 37.51969878865876], [126.85958156322597, 37.51917330200863], [126.85942407118772, 37.51865762785458], [126.85920388266639, 37.51815673218211], [126.85892311928875, 37.51767543856109], [126.85858448586379, 37.51721838170475], [126.85819124429898, 37.51678996285055], [126.85774718216031, 37.516394307391934], [126.85725657617913, 37.51603522516828], [126.85672415105843, 37.515716173794736], [126.85615503397523, 37.51544022538441], [126.85555470521729, 37.51521003698242], [126.8549289454287, 37.51502782499586], [126.8542837799718, 37.51489534386528], [126.85362542093988, 37.51481386918222], [126.85296020737755, 37.514784185415174], [126.85229454428269, 37.51480657836151], [126.85163484097545, 37.514880832397864], [126.8509874494261, 37.51500623255554], [126.85035860313323, 37.51518157140065], [126.84975435713926, 37.51540516065326], [126.84918052975893, 37.51567484743381], [126.8486426465806, 37.515988034980886], [126.84814588727798, 37.51634170764141], [126.8476950357438, 37.516732459893234], [126.84729443402495, 37.517156529121564], [126.84694794050216, 37.51760983183406], [126.84665889271795, 37.51808800296694], [126.8464300752101, 37.518586437904055], [126.84626369266257, 37.51910033680532], [126.846161348633, 37.51962475081784], [126.84612403006335, 37.52015462972551], [126.84615209772466, 37.52068487057862], [126.8462452826898, 37.521210366835064], [126.84640268887051, 37.52172605754051], [126.84662280159586, 37.52222697607338], [126.84690350215179, 37.52270829798534], [126.84724208814359, 37.52316538747592], [126.84763529948654, 37.52359384205352], [126.84807934977611, 37.523989534951895], [126.84856996273633, 37.52434865489289], [126.84910241339597, 37.52466774281189], [126.84942481796467, 37.524824075445096], [126.84941198840038, 37.52500633841313], [126.8494400806538, 37.525536578286506], [126.84953329425221, 37.52606207179176], [126.8496543004584, 37.52645842529263], [126.84953132511016, 37.52641127080359], [126.84890548728453, 37.52622902650707], [126.8482602367977, 37.52609651191702], [126.84760178656127, 37.52601500294696], [126.84693647649765, 37.52598528439534], [126.84627071253325, 37.52600764239429], [126.84561090495895, 37.526081861656884], [126.84496340674829, 37.526207227549136], [126.84433445242628, 37.52638253296711], [126.84373009807486, 37.5266060899528], [126.84315616305163, 37.52687574593742], [126.8426181739809, 37.52718890445625], [126.84212131155563, 37.52754255013589], [126.8416703606613, 37.52793327771428], [126.84126966430136, 37.52835732481445], [126.840923081768, 37.52881060815744], [126.84063395146087, 37.52928876286628], [126.84046977629119, 37.529646260525425], [126.84025819507461, 37.52999615925535], [126.84002929760452, 37.53049458004026], [126.83986284360927, 37.531008468223504], [126.83976043733512, 37.53153287505571], [126.83972306632413, 37.53206275039019], [126.83975109185313, 37.532592991311844], [126.83984424540164, 37.533118491278124], [126.84000163118482, 37.53363418929909], [126.84022173472906, 37.53413511868279], [126.84050243740954, 37.53461645487637], [126.84084103681191, 37.535073561941786], [126.84123427272304, 37.53550203721811], [126.84167835850235, 37.535897753739555], [126.84216901753247, 37.53625690000027], [126.84269066711992, 37.536569510265], [126.84243089471687, 37.53649385787017], [126.84178556804282, 37.53636130740324], [126.8411270353085, 37.53627976168427], [126.8404616372302, 37.53625000586534], [126.83979578058137, 37.53627232643727], [126.8391358765447, 37.536346508473386], [126.838488279022, 37.53647183769807], [126.83785922349387, 37.53664710736046], [126.83725476701619, 37.53687062984682], [126.83668072992934, 37.53714025292064], [126.83614263983993, 37.53745338043424], [126.83564567841323, 37.53780699731295], [126.83519463148774, 37.53819769857225], [126.83479384299139, 37.538621722088855], [126.83444717310357, 37.539074984811165], [126.83415796106526, 37.53955312206109], [126.83392899299646, 37.54005152954937], [126.83376247503183, 37.540565407700846], [126.83366001203412, 37.541089807862974], [126.83362259209213, 37.54161967995357], [126.83365057695458, 37.54214992108898], [126.83374369849328, 37.542675424724784], [126.83390106123237, 37.543191129835805], [126.83409941395739, 37.54364259509556], [126.83376219509832, 37.54373652919468], [126.83315766914785, 37.543960029774645], [126.83258356286325, 37.54422963194492], [126.83204540451713, 37.54454273975917], [126.83154837643178, 37.54489633833254], [126.83109726508731, 37.54528702285694], [126.83069641503194, 37.545711031370374], [126.83034968703775, 37.546164280965925], [126.83006042090535, 37.54664240709209], [126.82983140327588, 37.54714080556695], [126.82966484076145, 37.547654676902276], [126.82956233865416, 37.548179072511424], [126.82952488541994, 37.548708942356186], [126.82955284312847, 37.54923918357468], [126.82964594391363, 37.549764689621796], [126.82980329249997, 37.55028039944925], [126.83002337477335, 37.55078134625152], [126.83030407231509, 37.55126270530806], [126.83064268276145, 37.551719840460585], [126.83103594579399, 37.55214834877754], [126.83148007451179, 37.552544102974764], [126.83197079188471, 37.55290329118323], [126.83250337193674, 37.55322245368027], [126.83307268526362, 37.553498516229446], [126.83367324844586, 37.55372881970742], [126.83429927688103, 37.55391114573159], [126.83449963868375, 37.55395230484261], [126.83394799522081, 37.55421133096836], [126.83340977008062, 37.554524443840684], [126.83291268134874, 37.55487804698769], [126.83246151608941, 37.55526873555743], [126.83206061937013, 37.555692747549166], [126.8317138524127, 37.556146000022665], [126.8314245553933, 37.556624128398845], [126.831195515251, 37.55712252847423], [126.83102893881534, 37.55763640074531], [126.83093861846855, 37.55809845230324], [126.83068876444118, 37.557670032080324], [126.83035012733832, 37.55721289725655], [126.82995684209203, 37.556784386802484], [126.82951269669124, 37.55638862699323], [126.82902196867106, 37.55602942867245], [126.82848938391105, 37.555710250572496], [126.82792007112643, 37.55543416602595], [126.82731951248975, 37.55520383338786], [126.82669349085852, 37.55502147045326], [126.82604803411564, 37.55488883311519], [126.82538935715809, 37.55480719846842], [126.82472380209009, 37.55477735252089], [126.82405777719588, 37.55479958263086], [126.82339769527711, 37.55487367474238], [126.82274991194718, 37.55499891544553], [126.8221206644747, 37.555174098841626], [126.82151601176247, 37.55539753814759], [126.82094177603929, 37.55566708192795], [126.82040348682332, 37.55598013479873], [126.8199063276964, 37.5563336824043], [126.81945508639987, 37.5567243204276], [126.81905410873294, 37.55714828735473], [126.81870725669623, 37.557601500679574], [126.81841787128474, 37.55807959620031], [126.81823990589696, 37.55846668235355], [126.81804149177636, 37.55819876059598], [126.81764827255864, 37.557770209848826], [126.81720418720339, 37.55737440438005], [126.81671351266817, 37.55701515547306], [126.8161809743181, 37.55669592234735], [126.81561170042211, 37.556419778865276], [126.81501117277877, 37.55618938394931], [126.81438517394754, 37.55600695599398], [126.81373973159226, 37.5558742515182], [126.8130810604715, 37.555792548262964], [126.81241550263347, 37.555762632896595], [126.81174946638905, 37.55578479344549], [126.81108936464915, 37.55585881652324], [126.81044155321779, 37.555983989384366], [126.80981226963378, 37.55615910678321], [126.80920757314732, 37.556382482572005], [126.80863328640818, 37.55665196592673], [126.80809493942525, 37.55696496204518], [126.80759771633593, 37.55731845711818], [126.80714640549705, 37.55770904733455], [126.80674535337673, 37.55813297164086], [126.80672478160496, 37.55815984358937], [126.8066524728999, 37.55809538176276], [126.80616184504127, 37.55773608950175], [126.80562934737422, 37.55741680921604], [126.80506010777641, 37.55714061522207], [126.8044596077166, 37.55691016692857], [126.80383362948903, 37.556727683243906], [126.8031882005594, 37.556594921223486], [126.8025295355573, 37.556513159162165], [126.8018639764721, 37.55648318429424], [126.80119793162676, 37.556505285218876], [126.80053781401485, 37.55657924912349], [126.7998899795931, 37.55670436383219], [126.7992606661214, 37.55687942465906], [126.79865593313741, 37.55710274600089], [126.79808160364189, 37.55737217755784], [126.79754320805502, 37.55768512502635], [126.7974844137897, 37.557726914561826], [126.7973869426189, 37.55777263923058], [126.79684854126876, 37.55808558345153], [126.79635125826887, 37.55843903048089], [126.79589988255235, 37.55882957697013], [126.79549876121153, 37.55925346228699], [126.79515175762958, 37.55970660471158], [126.7948622142599, 37.560184640725204], [126.79463292041255, 37.56068296701468], [126.79446608535935, 37.561196784788024], [126.79436331701686, 37.561721145975476], [126.7943256064153, 37.56225100087148], [126.7943533181037, 37.56278124675925], [126.79444618658627, 37.5633067770498], [126.79460331882616, 37.56382253046234], [126.79482320279448, 37.564323539772495], [126.79510372198423, 37.564804979658405], [126.79544217575142, 37.565262213183914], [126.79583530528853, 37.56569083647035], [126.79593168159421, 37.5657767653632], [126.79605609009637, 37.56591240436806], [126.79650011226867, 37.56630828820405], [126.79699074865296, 37.566667620198594], [126.79752327405504, 37.56698693924394], [126.79809255959853, 37.56726316959542], [126.79869312213282, 37.56749365051295], [126.79931917706256, 37.56767616190417], [126.79996469408925, 37.56780894572194], [126.80062345532644, 37.56789072290928], [126.80128911522776, 37.56792070572792], [126.80195526174857, 37.56789860535158], [126.80261547815036, 37.56782463465045], [126.80326340485057, 37.56769950613991], [126.80379711217564, 37.567551043367004], [126.80410181880936, 37.56749219503324], [126.80473121103502, 37.5673171094933], [126.80532512891703, 37.56709777626223], [126.8053463400976, 37.56712089698879], [126.80546437194079, 37.56722611044757], [126.80486894528079, 37.5673411127574], [126.80423955316309, 37.56751619903217], [126.80363474814635, 37.56773954476492], [126.80306035392483, 37.56800899942116], [126.80252190154191, 37.56832196847515], [126.80202457614955, 37.56867543837854], [126.8015731670893, 37.56906600556275], [126.8011720217751, 37.56948990919637], [126.8008250038214, 37.56994306738326], [126.8005354558206, 37.570421116453055], [126.80030616712806, 37.57091945296687], [126.80013934696665, 37.571433278034235], [126.80003660311033, 37.57195764351509], [126.79999892635425, 37.57248749966242], [126.8000266809222, 37.57301774374726], [126.80011960090616, 37.573543269197756], [126.8001275521766, 37.57356935744096], [126.79956932886445, 37.5733551508262], [126.79894322598243, 37.573172640451254], [126.79829766471235, 37.57303985071932], [126.79763886095745, 37.572958060191866], [126.79697315804239, 37.57292805637711], [126.79630696567416, 37.57295012815276], [126.79564669826595, 37.57302406298687], [126.794998713216, 37.57314914898343], [126.79436924973365, 37.57332418173304], [126.79376436880017, 37.57354747590301], [126.79318989484027, 37.573816881455286], [126.79265135966457, 37.57412980433696], [126.79215394922176, 37.57448323144439], [126.79170245367186, 37.574873759621205], [126.79130122126128, 37.57529762841182], [126.79095411644283, 37.57575075625583], [126.79066448264513, 37.57622877977533], [126.79043511004973, 37.57672709577776], [126.79026820868738, 37.577240905570534], [126.79016538711419, 37.577765261161005], [126.79012763687393, 37.57829511289775], [126.79015532289847, 37.57882535809457], [126.79024817994028, 37.57935089016925], [126.79040531507381, 37.57986664782385], [126.7906252162434, 37.58036766379309], [126.7909057667774, 37.580849112690935], [126.79124426573077, 37.58130635749425], [126.79163745386172, 37.581734994215545], [126.79208154499335, 37.582130894333886], [126.7925722624598, 37.58249024457454], [126.79310488028622, 37.58280958365367], [126.79367426870603, 37.58308583563338], [126.7942749435776, 37.58331633956492], [126.79490111922325, 37.583498875133984], [126.79554676418125, 37.58363168406028], [126.79620565933224, 37.58371348704471], [126.79687145783929, 37.58374349610037], [126.79753774632182, 37.58372142214812], [126.79819810667303, 37.58364747780356], [126.798846177923, 37.58352237532821], [126.79947571754968, 37.58334731976468], [126.80008066164567, 37.583123997322446], [126.80065518335894, 37.58285455912602], [126.80119374904375, 37.5825416004828], [126.80169117157897, 37.58218813587072], [126.80214266033981, 37.58179756988748], [126.80254386734086, 37.581373664441486], [126.8028909291057, 37.58092050250183], [126.80318050386028, 37.58044244875669], [126.80340980369205, 37.57994410756015], [126.80357662136649, 37.57943027857302], [126.8036793515436, 37.57890591052557], [126.80371700619187, 37.57837605354792], [126.80368922405303, 37.577845810527684], [126.80359627406821, 37.57732028796346], [126.80358832120568, 37.577294199954295], [126.80414658556069, 37.577508387830235], [126.8047727377173, 37.577690870962655], [126.80541835107071, 37.57782362569479], [126.80604231516918, 37.57790104416491], [126.80605007144821, 37.578048990134114], [126.80614303953591, 37.57857451088259], [126.80630028310782, 37.579090248526036], [126.80652028906344, 37.57959123599145], [126.80680093972147, 37.580072648166905], [126.8071395331719, 37.58052984838262], [126.80753280926207, 37.58095843308027], [126.8079769809672, 37.5813542742398], [126.80846777084457, 37.58171355915422], [126.80900045222107, 37.58203282716894], [126.80956989471733, 37.582309003030524], [126.81017061367018, 37.58253942652357], [126.81079682297676, 37.58272187810872], [126.81144249085058, 37.58285460031495], [126.81210139795132, 37.58293631467871], [126.81276719732665, 37.58296623406707], [126.81343347558764, 37.58294407026492], [126.81409381472602, 37.582870036753675], [126.81474185397646, 37.582744846654045], [126.81537135112555, 37.58256970585297], [126.81597624267545, 37.58234630138118], [126.81655070228099, 37.58207678515349], [126.81708919689525, 37.58176375322899], [126.81758654008246, 37.58141022079154], [126.81803794198284, 37.58101959309205], [126.81843905544835, 37.58059563263325], [126.81878601790419, 37.58014242291386], [126.81907548853343, 37.579664329081965], [126.819304680427, 37.57916595587739], [126.81947138739038, 37.57865210326882], [126.81957400515017, 37.578127720213566], [126.81961154675771, 37.57759785698579], [126.81958365204346, 37.5770676165328], [126.81949059103252, 37.57654210532796], [126.81933326129118, 37.57602638419384], [126.81911317923134, 37.575525419569], [126.81883246545893, 37.5750440356876], [126.81849382430944, 37.57458686813211], [126.81810051776854, 37.57415831920572], [126.81765633403131, 37.573762515553845], [126.81716555100274, 37.57340326844204], [126.81663289509281, 37.57308403707223], [126.81630627116574, 37.57292563475781], [126.81689914644521, 37.57295225893992], [126.8175653345651, 37.57293007088891], [126.81822558138026, 37.57285601323017], [126.81887352701511, 37.57273079931705], [126.81950293015858, 37.57255563526586], [126.82010772821884, 37.57233220833121], [126.82068209575166, 37.57206267064417], [126.82122050059743, 37.57174961847043], [126.82171775718525, 37.57139606718867], [126.8221690764897, 37.57100542223109], [126.82249031190051, 37.57066581180806], [126.8224964481591, 37.570671279408224], [126.82298723941041, 37.571030504596415], [126.82351990839483, 37.57134970752543], [126.82408932485178, 37.57162581356902], [126.8246900043685, 37.57185616318452], [126.82531616122174, 37.572038537544536], [126.8259617641302, 37.572171179922215], [126.82662059437946, 37.57225281262334], [126.82728630575777, 37.572282649301904], [126.82795248572428, 37.57226040253983], [126.82861271721819, 37.57218628661792], [126.8292606405117, 37.57206101545092], [126.82989001450915, 37.571885795706805], [126.83049477689984, 37.5716623151768], [126.8310691025835, 37.57139272650834], [126.83160745980403, 37.57107962645821], [126.83210466344975, 37.57072603086629], [126.8325559250057, 37.57033534559151], [126.83295689867614, 37.569911333690875], [126.8333037232331, 37.569458079158196], [126.83359305918815, 37.568979947572714], [126.8338221209293, 37.56848154403742], [126.83398870351543, 37.56796766881256], [126.83409120387073, 37.567443271072804], [126.8341286361768, 37.566913401233236], [126.83411848401798, 37.56672111419753], [126.83419714341969, 37.56647845678482], [126.83429964011793, 37.56595405869884], [126.83433707004386, 37.565424188638815], [126.83430907410272, 37.56489394961736], [126.83421592329357, 37.564368448093596], [126.83405851604657, 37.563852744796485], [126.83383836951882, 37.563351805992475], [126.83369007603932, 37.5630975685245], [126.83386793941082, 37.56320413996236], [126.8344373332708, 37.56348019624232], [126.83503798041988, 37.563710493197675], [126.83566409544643, 37.56389281250855], [126.83630964747209, 37.56402539797857], [126.8369684182726, 37.564106972461936], [126.83735459594713, 37.56412424865544], [126.83724570892657, 37.564201701945244], [126.83679450908342, 37.5645924061387], [126.83639358593902, 37.56501643193484], [126.83604680096998, 37.565469696260585], [126.8357574945265, 37.565947834422815], [126.83552845363897, 37.5664462421239], [126.83536188514474, 37.5669601197869], [126.83525939439477, 37.56748451876419], [126.83522196974693, 37.56801438898512], [126.835249972997, 37.56854462758405], [126.8353431358416, 37.569070128040856], [126.83550056240873, 37.56958582936085], [126.83572073783431, 37.57008676482007], [126.8360015428034, 37.57056810980685], [126.83634027391832, 37.571025228298005], [126.8367336696989, 37.57145371752202], [126.83717794196588, 37.571849450378146], [126.83766881230653, 37.57220861520253], [126.83820155327126, 37.57252775249734], [126.83877103390545, 37.572803788268516], [126.83937176917752, 37.573034063650354], [126.83999797282658, 37.57321636053063], [126.84064361312015, 37.573348922929], [126.84130247098324, 37.57343047392188], [126.84196819993785, 37.57346022795061], [126.8426343872737, 37.573437898393536], [126.84329461585902, 37.57336370032926], [126.84394252599411, 37.57323834846407], [126.84457187671036, 37.57306305024353], [126.84517660592171, 37.57283949421502], [126.84575088884793, 37.57256983375337], [126.84628919414544, 37.57225666630703], [126.84678633720331, 37.5719030083651], [126.84723753009082, 37.57151226638705], [126.8476384276744, 37.57108820397598], [126.84798516945962, 37.570634905612], [126.84827441675591, 37.57015673729632], [126.84850338480582, 37.56965830448536], [126.84866986957113, 37.569144407721], [126.84877226891852, 37.56861999638493], [126.84880959800267, 37.56809012102274], [126.84878149870025, 37.56755988469765], [126.84868824300591, 37.56703439384239], [126.84853073035981, 37.56651870908269], [126.84831047893397, 37.56601779650607], [126.84802961096396, 37.565536479844866], [126.84769083226861, 37.56507939403371], [126.84729740615654, 37.56465094058826], [126.84685312197264, 37.56425524523428], [126.8463622585876, 37.56389611819447], [126.84582954318375, 37.563577017514625], [126.84526010573335, 37.563301015781676], [126.84465942960848, 37.563070770553296], [126.84403329879703, 37.56288849878289], [126.8433877422324, 37.56275595548589], [126.8427289757719, 37.56267441685177], [126.84234280407277, 37.56265715829383], [126.8424516836142, 37.562579700211266], [126.84290284193776, 37.56218897386894], [126.84330371312397, 37.56176492527194], [126.84365043693236, 37.56131163876722], [126.8439396748449, 37.560833480241726], [126.84416864219395, 37.56033505505747], [126.84433513494739, 37.55982116368291], [126.84443755089433, 37.55929675544784], [126.84447490502887, 37.55876688086807], [126.84444683898576, 37.55823664299942], [126.84435362443882, 37.55771114828958], [126.84419616043125, 37.557195457401626], [126.84397596466627, 37.55669453648228], [126.84369515884306, 37.55621320934449], [126.84335644818167, 37.55575611102396], [126.84296309533546, 37.55532764315707], [126.84251888894367, 37.55493193160871], [126.84202810712806, 37.554572786757696], [126.8414954762856, 37.554253666821545], [126.84092612557465, 37.55397764457279], [126.84032553753242, 37.55374737776677], [126.8396994952991, 37.55356508356476], [126.83949913153747, 37.553523933258155], [126.84005075107235, 37.55326488093424], [126.84058893974203, 37.55295173737049], [126.84108597975487, 37.55259810132269], [126.84153708417236, 37.55220737903909], [126.84193790871254, 37.55178333393272], [126.84228459358376, 37.55133005031676], [126.84257380064273, 37.55085189405008], [126.84280274551838, 37.55035347047292], [126.84296922439452, 37.54983958003812], [126.84307163519324, 37.54931517206636], [126.84310899295754, 37.5487852970709], [126.84308093928654, 37.54825505811158], [126.8429877457342, 37.54772956164667], [126.84283031114096, 37.54721386835624], [126.84263189639928, 37.54676241744606], [126.84296911819547, 37.546668458086664], [126.84357363759705, 37.54644490730465], [126.8441477222082, 37.546175251584195], [126.84468584259598, 37.545862088327574], [126.84518281593076, 37.54550843398305], [126.84563385591643, 37.54511769497494], [126.84603461889176, 37.54469363487719], [126.8463812456581, 37.54424033814717], [126.84667039863163, 37.54376217076989], [126.84689929396212, 37.54326373819238], [126.84706572831026, 37.542749840953974], [126.84716810002664, 37.5422254284407], [126.8472054245303, 37.5416955512094], [126.84717734374021, 37.54116531234127], [126.84708412947099, 37.540639818293634], [126.84692668076207, 37.54012412972317], [126.84670651516815, 37.53962321275434], [126.84642575409688, 37.539141891162195], [126.84608710233643, 37.53868479992924], [126.84569382197223, 37.53825634062385], [126.84524970094498, 37.537860639028764], [126.84475901655404, 37.537501505427265]], [[126.83153585248381, 37.56101730203882], [126.83139553165991, 37.56093321846691], [126.83141844575697, 37.56081599855302], [126.83153585248381, 37.56101730203882]], [[126.89004688353519, 37.514366132083815], [126.89016251019063, 37.51437125555504], [126.89010517352479, 37.51441211442335], [126.88965455027967, 37.514803029032], [126.88939186683952, 37.51508136707129], [126.8893974561435, 37.51505263863932], [126.88943446585431, 37.51452274284571], [126.88942195779141, 37.51428898827494], [126.89004688353519, 37.514366132083815]], [[126.89723571123086, 37.51273564463734], [126.89783615124139, 37.51296562222916], [126.89846200135943, 37.51314760771501], [126.89910723325825, 37.51327984811558], [126.89976563179788, 37.51336106961053], [126.90043085492688, 37.513390489816516], [126.90109649480999, 37.51336782532878], [126.90131986786828, 37.513342587645575], [126.90128792969814, 37.51339550458875], [126.90124741533657, 37.51343844546446], [126.90090126348758, 37.513891909768994], [126.90061257281965, 37.514370216402654], [126.90038412443349, 37.51486875944327], [126.90032623301164, 37.51504800160947], [126.90015057256807, 37.51485680091857], [126.89970629802386, 37.51446130124695], [126.89921550110068, 37.51410239154533], [126.89868290833812, 37.51378352776749], [126.89811364852557, 37.5135077802203], [126.8975132033233, 37.51327780401512], [126.89688735449516, 37.513095813516294], [126.89624212825957, 37.51296356103234], [126.89599380227469, 37.512932919704], [126.8961911180639, 37.51279228896507], [126.89661188694502, 37.51242721208494], [126.89666646474508, 37.512459890181816], [126.89723571123086, 37.51273564463734]]], [[[126.83866626740627, 37.60794625336479], [126.83813327415956, 37.60762711765654], [126.8375635324441, 37.607351077929415], [126.83696252856119, 37.60712079210609], [126.8363360496537, 37.60693847753011], [126.8356901280053, 37.60680588962837], [126.83503098298691, 37.60672430501931], [126.83436496120686, 37.60669450922897], [126.8336984754405, 37.606716789132754], [126.8330379429244, 37.60679093019556], [126.83238972360829, 37.6069162185366], [126.83176005895643, 37.60709144779914], [126.83115501188696, 37.607314930759294], [126.8305804084246, 37.60758451556216], [126.83004178162776, 37.607897606429695], [126.82954431832874, 37.608251188641475], [126.82909280919834, 37.60864185754815], [126.82869160261595, 37.60906585133942], [126.82834456278827, 37.609519087251385], [126.82805503252088, 37.60999720086543], [126.82782580100127, 37.61049558812117], [126.8276590769047, 37.61100944963928], [126.82755646708311, 37.611533836928295], [126.82751896104384, 37.612063700030596], [126.82754692136946, 37.61259393614945], [126.82764008017298, 37.613119438788786], [126.82779754162438, 37.613635146932864], [126.82801779052653, 37.61413609379187], [126.82829870685951, 37.61461745464397], [126.82863758615537, 37.615074593312684], [126.82903116550875, 37.61550310683152], [126.82947565497385, 37.61589886786501], [126.82996677404695, 37.61625806447712], [126.83049979288322, 37.61657723686297], [126.83106957785158, 37.61685331068966], [126.83167064098852, 37.61708362672412], [126.83229719287415, 37.617265966461794], [126.83294319842024, 37.617398573508815], [126.83360243503176, 37.61748017051101], [126.83426855258044, 37.61750997146612], [126.83493513461066, 37.617487689300205], [126.83559576018645, 37.61741353863534], [126.8362440657819, 37.61728823372129], [126.836873806617, 37.617112981551664], [126.83747891684598, 37.61688947023069], [126.83805356801697, 37.61661985270317], [126.83859222523809, 37.61630672600468], [126.83908970050787, 37.61595310623269], [126.8393430437372, 37.61573387676783], [126.83975151989371, 37.616097491252106], [126.84024269033544, 37.616456645563964], [126.84077575519962, 37.616775771950124], [126.8413455804113, 37.617051796520784], [126.84194667761894, 37.617282060517326], [126.84257325707408, 37.617464345936575], [126.84321928342254, 37.61759689690805], [126.84387853386872, 37.617678436617865], [126.84454465815094, 37.617708179615825], [126.84521123974861, 37.61768583938648], [126.84587185772999, 37.61761163111141], [126.84652014864241, 37.61748626959552], [126.84714986784755, 37.61731096237781], [126.84775494970827, 37.61708739809289], [126.8483295660463, 37.61681773019586], [126.84886818230574, 37.61650455620755], [126.84936561088008, 37.61615089268096], [126.84981706108877, 37.6157601461302], [126.85021818532043, 37.61533608020325], [126.85056512089885, 37.61488277941492], [126.85085452726865, 37.614404609790505], [126.85108361814238, 37.61390617679966], [126.85125018830136, 37.61339228098651], [126.85135263479263, 37.61286787172391], [126.85138997231974, 37.612337999537694], [126.8513618426811, 37.611807767460505], [126.85126851816655, 37.611282281883994], [126.85111089888186, 37.610766603382736], [126.85089050402871, 37.61026569798354], [126.85060945722627, 37.60978438934897], [126.85027046601743, 37.609327312335644], [126.84987679575889, 37.60889886837371], [126.84943223814751, 37.608503183096715], [126.84894107468753, 37.60814406662946], [126.8484080354507, 37.607824976915005], [126.84783825352707, 37.60754898643395], [126.84723721560472, 37.60731875263478], [126.84661070915381, 37.60713649236026], [126.84596476672293, 37.60700396051456], [126.84530560788284, 37.60692243317654], [126.84463957937483, 37.60689269532102], [126.84397309403893, 37.606915033265764], [126.84331256910762, 37.60698923191704], [126.84266436445768, 37.60711457683974], [126.84203472141242, 37.60728986113256], [126.8414297026822, 37.60751339704184], [126.84085513401924, 37.607783032202995], [126.84031654814733, 37.608096170353164], [126.8398191315051, 37.60844979631665], [126.83956581468874, 37.60866902732031], [126.83915737953656, 37.60830541213076], [126.83866626740627, 37.60794625336479]]], [[[126.82154765122019, 37.61361543238415], [126.82088846287076, 37.61353376843885], [126.82022238726766, 37.613503892326726], [126.81955583770419, 37.61352609169626], [126.81889523203084, 37.613600152787505], [126.8182469309011, 37.61372536248945], [126.81761717656653, 37.61390051520239], [126.81701203280805, 37.61412392443936], [126.81643732658061, 37.61439343905525], [126.81589859193147, 37.614706463947904], [126.81540101673066, 37.61505998503221], [126.81494939272594, 37.615450598247634], [126.81454806940216, 37.61587454232037], [126.81420091208975, 37.61632773496557], [126.81391126472522, 37.61680581218164], [126.81368191762346, 37.617304170259075], [126.81351508057271, 37.61781801010004], [126.81341236151275, 37.61834238342224], [126.81337475100314, 37.61887224040306], [126.81340261263294, 37.61940247830514], [126.81349567946617, 37.61992799061571], [126.8136530565592, 37.62044371622627], [126.81387322952808, 37.62094468817911], [126.81415407908499, 37.62142608151101], [126.81449290140604, 37.621883259732876], [126.81488643413536, 37.62231181949739], [126.81505810787124, 37.62246470629677], [126.81507796408128, 37.622486329550775], [126.81552241977455, 37.62288214236417], [126.81601351624009, 37.623241396423204], [126.81654652385153, 37.62356063136963], [126.8171163090865, 37.62383677226777], [126.81771738397944, 37.624067159238294], [126.81834395899747, 37.624249573093124], [126.81898999882971, 37.62438225672421], [126.81964928055093, 37.62446393203933], [126.82031545359824, 37.62449381228159], [126.8209821009811, 37.62447160961302], [126.8216428011336, 37.62439753788965], [126.82229118981103, 37.62427231060064], [126.82292102143238, 37.62409713399168], [126.8235262292768, 37.623873695439045], [126.82410098395138, 37.62360414718656], [126.82463974956656, 37.62329108560258], [126.82513733707613, 37.6229375261574], [126.82558895426746, 37.62254687436292], [126.82599025191972, 37.622122892954685], [126.82633736568555, 37.62166966563394], [126.8266269532924, 37.621191557718866], [126.82685622670677, 37.62069317408542], [126.82702297895145, 37.62017931480305], [126.82712560531968, 37.61965492889355], [126.82716311878275, 37.619125066658604], [126.82713515944496, 37.61859483103581], [126.82704199795667, 37.61806932845167], [126.8268845328544, 37.61755361964531], [126.82666428185604, 37.61705267093597], [126.82638336719646, 37.61657130640385], [126.82604449514733, 37.616114161444266], [126.8256509299191, 37.615685638142], [126.82547924962954, 37.61553276652059], [126.82545939219852, 37.6155111449803], [126.82501492652884, 37.61511536901985], [126.82452383902434, 37.61475615203121], [126.8239908590266, 37.6144369529254], [126.82342111905635, 37.61416084523612], [126.82282010539852, 37.613930487540195], [126.82219360529047, 37.613748097872985], [126.82154765122019, 37.61361543238415]]], [[[126.81672290345617, 37.62759393870448], [126.81623177521627, 37.62723468754797], [126.81569874297914, 37.626915451133634], [126.81512893976874, 37.62663930335416], [126.81452785247915, 37.626408903172155], [126.81390126905656, 37.62622646903177], [126.81325522279103, 37.626093757510596], [126.81259593425301, 37.626012046416776], [126.81192975143219, 37.62598212249369], [126.81126308865359, 37.62600427384998], [126.81060236485715, 37.626078287187845], [126.81030426260166, 37.62613582924632], [126.80976695635962, 37.6261116841212], [126.8091002919723, 37.626133823238625], [126.80843956507175, 37.626207824430566], [126.80779113747809, 37.62633297516261], [126.80716125265964, 37.62650807040282], [126.80655597565296, 37.62673142421758], [126.80598113469526, 37.627000885995535], [126.80544226513042, 37.62731386114343], [126.80494455612697, 37.627667336055346], [126.80449280072054, 37.62805790711565], [126.804091349661, 37.628481813456766], [126.80374406950858, 37.62893497315756], [126.80345430538273, 37.629413022534074], [126.8032248487229, 37.62991135814534], [126.80305791037271, 37.630425181110255], [126.80295509924797, 37.630949543309484], [126.80291740679552, 37.63147939502792], [126.8029451973944, 37.63200963357922], [126.80303820479358, 37.632535152444696], [126.8031955346228, 37.63305089045296], [126.80330701009895, 37.633304586846954], [126.80335127382621, 37.63344968387059], [126.80357141434229, 37.633950673642566], [126.80385224469396, 37.63443209026678], [126.80419106124327, 37.63488929702984], [126.80458460169093, 37.63531789030948], [126.80502907646755, 37.635713742002004], [126.80552020521229, 37.636073039297926], [126.80605325798847, 37.636392321422306], [126.80662310083906, 37.63666851298482], [126.80722424524369, 37.63689895361783], [126.80785090100002, 37.637081423616024], [126.80849703201926, 37.63721416533025], [126.8091564144976, 37.63729590010854], [126.809822696901, 37.637325840620896], [126.81048946118506, 37.63730369844861], [126.81115028465715, 37.63722968686476], [126.8117988018838, 37.63710451877906], [126.8120272874626, 37.63704100430932], [126.81233311422136, 37.63700674829158], [126.8129816276211, 37.63688157366044], [126.81361158721366, 37.63670644837978], [126.81421692504466, 37.6364830593315], [126.8143276454796, 37.636431154972676], [126.81443606487183, 37.63640101370173], [126.81504139780758, 37.63617762036295], [126.815616277945, 37.635908115230365], [126.81615516818543, 37.63559509425711], [126.81665287828174, 37.63524157252259], [126.81710461484018, 37.63485095517567], [126.81750602748996, 37.63442700462046], [126.81785325077595, 37.63397380426135], [126.81814294137091, 37.63349571915722], [126.81837231024963, 37.6329973539647], [126.81853914951586, 37.632483508576], [126.8186418536253, 37.631959131879455], [126.81867943480118, 37.63142927408836], [126.81865153249652, 37.630899038097795], [126.81855841681325, 37.63037353033808], [126.81840098584775, 37.62985781159835], [126.81818075699006, 37.62935684829363], [126.81789985226284, 37.628875464644764], [126.81756097784296, 37.62841829623116], [126.81716739796455, 37.627989745363365], [126.81672290345617, 37.62759393870448]]], [[[126.83756064551562, 37.630802326913845], [126.83706939477636, 37.63044316153349], [126.83653624927359, 37.63012401836242], [126.83596634312094, 37.629847970395495], [126.83536516420274, 37.629617675634286], [126.83473850134659, 37.62943535150804], [126.83409238860665, 37.629302753535335], [126.83343304719277, 37.62922115843133], [126.83276682560334, 37.62919135182292], [126.83210013853638, 37.62921362068962], [126.83143940516555, 37.6292877506026], [126.8307909873734, 37.62941302778854], [126.83016112853426, 37.629588245998306], [126.82955589343509, 37.62981171811465], [126.82898110991034, 37.63008129238744], [126.82844231275178, 37.63039437314042], [126.82794469043172, 37.63074794575091], [126.82749303515222, 37.631138605662564], [126.82709169670017, 37.63156259115209], [126.82674454055257, 37.63201581953601], [126.82645491063586, 37.6324939264686], [126.82622559709809, 37.632992307954204], [126.82605880940552, 37.63350616466943], [126.82595615502389, 37.63403054816927], [126.82591862389106, 37.63456040853283], [126.82594657883284, 37.635090642989795], [126.8260397520156, 37.635616145060176], [126.8261972474724, 37.6361318537336], [126.82641754967997, 37.63663280221502], [126.82669853810634, 37.6371141657667], [126.82703750759036, 37.637571308185876], [126.82743119435888, 37.637999826469574], [126.82787580743226, 37.63839559323606], [126.8283670651166, 37.63875479649359], [126.82890023623212, 37.63907397637288], [126.8294701856809, 37.63935005846843], [126.83007142391479, 37.63958038346708], [126.8306981598267, 37.63976273277759], [126.83134435655501, 37.63989534991357], [126.8320037896622, 37.63997695742345], [126.83267010712619, 37.64000676920354], [126.83333689056455, 37.6399844980756], [126.8339977171001, 37.639910358555355], [126.83464622127006, 37.63978506478534], [126.83527615638059, 37.639609823651995], [126.83588145471371, 37.639386323153495], [126.83645628600492, 37.63911671613072], [126.83699511362684, 37.63880359951846], [126.8374927479364, 37.63844998931744], [126.83794439627081, 37.63805929152861], [126.83834570911013, 37.63763526933084], [126.8386928219616, 37.637182006818335], [126.83898239256263, 37.6367038696483], [126.83921163304461, 37.636205462978424], [126.83937833674882, 37.63569158709992], [126.83948089943715, 37.63516719119422], [126.83951833469541, 37.63463732565899], [126.83949028338225, 37.63410709346324], [126.83939701703476, 37.63358160100013], [126.83923943520017, 37.63306590891078], [126.83901905672118, 37.63256498335295], [126.83873800506085, 37.63208364818342], [126.83839898781036, 37.63162653851422], [126.8380052705785, 37.631198056089815], [126.83756064551562, 37.630802326913845]]], [[[126.79284112646415, 37.63926536789342], [126.79235003885249, 37.63890601841136], [126.79181702791942, 37.63858667491612], [126.79124722648483, 37.63831041233122], [126.79064612142646, 37.63807989072435], [126.79001950086214, 37.637897329708416], [126.78937339843993, 37.63776448708215], [126.78871403527098, 37.63768264191558], [126.7880477600634, 37.63765258224243], [126.78738098803127, 37.63767459747797], [126.78672013916581, 37.637748475634545], [126.78607157646056, 37.63787350536209], [126.78544154468388, 37.63804848279347], [126.78483611028621, 37.63827172312926], [126.78426110301909, 37.63854107685067], [126.78372205982666, 37.638853950404986], [126.78322417154818, 37.63920733116468], [126.78277223294454, 37.639597816420995], [126.78237059652876, 37.640021646132986], [126.78202313064527, 37.640474739117906], [126.78173318220142, 37.64095273233482], [126.78150354441136, 37.6414510228842], [126.78133642986292, 37.64196481231961], [126.7812334491689, 37.64248915284527], [126.78119559540956, 37.64301899495559], [126.78122323451805, 37.64354923605745], [126.78131610170318, 37.64407476960824], [126.78147330394611, 37.64459053429574], [126.78169332854904, 37.645091562786604], [126.78197405765543, 37.645573029573626], [126.78231278860379, 37.64603029746059], [126.78270625992059, 37.646458962236736], [126.7831506827036, 37.64685489510978], [126.78364177709406, 37.64721428248833], [126.78417481348718, 37.647533662729614], [126.78474465808468, 37.64780995949798], [126.78534582235011, 37.648040511412084], [126.78597251589032, 37.64822309769435], [126.78661870225285, 37.64835595957504], [126.78727815710076, 37.648437817244236], [126.78794452820277, 37.648467882187695], [126.78861139665962, 37.64844586478766], [126.78927233877457, 37.64837197711492], [126.78992098797053, 37.64824693088527], [126.79055109615535, 37.648071930600004], [126.79115659394229, 37.64784866193683], [126.79173164914376, 37.64757927550308], [126.79227072297356, 37.647266366108674], [126.79276862341506, 37.64691294775839], [126.79322055523993, 37.646522424605585], [126.79362216619563, 37.64609855814755], [126.79396958891623, 37.64564543097917], [126.79425947815301, 37.64516740745502], [126.79448904296717, 37.64466909163931], [126.7946560735753, 37.64415528294948], [126.79475896259038, 37.64363092992118], [126.79479672045528, 37.64310108254055], [126.79476898492206, 37.64257084360319], [126.79467602448746, 37.642045319568574], [126.79451873575383, 37.641529571383174], [126.79429863474273, 37.64102856574618], [126.79401784224707, 37.640547127286574], [126.79367906336438, 37.640089892111924], [126.7932855614102, 37.639661263175896], [126.79284112646415, 37.63926536789342]]], [[[126.79823310440227, 37.640999666755846], [126.79765812328115, 37.64126908592851], [126.79711911540421, 37.64158202092253], [126.79662127127133, 37.64193545851892], [126.79616938521896, 37.64232599546161], [126.79576780925474, 37.642749871211954], [126.79542041114163, 37.64320300414375], [126.79513053713518, 37.643681030831196], [126.79490097973324, 37.64417934805222], [126.79473395075011, 37.6446931571032], [126.7946310599751, 37.6452175099992], [126.7945932996229, 37.645747357115006], [126.79462103472736, 37.64627759580891], [126.79471399957293, 37.6468031195611], [126.79487130020021, 37.64731886715327], [126.79509142296381, 37.64781987141631], [126.79537224906147, 37.648301307075975], [126.79571107489718, 37.648758537235516], [126.79610463808315, 37.649187158047255], [126.79654914883166, 37.64958304114214], [126.7970403264361, 37.64994237340803], [126.7975734404896, 37.65026169373292], [126.79814335644514, 37.65053792635824], [126.79874458507835, 37.650768410520534], [126.79937133537548, 37.65095092609493], [126.79958039714947, 37.650993884720485], [126.7997361038074, 37.651039226970454], [126.80038234021272, 37.65117201388227], [126.80104183624454, 37.65125379496834], [126.80170823927459, 37.65128378245241], [126.80237513009575, 37.6512616874631], [126.80303608479585, 37.651187722818854], [126.80368473667656, 37.651062600977184], [126.80431483762008, 37.65088752716801], [126.8049203183097, 37.65066418777743], [126.80549534672292, 37.65039473409433], [126.80603438433211, 37.65008176157646], [126.80653223947012, 37.649728284836726], [126.8069841173456, 37.649337708590934], [126.80738566622642, 37.64891379484769], [126.80773301934519, 37.6484606266572], [126.80802283212424, 37.64798256876896], [126.80825231436184, 37.6474842255779], [126.80841925707045, 37.64697039676481], [126.8085220537101, 37.646446031058765], [126.80855971561378, 37.64591617856762], [126.8085318814579, 37.64538594213576], [126.80843882068919, 37.644860428198086], [126.8082814308762, 37.64434469760342], [126.80806122901382, 37.64384371688113], [126.8077803368659, 37.64336231041984], [126.80744146048916, 37.64290511401868], [126.8070478641376, 37.64247653025762], [126.80660333879922, 37.64208068611636], [126.80611216567007, 37.64172139324911], [126.80557907491723, 37.64140211129705], [126.80500920012848, 37.641125914591065], [126.80440802888722, 37.64089546256452], [126.803781349948, 37.64071297416048], [126.80357231435939, 37.64067002316884], [126.80341662683595, 37.640624686095805], [126.80277047585119, 37.640491916428424], [126.80211107273827, 37.64041014578937], [126.80144476658947, 37.640380161495024], [126.80077797291666, 37.6404022522351], [126.80011711191932, 37.640476205295265], [126.79946854670781, 37.64060130860448], [126.79883852207483, 37.64077635758739], [126.79823310440227, 37.640999666755846]]], [[[126.8477148183166, 37.64920745209095], [126.84722339816301, 37.648848328515996], [126.84669007815924, 37.64852923058397], [126.8461199940987, 37.648253230853705], [126.84551863557792, 37.64802298686214], [126.84489179315295, 37.64784071554948], [126.84424550260604, 37.64770817192564], [126.843585986858, 37.647626632182515], [126.84291959608477, 37.64759688141404], [126.84225274661236, 37.64761920606222], [126.84159185917734, 37.64769339116138], [126.8409432971448, 37.64781872240713], [126.84031330527743, 37.64799399303016], [126.83970794964262, 37.64821751540895], [126.83913305923524, 37.648487137309786], [126.83859416987623, 37.64880026259819], [126.83809647092603, 37.64915387622306], [126.83764475532509, 37.64954457323343], [126.83724337344181, 37.649968591549076], [126.83689619117241, 37.65042184817062], [126.83660655269594, 37.65089997848062], [126.83637724824412, 37.65139837825835], [126.83621048719701, 37.65191224800423], [126.83610787676508, 37.65243663914769], [126.83607040646439, 37.65296650169398], [126.83609843853617, 37.653496732851536], [126.83619170440521, 37.65402222617176], [126.83634930721303, 37.65453792072817], [126.83656973040341, 37.655038849861164], [126.83685085227987, 37.65552018901893], [126.83718996639642, 37.65597730223313], [126.83758380758727, 37.656405786781534], [126.8380285833854, 37.65680151560689], [126.83852001052936, 37.65716067708243], [126.8390533562068, 37.657479811740934], [126.83962348363775, 37.65775584561212], [126.84022490155893, 37.657986119847095], [126.84085181713155, 37.658168416343415], [126.8414981917624, 37.65830097912331], [126.84215779929933, 37.658382531258795], [126.84282428603903, 37.65841228717967], [126.84349123196753, 37.65838996024593], [126.8441522126415, 37.658315765511105], [126.84480086111273, 37.658190417649855], [126.84543092929678, 37.65801512407001], [126.84603634819341, 37.65779157327532], [126.84661128637664, 37.65752191859152], [126.84715020618955, 37.65720875741289], [126.84764791710137, 37.65685510616978], [126.84809962571198, 37.656464371258835], [126.84850098192155, 37.65604031621672], [126.84884812082056, 37.655587025454224], [126.84913769989664, 37.65510886490081], [126.8493669312008, 37.65461043993945], [126.84953360816397, 37.6540965510375], [126.84963612680701, 37.65357214750169], [126.84967350114125, 37.65304227980299], [126.8496453726134, 37.65251205093098], [126.84955201350537, 37.651986567246425], [126.84939432425887, 37.65147088930553], [126.84917382475183, 37.650969983129336], [126.84889263961355, 37.65048867238747], [126.8485534777211, 37.65003159195626], [126.84815960607636, 37.649603143298066], [126.8477148183166, 37.64920745209095]]], [[[126.79573448121306, 37.65260897240963], [126.79507497951231, 37.65252716160706], [126.7944085686426, 37.65249713656964], [126.79374166512348, 37.65251918637921], [126.79308069021148, 37.65259309871543], [126.79243200811311, 37.652718161899294], [126.79180186474579, 37.65289317174179], [126.79119632763407, 37.65311644313169], [126.79062122751832, 37.65338582625151], [126.79008210223661, 37.65369872726574], [126.78958414341881, 37.65405213328277], [126.78913214650534, 37.65444264135089], [126.7887304645712, 37.654866491209766], [126.7883829663998, 37.655319601482844], [126.78809299921025, 37.65579760896285], [126.78786335639809, 37.656295910613025], [126.78769625060053, 37.65680970788003], [126.78759329234714, 37.65733405289269], [126.7875554745032, 37.65786389610202], [126.78758316265696, 37.658394134904206], [126.78767609154593, 37.65891966277855], [126.78783336755791, 37.65943541846722], [126.78805347728544, 37.659936434723214], [126.78833430205273, 37.660417886156836], [126.78867313827743, 37.66087513571932], [126.7890667234724, 37.66130377937611], [126.78951126763864, 37.66169968853793], [126.78975386176785, 37.661877162795996], [126.78979061242138, 37.6619098922639], [126.79028183726528, 37.662269252418945], [126.7908150091891, 37.662588603225444], [126.79138499308864, 37.662864868630976], [126.79198629908511, 37.6630953875561], [126.7926131354195, 37.66327793954079], [126.79325946426312, 37.66341076614565], [126.79391905990578, 37.66349258790047], [126.79458556875922, 37.66352261663701], [126.79525257059643, 37.66350056308637], [126.79591364043515, 37.663426639667726], [126.79656241046735, 37.663301558441404], [126.79719263143643, 37.6631265242461], [126.79779823286881, 37.662903223086374], [126.79837338157837, 37.662633805882955], [126.79891253787824, 37.662320867742395], [126.79941050895751, 37.66196742294669], [126.79986249890783, 37.66157687590421], [126.80026415491734, 37.66115298834257], [126.80061160918683, 37.660699843060144], [126.80090151616452, 37.66022180458611], [126.8011310847417, 37.65972347712879], [126.80129810509978, 37.65920966021772], [126.80140096995146, 37.658685302467724], [126.8014386899735, 37.6581554539103], [126.80141090328338, 37.657625217352205], [126.8013178788716, 37.65709969922974], [126.80116051395751, 37.656583960432194], [126.8009403252971, 37.656082967568004], [126.80065943452797, 37.6556015451428], [126.80032054769448, 37.65514432910936], [126.799926929152, 37.65471572223664], [126.79948237010292, 37.65431985172677], [126.79923977680124, 37.65414239726589], [126.79920302572724, 37.65410967069603], [126.79871181042598, 37.65375034730827], [126.79817866671083, 37.65343103201691], [126.79760872867972, 37.653154799473626], [126.79700748452517, 37.652924309456616], [126.7963807237037, 37.652741781274464], [126.79573448121306, 37.65260897240963]]], [[[126.78334096264854, 37.66725727647833], [126.78273528350968, 37.667480502437726], [126.7821600418179, 37.667749842203214], [126.7816207767738, 37.668062702356885], [126.78112268135256, 37.66841607040086], [126.78067055230953, 37.668806543749376], [126.78026874399183, 37.66923036247677], [126.77992112639981, 37.66968344550665], [126.77963104790274, 37.67016142989448], [126.77940130296831, 37.67065971282626], [126.77923410521771, 37.671173495929345], [126.77913106606665, 37.67169783146931], [126.77909317916034, 37.67222766998876], [126.77912081075308, 37.6727579089293], [126.7792136961281, 37.673283441769186], [126.77937094209331, 37.67379920720292], [126.77959103553172, 37.67430023788979], [126.77987185792549, 37.67478170830109], [126.78021070571614, 37.67523898120534], [126.78060431630598, 37.67566765234298], [126.78104889945226, 37.67606359285994], [126.7815401737521, 37.67642298909062], [126.78207340786815, 37.676742379306425], [126.78264346609748, 37.67701868707507], [126.78324485784545, 37.677249250908744], [126.7834875778289, 37.67731994548653], [126.7835932816252, 37.67736046983743], [126.78422021612222, 37.67754306700586], [126.78486665259449, 37.677675940394955], [126.78552636429463, 37.67775781008364], [126.78619299651591, 37.67778788744168], [126.7868601278423, 37.67776588273165], [126.78752133204344, 37.67769200790211], [126.7881702400163, 37.677566974545286], [126.7888006011747, 37.67739198703871], [126.78940634369397, 37.67716873093732], [126.78998163302822, 37.67689935672793], [126.79052092813536, 37.67658645910316], [126.791019034867, 37.676233051955], [126.7914711560078, 37.67584253932953], [126.7918729374821, 37.675418682623175], [126.79222051028219, 37.674965564337505], [126.79251052771481, 37.6744875487421], [126.79274019760778, 37.6739892398253], [126.79290730916716, 37.67347543693851], [126.79301025422807, 37.67295108856183], [126.7930480426955, 37.67242124463682], [126.79302031202879, 37.671891007925936], [126.79292733067983, 37.671365484867195], [126.79276999545434, 37.670849736397585], [126.79254982282349, 37.67034872921881], [126.79226893427159, 37.66986728797437], [126.79193003582256, 37.66941004879828], [126.79153639194458, 37.66898141468221], [126.79109179408475, 37.668585513090505], [126.79060052413863, 37.668226156230155], [126.79006731320635, 37.66790680435809], [126.78949729603343, 37.667630532477894], [126.78889596157445, 37.66740000074627], [126.78865326844067, 37.667329317457586], [126.7885475759609, 37.6672887976901], [126.7879207163561, 37.667106223980014], [126.7872743655561, 37.66697336797261], [126.78661474706242, 37.666891508866414], [126.78594821204021, 37.66686143482921], [126.78528117820372, 37.666883435414405], [126.78462006806349, 37.66695729877549], [126.7839712471273, 37.667082313704945], [126.78334096264854, 37.66725727647833]]], [[[126.87282916791226, 37.472322560241665], [126.87233877401606, 37.471963539954274], [126.87180659385214, 37.47164455645347], [126.87123775223854, 37.47136868119968], [126.87063772681068, 37.47113857053444], [126.87001229529264, 37.47095644011722], [126.86936747988709, 37.470824043603905], [126.86870948931839, 37.47074265577195], [126.86804465908526, 37.47071306025417], [126.86737939049671, 37.47073554199857], [126.86672008907674, 37.47080988452706], [126.86607310292828, 37.47093537201889], [126.86544466164881, 37.47111079619914], [126.86484081638305, 37.471334467965896], [126.8642673815891, 37.471604233644555], [126.86372987907674, 37.47191749571337], [126.86323348485531, 37.47227123780087], [126.86278297930282, 37.4726620537155], [126.86238270113468, 37.47308618022847], [126.86203650561573, 37.47353953329477], [126.86174772741782, 37.474017747364684], [126.86151914848129, 37.47451621740761], [126.8613529711908, 37.475030143244446], [126.861250797125, 37.47555457576204], [126.86121361158638, 37.476084464565396], [126.86124177406191, 37.47661470660888], [126.86133501470839, 37.47714019533856], [126.8614924368981, 37.477655869872365], [126.86171252580294, 37.478156763744465], [126.86199316293533, 37.478638052744145], [126.8623316465088, 37.47909510138825], [126.86272471742281, 37.47952350757913], [126.86316859062352, 37.4799191450172], [126.8636589915392, 37.480278202959184], [126.86419119724019, 37.4805972229385], [126.8647600819271, 37.48087313209286], [126.86536016630924, 37.4811032727779], [126.86598567039694, 37.48128542818056], [126.86663056919869, 37.48141784368479], [126.86728865078528, 37.48149924378327], [126.86795357616028, 37.48152884437184], [126.8686189403583, 37.481506360307584], [126.86927833418126, 37.481432008157775], [126.86992540597511, 37.4813065041129], [126.87055392285119, 37.481131057083985], [126.87115783075956, 37.48090735705104], [126.87173131283477, 37.48063755877486], [126.8722688454502, 37.480324261029956], [126.8727652514395, 37.479970481558816], [126.87321574997252, 37.47957962798955], [126.87361600260357, 37.479155464998094], [126.8739621550492, 37.47870207803124], [126.87425087429284, 37.478223833941506], [126.87447938065972, 37.47772533891312], [126.87464547455401, 37.4772113940854], [126.8747475576019, 37.47668694930127], [126.87478464799871, 37.47615705542715], [126.87475638991364, 37.4756268157035], [126.87466305686424, 37.475101336595124], [126.87450554902908, 37.474585678614375], [126.87428538452768, 37.47408480759094], [126.87400468475266, 37.47360354685748], [126.8736661538979, 37.473146530810865], [126.87327305288086, 37.47271816029607], [126.87282916791226, 37.472322560241665]]], [[[126.85975210750024, 37.47543888040253], [126.85926175680179, 37.47507980641652], [126.85872961116822, 37.47476076449144], [126.85816079508562, 37.474484826650205], [126.85756078594409, 37.47425464983688], [126.85693536131129, 37.47407245034764], [126.85629054332388, 37.47393998250322], [126.85563254073126, 37.47385852176768], [126.85496768914793, 37.47382885247548], [126.85430239008845, 37.47385126028472], [126.85364304936995, 37.473925529428946], [126.85299601547344, 37.47405094479375], [126.8523675184557, 37.47422629879851], [126.85176360999769, 37.47444990301681], [126.85119010516541, 37.474719604424436], [126.85065252644236, 37.47503280611838], [126.85015605057113, 37.475386492308594], [126.84970545871532, 37.47577725734186], [126.8493050904208, 37.47620133847945], [126.84895880181976, 37.47665465211355], [126.84866992847994, 37.47713283307444], [126.84844125325753, 37.47763127665068], [126.84827497946412, 37.478145182918404], [126.84817270960765, 37.478669602953296], [126.84813542991309, 37.47919948648102], [126.8481635007743, 37.47972973050714], [126.84825665323059, 37.480255228459036], [126.84841399150403, 37.48077091936623], [126.84863400157515, 37.48127183660549], [126.84891456571623, 37.48175315574137], [126.84925298284439, 37.482210241000764], [126.84964599449975, 37.48263868993347], [126.85008981619987, 37.48303437582836], [126.85058017386973, 37.48339348747552], [126.85111234499686, 37.483712565891004], [126.85168120411551, 37.48398853764961], [126.85228127218166, 37.484218744503835], [126.85290676936326, 37.48440096900306], [126.85355167073561, 37.4845334558654], [126.85420976434492, 37.484614928895994], [126.8548747110789, 37.484644603287855], [126.8555401057665, 37.48462219318691], [126.85619953891556, 37.484547914447695], [126.85684665849305, 37.484422482553335], [126.85747523114952, 37.484247105719696], [126.85807920229726, 37.48402347325045], [126.85865275446115, 37.483753739255526], [126.85919036333873, 37.483440501890215], [126.85968685102863, 37.48308677831542], [126.86013743591302, 37.48269597562101], [126.86053777871396, 37.48227185799301], [126.86088402427896, 37.48181851044153], [126.86117283869416, 37.48134029943974], [126.86140144136778, 37.48084183085353], [126.86156763177621, 37.48032790556787], [126.86166981061602, 37.47980347323792], [126.8617069951599, 37.47927358461055], [126.86167882867063, 37.47874334287613], [126.86158558378376, 37.478217854519215], [126.86142815982933, 37.477702180141584], [126.86120807411949, 37.477201285731226], [126.86092744728867, 37.476719994846256], [126.86058898282892, 37.47626294217417], [126.86019594101901, 37.47583452891282], [126.85975210750024, 37.47543888040253]]], [[[126.88731723484368, 37.47660354783831], [126.88682674311082, 37.476244587076735], [126.88629447035215, 37.47592566824304], [126.88572554227657, 37.475649862174926], [126.88512543735136, 37.475419824547785], [126.8844999340654, 37.475237770317875], [126.8838550553118, 37.47510545240765], [126.88319701042437, 37.47502414483796], [126.88253213542438, 37.47499463046902], [126.88186683205167, 37.475017193467814], [126.88120750616493, 37.475091616574154], [126.88056050610268, 37.47521718319178], [126.87993206159646, 37.475392684284145], [126.87932822382236, 37.475616430009076], [126.87875480716677, 37.47588626598007], [126.87821733326525, 37.476199593998714], [126.87772097785233, 37.47655339705861], [126.877270520933, 37.47694426838117], [126.87687030075507, 37.477368444204004], [126.87652417202581, 37.47782184000722], [126.87623546877465, 37.478300089829375], [126.87600697222096, 37.47879858829534], [126.87584088395671, 37.47931253495196], [126.87573880470386, 37.47983698048524], [126.8757017188523, 37.48036687437444], [126.87572998492936, 37.48089711352448], [126.8758233320943, 37.481422591408865], [126.87583127121442, 37.48144857925309], [126.8758252450098, 37.481534683328114], [126.87585351228294, 37.48206492235602], [126.87594686165114, 37.482590400060204], [126.87610439543982, 37.48310605566431], [126.87632459774606, 37.48360692288431], [126.87660534898998, 37.484088177765784], [126.87694394628579, 37.4845451851538], [126.87733712943722, 37.48497354334764], [126.87778111230892, 37.485369126509745], [126.87827161927217, 37.4857281244194], [126.87880392637523, 37.48604707918807], [126.87937290684125, 37.4863229185815], [126.8799730804563, 37.48655298562732], [126.88059866637047, 37.48673506422183], [126.88072889058355, 37.486761784112794], [126.88073475497823, 37.48687164861612], [126.88082814409677, 37.48739712239736], [126.8809857211567, 37.4879127714655], [126.88120596983853, 37.48841362959931], [126.88148677011587, 37.48889487293165], [126.88182541863073, 37.48935186641867], [126.88221865469347, 37.489780208493364], [126.88266269165904, 37.490175773473275], [126.88315325337753, 37.49053475131267], [126.88368561536961, 37.49085368431623], [126.8842546503295, 37.491129500459266], [126.88485487751797, 37.491359542993294], [126.88548051556884, 37.49154159605071], [126.88612553819925, 37.49167390600139], [126.88678373228633, 37.491755198355065], [126.88744875774914, 37.49178469004571], [126.88811420865767, 37.49176209697975], [126.8884712024972, 37.491721789355886], [126.88843056962095, 37.49181045555788], [126.88826453616862, 37.492324419052125], [126.88816252463947, 37.49284887478297], [126.88812551877227, 37.49337877213118], [126.88815387632499, 37.49390900796803], [126.88824732557676, 37.494434475798464], [126.88840496789166, 37.4949501149408], [126.88862528632198, 37.4954509592691], [126.88890616016978, 37.49593218504892], [126.88924488536853, 37.496389157405176], [126.88963820048997, 37.49681747497415], [126.89008231812738, 37.49721301230915], [126.89057296135371, 37.49757195963056], [126.89110540490414, 37.49789085953682], [126.89167452068692, 37.498166640321905], [126.89227482718391, 37.49839664557786], [126.89290054226453, 37.498578659796095], [126.89354563890343, 37.49871092972068], [126.89420390326434, 37.49879218124688], [126.89486899458905, 37.498821631702064], [126.8955345063127, 37.49879899739002], [126.89619402781531, 37.49872449632584], [126.89684120621253, 37.498598846135025], [126.89746980758862, 37.49842325713701], [126.8980737770799, 37.49819942067992], [126.89864729722814, 37.497929492839205], [126.89918484404072, 37.49761607363784], [126.8996812402157, 37.497262181988596], [126.90013170501868, 37.49687122660038], [126.9005319003304, 37.49644697312993], [126.90087797242114, 37.49599350789552], [126.90116658905002, 37.49551519850334], [126.9013949715324, 37.49501665176627], [126.90156092146741, 37.49450266932114], [126.90166284186934, 37.49397820137263], [126.90169975250141, 37.49344829900949], [126.90167129926553, 37.4929180655532], [126.9015777575596, 37.492392607407254], [126.90142002957245, 37.49187698488124], [126.90119963554419, 37.4913761634625], [126.90091869907792, 37.4908949660051], [126.90076434817539, 37.4906867767408], [126.90130194195338, 37.49071055400507], [126.90196738022182, 37.49068788278067], [126.90262682438652, 37.49061334502758], [126.9032739223086, 37.49048765872484], [126.90390244084799, 37.49031203453975], [126.90450632593935, 37.490088164159324], [126.905079760938, 37.48981820398577], [126.90561722267186, 37.48950475435339], [126.9061135346589, 37.4891508344679], [126.90656391697587, 37.488759853310064], [126.90691915974601, 37.48838315930329], [126.90698215122146, 37.48873687970288], [126.90713991123388, 37.48925249534731], [126.90736033902714, 37.489753306150035], [126.90764131284918, 37.49023448869907], [126.90798012766957, 37.49069140853537], [126.90837352119591, 37.491119664800834], [126.90881770526532, 37.49151513263907], [126.90930840230988, 37.49187400293982], [126.90984088654547, 37.49219281904339], [126.9104100294877, 37.49246851005115], [126.91101034935612, 37.49269842042006], [126.91163606389081, 37.492880335555846], [126.91228114607128, 37.49301250315729], [126.91293938220039, 37.49309365010567], [126.9136044317919, 37.49312299473608], [126.91426988868304, 37.49310025437207], [126.91492934278244, 37.49302564805062], [126.9155764418555, 37.492899894411494], [126.91620495275129, 37.49272420477085], [126.91680882147831, 37.49250027144643], [126.9173822315499, 37.4922302514469], [126.91791966003457, 37.49191674568292], [126.91841593077102, 37.491562773900995], [126.91886626423396, 37.49117174558174], [126.91926632356999, 37.49074742708405], [126.9196122563598, 37.490293905352225], [126.91990073170476, 37.48981554853615], [126.92012897228143, 37.48931696390498], [126.92029478105594, 37.48880295345998], [126.92039656240222, 37.48827846767488], [126.92043333742261, 37.48774855780965], [126.92040475332469, 37.487218327257374], [126.92031108676625, 37.48669288239306], [126.92015324113784, 37.48617728339779], [126.91993273781166, 37.48567649553186], [126.91965170144255, 37.4851953413258], [126.91931283946448, 37.48473845414943], [126.91891941598215, 37.48431023360576], [126.91847522030962, 37.4839148031784], [126.91798453046069, 37.483555970539975], [126.91745207194298, 37.48323719090277], [126.91688297225257, 37.48296153376407], [126.91628271150773, 37.48273165336535], [126.91565706969634, 37.48254976314914], [126.91501207104412, 37.48241761445902], [126.91435392603827, 37.48233647968694], [126.91368897166329, 37.48230714002987], [126.91302361042275, 37.48232987797319], [126.91236424873226, 37.482404474572874], [126.91171723527516, 37.48253021156281], [126.91108879991229, 37.48270587826665], [126.91048499373238, 37.48292978324812], [126.90991163081844, 37.483199770587724], [126.90937423228976, 37.4835132406299], [126.90887797315646, 37.48386717500094], [126.90842763249786, 37.484258165657906], [126.90807241705357, 37.48463486469483], [126.90800942361321, 37.48428114461716], [126.90785166760251, 37.483765529739536], [126.90763125357144, 37.483264719469965], [126.9073503053151, 37.482783536555026], [126.90701152941931, 37.482326614641366], [126.90661818916027, 37.48189835366673], [126.90617407305109, 37.48150287750428], [126.90568345834006, 37.48114399426717], [126.90515106981178, 37.48082515965501], [126.90458203428905, 37.48054944369448], [126.90398183127276, 37.480319501193335], [126.90335624019555, 37.48013754619205], [126.90271128479503, 37.48000533065784], [126.90205317514238, 37.47992412762608], [126.90138824788195, 37.47989471895077], [126.90072290525644, 37.479917387781576], [126.9000635535023, 37.47999191583969], [126.89941654120717, 37.480117585518705], [126.89878809822052, 37.48029318679015], [126.89818427570421, 37.48051702884754], [126.89761088789821, 37.48078695637712], [126.89707345616102, 37.481100370299096], [126.89657715582193, 37.48145425278004], [126.89612676635656, 37.48184519627667], [126.89572662536413, 37.48226943633157], [126.8953805867904, 37.48272288780617], [126.8950919837976, 37.48320118420271], [126.89486359664058, 37.483699719697206], [126.89469762585865, 37.48421369347956], [126.89459567104322, 37.484738155974036], [126.89455871538634, 37.485268056496], [126.89458711616199, 37.48579829188593], [126.89468060123241, 37.48632375565295], [126.89483827161612, 37.4868393871543], [126.89505861009448, 37.487340220337536], [126.89533949577579, 37.487821431575505], [126.89549382573747, 37.48802962784567], [126.89495625336576, 37.4880058243237], [126.89429083732529, 37.48802845625521], [126.8939338639752, 37.488068781672204], [126.89397448828426, 37.48798011344654], [126.89414047269516, 37.48746614112305], [126.89424243465791, 37.486941679323124], [126.89427939353483, 37.48641177907652], [126.8942509947627, 37.485881543684485], [126.89415751321445, 37.48535607956948], [126.89399985049923, 37.48484044709877], [126.89377952622827, 37.48433961185581], [126.89349866333275, 37.483858396828005], [126.89315996757712, 37.483401435971516], [126.89276670146634, 37.48297312959935], [126.89232265280032, 37.482577602021955], [126.89183209817847, 37.482218661847696], [126.89129976180752, 37.48189976532445], [126.89073077000863, 37.481623983074975], [126.8901306018623, 37.481393970545255], [126.88950503646579, 37.481211942449846], [126.88937481859759, 37.481185232265176], [126.88936894187295, 37.4810753679773], [126.88927550009193, 37.480549899927254], [126.88926755639343, 37.480523912942076], [126.88927356708437, 37.480437808029194], [126.88924520538188, 37.47990757123106], [126.88915176580934, 37.47938210300011], [126.88899414957132, 37.47886646374343], [126.8887738758312, 37.47836561911001], [126.88849306703337, 37.4778843921779], [126.8881544284212, 37.477427417018085], [126.88776122194943, 37.476999094081506], [126.88731723484368, 37.47660354783831]]], [[[126.86294949086948, 37.49054219731009], [126.86241722058688, 37.490223171671005], [126.86184827427223, 37.48994725109613], [126.86124813056922, 37.489717092363016], [126.86062256834056, 37.48953491159355], [126.85997761104713, 37.48940246292811], [126.85931946877888, 37.489321021645964], [126.85865447849442, 37.48929137189426], [126.85798904304296, 37.48931379914302], [126.85732956955418, 37.489388087438655], [126.85668240778678, 37.489513521482586], [126.85605378902815, 37.48968889351448], [126.85544976613093, 37.489912514934666], [126.85487615526276, 37.490182232553494], [126.85433847992792, 37.49049544931222], [126.85384191779936, 37.49084914927599], [126.85339125087138, 37.49123992665928], [126.85299081941318, 37.491664018604716], [126.85264448016574, 37.49211734140066], [126.85235556918516, 37.4925955297894], [126.85212686969095, 37.49309397898809], [126.85196058522942, 37.493607889018826], [126.85185831841221, 37.494132310921124], [126.85182105543612, 37.49466219440261], [126.8518491565351, 37.49519243646926], [126.85194235245827, 37.49571793056716], [126.85209974701003, 37.49623361576271], [126.85231982562976, 37.49673452548752], [126.85260046993034, 37.49721583537819], [126.8529389780574, 37.49767290975032], [126.85333209067501, 37.49810134625828], [126.8537760223286, 37.498497018310246], [126.85426649788418, 37.4988561148293], [126.85479879369362, 37.499175176976905], [126.85536778308993, 37.499451131484264], [126.8559679857739, 37.4996813202698], [126.8565936206161, 37.49986352605673], [126.85723866136522, 37.49999599374329], [126.85789689472415, 37.50007744731921], [126.8585619802337, 37.500107102164925], [126.85922751138517, 37.50008467261463], [126.8598870773713, 37.50001037471037], [126.86053432487867, 37.49988492411998], [126.86116301932499, 37.49970952923967], [126.86176710494895, 37.499485879547166], [126.8623407631724, 37.49921612931858], [126.8628784686712, 37.49890287686588], [126.86337504261323, 37.49854913949556], [126.86358179822766, 37.498369840485296], [126.86380941627267, 37.4987600793629], [126.86414800002574, 37.4992171221887], [126.86454118519796, 37.499645521946455], [126.86498518563548, 37.500041152398126], [126.86547572554126, 37.500400202867354], [126.86600808064686, 37.50071921495911], [126.8665771237136, 37.50099511588669], [126.86717737392479, 37.50122524808467], [126.8678030496928, 37.501407394821435], [126.86844812437164, 37.501539801564164], [126.86910638433709, 37.5016211928898], [126.8697714888734, 37.501650784778576], [126.8704370312885, 37.501628292171404], [126.87109660066656, 37.501553931717886], [126.87174384366156, 37.501428419688665], [126.87237252573492, 37.50125296507189], [126.87297659124467, 37.501029257920955], [126.87355022180685, 37.50075945306554], [126.87408789236416, 37.50044614934386], [126.87458442442151, 37.500092364556366], [126.8750350359346, 37.499701506382834], [126.87543538736986, 37.49927733954382], [126.87578162349277, 37.49882394952364], [126.8760704104816, 37.49834570320448], [126.87629896801013, 37.49784720679233], [126.87646509599088, 37.49733326144005], [126.87656719572306, 37.49680881699575], [126.87660428524255, 37.496278924322645], [126.8765760087285, 37.49574868664964], [126.87648263987722, 37.49522321042168], [126.87632507921342, 37.494707556123174], [126.87610484536654, 37.49420668954817], [126.87582406039805, 37.49372543398618], [126.87548542932306, 37.49326842378391], [126.87509221402487, 37.492840059729694], [126.8746482018151, 37.492444466689506], [126.87415766894314, 37.49208545390197], [126.87362533940713, 37.491766478314084], [126.87305633946312, 37.491490611309686], [126.87245614827063, 37.49126050915055], [126.87183054514927, 37.49107838741395], [126.87118555395318, 37.49094599967193], [126.87052738509847, 37.49086462061737], [126.86986237579947, 37.49083503379848], [126.86919692908839, 37.4908575240795], [126.86853745220321, 37.49093187490023], [126.86789029493545, 37.49105737036021], [126.86726168852935, 37.491232802108016], [126.86665768571889, 37.49145648096913], [126.86608410247862, 37.491726253201016], [126.86554646204726, 37.49203952121915], [126.86504994176218, 37.49239326859517], [126.86484320630417, 37.4925725705392], [126.86461560116499, 37.49218233336933], [126.86427704568266, 37.491725291606954], [126.86388390290108, 37.49129689079299], [126.86343995943402, 37.49090125614757], [126.86294949086948, 37.49054219731009]]], [[[126.87074593382202, 37.50865292874195], [126.87025531492543, 37.50829389993797], [126.86972288814347, 37.50797490674132], [126.86915378066871, 37.50769902070513], [126.86855347269587, 37.507468898274084], [126.86792774466865, 37.50728675522038], [126.86728262164353, 37.50715434532106], [126.86662431530523, 37.50707294348214], [126.8659591641912, 37.507043333471], [126.86529357269829, 37.507065800375116], [126.86463394945773, 37.507140127859294], [126.86398664566937, 37.50726560024782], [126.86335789398743, 37.50744100941148], [126.862753748544, 37.50766466639338], [126.86218002668637, 37.507934417661815], [126.86164225298752, 37.508247665834396], [126.86114560606767, 37.50860139467416], [126.860694868738, 37.50899219811783], [126.86029438194613, 37.509416313057415], [126.85994800296669, 37.5098696555601], [126.85965906823931, 37.51034786017856], [126.85943036121328, 37.51084632197382], [126.85926408550861, 37.5113602408467], [126.8591618436539, 37.51188466775154], [126.85912462160677, 37.51241455234764], [126.85915277920822, 37.512944791630076], [126.85924604666445, 37.51347027907149], [126.85940352709206, 37.513985953802084], [126.85962370510426, 37.514486849353865], [126.85990446135737, 37.51496814149952], [126.86024309291943, 37.51542519472515], [126.86063633926597, 37.51585360688832], [126.86108041365456, 37.516249251631315], [126.86157103957628, 37.51660831813979], [126.8621034919345, 37.51692734786394], [126.86267264255378, 37.51720326784692], [126.86327300958135, 37.51743342033942], [126.86389881030405, 37.517615588414095], [126.86454401687182, 37.51774801733229], [126.86520241438942, 37.51782943145714], [126.86586766081538, 37.517859046549106], [126.86653334809013, 37.51783657732546], [126.86719306390158, 37.51776224021055], [126.86784045349239, 37.51763675125018], [126.86846928091107, 37.51746131921042], [126.86907348911495, 37.51723763392726], [126.86964725834493, 37.516967850020016], [126.87018506220751, 37.51665456612538], [126.87068172092332, 37.51630079985309], [126.87113245122785, 37.515909958704924], [126.87153291244346, 37.515485807237845], [126.87187924827839, 37.51503243078839], [126.87216812395104, 37.51455419610844], [126.87239675828154, 37.51405570929222], [126.87256295044358, 37.51354177140047], [126.87266510111901, 37.51301733220971], [126.87270222785422, 37.51248744253276], [126.87267397447091, 37.51195720556985], [126.87258061444379, 37.51143172775918], [126.8724230482137, 37.51091606960043], [126.8722027944648, 37.51041519692477], [126.87192197545122, 37.509933933080355], [126.87158329651682, 37.50947691249353], [126.87119002000655, 37.509048536052404], [126.87074593382202, 37.50865292874195]]], [[[126.903350024304, 37.55822854743065], [126.90268398585974, 37.558251221021685], [126.90202394517226, 37.55832575311004], [126.90137625745889, 37.55845142605097], [126.90074715906903, 37.55862702978535], [126.90014270747227, 37.558850873484], [126.89956872296364, 37.55912080181859], [126.89903073264561, 37.559434215702915], [126.89853391722542, 37.559788097305464], [126.89808306113864, 37.56017903909291], [126.89768250647892, 37.560603276625834], [126.89733611117732, 37.561056724791435], [126.89704721183418, 37.561535017125145], [126.89681859156168, 37.562033547843306], [126.89665245314839, 37.56254751618273], [126.89655039780475, 37.563071972620826], [126.89651340969613, 37.563601866531656], [126.89654184641434, 37.56413209481952], [126.8966165648544, 37.564551602423776], [126.89650479606566, 37.56458279365003], [126.8959002837077, 37.5648066148753], [126.89532623818432, 37.56507652178252], [126.89478818718518, 37.56538991549188], [126.89429131200158, 37.565743778366205], [126.89384039764435, 37.56613470305267], [126.89343978676814, 37.56655892527664], [126.8930933378453, 37.56701236007292], [126.89280438799247, 37.56749064110587], [126.89257572080844, 37.567989162700805], [126.8924095395337, 37.56850312418261], [126.89230744579167, 37.56902757609488], [126.89227042411787, 37.56955746785546], [126.89229883242773, 37.57008769638948], [126.89239239851669, 37.570613155271985], [126.89255022262866, 37.571128783906886], [126.89277078606959, 37.57162961626863], [126.89305196578596, 37.57211082873701], [126.89339105476874, 37.57256778656388], [126.89378478808857, 37.572996088524064], [126.89393675399891, 37.573131283828154], [126.89370733587293, 37.57326489251229], [126.89321040280592, 37.573618749866014], [126.89275943480838, 37.574009669440336], [126.89235877505152, 37.57443388701004], [126.89201228247848, 37.57488731765487], [126.89172329462654, 37.57536559507934], [126.8914945954607, 37.575864113643675], [126.8913283885298, 37.576378072702056], [126.89126064570338, 37.57672599982942], [126.89120725112907, 37.576757092474516], [126.89071028294019, 37.577110938788344], [126.89025928069026, 37.57750184828195], [126.88985858788031, 37.57792605682731], [126.88951206377178, 37.57837947959117], [126.88922304620554, 37.57885775035402], [126.88899431943287, 37.579356263540355], [126.88882808726854, 37.57987021855623], [126.8887259518267, 37.580394666007756], [126.88868889804513, 37.58092455535587], [126.88871728414921, 37.58145478354911], [126.88881083814908, 37.58198024416589], [126.88896866040578, 37.58249587659345], [126.88918923224402, 37.58299671476971], [126.88947043053004, 37.58347793501844], [126.8898095480767, 37.583934902516425], [126.89020331968008, 37.58436321594525], [126.89064795353916, 37.58475874989643], [126.89113916775598, 37.58511769462123], [126.8916722315663, 37.58543659274135], [126.8922420109033, 37.58571237256636], [126.89284301785567, 37.58594237769598], [126.89346946354333, 37.586124392621535], [126.89411531390017, 37.58625666407916], [126.89477434782604, 37.58633791794853], [126.89544021714563, 37.58636737153399], [126.8961065077956, 37.58634474110895], [126.89676680164854, 37.58627024465127], [126.89741473837617, 37.58614459974257], [126.89804407675432, 37.58596901665225], [126.89864875481683, 37.585745186672604], [126.89922294827777, 37.585475265818054], [126.89976112665721, 37.5851618540458], [126.90025810656904, 37.58480797019873], [126.9007091016565, 37.584417022912326], [126.90110976869391, 37.58399277776704], [126.90145624941024, 37.5835393210026], [126.9017452076321, 37.58306102014514], [126.90184790902761, 37.58283709919797], [126.90245704633439, 37.5827189446773], [126.90290379585345, 37.5825942762251], [126.90287380898646, 37.5826870425362], [126.90277176779492, 37.583211502707975], [126.90273481184342, 37.583741397059406], [126.90276329841545, 37.584271622490405], [126.90285695455371, 37.584797072605504], [126.9030148796356, 37.58531268689268], [126.90323555399539, 37.58581349946415], [126.90351685351165, 37.586294686889836], [126.90385607002185, 37.58675161466235], [126.90424993736845, 37.58717988184555], [126.90469466282771, 37.58757536347617], [126.90518596361878, 37.5879342503092], [126.90571910814282, 37.588253085523895], [126.90628896155496, 37.58852879803568], [126.90689003522972, 37.588758732092714], [126.90726708191043, 37.58886822929726], [126.90709904738787, 37.589234630707615], [126.90693291647047, 37.58974861124247], [126.90683089340463, 37.590273074458544], [126.90679396204689, 37.59080296966448], [126.90682247944437, 37.59133319375183], [126.90691617234336, 37.59185864033798], [126.90707413976767, 37.59237424894469], [126.90729486164405, 37.59287505373871], [126.9075762133938, 37.59335623136467], [126.90791548635141, 37.59381314740939], [126.90830941381584, 37.59424140104949], [126.90875420248425, 37.594636867451925], [126.90924556896692, 37.59499573751823], [126.90977878103216, 37.595314554588974], [126.90987633608503, 37.59536174604182], [126.90953495796883, 37.59580854178157], [126.90924599895779, 37.596286860684934], [126.90901735029864, 37.59678541189124], [126.9088512150555, 37.597299394440135], [126.90874919441073, 37.59782385867217], [126.90871227219796, 37.59835375388622], [126.9087408053769, 37.598883976973724], [126.90883452054229, 37.59940942156156], [126.90899251650397, 37.59992502719069], [126.9092132729143, 37.600425828056395], [126.90949466486231, 37.60090700084102], [126.90983398329567, 37.60136391117782], [126.91022796107549, 37.601792158298245], [126.91067280441445, 37.60218761743188], [126.91116422939628, 37.60254647955011], [126.91169750322574, 37.60286528806988], [126.91226748981201, 37.603140972163516], [126.9128686992464, 37.603370876352656], [126.91349534069715, 37.603552786100856], [126.91414137821128, 37.60368494915744], [126.91480058888463, 37.60376609244645], [126.91546662283818, 37.60379543433762], [126.91613306442186, 37.603772692180684], [126.91679349405348, 37.60369808503016], [126.91696245912324, 37.60366529820727], [126.91693196458735, 37.603705211910835], [126.91664302148061, 37.60418354842835], [126.91641439712588, 37.604682113512176], [126.91624829435389, 37.60519610606823], [126.91614631403492, 37.605720576340545], [126.91613134213263, 37.605935728373446], [126.91602924260899, 37.605947261602886], [126.91538116363343, 37.606073007099944], [126.91475169478026, 37.60624868095666], [126.91414689708473, 37.6064725916695], [126.91357259417343, 37.60674258326572], [126.91303431621436, 37.607056056050936], [126.91253724668458, 37.60740999162739], [126.91208617246728, 37.60780098194297], [126.9116854377578, 37.608225262091786], [126.91133890222285, 37.60867874655142], [126.91104990381542, 37.60915706850841], [126.9108212266044, 37.609655621894255], [126.91065507392966, 37.61016960572773], [126.91055304714223, 37.61069407033709], [126.9105161301358, 37.6112239650176], [126.91054467982077, 37.6117541866658], [126.91063842263387, 37.61227962892237], [126.91079645711943, 37.61279523135058], [126.9110172625596, 37.61329602817638], [126.91129871357181, 37.61377719612081], [126.91163810053541, 37.6142341008635], [126.91203215565193, 37.61466234168955], [126.9124770843894, 37.61505779388889], [126.91296860200907, 37.6154166484994], [126.91350197482346, 37.61573544901014], [126.91407206578808, 37.61601112467028], [126.9142586198515, 37.61608244832364], [126.91408197307696, 37.61637481080246], [126.91385329328652, 37.616873369440405], [126.91368714470393, 37.61738735695672], [126.9135851286413, 37.61791182364418], [126.91354822888958, 37.61844171877798], [126.91357680219353, 37.618971939250216], [126.91359265719689, 37.61906078071177], [126.91358684312112, 37.619078766158765], [126.91348482388605, 37.61960323258424], [126.91344792242741, 37.620133127522195], [126.91347649550644, 37.6206633478666], [126.91357026933515, 37.621188787270626], [126.91372834215983, 37.621704385324854], [126.91394919289375, 37.62220517629717], [126.91423069571863, 37.62268633696484], [126.91457014051502, 37.623143233077364], [126.91496425892768, 37.623571464002744], [126.9154092558151, 37.623966905126096], [126.91590084578215, 37.624325747591755], [126.91643429444431, 37.624644535005565], [126.91700446402642, 37.624920196742714], [126.91760586285649, 37.62515007753985], [126.91823269827765, 37.625331963085564], [126.9188789324676, 37.62546410136207], [126.91953834062659, 37.62554521953199], [126.92020457097225, 37.62557453620702], [126.9208712059616, 37.625551768979776], [126.92153182414843, 37.62547713714646], [126.92218006207874, 37.62535135959341], [126.9228096756258, 37.62517564786849], [126.92341460017222, 37.624951694503906], [126.9239890090575, 37.62468165670346], [126.92452736972697, 37.62436813555168], [126.92502449703942, 37.624014150945776], [126.92547560321958, 37.62362311249249], [126.92587634397347, 37.623198786650924], [126.9260443955734, 37.622978838821325], [126.92632303692737, 37.622737292343274], [126.9267237680807, 37.62231296348136], [126.92707027513143, 37.621859434636335], [126.927359221655, 37.621381074028804], [126.92737268815505, 37.62135170382672], [126.92738030381295, 37.62136195155523], [126.92777448699808, 37.62179014034885], [126.92821954187909, 37.62218553374968], [126.92871118250162, 37.62254432336166], [126.92924467399267, 37.62286305329972], [126.9298148781639, 37.62313865349268], [126.93041630300968, 37.62336846927014], [126.93104315562212, 37.62355028694712], [126.93168939801296, 37.6236823551598], [126.93234880530328, 37.62376340174594], [126.93301502571899, 37.623792646006976], [126.93368164181275, 37.62376980623336], [126.9343422323205, 37.623695102420314], [126.93499043405514, 37.62356925414778], [126.93562000323892, 37.62339347364505], [126.93622487568224, 37.62316945410697], [126.93679922522702, 37.622899353374876], [126.93733751989069, 37.622585773139505], [126.93783457516845, 37.62223173386718], [126.93828560397948, 37.62184064569112], [126.93868626277556, 37.62141627554924], [126.9390326933677, 37.62096271088544], [126.93932156006821, 37.62048432026511], [126.93955008179105, 37.61998571128457], [126.93971605880229, 37.619471686180816], [126.93981789386393, 37.61894719556941], [126.93985460756988, 37.618417290757016], [126.93982584772722, 37.61788707508774], [126.93973189269508, 37.617361654792404], [126.9395736486505, 37.616846089814196], [126.93935264081014, 37.61634534508407], [126.9390709986939, 37.61586424271502], [126.93873143557445, 37.61540741557531], [126.93833722231228, 37.614979262687186], [126.93789215582919, 37.61458390688005], [126.93740052252541, 37.614225155105274], [126.93686705699271, 37.61390646179386], [126.93629689642181, 37.61363089560945], [126.93569553114285, 37.61340110991551], [126.93563145875048, 37.613382526389636], [126.93598646627085, 37.613006487631715], [126.93633287349287, 37.61255293006671], [126.93662172418628, 37.61207454525252], [126.9368502374187, 37.61157594072943], [126.93701621353738, 37.61106191869144], [126.93711805531235, 37.61053742972465], [126.93715478327233, 37.610007525119876], [126.93712604508653, 37.6094773082193], [126.93703211890484, 37.608951885265704], [126.93687391062608, 37.608436316228], [126.93665294512193, 37.60793556607638], [126.93637135150423, 37.60745445697622], [126.93603184257834, 37.606997621860806], [126.93563768868268, 37.6065694598294], [126.93519268616726, 37.60617409379963], [126.93514192431493, 37.60613704613435], [126.93516124807712, 37.60613942118719], [126.93582731265904, 37.606168648392575], [126.93649377070643, 37.60614579138445], [126.93715420247858, 37.606071070324084], [126.93780224631827, 37.60594520495749], [126.93843165996955, 37.6057694076785], [126.93903638074165, 37.60554537184339], [126.93961058393813, 37.60527525545022], [126.94014873898658, 37.604961660340315], [126.94064566272723, 37.60460760712294], [126.94109656934636, 37.604216506065235], [126.94149711647256, 37.60379212422885], [126.94184344699211, 37.60333854916998], [126.94213222618065, 37.60286014955374], [126.94236067379434, 37.60236153306276], [126.94252659081205, 37.60184750200605], [126.94262838057266, 37.6013230070563], [126.9426650641052, 37.60079309956176], [126.94263628950615, 37.60026288289221], [126.94254233527558, 37.59973746328807], [126.94238410758153, 37.5992219006859], [126.94216313148209, 37.59872115999381], [126.94188153619042, 37.598240063286084], [126.94154203452737, 37.597783243376654], [126.94114789676082, 37.597355099218426], [126.94070291908503, 37.596959753557016], [126.94021138704464, 37.596601013246406], [126.93967803425612, 37.59628233260759], [126.93910799682462, 37.596006780182485], [126.9385067638948, 37.59577700920241], [126.93788012481141, 37.59559523205486], [126.9372341133978, 37.595463198993635], [126.93657494988729, 37.5953821812966], [126.9359089810654, 37.595352959033264], [126.93524261919747, 37.59537581355887], [126.93458228032819, 37.59545052480754], [126.9339343225445, 37.59557637341032], [126.93330498479533, 37.59575214761762], [126.93270032685452, 37.59597615495976], [126.93212617100394, 37.59624623853368], [126.9315880459966, 37.59655979775927], [126.93109113383773, 37.5969138134063], [126.93064021989598, 37.597304876651386], [126.93023964682416, 37.59772922188603], [126.9298932727331, 37.598182762960654], [126.92960443402157, 37.5986611325161], [126.92937591322082, 37.599159724024936], [126.92920991216455, 37.599673736138236], [126.92910803074345, 37.600198218911274], [126.92907125145092, 37.600728121463774], [126.92909992987047, 37.60125834061583], [126.92919379119823, 37.601783770031666], [126.92935193283625, 37.602299349397654], [126.92957283303359, 37.60280011316145], [126.92985436549395, 37.60328123836214], [126.93019381981107, 37.603738091090804], [126.93058792753654, 37.60416627113335], [126.93103289363056, 37.604561654365114], [126.93108365236158, 37.604598703782386], [126.93106432913558, 37.60459632806556], [126.93039828077598, 37.604567074099286], [126.92973183539891, 37.604589896789534], [126.92937269649903, 37.60463050796896], [126.92920261902512, 37.60424496266231], [126.92892108723073, 37.60376383598981], [126.92858164062977, 37.60330697966504], [126.92818754896064, 37.60287879299165], [126.9277426079744, 37.60248339912474], [126.92725110286315, 37.60212460538252], [126.92671776698467, 37.60180586660035], [126.92614773628186, 37.601530251879886], [126.92554649983502, 37.60130041505215], [126.92491984702309, 37.60111856913844], [126.92427381180183, 37.60098646505439], [126.92361461463378, 37.600905374761474], [126.9229486026285, 37.60087607902791], [126.92228218846695, 37.60089885991607], [126.92162178869694, 37.60097349806886], [126.92145283168827, 37.601006291645206], [126.92148332270338, 37.60096637672601], [126.92177222225902, 37.60048802773664], [126.92200079778979, 37.59998945151628], [126.92216684904186, 37.59947544998655], [126.92226877806065, 37.59895097353633], [126.92230560453355, 37.598421073336276], [126.92227697518024, 37.59789085268659], [126.92218316710176, 37.597365417866655], [126.92202508505896, 37.59684982896018], [126.92180425270746, 37.596349051129216], [126.92152279787668, 37.59586790680622], [126.92118343203546, 37.59541102926417], [126.92078942414456, 37.594982818011324], [126.92034456914841, 37.59458739643973], [126.91985315141132, 37.59422857213453], [126.91931990345009, 37.59390980022561], [126.91922234421357, 37.59386261653306], [126.91956365573313, 37.59341579206724], [126.91985253768851, 37.59293744702599], [126.9200811022211, 37.59243887380182], [126.92024714918242, 37.59192487428744], [126.92034908065871, 37.591400398852315], [126.92038591631324, 37.59087049865736], [126.92035730277662, 37.59034027700271], [126.9202635169972, 37.58981484017755], [126.9201054635205, 37.58929924828497], [126.91988466572667, 37.58879846651594], [126.91960325111194, 37.58831731734095], [126.91926393075765, 37.587860434079865], [126.91886997318628, 37.587432216296186], [126.91842517285762, 37.58703678744501], [126.91793381360957, 37.586677955181756], [126.91740062739575, 37.58635917471309], [126.91683074871845, 37.58608351554233], [126.91622966519483, 37.58585363192869], [126.91585262015217, 37.585744163316804], [126.91602060385554, 37.58537774880137], [126.91618666233738, 37.58486375448859], [126.91628861197614, 37.58433928209222], [126.91632547225964, 37.58380938274398], [126.91629688958076, 37.583279159736016], [126.91620314059026, 37.58275371937066], [126.91604512947889, 37.582238121785245], [126.91582437921852, 37.58173733222573], [126.91554301684738, 37.58125617323787], [126.91520375294346, 37.580799278236185], [126.9148098554856, 37.580371046897454], [126.91436511835475, 37.57997560280746], [126.91387382478025, 37.57961675376854], [126.91334070608362, 37.579297955149045], [126.91277089611721, 37.57902227662723], [126.91216988183687, 37.5787923726487], [126.91154345048355, 37.57861045688158], [126.91089763388183, 37.57847828091417], [126.91023865039058, 37.57839711740007], [126.90957284506315, 37.5783677478124], [126.9089066285918, 37.57839045492442], [126.90824641562189, 37.57846502008907], [126.9075985630287, 37.57859072534339], [126.9072034072253, 37.5787010201639], [126.90726285354023, 37.578623203167474], [126.90755175538078, 37.578144887219274], [126.90778035509331, 37.577646336880605], [126.90794645218938, 37.5771323538239], [126.9080484482712, 37.57660788826029], [126.90808536237864, 37.576077991255914], [126.90805684038577, 37.57554776608057], [126.90796315835827, 37.575022319057716], [126.9078052198417, 37.57450671038912], [126.90758454710851, 37.57400590542779], [126.90730326645017, 37.57352472686808], [126.90696408765774, 37.57306780831328], [126.90657027789048, 37.572639549667294], [126.90612563018514, 37.57224407477908], [126.90563442691024, 37.571885191747775], [126.9053219778448, 37.571698298294706], [126.90532486114748, 37.57169352442548], [126.90555345534797, 37.57119497781443], [126.90571955278182, 37.57068099733937], [126.90582155504754, 37.57015653318655], [126.90585848112501, 37.56962663640856], [126.90582997677248, 37.569096410273055], [126.90575520238605, 37.568676908340436], [126.90586697357672, 37.56864570839707], [126.90647148798415, 37.568421836290554], [126.90704551986035, 37.568151875215946], [126.90758354028253, 37.56783842551764], [126.90808036738659, 37.56748450640347], [126.90833801053601, 37.567261077048045], [126.90833571877592, 37.567266075973876], [126.90816964716996, 37.56778006064403], [126.90806766480726, 37.56830452720406], [126.90803075515092, 37.56883442493027], [126.9080592750376, 37.569364650689835], [126.90815295118813, 37.569890098084024], [126.90831088278605, 37.570405706626914], [126.9085315501019, 37.570906510486026], [126.90881282908111, 37.57138768631526], [126.90915201175802, 37.57184459971902], [126.90954583230022, 37.5722728498997], [126.90999049843404, 37.57266831205802], [126.91048172794962, 37.573027177136794], [126.91101478993437, 37.57334598852506], [126.91158455033828, 37.573621675368045], [126.9121855214318, 37.57385158216144], [126.91281191467984, 37.574033494344135], [126.91345769652132, 37.574165659642375], [126.91411664651609, 37.57424680495889], [126.91478241729763, 37.574276148644046], [126.91544859575228, 37.574253408030316], [126.91610876483404, 37.57417880215732], [126.91675656541734, 37.574053049660925], [126.91738575759035, 37.5738773618471], [126.91799028079627, 37.573653431016986], [126.91856431224184, 37.573383414156496], [126.91910232300874, 37.57306991214748], [126.91959913132638, 37.57271594470183], [126.92004995249168, 37.57232492125996], [126.92045044495491, 37.571900608135444], [126.92079675212702, 37.571447092222286], [126.92108553950654, 37.5709687416158], [126.92131402676846, 37.57047016352652], [126.9214800145074, 37.569956159893756], [126.92158190537869, 37.56943168112633], [126.92161871943516, 37.5689017784171], [126.92159010351402, 37.568371555090366], [126.92149633458502, 37.56784611745136], [126.92133831702992, 37.56733052561114], [126.92111757388163, 37.566829744760284], [126.92083623210883, 37.566348597360744], [126.92049700209031, 37.56589171671555], [126.9201031514778, 37.565463502363365], [126.91965847370055, 37.56506807772667], [126.91916725141586, 37.56470925042071], [126.91863421525845, 37.56439047560484], [126.91806449828584, 37.56411482272838], [126.9174635865585, 37.563884945990345], [126.91683726633009, 37.563703058796776], [126.91619156835563, 37.56357091246117], [126.91553270985226, 37.56348977935203], [126.91486703467059, 37.56346044064991], [126.9142009522504, 37.563483178830815], [126.91354087594715, 37.56355777494862], [126.91289316132098, 37.56368351074234], [126.91226404498042, 37.5638591755479], [126.9116595845681, 37.56408307794833], [126.91108560046413, 37.56435306205029], [126.91054761976754, 37.56466652823075], [126.91005082309331, 37.565020458154784], [126.90979319281702, 37.56524389144182], [126.90979548441634, 37.565238892484636], [126.90996153900562, 37.564724905164], [126.91006350289497, 37.564200436496684], [126.91010039543353, 37.56367053757856], [126.9100718627022, 37.56314031169778], [126.90997818086925, 37.56261486518455], [126.90982025347756, 37.56209925823575], [126.90959960269159, 37.561598456187845], [126.90937811905326, 37.56121953055602], [126.90955839085298, 37.56124174021415], [126.91022404382274, 37.56127110867571], [126.91089010744835, 37.56124839276774], [126.9115501657905, 37.56117381129174], [126.9121978607909, 37.561048082648455], [126.91282695355522, 37.56087241791384], [126.91343138448461, 37.56064850916653], [126.91400533167482, 37.56037851317949], [126.91454326701921, 37.560065030633226], [126.91504000947354, 37.55971108105189], [126.91549077496894, 37.559320073703624], [126.91589122249141, 37.55889577474673], [126.9162374958843, 37.558442270938606], [126.91652626097081, 37.557963930257785], [126.91675473763988, 37.55746535981911], [126.91692072658729, 37.55695136148817], [126.9170226304558, 37.55642688562272], [126.91705946917224, 37.55589698338773], [126.91703088933531, 37.55536675810305], [126.91696312386652, 37.55498683829559], [126.91701854976469, 37.55497135778742], [126.91762292053413, 37.55474742685239], [126.91767258543587, 37.55472405941022], [126.91762334657493, 37.55480563051838], [126.91739488402644, 37.55530420297856], [126.91722890213072, 37.5558182021771], [126.91712700059101, 37.55634267829358], [126.91709016209136, 37.55687258051192], [126.9171187427824, 37.55740280565575], [126.91721246879858, 37.557928247331965], [126.9173704388423, 37.55844384510952], [126.9175911328128, 37.55894463325948], [126.9178724263979, 37.55942578858692], [126.9182116114904, 37.55988267689371], [126.91860542223375, 37.56031089762402], [126.91905006644798, 37.56070632626232], [126.91954126213369, 37.56106515407441], [126.9200742787037, 37.56138392480854], [126.92064398254506, 37.561659568001716], [126.92124488647293, 37.561889428570375], [126.92187120259918, 37.562071292398926], [126.92251689810578, 37.56220340767966], [126.92317575338448, 37.56228450179736], [126.92384142198154, 37.56231379359581], [126.92402715913322, 37.56230743811119], [126.92447878326237, 37.56248017848731], [126.92510511240111, 37.56266202524734], [126.92575081893447, 37.56279412291693], [126.92640968314795, 37.562875199050545], [126.92707535850164, 37.562904472665295], [126.92774143280162, 37.562881661768856], [126.9284014900058, 37.56280698607807], [126.92904917206697, 37.56268116490153], [126.92967824021571, 37.56250541020683], [126.93028263509073, 37.5622814149394], [126.93085653513562, 37.56201133670578], [126.93139441269852, 37.5616977769789], [126.93189108729256, 37.561343756026396], [126.93234177550319, 37.560952683803784], [126.93274213706175, 37.560528327094175], [126.9330883166403, 37.56007477321104], [126.93325634956469, 37.5597963051927], [126.93356520574045, 37.5599456974181], [126.93416613651829, 37.5601754924981], [126.9347924706433, 37.560357287969836], [126.93543817512368, 37.56048933268424], [126.9360970302646, 37.56057035470607], [126.9367626896135, 37.56059957357384], [126.93742874113074, 37.56057670782279], [126.93808876899377, 37.56050197769833], [126.93873641543829, 37.560376103033576], [126.93936544203825, 37.56020029631148], [126.93996978983294, 37.55997625097875], [126.94031164369855, 37.55981533161368], [126.94062408830563, 37.56015490993526], [126.94106884903886, 37.56055025659131], [126.94156015048536, 37.560908993648525], [126.94209326103815, 37.561227665729184], [126.94266304617808, 37.5615032033206], [126.94326401793629, 37.561732952356515], [126.94389038777048, 37.56191469979592], [126.94453612234456, 37.56204669495249], [126.94519500167348, 37.56212766636853], [126.94586067907159, 37.56215683407014], [126.94652674232512, 37.56213391708562], [126.94718677549855, 37.56205913615407], [126.94783442077642, 37.56193321159819], [126.94846343974407, 37.561757356381676], [126.9490677735145, 37.561533264418514], [126.94964160112063, 37.56126309424685], [126.95017939560913, 37.56094944822528], [126.95067597729411, 37.56059534745266], [126.9507309094015, 37.56054766232906], [126.95092929072247, 37.56076321995992], [126.95137410997185, 37.56115852821309], [126.95186546532514, 37.56151722277103], [126.95239862465563, 37.56183584866531], [126.95296845297388, 37.56211133682815], [126.95356946189469, 37.56234103366944], [126.95419586251734, 37.562522726651025], [126.95484162120887, 37.56265466561131], [126.95550051775169, 37.56273557963402], [126.95616620529408, 37.56276468929832], [126.95683227152458, 37.56274171419177], [126.95691631789354, 37.562732184655715], [126.95713161143418, 37.56310002608816], [126.9574710540695, 37.563556803349094], [126.95786511024336, 37.56398489478549], [126.95830998541024, 37.5643801771265], [126.95880139534438, 37.56473884304668], [126.95933460739315, 37.56505743785337], [126.95984540510021, 37.56530433579629], [126.95981850259034, 37.56569447320935], [126.95984738882855, 37.566224689636115], [126.95994142565102, 37.56675009906293], [126.96009970876692, 37.56726564136796], [126.96032071505986, 37.5677663513552], [126.96060231720891, 37.56824740658135], [126.96094180413378, 37.568704173811255], [126.96133590706944, 37.569132253654395], [126.96178083101987, 37.56952752295142], [126.96227229128941, 37.56988617450237], [126.96280555474043, 37.5702047537529], [126.96337548537997, 37.57048019208436], [126.96397659383669, 37.57070983638651], [126.96460309025048, 37.570891474627295], [126.96524894006508, 37.571023357172415], [126.96590792218451, 37.571104213649136], [126.96657368893221, 37.57113326519108], [126.96723982723326, 37.571110231945866], [126.96789992042882, 37.57103533577291], [126.96854761012509, 37.570909298105406], [126.96917665747965, 37.57073333299707], [126.96961562858073, 37.57057048586508], [126.96951739737243, 37.571077835703946], [126.96948092124346, 37.571607755783155], [126.96950987778425, 37.5721379698573], [126.96960398951033, 37.57266337163826], [126.96976235140971, 37.57317890107748], [126.96998343960749, 37.573679593102604], [126.97026512599382, 37.574160625442936], [126.97060469867714, 37.57461736508348], [126.97099888806615, 37.57504541289914], [126.97144389833191, 37.57544064603881], [126.97193544394702, 37.57579925765061], [126.97246879095138, 37.57611779356473], [126.97303880254671, 37.576393185579825], [126.97363998858138, 37.576622781031794], [126.97426655844751, 37.57680436835909], [126.97491247688079, 37.57693619841791], [126.97557152212381, 37.577017001341204], [126.97623734589152, 37.577045998778594], [126.97690353455944, 37.57702291139904], [126.97756367098327, 37.57694796158362], [126.9782113963527, 37.57682187128247], [126.97884047148159, 37.576645855056505], [126.9794448369423, 37.57642160837125], [126.98001867146317, 37.57615129125573], [126.98055644802523, 37.57583750748445], [126.9810529871165, 37.57548327948342], [126.9811749860763, 37.575377328277376], [126.98159360717158, 37.57546274354812], [126.9822526471059, 37.57554350914739], [126.98291846079414, 37.57557246882876], [126.9835846347089, 37.57554934362503], [126.9842447518481, 37.57547435628176], [126.98446659521413, 37.57543115710003], [126.98457562344134, 37.57557775236271], [126.98496989835026, 37.57600575408829], [126.98541498873428, 37.576400935086646], [126.9859066082936, 37.57675948900795], [126.98644002235528, 37.57707796223801], [126.98701009347451, 37.57735328717927], [126.98761133092566, 37.57758281181375], [126.98823794360504, 37.5777643252622], [126.98888389583551, 37.57789607909263], [126.98954296553374, 37.57797680417248], [126.99020880417888, 37.578005722901466], [126.99087499800298, 37.57798255670698], [126.9915351298121, 37.57790752872959], [126.99218284084051, 37.577781361672585], [126.9928118920405, 37.577605270836486], [126.99341622421532, 37.5773809524057], [126.99399001641434, 37.57711056710054], [126.99452774202685, 37.5767967193524], [126.99502422203224, 37.576442432203585], [126.99503214648988, 37.576435548179], [126.99557138640341, 37.576181431624384], [126.99610909873472, 37.57586757652679], [126.99660556510426, 37.575513282572395], [126.9970560041063, 37.57512196234646], [126.99745607787571, 37.574697385020556], [126.99780193385986, 37.57424364003253], [126.99809024190624, 37.57376509768268], [126.99831822630946, 37.57326636702673], [126.99848369250991, 37.57275225147141], [126.99851004604952, 37.572615863977944], [126.99871949494127, 37.57260856561924], [126.99937957187885, 37.572533493306416], [127.0000272235118, 37.57240728266151], [127.00065621136491, 37.57223114940499], [127.00126047685205, 37.57200679012993], [127.00183419966547, 37.57173636595005], [127.00237185386315, 37.57142248167118], [127.00286826111281, 37.5710681606874], [127.00331864057843, 37.57067681584419], [127.00371865496852, 37.57025221655013], [127.00397271433786, 37.5699188339995], [127.00426199788804, 37.56997780413297], [127.00492101547155, 37.570058443082], [127.00533669780863, 37.57007644475788], [127.0058817318781, 37.57023425015726], [127.00652765139222, 37.5703659073657], [127.00718667497513, 37.57044653370302], [127.00785245455029, 37.570475352520496], [127.00851857691906, 37.57045208620829], [127.00917862557623, 37.57037695887168], [127.00982624255764, 37.570250694171314], [127.01045518972215, 37.57007450834854], [127.01105940887598, 37.56985009850287], [127.011633080158, 37.5695796262352], [127.01217067812313, 37.569265696814604], [127.01266702498111, 37.56891133406995], [127.01311734047808, 37.5685199512489], [127.01351728793918, 37.568095318125685], [127.01386301602889, 37.567641524675224], [127.01415119582703, 37.56716294166423], [127.01437905286367, 37.566664178539554], [127.01454439380599, 37.56615003902017], [127.01461491572331, 37.5657846154703], [127.01513338614683, 37.56572557173713], [127.01578095307809, 37.56559927391953], [127.01640984733443, 37.565423055863114], [127.017014011232, 37.565198614977916], [127.01758762544233, 37.564928113163795], [127.01812516507033, 37.56461415597441], [127.01862145288807, 37.56425976750601], [127.01907170921055, 37.56386836125392], [127.01947159793315, 37.56344370721792], [127.01981726828623, 37.56298989557422], [127.02010539190576, 37.562511297264514], [127.02033319486294, 37.56201252188286], [127.02049848434572, 37.561498373266055], [127.02059966973613, 37.56097380321643], [127.02063577788226, 37.560443863802874], [127.02060646241962, 37.559913658700054], [127.02051200705397, 37.55938829403463], [127.02035332277575, 37.558872829211914], [127.02013193903579, 37.55837222819653], [127.01984998896826, 37.55789131171618], [127.01951018880563, 37.55743471084814], [127.01911581168541, 37.557006822435326], [127.01867065610212, 37.556611766760405], [127.01817900930914, 37.55625334788515], [127.01764560602415, 37.55593501703593], [127.01707558283522, 37.555659839387445], [127.01671179001046, 37.55552103205593], [127.01684835918553, 37.55509625070183], [127.01694956098274, 37.5545716833297], [127.01698569138193, 37.554041744616306], [127.01695640380387, 37.55351153822967], [127.0168619816853, 37.552986170308934], [127.01670333569618, 37.55247070029088], [127.01648199491825, 37.55197009219037], [127.01620009207168, 37.55148916680347], [127.01586034293413, 37.55103255529345], [127.0154660201516, 37.550604654605834], [127.0150209216954, 37.550209585141666], [127.0145293342689, 37.549851151095666], [127.01399599201822, 37.549532803840435], [127.01347325135735, 37.5492804083905], [127.01356586912121, 37.54899234907573], [127.01366708516919, 37.54846778407852], [127.01370323537624, 37.54793784596414], [127.01367397297192, 37.54740763839498], [127.0135795811501, 37.54688226752165], [127.01342097028866, 37.546366792809515], [127.01319966913073, 37.54586617831879], [127.01291781001473, 37.545385244907244], [127.01257810829698, 37.54492862381557], [127.01218383616683, 37.54450071208176], [127.01173879110773, 37.54410563021335], [127.01124725930903, 37.543747182524676], [127.0107139743813, 37.54342882051979], [127.01014407177344, 37.543153609673645], [127.00954303932984, 37.54292419992994], [127.00891666446373, 37.54274280019947], [127.0082709784541, 37.542611157103636], [127.00761219840179, 37.542530538167256], [127.00752140777132, 37.54252660701147], [127.00773471850036, 37.542246563320276], [127.00802283773766, 37.54176799279738], [127.00825065629375, 37.54126923909944], [127.00841598120489, 37.54075510585446], [127.00851722151032, 37.540230544716884], [127.00855340352776, 37.53970060767], [127.00852418017978, 37.539170398366046], [127.00842983428365, 37.538645022972524], [127.00827127577445, 37.53812954099855], [127.00805003289074, 37.53762891657445], [127.00776823740946, 37.537147970653926], [127.00742860407402, 37.536691334598366], [127.0070344044151, 37.53626340559005], [127.00658943521833, 37.53586830430312], [127.0060979819427, 37.5355098352391], [127.00556477744288, 37.53519145010806], [127.0049949563936, 37.53491621460775], [127.00439400585434, 37.53468677891939], [127.0037677124501, 37.534505352203624], [127.003122106676, 37.53437368134178], [127.00246340486072, 37.534293034125966], [127.00179794934628, 37.53426418706007], [127.00113214745843, 37.53428741788815], [127.00106771185321, 37.534294751502735], [127.00105144555533, 37.53399907273756], [127.00095715825934, 37.53347369133655], [127.00079866184922, 37.53295819932524], [127.00057748396542, 37.53245756093093], [127.00029575575881, 37.53197659724204], [126.99995619132494, 37.531519939791316], [126.99956206153121, 37.53109198596733], [126.99911716249068, 37.53069685668338], [126.99862577898699, 37.53033835671069], [126.99809264320336, 37.53001993805712], [126.99752288915323, 37.529744666743305], [126.99692200325134, 37.52951519329531], [126.99629577150078, 37.52933372723741], [126.99565022380341, 37.52920201582965], [126.99499157592912, 37.52912132725448], [126.99432616970091, 37.529092438413905], [126.99366041197024, 37.52911562745411], [126.99300071296835, 37.52919067108938], [126.9923534246252, 37.5293168467511], [126.99172477944806, 37.52949293954096], [126.9911208305465, 37.52971725392178], [126.99054739337939, 37.5299876300337], [126.990177961268, 37.5302033725745], [126.98969791099609, 37.52997139766143], [126.989097047717, 37.52974188456993], [126.98847083351568, 37.529560377150254], [126.98782529812523, 37.52942862306059], [126.98716665719724, 37.52934789089422], [126.98650125248793, 37.52931895797272], [126.98583549083415, 37.52934210286655], [126.98517578250487, 37.529417102714895], [126.98452847951974, 37.5295432353706], [126.98389981452686, 37.52971928634933], [126.98329584082633, 37.52994356051636], [126.98272237411554, 37.530213898398955], [126.98218493651517, 37.53052769696756], [126.98168870341442, 37.530881934686164], [126.98123845364552, 37.53127320059158], [126.98083852346734, 37.531697727122186], [126.98049276480063, 37.53215142638069], [126.98020450811771, 37.532629929482695], [126.98011610755795, 37.53282330569173], [126.97990181555542, 37.53253498163607], [126.97950779586304, 37.532106961767354], [126.97906299754169, 37.53171175774226], [126.97857170440611, 37.53135317505188], [126.97839048071988, 37.53124489202053], [126.97817032476559, 37.53100572730024], [126.97772554003237, 37.5306105182662], [126.97723426052701, 37.5302519300475], [126.9767012174323, 37.5299334155018], [126.97613154387021, 37.529658041573015], [126.97553072548133, 37.52942845977517], [126.9749045476195, 37.52924688067557], [126.97468542476943, 37.52920213103277], [126.97465970510324, 37.52873156951066], [126.9745656093783, 37.52820616800681], [126.9744459331458, 37.52781643496308], [126.97500550017676, 37.527797035711544], [126.97566520372743, 37.52772209262536], [126.97631250528741, 37.5275960085059], [126.97694116975501, 37.52741999785405], [126.97754514166007, 37.527195756081], [126.9781186035232, 37.52692544316767], [126.97865603191586, 37.52661166284722], [126.97915225068007, 37.5262574375115], [126.97960248079406, 37.52586617908386], [126.98000238640324, 37.52544165613984], [126.98034811657256, 37.52498795759273], [126.9806363423588, 37.524509453295025], [126.980864288846, 37.52401075193552], [126.98102976183644, 37.52349665663864], [126.98113116894147, 37.52297211869394], [126.9811675348709, 37.522442189862076], [126.98113851077483, 37.52191197371699], [126.98104437755052, 37.52138657649296], [126.98088604308415, 37.52087105791025], [126.98066503345636, 37.52037038245272], [126.98038347819762, 37.519889371566386], [126.98004408973824, 37.51943265723911], [126.97965013725143, 37.51900463740772], [126.9792054151434, 37.51860943362162], [126.97871420649491, 37.51825085136987], [126.9781812418063, 37.51793234345288], [126.97761165344458, 37.51765697675097], [126.97701092623016, 37.51742740270882], [126.97638484463926, 37.517245831819245], [126.97573943712891, 37.51711401235155], [126.97508091812016, 37.51703321352844], [126.97488450854908, 37.51702465236009], [126.9743995154622, 37.5169651414945], [126.97373422645182, 37.516936137447196], [126.97306857178596, 37.51695921122077], [126.97240896070397, 37.51703414063896], [126.97176174428965, 37.51716020423242], [126.97113315435773, 37.51733618818141], [126.97052924348576, 37.517560397996334], [126.96995582676594, 37.517830674823735], [126.96941842583745, 37.51814441622163], [126.96892221573586, 37.51849860120424], [126.9684719750713, 37.518889819315994], [126.96807204001418, 37.5193143034553], [126.96772626253139, 37.51976796613303], [126.96743797327541, 37.520246438817004], [126.9672099494843, 37.52074511398469], [126.96704438820242, 37.52125918947952], [126.96694288508156, 37.52178371474463], [126.96690641896737, 37.52231363848887], [126.96693534242222, 37.522843857326954], [126.96702937827685, 37.52336926492501], [126.96717906259099, 37.52385691522684], [126.96661125026884, 37.52392138156001], [126.96596396484915, 37.524047412703084], [126.96542517516573, 37.52419821169047], [126.9647703366511, 37.52416961567364], [126.96410461554449, 37.524192638381045], [126.96394074648371, 37.52421123903523], [126.96369399973726, 37.52421977100266], [126.9630343159071, 37.524294647406634], [126.96238702147632, 37.52442065886568], [126.96175834901042, 37.524596592061975], [126.96115435188099, 37.52482075299455], [126.96058084601034, 37.52509098328062], [126.96004335389541, 37.52540468092643], [126.95954705144939, 37.525758825367575], [126.95909671817115, 37.52615000653903], [126.95894899003329, 37.52630675511401], [126.95894498721994, 37.526310232105644], [126.95854495845116, 37.52673468272293], [126.95819908881953, 37.52718831622282], [126.95791070986479, 37.52766676435439], [126.95768259968868, 37.52816541983188], [126.95751695616765, 37.52867948068868], [126.95741537574561, 37.52920399650921], [126.95737883801306, 37.52973391609362], [126.95740769622245, 37.530264136096996], [126.95750167383349, 37.53078955017454], [126.95765986712327, 37.5313050981599], [126.95788075383835, 37.53180581480277], [126.95816220780755, 37.53228687759627], [126.95850151937613, 37.532743653232934], [126.95889542146672, 37.53317174224194], [126.95934012101701, 37.53356702137637], [126.95967555557192, 37.53381194068095], [126.95965202137728, 37.533820673369014], [126.95907844086292, 37.53409089536928], [126.95875131858351, 37.534281784942316], [126.95817755017315, 37.53449468085771], [126.95760395923433, 37.53476489558354], [126.95706638489372, 37.535078578527596], [126.95657000385594, 37.53543270926723], [126.95611959637658, 37.535823877869554], [126.95571950023201, 37.53624831771013], [126.95537356894006, 37.53670194172691], [126.95508513463447, 37.5371803817605], [126.95487291516163, 37.53764419513023], [126.95469022499461, 37.53757435381644], [126.95406403115163, 37.53739266432216], [126.9534184912506, 37.53726072226979], [126.95275982098697, 37.53717979806177], [126.95209436239958, 37.53715067086808], [126.95196175561729, 37.53715524187985], [126.95192190275522, 37.53708711818279], [126.95158261220232, 37.5366303241369], [126.95118873427141, 37.53620221117124], [126.9507440626526, 37.5358069017321], [126.95025287994203, 37.535448202325796], [126.94971991639171, 37.5351295668806], [126.94915030435887, 37.53485406350442], [126.94854952889268, 37.53462434495747], [126.94792337493458, 37.5344426231234], [126.9472778716386, 37.534310647724304], [126.94661923434809, 37.534229689483645], [126.94595380478452, 37.53420052789895], [126.94528799002408, 37.534223443741546], [126.94462820084665, 37.53429821635529], [126.94398079004961, 37.53442412578016], [126.94335199131797, 37.534599959680584], [126.94274785923824, 37.53482402501148], [126.94217421103109, 37.5350941643106], [126.9416365705631, 37.535407776460275], [126.941140115175, 37.53576184171953], [126.9406896258375, 37.536152950786025], [126.94028944111447, 37.536577337608755], [126.93994341537609, 37.53703091563637], [126.93965488166482, 37.53750931715261], [126.9394266195725, 37.53800793532115], [126.93926082843846, 37.538521968535235], [126.93915910612832, 37.539046466646106], [126.93912243359935, 37.5395763786251], [126.93915116540275, 37.5401066012011], [126.93924502621633, 37.540632028005106], [126.93940311344292, 37.54114759874871], [126.93962390585159, 37.541648347962834], [126.93990527818049, 37.54212945282726], [126.94021721814879, 37.54254951296019], [126.93989886176072, 37.54263851546367], [126.93929465440462, 37.54286256221725], [126.93872093199397, 37.543132683776136], [126.93818321910946, 37.543446279193624], [126.93768669378892, 37.54380032888998], [126.93730919767225, 37.54412800607052], [126.93722139726586, 37.54403255386061], [126.936776754079, 37.54363719256654], [126.93628558812881, 37.543278435661385], [126.93575262950664, 37.54295973762698], [126.93518301052283, 37.542684167173725], [126.93458221629398, 37.54245437770749], [126.93395603194234, 37.54227258179453], [126.9333104869149, 37.54214052986989], [126.93265179695672, 37.54205949339358], [126.93198630429625, 37.54203025261613], [126.93132041661683, 37.54205308907107], [126.93066054540007, 37.542127782866345], [126.93001304423265, 37.54225361480067], [126.92938414766914, 37.542429373284385], [126.92877991123724, 37.54265336599851], [126.92820615316177, 37.54292343617992], [126.92766839836642, 37.54323698337655], [126.927171825292, 37.54359098847295], [126.9270196317612, 37.54372306793333], [126.92682614213236, 37.54358171081484], [126.92629322219125, 37.54326297041427], [126.92572363632688, 37.54298735461027], [126.92512286933736, 37.54275751724522], [126.92449670608305, 37.54257567134654], [126.92385117580801, 37.542443567830446], [126.92319249411545, 37.542362478653516], [126.92252700315441, 37.542333184573494], [126.92186111059193, 37.54235596763699], [126.92120122795652, 37.54243060846583], [126.92055370894467, 37.542556388368546], [126.91992478828254, 37.542732096256316], [126.91932052172965, 37.54295604029716], [126.9187467278004, 37.54322606419656], [126.91820893176337, 37.54353956794801], [126.91771231245608, 37.54389353285437], [126.91726165242657, 37.544284550579825], [126.9168707794732, 37.54469880099831], [126.91660975499538, 37.54457246883207], [126.91600900394312, 37.54434258528599], [126.91538285025932, 37.54416069117998], [126.91473732309606, 37.544028537894306], [126.9140786380268, 37.54394739786457], [126.9134131372331, 37.543918052337986], [126.91274722847663, 37.54394078385633], [126.91208732344175, 37.544015373537555], [126.91143977604041, 37.54414110318252], [126.91081082127185, 37.54431676218613], [126.91020651522369, 37.54454065918701], [126.90963267679022, 37.544810638343506], [126.90909483166813, 37.545124100079875], [126.90859815916714, 37.54547802610356], [126.90814744234709, 37.545869008453245], [126.9077470219609, 37.54629328229852], [126.90740075464679, 37.546746762176525], [126.90711197577247, 37.54722508131692], [126.90688346728984, 37.547723633677435], [126.90671743091048, 37.54823761828604], [126.90661546686151, 37.54876208546304], [126.90657855842844, 37.54929198447871], [126.90660706243479, 37.54982221218782], [126.90670070575297, 37.55034766217295], [126.90685858788153, 37.55086327392337], [126.90697874366558, 37.55113605120919], [126.90652845293774, 37.55134786815512], [126.90599054766105, 37.551661314892904], [126.90549381686012, 37.55201522697144], [126.90504304415599, 37.55240619656385], [126.90464257083964, 37.55283045896274], [126.904296254059, 37.55328392881559], [126.90400742965824, 37.553762239448794], [126.90377888002784, 37.55426078490218], [126.90361280727589, 37.55477476427037], [126.90351081198013, 37.555299227924316], [126.90347387772731, 37.55582912516832], [126.90350236159009, 37.556359352874374], [126.90359599063527, 37.55688480462511], [126.9037538644994, 37.55740041989289], [126.9039744640082, 37.55790123278072], [126.9041959105464, 37.5582801684442], [126.9040156475728, 37.55825795066137], [126.903350024304, 37.55822854743065]], [[126.94957377943956, 37.54987484380119], [126.95021942080491, 37.550006807397885], [126.9508782008388, 37.550087746471405], [126.9513101467198, 37.550106654962946], [126.95104688581021, 37.550385849790615], [126.9507008599758, 37.5508394582951], [126.9504123403486, 37.55131788510523], [126.95018410638589, 37.55181652314105], [126.95001835715716, 37.552330570604425], [126.9499966121975, 37.552442754867556], [126.94970773908115, 37.55227008888642], [126.94913799745098, 37.55199458521564], [126.94853708511542, 37.551764866179774], [126.94791078833322, 37.55158314366692], [126.94728047168695, 37.55145430185722], [126.94768574191002, 37.55110247647164], [126.94808596370748, 37.55067806590798], [126.94843200453565, 37.550224465174274], [126.94872053245867, 37.549746043181855], [126.94877494728654, 37.549627162438036], [126.94894749582961, 37.54969312683483], [126.94957377943956, 37.54987484380119]], [[126.95755478877577, 37.54728591422252], [126.95784324710458, 37.54680746915438], [126.95807141453989, 37.54630881537267], [126.95823709475643, 37.54579475554444], [126.95833869337068, 37.545270240618486], [126.95834499370518, 37.54517887079493], [126.95836334994505, 37.54513875241858], [126.95852902547344, 37.544624692043236], [126.95854034139495, 37.54456627044702], [126.95864753224375, 37.544331995918576], [126.95867409422026, 37.54424957757507], [126.95870940268637, 37.54426307316001], [126.95933566536488, 37.54444473834485], [126.95998127787976, 37.54457664845261], [126.96064002142208, 37.544657532845214], [126.96130555061474, 37.544686612387444], [126.96197145467245, 37.54466360695713], [126.96263131919396, 37.54458873814562], [126.96327878798952, 37.544462727122315], [126.96390762434547, 37.5442867876839], [126.96451177113497, 37.54406261455564], [126.96508540919304, 37.5437923670574], [126.96541255738605, 37.54360146044024], [126.96549548890648, 37.543570686772206], [126.96534827806899, 37.5440276024025], [126.96524673028752, 37.544552123862076], [126.96521023913344, 37.5450820448654], [126.96523915741183, 37.54561226205366], [126.96533320800482, 37.54613766910891], [126.96549148648756, 37.546653205932095], [126.96571246978691, 37.54715390738007], [126.96599403080207, 37.547634951091865], [126.96633345884776, 37.54809170394346], [126.96667713812234, 37.54846507042241], [126.96653923227349, 37.54851624175366], [126.96596556297035, 37.54878649586107], [126.96542792179555, 37.54910021562195], [126.9649314860975, 37.54945438025942], [126.96448103665857, 37.54984557951446], [126.96408091165964, 37.5502700464677], [126.96373496489726, 37.550723693796144], [126.96344652865493, 37.551202153116016], [126.9632183815874, 37.551700817034046], [126.96317122719377, 37.551847144865675], [126.96296313363597, 37.55137563731396], [126.96268157840916, 37.55089458672051], [126.96234216027405, 37.55043782366111], [126.9619481486915, 37.55000974654167], [126.9615033386385, 37.54961447746288], [126.96101201404385, 37.54925582254203], [126.96047890652541, 37.54893723527876], [126.95990914982599, 37.548661783316774], [126.95930823038712, 37.54843211892107], [126.95868193453563, 37.548250453453775], [126.95803629279104, 37.54811853609423], [126.95737752182887, 37.54803763700709], [126.95694558607443, 37.5480187507868], [126.95720881670896, 37.54773954245789], [126.95755478877577, 37.54728591422252]], [[126.92813745423634, 37.551916422671965], [126.92837491465514, 37.55203130730847], [126.92831723216732, 37.55201950659515], [126.92765846117702, 37.551938441728396], [126.92699288304743, 37.55190917214931], [126.92679946023527, 37.55191579663476], [126.92725874955678, 37.55158841141945], [126.92741095884325, 37.55145633195471], [126.92760446975228, 37.55159768810366], [126.92813745423634, 37.551916422671965]], [[126.97924928477674, 37.55186357777917], [126.9790909007237, 37.55134805905528], [126.9788698155824, 37.550847382233044], [126.97858815961237, 37.5503663687713], [126.97824864621514, 37.549909650682274], [126.97785454576828, 37.54948162593855], [126.9774096541037, 37.54908641613626], [126.97698600894653, 37.54877726873504], [126.97722837351668, 37.548566725171355], [126.97762841526662, 37.548142212909376], [126.97797426618988, 37.54768852394955], [126.97826259618087, 37.547210028052426], [126.97849062932096, 37.54671133382633], [126.97865617057897, 37.54619724432732], [126.97875762691017, 37.54567271078937], [126.97879402255167, 37.54514278493094], [126.97876500836897, 37.544612570297446], [126.97867086516543, 37.54408717310862], [126.97851250092488, 37.543571653084385], [126.97829144201609, 37.5430709747223], [126.97800981844553, 37.54258995949614], [126.97777746603427, 37.54227735997188], [126.9778177237211, 37.54218931482007], [126.9779832592217, 37.541675225830964], [126.97808471375726, 37.54115069245955], [126.97812111158188, 37.540620766422656], [126.97809210353978, 37.5400905512674], [126.97807091966338, 37.539972315490914], [126.97851348641443, 37.539713967744255], [126.97900979339951, 37.53935974444894], [126.97946010383367, 37.53896848802751], [126.97986008108882, 37.538543967036404], [126.98020587354017, 37.53809027037038], [126.98049415164509, 37.53761176786404], [126.98058255703067, 37.53741839156354], [126.98079686542145, 37.53770671427001], [126.98119092161932, 37.538134729707785], [126.98163576901707, 37.538529925657706], [126.982127123655, 37.53888849562668], [126.98266025341181, 37.53920698584675], [126.98323002358168, 37.539482328557376], [126.98383094633864, 37.53971187157007], [126.9844572336115, 37.539893403829105], [126.98510285285899, 37.54002517672172], [126.98576158520699, 37.54010592093202], [126.98642708538607, 37.540134858675614], [126.98709294289048, 37.54011171119673], [126.98775274376781, 37.54003670145552], [126.98840013244183, 37.53991055197931], [126.98902887297143, 37.539734477898854], [126.98963290915373, 37.53951017523666], [126.99020642289021, 37.53923980456047], [126.99057589980232, 37.53902406258689], [126.99105601054391, 37.53925603402139], [126.99165695594618, 37.53948553737968], [126.99228326078659, 37.53966702826366], [126.99292889235443, 37.53979875845923], [126.99358763165677, 37.53987945906192], [126.99425313335703, 37.53990835270753], [126.99491898693483, 37.53988516106524], [126.9949834279208, 37.539877830852], [126.9949996712603, 37.54017350999448], [126.99509392460175, 37.54069889531494], [126.99525239742765, 37.5412143941423], [126.99547356479223, 37.54171504169854], [126.9957552978207, 37.542196016141034], [126.99609488416974, 37.54265268501232], [126.99648905411424, 37.543080649869], [126.99693401201048, 37.54347578865928], [126.99742547283384, 37.54383429544047], [126.99795870343952, 37.544152717052995], [126.99852856814955, 37.544427986397146], [126.99912957822663, 37.54465745199113], [126.99975594475772, 37.54483890352502], [127.00040163443752, 37.544970593163754], [127.00106042771286, 37.545051252393655], [127.00115122100826, 37.54505518853506], [127.00093787766498, 37.545335219966326], [127.00064969934506, 37.545813772489836], [127.00042181614349, 37.546312510677176], [127.00025642375324, 37.54682663176442], [127.000155116202, 37.5473511847549], [127.00011887045414, 37.54788111808969], [127.00014803695177, 37.5484113282901], [127.00024233618659, 37.54893670910437], [127.00040086133886, 37.54945220068512], [127.00062208695914, 37.54995283832387], [127.00090388361193, 37.550433800273304], [127.00124353834128, 37.550890454196036], [127.00163778076366, 37.551318401792415], [127.00208281453718, 37.55171352117666], [127.00257435390625, 37.55207200659278], [127.00310766496936, 37.55239040508684], [127.00363039176364, 37.55264284620145], [127.0035377311725, 37.55293089724053], [127.00343643784059, 37.553455452610265], [127.00340021187036, 37.5539853865503], [127.0034294035138, 37.55451559557608], [127.00352373302094, 37.555040973447], [127.00368229328075, 37.55555646034392], [127.00390355850607, 37.556057091603314], [127.00418539888013, 37.55653804553914], [127.00452510102613, 37.55699468989104], [127.00491939410382, 37.55742262645137], [127.00536448128355, 37.55781773344049], [127.00585607629519, 37.558176205221656], [127.00638944470117, 37.55849458897212], [127.00695944949572, 37.55876981795661], [127.00732323962285, 37.55890865524536], [127.00718660929861, 37.559333424876606], [127.0071700846576, 37.55941901380937], [127.00698287347615, 37.55938085076677], [127.00632394747042, 37.55930022383404], [127.00565826798399, 37.559271397052505], [127.00499224449781, 37.559294647970916], [127.00433228980053, 37.559369752708115], [127.00368475828273, 37.5594959881075], [127.00305588479205, 37.559672138696065], [127.0024517246356, 37.55989650838065], [127.00187809530588, 37.5601669367695], [127.00138012578272, 37.56045769510315], [127.00136378295173, 37.56036666397745], [127.00120522888103, 37.55985117442765], [127.00098397083387, 37.55935053848161], [127.00070214073465, 37.55886957720385], [127.00036245366134, 37.55841292210345], [126.99996818166332, 37.55798497054589], [126.99952312222366, 37.557589843422114], [126.99903156167095, 37.55723134548206], [126.99849823389329, 37.556912928713416], [126.99792827475261, 37.55663765911821], [126.99732717263794, 37.5564081872055], [126.9967007156334, 37.55622672248432], [126.99605493580881, 37.55609501220154], [126.9953960511679, 37.55601432452855], [126.99473040581215, 37.555985436358476], [126.99406440889412, 37.556008625831026], [126.9934044729467, 37.55608366965639], [126.99275695217996, 37.55620984526425], [126.99212808133798, 37.5563859377571], [126.99152391570216, 37.55661025160096], [126.99095027281743, 37.556880626941556], [126.99058438203801, 37.557094224134275], [126.99057068452977, 37.557082060883495], [126.99007917060561, 37.55672352597718], [126.98954588498425, 37.556405069046356], [126.98897596312212, 37.556129756479734], [126.98837489304968, 37.555900239200085], [126.98774846254287, 37.55571872715324], [126.98710270341664, 37.55558696804157], [126.98644383347572, 37.555506230506495], [126.98577819668012, 37.55547729192111], [126.9851122021001, 37.55550043091031], [126.98445226224598, 37.5555754246702], [126.98406963756052, 37.55564995301136], [126.98403674362261, 37.55561423514899], [126.98359178296113, 37.55521904853661], [126.98310031494721, 37.55486048480248], [126.98256707257856, 37.554541996568], [126.98199719089551, 37.55426665052326], [126.98139615754195, 37.55403709791342], [126.9807697599406, 37.55385554902443], [126.98012402958982, 37.55372375191334], [126.97946518401751, 37.55364297558736], [126.97929995744062, 37.553635782761795], [126.97933606584579, 37.55344911310956], [126.97937246182659, 37.55291918776726], [126.97934344118154, 37.55238897391974], [126.97924928477674, 37.55186357777917]], [[126.92342960387609, 37.613604360574826], [126.9234884502738, 37.61368356069054], [126.92340177615196, 37.61365043064844], [126.92342960387609, 37.613604360574826]], [[126.92616164812809, 37.615685685055766], [126.92609645406579, 37.61559794977224], [126.92659791917175, 37.615789607897646], [126.92701679720527, 37.61591113077489], [126.92679098590081, 37.61628499448153], [126.92677752011251, 37.616314364648005], [126.92676990504374, 37.61630411687676], [126.92637575621904, 37.61587592461539], [126.92616164812809, 37.615685685055766]]], [[[126.87306762160675, 37.599253658968586], [126.87257640328757, 37.598894639832885], [126.87204332699037, 37.59857565606046], [126.87147352616104, 37.59829977911195], [126.8708724876688, 37.59806966534302], [126.87024599898876, 37.59788753044106], [126.869600092498, 37.59775512810351], [126.86894098742104, 37.597673733162765], [126.86827502998163, 37.59764412931931], [126.86760863233584, 37.59766660160109], [126.86694821087242, 37.59774093362134], [126.86630012447259, 37.597866409661236], [126.86567061332205, 37.59804182155729], [126.86506573886224, 37.59826548032745], [126.86449132545732, 37.59853523242422], [126.86395290433734, 37.59884848045884], [126.86345566035571, 37.59920220819737], [126.86300438207306, 37.59959300958895], [126.86260341564731, 37.60001712154712], [126.86225662297399, 37.60047046016947], [126.86196734447981, 37.60094866004761], [126.8617383669286, 37.601447116289556], [126.86157189655053, 37.60196102885072], [126.8614695377544, 37.60248544874699], [126.86143227763007, 37.603015325705705], [126.86146047639144, 37.60354555679556], [126.86155386385441, 37.60407103556789], [126.86171154198583, 37.60458670123584], [126.86193199350035, 37.60508758741774], [126.86221309642518, 37.605568869975436], [126.8625521444936, 37.60602591348588], [126.86294587317293, 37.60645431589865], [126.86339049107733, 37.60684995094815], [126.86388171646423, 37.60720900791165], [126.86441481846315, 37.60752802832947], [126.86498466264047, 37.60780393933269], [126.86558576046113, 37.60803408325697], [126.86621232217011, 37.608216243256045], [126.86685831258383, 37.608348664668014], [126.86751750925268, 37.608430071927444], [126.86818356243305, 37.608459680860484], [126.86885005628962, 37.60843720624357], [126.86951057073635, 37.608362864553236], [126.87015874331867, 37.60823737187989], [126.87078833053893, 37.60806193702625], [126.87139326803242, 37.607838249856606], [126.87196772901258, 37.60756846500984], [126.87250618042114, 37.60725518113328], [126.87300343624064, 37.60690141583825], [126.87345470745561, 37.60651057661886], [126.87385564817964, 37.606086428015296], [126.87420239750496, 37.60563305533823], [126.8744916166707, 37.60515482530475], [126.87472052119297, 37.604656343965694], [126.8748869076481, 37.60414241233013], [126.87498917485232, 37.60361798011514], [126.87502633923567, 37.60308809806685], [126.87499804426353, 37.60255786931212], [126.87490456381725, 37.602032400209886], [126.87474679950337, 37.6015167511754], [126.87452627191911, 37.60101588795106], [126.87424510596063, 37.60053463379285], [126.87390601031693, 37.6000776230324], [126.87351225134906, 37.59964925646158], [126.87306762160675, 37.599253658968586]]], [[[126.87797653574617, 37.64686274960779], [126.87748498336934, 37.64650375078578], [126.87695154856497, 37.64618478852732], [126.87638136823038, 37.64590893408495], [126.87577993288795, 37.64567884359683], [126.87515303383236, 37.645496732525494], [126.87450670739027, 37.64536435433843], [126.87384717682751, 37.64528298363511], [126.87318079246229, 37.64525340388246], [126.872513970559, 37.64527589987646], [126.87185313158888, 37.64535025500225], [126.87120463845096, 37.64547575331884], [126.87057473524527, 37.645651186448816], [126.86996948718648, 37.645874865206345], [126.86939472223486, 37.64614463585224], [126.86885597500464, 37.646457900819996], [126.8683584334891, 37.646811643713576], [126.8679068891142, 37.647202458337105], [126.86750569060096, 37.647626581477624], [126.8671587020812, 37.64807992912587], [126.86686926586944, 37.64855813578731], [126.8666401702507, 37.64905659650527], [126.86647362259482, 37.64957051119253], [126.86637122805786, 37.65009493084488], [126.86633397407704, 37.65062480519207], [126.86636222081036, 37.65115503132793], [126.86645569761502, 37.651680502851285], [126.8666135056005, 37.65219615904465], [126.8668341262337, 37.65269703361706], [126.86711543591552, 37.65317830254143], [126.86745472639, 37.65363533052522], [126.86784873079128, 37.65406371566661], [126.86829365507897, 37.654459331865404], [126.86878521455992, 37.65481836857947], [126.86931867514568, 37.65513736754319], [126.86988889894806, 37.655413256093425], [126.8704903937743, 37.65564337678127], [126.87111736604376, 37.655825512983654], [126.87176377661626, 37.65595791026731], [126.87242339899284, 37.65603929329889], [126.87308987932691, 37.656068878137695], [126.87375679766613, 37.65604637979229], [126.87441772983324, 37.65597201496792], [126.8750663093477, 37.65584649997827], [126.8756962887901, 37.65567104384145], [126.87630160001596, 37.6554473366275], [126.87687641263761, 37.65517753316914], [126.87741519020891, 37.65486423229383], [126.87791274357049, 37.65451045177753], [126.87836428084127, 37.65411959926194], [126.87876545357312, 37.6536954394162], [126.87911239862507, 37.653242057660066], [126.87940177535302, 37.652763820798896], [126.87963079775788, 37.652265334949895], [126.87979726128336, 37.65175140116603], [126.87989956400652, 37.65122696918544], [126.87993672201846, 37.650697089752086], [126.87990837884921, 37.65016686596763], [126.87981480884757, 37.64964140414286], [126.87965691448557, 37.64912576462257], [126.87943621761569, 37.64862491305698], [126.87915484476676, 37.648143672589036], [126.87881550662225, 37.64768667741772], [126.87842147187993, 37.647258328183874], [126.87797653574617, 37.64686274960779]]], [[[126.89984309852647, 37.6489943421265], [126.8993095490499, 37.648675480123565], [126.8987392656234, 37.64839973298263], [126.89813773976107, 37.648169755808766], [126.89751076362825, 37.64798776297361], [126.8968643742929, 37.64785550680647], [126.8962047956259, 37.64777426073229], [126.89553837840818, 37.64774480701843], [126.89487153922012, 37.647767429247736], [126.89421069869944, 37.64784190959032], [126.8935622197602, 37.647967530900004], [126.89293234636614, 37.64814308361553], [126.89232714344544, 37.64836687739995], [126.8917524385245, 37.648636757406834], [126.89121376564036, 37.648950125016846], [126.89071631207148, 37.6493039628457], [126.89026486839794, 37.64969486378337], [126.88986378237229, 37.650119063785645], [126.8895169170442, 37.65057247810291], [126.88922761354301, 37.651050740598265], [126.88899865887666, 37.65154924577695], [126.88883225905847, 37.652063193123055], [126.88873001782157, 37.65258763331724], [126.88869292112727, 37.65311751589078], [126.88872132761917, 37.65364773785758], [126.888814965116, 37.654173192855936], [126.88897293317947, 37.654688820326754], [126.88919371173446, 37.655189654255096], [126.8894751756604, 37.65567087100467], [126.88981461521499, 37.65612783578494], [126.89020876209574, 37.65655614730238], [126.89065382088896, 37.65695168016558], [126.89114550560495, 37.65731062463481], [126.89167908094791, 37.657629523332865], [126.8922494079233, 37.657905304562334], [126.89285099334356, 37.65813531190818], [126.89347804275447, 37.65831732983925], [126.89412451627209, 37.65844960506182], [126.89478418679045, 37.65853086341863], [126.89545069999883, 37.65856032217035], [126.89611763562796, 37.65853769754052], [126.89677856933397, 37.65846320745124], [126.89742713462174, 37.658337569423296], [126.89805708420917, 37.65816199366039], [126.89866235024003, 37.65793817138519], [126.89923710276268, 37.657668258539], [126.89977580591069, 37.657354855003156], [126.90027327124264, 37.65700097954255], [126.90072470772637, 37.656610040713375], [126.90112576788563, 37.65618580401599], [126.9014725896648, 37.655732355610176], [126.9017618336081, 37.655254062942845], [126.90199071499636, 37.65475553266826], [126.90215703063225, 37.65424156626672], [126.90225918001781, 37.6537171137899], [126.90229618072145, 37.65318722617851], [126.90226767778847, 37.652657006612245], [126.90217394710632, 37.65213156136057], [126.90201589269435, 37.65161595060801], [126.90179503794594, 37.65111513972705], [126.90151351090985, 37.65063395146824], [126.90117402375355, 37.65017701952728], [126.90077984660893, 37.64974874393567], [126.90033477605266, 37.64935324870424], [126.89984309852647, 37.6489943421265]]], [[[126.9484109337879, 37.58463639318955], [126.94787763030897, 37.58431774935972], [126.94730765284373, 37.584042236464306], [126.94670648995928, 37.58381250735423], [126.94607993032596, 37.58363077401415], [126.9454340070023, 37.58349878627624], [126.94477493937379, 37.5834178149823], [126.94410907330311, 37.58338863975523], [126.94344282006696, 37.583411541497554], [126.94278259466456, 37.583486299688964], [126.94213475409113, 37.583612194508554], [126.94150553616764, 37.58378801376177], [126.94090099951492, 37.5840120645452], [126.94032696524765, 37.58428218953736], [126.93978896094863, 37.58459578775923], [126.93929216746139, 37.58494983960483], [126.9388413690122, 37.58534093590198], [126.93844090714201, 37.58576531072364], [126.9380946388909, 37.586218877634956], [126.93780589963835, 37.58669726902762], [126.93757747095769, 37.587195878163584], [126.93741155379502, 37.58770990352378], [126.93730974723263, 37.588234395035606], [126.93727303304237, 37.588764301734265], [126.93730176617998, 37.58929452039968], [126.93739567131377, 37.589819944700494], [126.93755384542305, 37.59033551437217], [126.9377747664432, 37.59083626395557], [126.93805630787644, 37.591317370626356], [126.93839575922922, 37.59177420065403], [126.93878985208094, 37.59220235404321], [126.93923479153433, 37.592597706926064], [126.93972629274586, 37.59295645129732], [126.94025962218468, 37.593275131708154], [126.9408296432231, 37.593550678565066], [126.94143086561954, 37.593780437711956], [126.94205749841659, 37.59396219600992], [126.94270350574412, 37.59409420266763], [126.94336266498841, 37.59417518611621], [126.94402862676603, 37.594204366265686], [126.94469497612234, 37.594181462024345], [126.9453552943642, 37.594106694008566], [126.94600322092872, 37.59398078241677], [126.94663251469032, 37.59380494008805], [126.9472371141137, 37.59358086081262], [126.94781119567199, 37.59331070300688], [126.94834922996495, 37.59299706891088], [126.94884603499652, 37.592642979509186], [126.9492968260967, 37.59225184541727], [126.94969726200696, 37.59182743401459], [126.9500434866849, 37.5913738331418], [126.95033216642545, 37.590895411712296], [126.95056052194239, 37.590396777618466], [126.95072635510118, 37.58988273333845], [126.9508280700478, 37.589358229671994], [126.95086468853113, 37.58882831805092], [126.9508358592734, 37.588298101884504], [126.95074186130007, 37.58777268740809], [126.95058360119972, 37.58725713450863], [126.95036260434152, 37.58675640800071], [126.95008100013762, 37.58627532982194], [126.94974150149379, 37.58581853260783], [126.9493473786481, 37.58539041509279], [126.94890242765041, 37.58499509976601], [126.9484109337879, 37.58463639318955]]], [[[126.9236552575858, 37.63259726721181], [126.92316357594757, 37.632238456796564], [126.92263004428756, 37.63191969952888], [126.9220598004338, 37.63164406468785], [126.92145833551858, 37.631414206297634], [126.92083144112009, 37.63123233758666], [126.92018515351913, 37.63110020968963], [126.91952569560723, 37.63101909479695], [126.91885941700309, 37.63098977391346], [126.91819273295314, 37.63101252934352], [126.91753206260233, 37.63108714197517], [126.91688376722733, 37.631212893388835], [126.91625408902563, 37.63138857277076], [126.91564909104731, 37.63161248856453], [126.9150745988468, 37.63188248474889], [126.9145361444142, 37.632195961585744], [126.91403891292569, 37.632549900638786], [126.91358769282407, 37.632940893822926], [126.91318682970993, 37.633365176205146], [126.91284018448704, 37.633818662241964], [126.91255109616563, 37.63429698510516], [126.91232234968167, 37.63479553871786], [126.91215614904354, 37.635309522096954], [126.91205409606567, 37.63583398557525], [126.91201717489572, 37.636363878459036], [126.9120457424859, 37.63689409766212], [126.91213952510215, 37.63741953684868], [126.91229762090721, 37.637935135611365], [126.91251850859413, 37.63843592821113], [126.91280006198959, 37.63891709140939], [126.91313957048798, 37.63937399093106], [126.91353376512117, 37.63980222611108], [126.91397885001398, 37.640197672293226], [126.91447053892398, 37.64055652057288], [126.91500409651378, 37.64087531449954], [126.91557438395895, 37.64115098338534], [126.91617590845195, 37.64138087189777], [126.91680287612508, 37.64156276565086], [126.91744924788158, 37.64169491254756], [126.91810879759596, 37.64177603966724], [126.91877517212153, 37.641805365535284], [126.91944195252567, 37.6417826076557], [126.92010271596064, 37.64170798523463], [126.92075109757253, 37.64158221706784], [126.92138085184985, 37.641406514612875], [126.92198591281894, 37.64118257031287], [126.92256045250473, 37.64091254128452], [126.92309893709225, 37.640599028528136], [126.92359618024648, 37.64024505186036], [126.92404739307632, 37.63985402081182], [126.92444823026068, 37.63942970177062], [126.92479483189216, 37.63897618168903], [126.9250838606358, 37.63849782870361], [126.92531253384512, 37.6379992500488], [126.92547865032769, 37.63748524767006], [126.92558061150311, 37.63696077196472], [126.9256174367516, 37.63643087409641], [126.92558877280723, 37.63590065734284], [126.92549489710686, 37.635375227945694], [126.9253367150649, 37.634859645936146], [126.92511575130237, 37.6343588764094], [126.92483413491613, 37.63387774171739], [126.92449457893242, 37.63342087503969], [126.92410035414436, 37.63299267577923], [126.9236552575858, 37.63259726721181]]], [[[126.99126368406473, 37.49699510056172], [126.99069420508286, 37.49671979679131], [126.99009360404096, 37.496490289416336], [126.98946766420049, 37.49630878828816], [126.98882241265397, 37.49617704100483], [126.9881640623214, 37.49609631609441], [126.98749895216255, 37.49606739080887], [126.98683348617983, 37.49609054364516], [126.986174071797, 37.49616555166602], [126.98552705820508, 37.4962916926454], [126.98489867526715, 37.49646775201851], [126.98429497356882, 37.496692034569435], [126.98372176618943, 37.49696238074422], [126.98318457275333, 37.49727618743286], [126.98268856629905, 37.49763043302053], [126.98229951087282, 37.49796868352604], [126.98165484393822, 37.49783701676002], [126.98099648723915, 37.49775625187551], [126.98093462936583, 37.49775355815412], [126.98047243124077, 37.49761949856084], [126.9798271848258, 37.49748770220673], [126.97916883327805, 37.49740692716939], [126.9785037155691, 37.49737795118316], [126.97783823577404, 37.49740105323309], [126.97717880144955, 37.49747601087065], [126.97653176197839, 37.497602102354804], [126.97590334747267, 37.497778113597164], [126.9752996088216, 37.49800234984513], [126.97472635945991, 37.49827265199052], [126.97418911941587, 37.49858641734724], [126.97369306217632, 37.498940624698456], [126.97324296487965, 37.499331863372795], [126.97284316231573, 37.49975636607026], [126.97249750517535, 37.500210045122564], [126.97220932295161, 37.50068853183946], [126.97198139185117, 37.50118721856281], [126.97181590802492, 37.50170130302448], [126.97171446637763, 37.502225834580855], [126.97167804516178, 37.50275576188001], [126.97170699650597, 37.503285981502174], [126.97180104297107, 37.50381138710584], [126.97195928016906, 37.50432691860598], [126.97218018542169, 37.50482761091092], [126.97246163237728, 37.50530864174808], [126.97280091144684, 37.505765378117935], [126.97286832116494, 37.50583864161134], [126.9729256298413, 37.505915789519435], [126.97331947575599, 37.50634383191422], [126.97376409455917, 37.506739057895224], [126.97425520449285, 37.50709766068082], [126.97478807579297, 37.50741618618756], [126.9753575762438, 37.507691566315664], [126.97595822061825, 37.507921148516715], [126.9765842235278, 37.50810272135789], [126.97722955517172, 37.508234535835854], [126.97788799944779, 37.508315322234274], [126.97848057295259, 37.50834113793762], [126.97893272795929, 37.508433486839465], [126.97959117592842, 37.50851426376779], [126.98025639288014, 37.50854323432121], [126.98092197103858, 37.50852011942786], [126.98158149914364, 37.50844514173379], [126.98222862424805, 37.50831902345737], [126.9828571129508, 37.50814297942844], [126.98346091147569, 37.5079187053795], [126.98403420401412, 37.50764836160217], [126.9845714687692, 37.5073345521266], [126.9850675311596, 37.506980299625084], [126.98545662144602, 37.5066420407729], [126.98610137083183, 37.50677368720691], [126.98675981243527, 37.5068544241455], [126.9874250179075, 37.50688335424605], [126.98809057958324, 37.5068601988265], [126.9887500863613, 37.50678518092344], [126.98939718550002, 37.50665902314264], [126.99002564384875, 37.50648294069459], [126.99036633991311, 37.50635636551096], [126.99045275550864, 37.50647264642313], [126.99084670507229, 37.50690063109928], [126.99129142032058, 37.50729579177555], [126.9917826185658, 37.50765432229922], [126.9923155691924, 37.50797276928274], [126.99288513921977, 37.508248065382745], [126.99348584274992, 37.508477558860264], [126.99411189382386, 37.50865903913731], [126.99475726217635, 37.508790758102336], [126.99541573135112, 37.50887144695938], [126.99608095861512, 37.50890032845762], [126.99674653609303, 37.508877124383325], [126.99740605253132, 37.5088020582419], [126.99799821043892, 37.50868656917654], [126.99829155848255, 37.5090812116957], [126.99868556663971, 37.50950917046339], [126.99913033886814, 37.50990430186388], [126.99962159193086, 37.51026280002629], [127.00015459468408, 37.51058121187474], [127.0007242136446, 37.51085647040419], [127.00132496244282, 37.51108592423764], [127.00195105468329, 37.51126736317894], [127.00259645970394, 37.51139903951485], [127.00325496069497, 37.5114796848601], [127.00392021461663, 37.51150852238311], [127.0045858133366, 37.51148527429393], [127.00524534539676, 37.511410164522104], [127.00589245781184, 37.51128391655869], [127.00652091730349, 37.511107746483205], [127.00712467037741, 37.51088335124265], [127.00769790166363, 37.51061289229632], [127.00823508995617, 37.510298974783915], [127.00873106141117, 37.50994462241845], [127.00918103939038, 37.50955324834649], [127.00958069046887, 37.509128622256846], [127.00992616616408, 37.508674834055604], [127.01011578816203, 37.50835970473164], [127.01015944471241, 37.5083217321991], [127.01055908364172, 37.50789710262503], [127.01090454768713, 37.507443311385764], [127.01119251046933, 37.50696472922569], [127.01142019960571, 37.506465965582635], [127.01158542337714, 37.50595182417986], [127.01168659179493, 37.50542725674993], [127.01172273186685, 37.504897315336464], [127.01169349691718, 37.50436710363355], [127.01159916987245, 37.503841727831784], [127.01144066048388, 37.503326247444264], [127.01121949651481, 37.50282562658635], [127.01093780898022, 37.502344686177665], [127.01059831158216, 37.501888057527], [127.01020427454098, 37.501460137745894], [127.00975949307531, 37.501065047420255], [127.00926825083566, 37.50070659094668], [127.0087352786444, 37.500388219914704], [127.00816570893949, 37.50011299988698], [127.00756502636075, 37.49988358089636], [127.00693901495391, 37.49970217194332], [127.00629370250002, 37.49957051973857], [127.00563530250493, 37.499489891894996], [127.00497015440615, 37.49946106473023], [127.0043046625712, 37.499484315796835], [127.00364523467265, 37.49955942121207], [127.00299822003167, 37.49968565781248], [127.00236984852175, 37.49986181011292], [127.0017661706188, 37.500086182002995], [127.00150364459155, 37.50021004639448], [127.00138743462527, 37.50008381594298], [127.00094270807472, 37.499688692719445], [127.00045151734176, 37.49933019986463], [126.9999185927532, 37.49901178931845], [126.999349066289, 37.49873652702405], [126.99874842217304, 37.49850706342123], [126.99812244408109, 37.49832560793995], [126.9974771594737, 37.498193907738816], [126.99681878158887, 37.498113230892734], [126.99615364965146, 37.49808435419097], [126.99548816787345, 37.4981075556629], [126.9948287438306, 37.49818261190314], [126.99418172680693, 37.49830880022153], [126.99355334669869, 37.49848490559765], [126.99321269182877, 37.49861149044308], [126.99312628084901, 37.498495211430495], [126.99273236179393, 37.49806723397701], [126.99228769306218, 37.49767207845479], [126.99179655721959, 37.4973135498884], [126.99126368406473, 37.49699510056172]]], [[[127.03009529336845, 37.5009260860498], [127.02956223018045, 37.50060780838201], [127.02899258128565, 37.50033268824945], [127.02839183208546, 37.50010337472327], [127.02776576726636, 37.49992207578863], [127.02712041512297, 37.499790537097255], [127.02646198954287, 37.499710025169364], [127.02579683020961, 37.49968131520687], [127.02513134159874, 37.49970468363432], [127.02447193135185, 37.499779905439354], [127.02382494862047, 37.499906256338235], [127.0231966229712, 37.50008251974565], [127.02259300443902, 37.50030699848172], [127.02201990530378, 37.50057753110393], [127.0214828441491, 37.500891512707355], [127.02098699274141, 37.50124591999306], [127.02053712623942, 37.50163734036443], [127.02013757721286, 37.502062004771545], [127.01979219391333, 37.50251582398838], [127.01950430319908, 37.50299442797419], [127.01927667847144, 37.50349320794059], [127.01911151293261, 37.50400736072032], [127.01901039842342, 37.504531935010604], [127.01897431004676, 37.5050618790465], [127.01900359672626, 37.50559208924561], [127.01909797779332, 37.50611745935568], [127.01925654563695, 37.50663292963206], [127.0194777743935, 37.50713353557134], [127.01975953459434, 37.507614455731506], [127.02009911363193, 37.50807105817794], [127.02049324184928, 37.50849894510714], [127.02093812400258, 37.50889399521825], [127.02142947579505, 37.509252403423176], [127.0219625651308, 37.509570717512446], [127.02253225769188, 37.50984587142273], [127.02313306639864, 37.51007521478487], [127.02375920427788, 37.51025653846709], [127.0244046402273, 37.510388095866645], [127.02506315713872, 37.510468619744366], [127.02572841181875, 37.5104973344391], [127.02639399612774, 37.510473963344474], [127.02705349874645, 37.51039873157534], [127.02770056697362, 37.51027236379832], [127.028328967957, 37.51009607724737], [127.0289326487666, 37.50987156999177], [127.0295057947293, 37.509601004569994], [127.03004288546194, 37.509286987147476], [127.03053874806137, 37.50893254239961], [127.03098860693883, 37.5085410843627], [127.0313881298176, 37.50811638353411], [127.03173346945091, 37.50766253053953], [127.03202130065856, 37.50718389671778], [127.03224885232603, 37.5066850920038], [127.03241393405885, 37.506170920515885], [127.03251495723674, 37.50564633427578], [127.03255095026663, 37.50511638550763], [127.03252156788896, 37.504586177975696], [127.03242709445007, 37.504060817829746], [127.03226844111072, 37.50354536443149], [127.03204713702004, 37.503044781635744], [127.03176531454176, 37.5025638899951], [127.03142568867672, 37.502107320348244], [127.03103153088144, 37.50167946923815], [127.03058663753637, 37.50128445658919], [127.03009529336845, 37.5009260860498]]], [[[127.04887764553713, 37.50670174339088], [127.04838617791388, 37.50634344845481], [127.04785299794118, 37.50602525285638], [127.0472832400559, 37.50575022046897], [127.04668239070806, 37.50552099951883], [127.0460562355476, 37.50533979709984], [127.04541080373826, 37.505208357934585], [127.04475230993401, 37.50512794758529], [127.04408709447483, 37.5050993402761], [127.04342156237627, 37.505122811443506], [127.04276212169847, 37.505198135086296], [127.04211512188593, 37.50532458594059], [127.04148679266989, 37.50550094645899], [127.04088318412, 37.50572551852687], [127.04031010842051, 37.505996139803386], [127.03977308393003, 37.50631020453016], [127.03927728206274, 37.50666468860804], [127.03882747750116, 37.507056178701006], [127.03842800221955, 37.50748090508773], [127.03808270376035, 37.50793477794528], [127.03779490816581, 37.50841342671609], [127.03756738792224, 37.50891224218023], [127.03740233522649, 37.509426420828206], [127.03730134083345, 37.50995101110764], [127.03726537868992, 37.51048096109911], [127.03729479650434, 37.5110111671623], [127.03738931234543, 37.5115365230842], [127.03754801730432, 37.51205196925621], [127.0377693841968, 37.51255254140651], [127.03805128222356, 37.513033418417976], [127.03839099744918, 37.51348996877104], [127.03878525890444, 37.513917795163586], [127.03923027006155, 37.51431277687743], [127.03972174538038, 37.51467110948302], [127.04025495157443, 37.51498934149891], [127.04082475319915, 37.515264407652225], [127.04142566212367, 37.515493658419125], [127.04205189040856, 37.51567488555983], [127.04269740607988, 37.51580634340177], [127.04335599126095, 37.51588676566498], [127.0440213021002, 37.51591537766745], [127.04468692991672, 37.51589190379234], [127.04534646297195, 37.5158165701449], [127.04599354827138, 37.515690102373505], [127.04662195279857, 37.51551371867567], [127.04722562358965, 37.51528911805678], [127.04779874606857, 37.51501846395488], [127.04833580007896, 37.514704363389804], [127.04883161307218, 37.51434984183796], [127.04928140993817, 37.51395831407548], [127.04968085899846, 37.51353355127128], [127.0500261137182, 37.51307964464784], [127.05031384973604, 37.5126009660603], [127.0505412968552, 37.512102125874414], [127.05070626568896, 37.51158792854976], [127.05080716870516, 37.511063326356414], [127.05084303546862, 37.510533371671656], [127.05081352193625, 37.51000316831617], [127.05071891371776, 37.50947782239892], [127.05056012327198, 37.508962393144], [127.05033868106835, 37.508461844173155], [127.05005672080038, 37.5079809957127], [127.04971695879534, 37.50752447818501], [127.04932266782018, 37.507096687630764], [127.04887764553713, 37.50670174339088]]]]}}]}