{"type": "FeatureCollection", "features": [{"id": "24", "type": "Feature", "properties": {"id": 24, "linenm": "수인선", "statnm": "오목천", "x_5179": 952419.2206, "y_5179": 1916160.595, "lng": 126.96353008424018, "lat": 37.2431000443475, "begin": "2020-09-12", "effective_begin": null, "geometry_wkt": "POINT (952419.2206 1916160.595)", "travel_time_sec": 3235.0, "travel_time_min": 53.916666666666664}, "geometry": {"type": "Point", "coordinates": [126.96353008424018, 37.2431000443475]}}, {"id": "25", "type": "Feature", "properties": {"id": 25, "linenm": "수인선", "statnm": "고색", "x_5179": 953955.1055, "y_5179": 1916906.812, "lng": 126.98080027365933, "lat": 37.24990339178687, "begin": "2020-09-12", "effective_begin": null, "geometry_wkt": "POINT (953955.1055 1916906.812)", "travel_time_sec": 3080.0, "travel_time_min": 51.333333333333336}, "geometry": {"type": "Point", "coordinates": [126.98080027365933, 37.24990339178687]}}, {"id": "26", "type": "Feature", "properties": {"id": 26, "linenm": "경강선", "statnm": "판교", "x_5179": 965607.2325, "y_5179": 1932924.107, "lng": 127.11144319589552, "lat": 37.39478218191577, "begin": "2016-09-24", "effective_begin": null, "geometry_wkt": "POINT (965607.2325 1932924.107)", "travel_time_sec": 0.0, "travel_time_min": 0.0}, "geometry": {"type": "Point", "coordinates": [127.11144319589552, 37.39478218191577]}}, {"id": "27", "type": "Feature", "properties": {"id": 27, "linenm": "경강선", "statnm": "이매", "x_5179": 967012.1859, "y_5179": 1932910.658, "lng": 127.12731612795024, "lat": 37.39471204844055, "begin": "2016-09-24", "effective_begin": null, "geometry_wkt": "POINT (967012.1859 1932910.658)", "travel_time_sec": 240.0, "travel_time_min": 4.0}, "geometry": {"type": "Point", "coordinates": [127.12731612795024, 37.39471204844055]}}, {"id": "28", "type": "Feature", "properties": {"id": 28, "linenm": "경강선", "statnm": "삼동", "x_5179": 973753.846, "y_5179": 1934440.922, "lng": 127.20342545155974, "lat": 37.408720901714815, "begin": "2016-09-24", "effective_begin": null, "geometry_wkt": "POINT (973753.846 1934440.922)", "travel_time_sec": 540.0, "travel_time_min": 9.0}, "geometry": {"type": "Point", "coordinates": [127.20342545155974, 37.408720901714815]}}, {"id": "29", "type": "Feature", "properties": {"id": 29, "linenm": "경강선", "statnm": "경기광주", "x_5179": 978157.9958, "y_5179": 1933346.974, "lng": 127.25322304647938, "lat": 37.39897470821774, "begin": "2016-09-24", "effective_begin": null, "geometry_wkt": "POINT (978157.9958 1933346.974)", "travel_time_sec": 840.0, "travel_time_min": 14.0}, "geometry": {"type": "Point", "coordinates": [127.25322304647938, 37.39897470821774]}}, {"id": "30", "type": "Feature", "properties": {"id": 30, "linenm": "경강선", "statnm": "초월", "x_5179": 982281.8335, "y_5179": 1930498.948, "lng": 127.2998832452716, "lat": 37.37339127196922, "begin": "2016-09-24", "effective_begin": null, "geometry_wkt": "POINT (982281.8335 1930498.948)", "travel_time_sec": 1080.0, "travel_time_min": 18.0}, "geometry": {"type": "Point", "coordinates": [127.2998832452716, 37.37339127196922]}}, {"id": "31", "type": "Feature", "properties": {"id": 31, "linenm": "경강선", "statnm": "곤지암", "x_5179": 986383.2935, "y_5179": 1927955.7, "lng": 127.34625353575343, "lat": 37.35053613625162, "begin": "2016-09-24", "effective_begin": null, "geometry_wkt": "POINT (986383.2935 1927955.7)", "travel_time_sec": 1380.0, "travel_time_min": 23.0}, "geometry": {"type": "Point", "coordinates": [127.34625353575343, 37.35053613625162]}}, {"id": "32", "type": "Feature", "properties": {"id": 32, "linenm": "경강선", "statnm": "신둔도예촌", "x_5179": 991604.1104, "y_5179": 1924073.639, "lng": 127.40524573211432, "lat": 37.315605515371374, "begin": "2016-09-24", "effective_begin": null, "geometry_wkt": "POINT (991604.1104 1924073.639)", "travel_time_sec": 1680.0, "travel_time_min": 28.0}, "geometry": {"type": "Point", "coordinates": [127.40524573211432, 37.315605515371374]}}, {"id": "33", "type": "Feature", "properties": {"id": 33, "linenm": "경강선", "statnm": "이천", "x_5179": 994874.1939, "y_5179": 1918377.236, "lng": 127.44219049160138, "lat": 37.264282030974286, "begin": "2016-09-24", "effective_begin": null, "geometry_wkt": "POINT (994874.1939 1918377.236)", "travel_time_sec": 2040.0, "travel_time_min": 34.0}, "geometry": {"type": "Point", "coordinates": [127.44219049160138, 37.264282030974286]}}, {"id": "34", "type": "Feature", "properties": {"id": 34, "linenm": "경강선", "statnm": "부발", "x_5179": 999145.0649, "y_5179": 1917934.424, "lng": 127.49035843730856, "lat": 37.26030423134139, "begin": "2016-09-24", "effective_begin": null, "geometry_wkt": "POINT (999145.0649 1917934.424)", "travel_time_sec": 2280.0, "travel_time_min": 38.0}, "geometry": {"type": "Point", "coordinates": [127.49035843730856, 37.26030423134139]}}, {"id": "35", "type": "Feature", "properties": {"id": 35, "linenm": "경강선", "statnm": "세종대왕릉", "x_5179": 1006248.866, "y_5179": 1921637.967, "lng": 127.57050292506308, "lat": 37.29366739046331, "begin": "2016-09-24", "effective_begin": null, "geometry_wkt": "POINT (1006248.866 1921637.967)", "travel_time_sec": 2700.0, "travel_time_min": 45.0}, "geometry": {"type": "Point", "coordinates": [127.57050292506308, 37.29366739046331]}}, {"id": "36", "type": "Feature", "properties": {"id": 36, "linenm": "경강선", "statnm": "여주", "x_5179": 1011382.601, "y_5179": 1920441.956, "lng": 127.62840594382148, "lat": 37.28283791250945, "begin": "2016-09-24", "effective_begin": null, "geometry_wkt": "POINT (1011382.601 1920441.956)", "travel_time_sec": 3000.0, "travel_time_min": 50.0}, "geometry": {"type": "Point", "coordinates": [127.62840594382148, 37.28283791250945]}}, {"id": "37", "type": "Feature", "properties": {"id": 37, "linenm": "서해선", "statnm": "대곡", "x_5179": 939092.6258, "y_5179": 1959341.618, "lng": 126.80971694247032, "lat": 37.6315193723656, "begin": "2023-07-01", "effective_begin": null, "geometry_wkt": "POINT (939092.6258 1959341.618)", "travel_time_sec": 2868.0, "travel_time_min": 47.8}, "geometry": {"type": "Point", "coordinates": [126.80971694247032, 37.6315193723656]}}, {"id": "38", "type": "Feature", "properties": {"id": 38, "linenm": "서해선", "statnm": "능곡", "x_5179": 940005.1117, "y_5179": 1957936.088, "lng": 126.82017315331454, "lat": 37.61891160398485, "begin": "2023-07-01", "effective_begin": null, "geometry_wkt": "POINT (940005.1117 1957936.088)", "travel_time_sec": 3024.0, "travel_time_min": 50.4}, "geometry": {"type": "Point", "coordinates": [126.82017315331454, 37.61891160398485]}}, {"id": "41", "type": "Feature", "properties": {"id": 41, "linenm": "서해선", "statnm": "부천종합운동장", "x_5179": 937889.2795, "y_5179": 1945286.32, "lng": 126.79727113029573, "lat": 37.504760062681896, "begin": "2023-07-01", "effective_begin": null, "geometry_wkt": "POINT (937889.2795 1945286.32)", "travel_time_sec": 3414.0, "travel_time_min": 56.9}, "geometry": {"type": "Point", "coordinates": [126.79727113029573, 37.504760062681896]}}, {"id": "61", "type": "Feature", "properties": {"id": 61, "linenm": "신안산선", "statnm": "시흥사거리", "x_5179": 946978.6676, "y_5179": 1939672.625, "lng": 126.90050843048068, "lat": 37.45472970379196, "begin": "2028-12-31", "effective_begin": null, "geometry_wkt": "POINT (946978.6676 1939672.625)", "travel_time_sec": 3597.0, "travel_time_min": 59.95}, "geometry": {"type": "Point", "coordinates": [126.90050843048068, 37.45472970379196]}}, {"id": "62", "type": "Feature", "properties": {"id": 62, "linenm": "신안산선", "statnm": "독산", "x_5179": 946768.5032, "y_5179": 1941315.366, "lng": 126.89801360814825, "lat": 37.46952402208488, "begin": "2028-12-31", "effective_begin": null, "geometry_wkt": "POINT (946768.5032 1941315.366)", "travel_time_sec": 3462.0, "travel_time_min": 57.7}, "geometry": {"type": "Point", "coordinates": [126.89801360814825, 37.46952402208488]}}, {"id": "63", "type": "Feature", "properties": {"id": 63, "linenm": "신안산선", "statnm": "구로디지털단지", "x_5179": 947200.36, "y_5179": 1942979.832, "lng": 126.9027777860902, "lat": 37.48455098408746, "begin": "2028-12-31", "effective_begin": null, "geometry_wkt": "POINT (947200.36 1942979.832)", "travel_time_sec": 3312.0, "travel_time_min": 55.2}, "geometry": {"type": "Point", "coordinates": [126.9027777860902, 37.48455098408746]}}, {"id": "64", "type": "Feature", "properties": {"id": 64, "linenm": "신안산선", "statnm": "대림삼거리", "x_5179": 947662.367, "y_5179": 1943666.192, "lng": 126.90795451752606, "lat": 37.49076358567188, "begin": "2028-12-31", "effective_begin": null, "geometry_wkt": "POINT (947662.367 1943666.192)", "travel_time_sec": 3398.0, "travel_time_min": 56.63333333333333}, "geometry": {"type": "Point", "coordinates": [126.90795451752606, 37.49076358567188]}}, {"id": "65", "type": "Feature", "properties": {"id": 65, "linenm": "신안산선", "statnm": "신풍", "x_5179": 947466.3909, "y_5179": 1944722.335, "lng": 126.9056623019391, "lat": 37.50027167039203, "begin": "2028-12-31", "effective_begin": null, "geometry_wkt": "POINT (947466.3909 1944722.335)", "travel_time_sec": 3278.0, "travel_time_min": 54.63333333333333}, "geometry": {"type": "Point", "coordinates": [126.9056623019391, 37.50027167039203]}}, {"id": "66", "type": "Feature", "properties": {"id": 66, "linenm": "신안산선", "statnm": "도림사거리", "x_5179": 947013.2516, "y_5179": 1945580.727, "lng": 126.90047411183204, "lat": 37.50798259646756, "begin": "2028-12-31", "effective_begin": null, "geometry_wkt": "POINT (947013.2516 1945580.727)", "travel_time_sec": 3173.0, "travel_time_min": 52.88333333333333}, "geometry": {"type": "Point", "coordinates": [126.90047411183204, 37.50798259646756]}}, {"id": "67", "type": "Feature", "properties": {"id": 67, "linenm": "신안산선", "statnm": "영등포", "x_5179": 947584.3312, "y_5179": 1946518.93, "lng": 126.90686843646188, "lat": 37.51647139157099, "begin": "2028-12-31", "effective_begin": null, "geometry_wkt": "POINT (947584.3312 1946518.93)", "travel_time_sec": 3038.0, "travel_time_min": 50.63333333333333}, "geometry": {"type": "Point", "coordinates": [126.90686843646188, 37.51647139157099]}}, {"id": "68", "type": "Feature", "properties": {"id": 68, "linenm": "신안산선", "statnm": "여의도", "x_5179": 949076.0094159988, "y_5179": 1947116.913807754, "lng": 126.92370590517274, "lat": 37.521944684340674, "begin": "2028-12-31", "effective_begin": null, "geometry_wkt": "POINT (949076.009416 1947116.913808)", "travel_time_sec": 2903.0, "travel_time_min": 48.38333333333333}, "geometry": {"type": "Point", "coordinates": [126.92370590517274, 37.521944684340674]}}, {"id": "79", "type": "Feature", "properties": {"id": 79, "linenm": "경의중앙선", "statnm": "일산", "x_5179": 935625.9626, "y_5179": 1964971.847, "lng": 126.76993425463164, "lat": 37.682026514489294, "begin": "2009-07-01", "effective_begin": null, "geometry_wkt": "POINT (935625.9626 1964971.847)", "travel_time_sec": 3498.0, "travel_time_min": 58.3}, "geometry": {"type": "Point", "coordinates": [126.76993425463164, 37.682026514489294]}}, {"id": "80", "type": "Feature", "properties": {"id": 80, "linenm": "경의중앙선", "statnm": "풍산", "x_5179": 937056.0259, "y_5179": 1963890.536, "lng": 126.78624480101443, "lat": 37.67238026899241, "begin": "2009-07-01", "effective_begin": null, "geometry_wkt": "POINT (937056.0259 1963890.536)", "travel_time_sec": 3378.0, "travel_time_min": 56.3}, "geometry": {"type": "Point", "coordinates": [126.78624480101443, 37.67238026899241]}}, {"id": "81", "type": "Feature", "properties": {"id": 81, "linenm": "경의중앙선", "statnm": "백마", "x_5179": 937784.1892, "y_5179": 1962302.23, "lng": 126.79463673789591, "lat": 37.6581149752406, "begin": "2009-07-01", "effective_begin": null, "geometry_wkt": "POINT (937784.1892 1962302.23)", "travel_time_sec": 3198.0, "travel_time_min": 53.3}, "geometry": {"type": "Point", "coordinates": [126.79463673789591, 37.6581149752406]}}, {"id": "82", "type": "Feature", "properties": {"id": 82, "linenm": "경의중앙선", "statnm": "곡산", "x_5179": 938402.2882, "y_5179": 1960939.657, "lng": 126.80175886944464, "lat": 37.64587612155222, "begin": "2009-07-01", "effective_begin": null, "geometry_wkt": "POINT (938402.2882 1960939.657)", "travel_time_sec": 3078.0, "travel_time_min": 51.3}, "geometry": {"type": "Point", "coordinates": [126.80175886944464, 37.64587612155222]}}, {"id": "83", "type": "Feature", "properties": {"id": 83, "linenm": "경의중앙선", "statnm": "대곡", "x_5179": 939106.6959, "y_5179": 1959385.761, "lng": 126.8098727135928, "lat": 37.63191815759094, "begin": "2009-07-01", "effective_begin": null, "geometry_wkt": "POINT (939106.6959 1959385.761)", "travel_time_sec": 2898.0, "travel_time_min": 48.3}, "geometry": {"type": "Point", "coordinates": [126.8098727135928, 37.63191815759094]}}, {"id": "84", "type": "Feature", "properties": {"id": 84, "linenm": "경의중앙선", "statnm": "능곡", "x_5179": 940022.155, "y_5179": 1957955.326, "lng": 126.82036468715025, "lat": 37.61908610559208, "begin": "2009-07-01", "effective_begin": null, "geometry_wkt": "POINT (940022.155 1957955.326)", "travel_time_sec": 3078.0, "travel_time_min": 51.3}, "geometry": {"type": "Point", "coordinates": [126.82036468715025, 37.61908610559208]}}, {"id": "85", "type": "Feature", "properties": {"id": 85, "linenm": "경의중앙선", "statnm": "행신", "x_5179": 941247.9458, "y_5179": 1957171.665, "lng": 126.83431676333676, "lat": 37.61210224285794, "begin": "2009-07-01", "effective_begin": null, "geometry_wkt": "POINT (941247.9458 1957171.665)", "travel_time_sec": 3198.0, "travel_time_min": 53.3}, "geometry": {"type": "Point", "coordinates": [126.83431676333676, 37.61210224285794]}}, {"id": "86", "type": "Feature", "properties": {"id": 86, "linenm": "경의중앙선", "statnm": "강매", "x_5179": 942154.9953, "y_5179": 1957187.273, "lng": 126.8445921251066, "lat": 37.61230043997802, "begin": "2014-10-25", "effective_begin": null, "geometry_wkt": "POINT (942154.9953 1957187.273)", "travel_time_sec": 3318.0, "travel_time_min": 55.3}, "geometry": {"type": "Point", "coordinates": [126.8445921251066, 37.61230043997802]}}, {"id": "87", "type": "Feature", "properties": {"id": 87, "linenm": "경의중앙선", "statnm": "한국항공대", "x_5179": 944234.2833, "y_5179": 1956146.879, "lng": 126.86822930232012, "lat": 37.6030519075975, "begin": "2009-07-01", "effective_begin": null, "geometry_wkt": "POINT (944234.2833 1956146.879)", "travel_time_sec": 3498.0, "travel_time_min": 58.3}, "geometry": {"type": "Point", "coordinates": [126.86822930232012, 37.6030519075975]}}, {"id": "89", "type": "Feature", "properties": {"id": 89, "linenm": "경의중앙선", "statnm": "디지털미디어시티", "x_5179": 947067.0347, "y_5179": 1953297.077, "lng": 126.9005259914071, "lat": 37.57753397231289, "begin": "2009-07-01", "effective_begin": null, "geometry_wkt": "POINT (947067.0347 1953297.077)", "travel_time_sec": 3484.0, "travel_time_min": 58.06666666666667}, "geometry": {"type": "Point", "coordinates": [126.9005259914071, 37.57753397231289]}}, {"id": "90", "type": "Feature", "properties": {"id": 90, "linenm": "경의중앙선", "statnm": "가좌", "x_5179": 948323.6232, "y_5179": 1952327.699, "lng": 126.91482473163856, "lat": 37.56886829715047, "begin": "2009-07-01", "effective_begin": null, "geometry_wkt": "POINT (948323.6232 1952327.699)", "travel_time_sec": 3364.0, "travel_time_min": 56.06666666666667}, "geometry": {"type": "Point", "coordinates": [126.91482473163856, 37.56886829715047]}}, {"id": "91", "type": "Feature", "properties": {"id": 91, "linenm": "경의중앙선", "statnm": "홍대입구", "x_5179": 949401.4422, "y_5179": 1951059.374, "lng": 126.92711676704472, "lat": 37.55749659897202, "begin": "2012-12-15", "effective_begin": null, "geometry_wkt": "POINT (949401.4422 1951059.374)", "travel_time_sec": 3244.0, "travel_time_min": 54.06666666666667}, "geometry": {"type": "Point", "coordinates": [126.92711676704472, 37.55749659897202]}}, {"id": "92", "type": "Feature", "properties": {"id": 92, "linenm": "경의중앙선", "statnm": "서강대", "x_5179": 950114.9007, "y_5179": 1950482.03, "lng": 126.93523354466528, "lat": 37.55233183205827, "begin": "2012-12-15", "effective_begin": null, "geometry_wkt": "POINT (950114.9007 1950482.03)", "travel_time_sec": 3194.0, "travel_time_min": 53.233333333333334}, "geometry": {"type": "Point", "coordinates": [126.93523354466528, 37.55233183205827]}}, {"id": "93", "type": "Feature", "properties": {"id": 93, "linenm": "경의중앙선", "statnm": "공덕", "x_5179": 951603.7697, "y_5179": 1949408.151, "lng": 126.95215967146096, "lat": 37.54273218618415, "begin": "2012-12-15", "effective_begin": null, "geometry_wkt": "POINT (951603.7697 1949408.151)", "travel_time_sec": 3074.0, "travel_time_min": 51.233333333333334}, "geometry": {"type": "Point", "coordinates": [126.95215967146096, 37.54273218618415]}}, {"id": "94", "type": "Feature", "properties": {"id": 94, "linenm": "경의중앙선", "statnm": "효창공원앞", "x_5179": 952542.806, "y_5179": 1948944.789, "lng": 126.96281899756076, "lat": 37.53860464456577, "begin": "2016-04-30", "effective_begin": null, "geometry_wkt": "POINT (952542.806 1948944.789)", "travel_time_sec": 2954.0, "travel_time_min": 49.233333333333334}, "geometry": {"type": "Point", "coordinates": [126.96281899756076, 37.53860464456577]}}, {"id": "95", "type": "Feature", "properties": {"id": 95, "linenm": "경의중앙선", "statnm": "용산", "x_5179": 952706.0841, "y_5179": 1947942.319, "lng": 126.96473169613763, "lat": 37.52957755442685, "begin": "1978-12-09", "effective_begin": null, "geometry_wkt": "POINT (952706.0841 1947942.319)", "travel_time_sec": 2774.0, "travel_time_min": 46.233333333333334}, "geometry": {"type": "Point", "coordinates": [126.96473169613763, 37.52957755442685]}}, {"id": "96", "type": "Feature", "properties": {"id": 96, "linenm": "경의중앙선", "statnm": "이촌", "x_5179": 953493.6669, "y_5179": 1947135.337, "lng": 126.97369624297455, "lat": 37.52234409069938, "begin": "1978-12-09", "effective_begin": null, "geometry_wkt": "POINT (953493.6669 1947135.337)", "travel_time_sec": 2896.0, "travel_time_min": 48.266666666666666}, "geometry": {"type": "Point", "coordinates": [126.97369624297455, 37.52234409069938]}}, {"id": "97", "type": "Feature", "properties": {"id": 97, "linenm": "경의중앙선", "statnm": "서빙고", "x_5179": 954791.2023, "y_5179": 1946821.631, "lng": 126.98839897917318, "lat": 37.51958109244649, "begin": "1978-12-09", "effective_begin": null, "geometry_wkt": "POINT (954791.2023 1946821.631)", "travel_time_sec": 2716.0, "travel_time_min": 45.266666666666666}, "geometry": {"type": "Point", "coordinates": [126.98839897917318, 37.51958109244649]}}, {"id": "98", "type": "Feature", "properties": {"id": 98, "linenm": "경의중앙선", "statnm": "한남", "x_5179": 956644.3773, "y_5179": 1947910.846, "lng": 127.00930523910256, "lat": 37.529487486397066, "begin": "1980-04-01", "effective_begin": null, "geometry_wkt": "POINT (956644.3773 1947910.846)", "travel_time_sec": 2536.0, "travel_time_min": 42.266666666666666}, "geometry": {"type": "Point", "coordinates": [127.00930523910256, 37.529487486397066]}}, {"id": "99", "type": "Feature", "properties": {"id": 99, "linenm": "경의중앙선", "statnm": "옥수", "x_5179": 957470.6364, "y_5179": 1949114.443, "lng": 127.0185867229776, "lat": 37.5403743443041, "begin": "1985-10-18", "effective_begin": null, "geometry_wkt": "POINT (957470.6364 1949114.443)", "travel_time_sec": 2356.0, "travel_time_min": 39.266666666666666}, "geometry": {"type": "Point", "coordinates": [127.0185867229776, 37.5403743443041]}}, {"id": "100", "type": "Feature", "properties": {"id": 100, "linenm": "경의중앙선", "statnm": "응봉", "x_5179": 958895.1542, "y_5179": 1950194.366, "lng": 127.03465062663128, "lat": 37.5501726486635, "begin": "1978-12-09", "effective_begin": null, "geometry_wkt": "POINT (958895.1542 1950194.366)", "travel_time_sec": 2536.0, "travel_time_min": 42.266666666666666}, "geometry": {"type": "Point", "coordinates": [127.03465062663128, 37.5501726486635]}}, {"id": "101", "type": "Feature", "properties": {"id": 101, "linenm": "경의중앙선", "statnm": "왕십리", "x_5179": 959228.0401, "y_5179": 1951497.917, "lng": 127.03834664915074, "lat": 37.56193672070951, "begin": "1978-12-09", "effective_begin": null, "geometry_wkt": "POINT (959228.0401 1951497.917)", "travel_time_sec": 2656.0, "travel_time_min": 44.266666666666666}, "geometry": {"type": "Point", "coordinates": [127.03834664915074, 37.56193672070951]}}, {"id": "102", "type": "Feature", "properties": {"id": 102, "linenm": "경의중앙선", "statnm": "청량리", "x_5179": 960133.9736, "y_5179": 1953573.09, "lng": 127.04849116980267, "lat": 37.58068049315112, "begin": "1978-12-09", "effective_begin": null, "geometry_wkt": "POINT (960133.9736 1953573.09)", "travel_time_sec": 2539.0, "travel_time_min": 42.31666666666667}, "geometry": {"type": "Point", "coordinates": [127.04849116980267, 37.58068049315112]}}, {"id": "103", "type": "Feature", "properties": {"id": 103, "linenm": "경의중앙선", "statnm": "회기", "x_5179": 960993.8834, "y_5179": 1954568.715, "lng": 127.05817690680097, "lat": 37.58969117643179, "begin": "2005-12-16", "effective_begin": null, "geometry_wkt": "POINT (960993.8834 1954568.715)", "travel_time_sec": 2719.0, "travel_time_min": 45.31666666666667}, "geometry": {"type": "Point", "coordinates": [127.05817690680097, 37.58969117643179]}}, {"id": "104", "type": "Feature", "properties": {"id": 104, "linenm": "경의중앙선", "statnm": "중랑", "x_5179": 962575.8549, "y_5179": 1955138.718, "lng": 127.07606632960596, "lat": 37.59489448479159, "begin": "2005-12-16", "effective_begin": null, "geometry_wkt": "POINT (962575.8549 1955138.718)", "travel_time_sec": 2899.0, "travel_time_min": 48.31666666666667}, "geometry": {"type": "Point", "coordinates": [127.07606632960596, 37.59489448479159]}}, {"id": "105", "type": "Feature", "properties": {"id": 105, "linenm": "경의중앙선", "statnm": "상봉", "x_5179": 963382.3432, "y_5179": 1955336.741, "lng": 127.0851919476268, "lat": 37.59671178171472, "begin": "2010-12-21", "effective_begin": null, "geometry_wkt": "POINT (963382.3432 1955336.741)", "travel_time_sec": 3019.0, "travel_time_min": 50.31666666666667}, "geometry": {"type": "Point", "coordinates": [127.0851919476268, 37.59671178171472]}}, {"id": "106", "type": "Feature", "properties": {"id": 106, "linenm": "경의중앙선", "statnm": "망우", "x_5179": 964013.5934, "y_5179": 1955618.521, "lng": 127.09232878145164, "lat": 37.59927646084408, "begin": "2005-12-16", "effective_begin": null, "geometry_wkt": "POINT (964013.5934 1955618.521)", "travel_time_sec": 3139.0, "travel_time_min": 52.31666666666667}, "geometry": {"type": "Point", "coordinates": [127.09232878145164, 37.59927646084408]}}, {"id": "107", "type": "Feature", "properties": {"id": 107, "linenm": "경의중앙선", "statnm": "양원", "x_5179": 965413.3893, "y_5179": 1956429.643, "lng": 127.10814764606556, "lat": 37.606641053033485, "begin": "2005-12-16", "effective_begin": null, "geometry_wkt": "POINT (965413.3893 1956429.643)", "travel_time_sec": 3319.0, "travel_time_min": 55.31666666666667}, "geometry": {"type": "Point", "coordinates": [127.10814764606556, 37.606641053033485]}}, {"id": "108", "type": "Feature", "properties": {"id": 108, "linenm": "경의중앙선", "statnm": "구리", "x_5179": 968488.6952, "y_5179": 1956026.123, "lng": 127.14300635358433, "lat": 37.6031145359872, "begin": "2005-12-16", "effective_begin": null, "geometry_wkt": "POINT (968488.6952 1956026.123)", "travel_time_sec": 3559.0, "travel_time_min": 59.31666666666667}, "geometry": {"type": "Point", "coordinates": [127.14300635358433, 37.6031145359872]}}, {"id": "124", "type": "Feature", "properties": {"id": 124, "linenm": "경의중앙선", "statnm": "신촌", "x_5179": 950692.011, "y_5179": 1951294.51, "lng": 126.9417122928634, "lat": 37.55968590773477, "begin": "2009-07-01", "effective_begin": null, "geometry_wkt": "POINT (950692.011 1951294.51)", "travel_time_sec": 2664.0, "travel_time_min": 44.4}, "geometry": {"type": "Point", "coordinates": [126.9417122928634, 37.55968590773477]}}, {"id": "125", "type": "Feature", "properties": {"id": 125, "linenm": "경의중앙선", "statnm": "서울역", "x_5179": 953305.4609, "y_5179": 1950959.834, "lng": 126.9713231003322, "lat": 37.55680561965095, "begin": "2009-07-01", "effective_begin": null, "geometry_wkt": "POINT (953305.4609 1950959.834)", "travel_time_sec": 2304.0, "travel_time_min": 38.4}, "geometry": {"type": "Point", "coordinates": [126.9713231003322, 37.55680561965095]}}, {"id": "126", "type": "Feature", "properties": {"id": 126, "linenm": "경춘선", "statnm": "청량리", "x_5179": 960116.6007, "y_5179": 1953586.126, "lng": 127.04829370607256, "lat": 37.58079723729941, "begin": "2016-09-26", "effective_begin": null, "geometry_wkt": "POINT (960116.6007 1953586.126)", "travel_time_sec": 2899.0, "travel_time_min": 48.31666666666667}, "geometry": {"type": "Point", "coordinates": [127.04829370607256, 37.58079723729941]}}, {"id": "127", "type": "Feature", "properties": {"id": 127, "linenm": "경춘선", "statnm": "회기", "x_5179": 960992.0219, "y_5179": 1954574.016, "lng": 127.05815553967152, "lat": 37.58973887680055, "begin": "2016-09-26", "effective_begin": null, "geometry_wkt": "POINT (960992.0219 1954574.016)", "travel_time_sec": 3079.0, "travel_time_min": 51.31666666666667}, "geometry": {"type": "Point", "coordinates": [127.05815553967152, 37.58973887680055]}}, {"id": "128", "type": "Feature", "properties": {"id": 128, "linenm": "경춘선", "statnm": "중랑", "x_5179": 962575.1352, "y_5179": 1955145.525, "lng": 127.07605782911482, "lat": 37.59495580886589, "begin": "2016-09-26", "effective_begin": null, "geometry_wkt": "POINT (962575.1352 1955145.525)", "travel_time_sec": 3259.0, "travel_time_min": 54.31666666666667}, "geometry": {"type": "Point", "coordinates": [127.07605782911482, 37.59495580886589]}}, {"id": "129", "type": "Feature", "properties": {"id": 129, "linenm": "경춘선", "statnm": "상봉", "x_5179": 963371.91, "y_5179": 1955364.764, "lng": 127.08507235969924, "lat": 37.59696394547592, "begin": "2010-12-21", "effective_begin": null, "geometry_wkt": "POINT (963371.91 1955364.764)", "travel_time_sec": 3379.0, "travel_time_min": 56.31666666666667}, "geometry": {"type": "Point", "coordinates": [127.08507235969924, 37.59696394547592]}}, {"id": "130", "type": "Feature", "properties": {"id": 130, "linenm": "경춘선", "statnm": "망우", "x_5179": 963956.0486, "y_5179": 1955696.753, "lng": 127.09167304799372, "lat": 37.59997933463933, "begin": "2010-12-21", "effective_begin": null, "geometry_wkt": "POINT (963956.0486 1955696.753)", "travel_time_sec": 3499.0, "travel_time_min": 58.31666666666667}, "geometry": {"type": "Point", "coordinates": [127.09167304799372, 37.59997933463933]}}, {"id": "133", "type": "Feature", "properties": {"id": 133, "linenm": "경춘선", "statnm": "별내", "x_5179": 967117.699, "y_5179": 1960367.805, "lng": 127.12727921321871, "lat": 37.64219936214101, "begin": "2012-12-15", "effective_begin": null, "geometry_wkt": "POINT (967117.699 1960367.805)", "travel_time_sec": 3564.0, "travel_time_min": 59.4}, "geometry": {"type": "Point", "coordinates": [127.12727921321871, 37.64219936214101]}}, {"id": "150", "type": "Feature", "properties": {"id": 150, "linenm": "경춘선", "statnm": "광운대", "x_5179": 961352.0118, "y_5179": 1958350.592, "lng": 127.06203350607043, "lat": 37.62379325369998, "begin": "2013-11-04", "effective_begin": null, "geometry_wkt": "POINT (961352.0118 1958350.592)", "travel_time_sec": 3112.0, "travel_time_min": 51.86666666666667}, "geometry": {"type": "Point", "coordinates": [127.06203350607043, 37.62379325369998]}}, {"id": "152", "type": "Feature", "properties": {"id": 152, "linenm": "의정부경전철", "statnm": "회룡", "x_5179": 960084.3369, "y_5179": 1969586.893, "lng": 127.0470531636638, "lat": 37.72501316442311, "begin": "2012-07-01", "effective_begin": null, "geometry_wkt": "POINT (960084.3369 1969586.893)", "travel_time_sec": 3517.0, "travel_time_min": 58.61666666666667}, "geometry": {"type": "Point", "coordinates": [127.0470531636638, 37.72501316442311]}}, {"id": "153", "type": "Feature", "properties": {"id": 153, "linenm": "의정부경전철", "statnm": "범골", "x_5179": 959788.7008, "y_5179": 1970007.916, "lng": 127.04367521892088, "lat": 37.72879492163151, "begin": "2012-07-01", "effective_begin": null, "geometry_wkt": "POINT (959788.7008 1970007.916)", "travel_time_sec": 3592.0, "travel_time_min": 59.86666666666667}, "geometry": {"type": "Point", "coordinates": [127.04367521892088, 37.72879492163151]}}, {"id": "166", "type": "Feature", "properties": {"id": 166, "linenm": "용인경전철", "statnm": "기흥", "x_5179": 966092.8176, "y_5179": 1919682.791, "lng": 127.11753466306268, "lat": 37.275446605331936, "begin": "2013-04-26", "effective_begin": null, "geometry_wkt": "POINT (966092.8176 1919682.791)", "travel_time_sec": 1998.0, "travel_time_min": 33.3}, "geometry": {"type": "Point", "coordinates": [127.11753466306268, 37.275446605331936]}}, {"id": "167", "type": "Feature", "properties": {"id": 167, "linenm": "용인경전철", "statnm": "강남대", "x_5179": 966845.1658, "y_5179": 1919091.967, "lng": 127.12604715514982, "lat": 37.27014813638295, "begin": "2013-04-26", "effective_begin": null, "geometry_wkt": "POINT (966845.1658 1919091.967)", "travel_time_sec": 2102.0, "travel_time_min": 35.03333333333333}, "geometry": {"type": "Point", "coordinates": [127.12604715514982, 37.27014813638295]}}, {"id": "168", "type": "Feature", "properties": {"id": 168, "linenm": "용인경전철", "statnm": "지석", "x_5179": 967784.087, "y_5179": 1919043.934, "lng": 127.13663911569527, "lat": 37.269748151901375, "begin": "2013-04-26", "effective_begin": null, "geometry_wkt": "POINT (967784.087 1919043.934)", "travel_time_sec": 2207.0, "travel_time_min": 36.78333333333333}, "geometry": {"type": "Point", "coordinates": [127.13663911569527, 37.269748151901375]}}, {"id": "169", "type": "Feature", "properties": {"id": 169, "linenm": "용인경전철", "statnm": "어정", "x_5179": 968418.4172, "y_5179": 1919620.544, "lng": 127.1437690636977, "lat": 37.27496736479221, "begin": "2013-04-26", "effective_begin": null, "geometry_wkt": "POINT (968418.4172 1919620.544)", "travel_time_sec": 2298.0, "travel_time_min": 38.3}, "geometry": {"type": "Point", "coordinates": [127.1437690636977, 37.27496736479221]}}, {"id": "170", "type": "Feature", "properties": {"id": 170, "linenm": "용인경전철", "statnm": "동백", "x_5179": 969208.8189, "y_5179": 1918969.94, "lng": 127.1527113483014, "lat": 37.26912941082946, "begin": "2013-04-26", "effective_begin": null, "geometry_wkt": "POINT (969208.8189 1918969.94)", "travel_time_sec": 2416.0, "travel_time_min": 40.266666666666666}, "geometry": {"type": "Point", "coordinates": [127.1527113483014, 37.26912941082946]}}, {"id": "171", "type": "Feature", "properties": {"id": 171, "linenm": "용인경전철", "statnm": "초당", "x_5179": 969805.4853, "y_5179": 1918044.91, "lng": 127.15947848591688, "lat": 37.26081086407165, "begin": "2013-04-26", "effective_begin": null, "geometry_wkt": "POINT (969805.4853 1918044.91)", "travel_time_sec": 2525.0, "travel_time_min": 42.083333333333336}, "geometry": {"type": "Point", "coordinates": [127.15947848591688, 37.26081086407165]}}, {"id": "172", "type": "Feature", "properties": {"id": 172, "linenm": "용인경전철", "statnm": "삼가", "x_5179": 970566.1582, "y_5179": 1915968.896, "lng": 127.16813899810472, "lat": 37.24212225387447, "begin": "2013-04-26", "effective_begin": null, "geometry_wkt": "POINT (970566.1582 1915968.896)", "travel_time_sec": 2783.0, "travel_time_min": 46.38333333333333}, "geometry": {"type": "Point", "coordinates": [127.16813899810472, 37.24212225387447]}}, {"id": "173", "type": "Feature", "properties": {"id": 173, "linenm": "용인경전철", "statnm": "시청_용인대", "x_5179": 971518.4105, "y_5179": 1915668.018, "lng": 127.1788868118724, "lat": 37.239439764606566, "begin": "2013-04-26", "effective_begin": null, "geometry_wkt": "POINT (971518.4105 1915668.018)", "travel_time_sec": 2887.0, "travel_time_min": 48.11666666666667}, "geometry": {"type": "Point", "coordinates": [127.1788868118724, 37.239439764606566]}}, {"id": "174", "type": "Feature", "properties": {"id": 174, "linenm": "용인경전철", "statnm": "명지대", "x_5179": 972528.3705, "y_5179": 1915513.892, "lng": 127.19027904709888, "lat": 37.238080811511885, "begin": "2013-04-26", "effective_begin": null, "geometry_wkt": "POINT (972528.3705 1915513.892)", "travel_time_sec": 2991.0, "travel_time_min": 49.85}, "geometry": {"type": "Point", "coordinates": [127.19027904709888, 37.238080811511885]}}, {"id": "175", "type": "Feature", "properties": {"id": 175, "linenm": "용인경전철", "statnm": "김량장", "x_5179": 973273.3293, "y_5179": 1915425.097, "lng": 127.19868094829054, "lat": 37.23730208644377, "begin": "2013-04-26", "effective_begin": null, "geometry_wkt": "POINT (973273.3293 1915425.097)", "travel_time_sec": 3094.0, "travel_time_min": 51.56666666666667}, "geometry": {"type": "Point", "coordinates": [127.19868094829054, 37.23730208644377]}}, {"id": "176", "type": "Feature", "properties": {"id": 176, "linenm": "용인경전철", "statnm": "운동장_송담대", "x_5179": 974192.9257, "y_5179": 1915488.669, "lng": 127.20904623986836, "lat": 37.23790104663041, "begin": "2013-04-26", "effective_begin": null, "geometry_wkt": "POINT (974192.9257 1915488.669)", "travel_time_sec": 3188.0, "travel_time_min": 53.13333333333333}, "geometry": {"type": "Point", "coordinates": [127.20904623986836, 37.23790104663041]}}, {"id": "177", "type": "Feature", "properties": {"id": 177, "linenm": "용인경전철", "statnm": "고진", "x_5179": 974651.0798, "y_5179": 1916236.074, "lng": 127.21418605747778, "lat": 37.24465069542098, "begin": "2013-04-26", "effective_begin": null, "geometry_wkt": "POINT (974651.0798 1916236.074)", "travel_time_sec": 3282.0, "travel_time_min": 54.7}, "geometry": {"type": "Point", "coordinates": [127.21418605747778, 37.24465069542098]}}, {"id": "178", "type": "Feature", "properties": {"id": 178, "linenm": "용인경전철", "statnm": "보평", "x_5179": 975038.3374, "y_5179": 1917822.317, "lng": 127.21849922235091, "lat": 37.25895944800895, "begin": "2013-04-26", "effective_begin": null, "geometry_wkt": "POINT (975038.3374 1917822.317)", "travel_time_sec": 3456.0, "travel_time_min": 57.6}, "geometry": {"type": "Point", "coordinates": [127.21849922235091, 37.25895944800895]}}, {"id": "179", "type": "Feature", "properties": {"id": 179, "linenm": "용인경전철", "statnm": "둔전", "x_5179": 974608.407, "y_5179": 1918738.484, "lng": 127.21361954461663, "lat": 37.26720607366618, "begin": "2013-04-26", "effective_begin": null, "geometry_wkt": "POINT (974608.407 1918738.484)", "travel_time_sec": 3558.0, "travel_time_min": 59.3}, "geometry": {"type": "Point", "coordinates": [127.21361954461663, 37.26720607366618]}}, {"id": "181", "type": "Feature", "properties": {"id": 181, "linenm": "우이신설경전철", "statnm": "신설동", "x_5179": 957897.9879, "y_5179": 1953111.224, "lng": 127.02319449821807, "lat": 37.57641801040539, "begin": "2017-09-02", "effective_begin": null, "geometry_wkt": "POINT (957897.9879 1953111.224)", "travel_time_sec": 2819.0, "travel_time_min": 46.983333333333334}, "geometry": {"type": "Point", "coordinates": [127.02319449821807, 37.57641801040539]}}, {"id": "182", "type": "Feature", "properties": {"id": 182, "linenm": "우이신설경전철", "statnm": "보문", "x_5179": 957579.6814, "y_5179": 1954073.692, "lng": 127.01953404635904, "lat": 37.585078336625045, "begin": "2017-09-02", "effective_begin": null, "geometry_wkt": "POINT (957579.6814 1954073.692)", "travel_time_sec": 2942.0, "travel_time_min": 49.03333333333333}, "geometry": {"type": "Point", "coordinates": [127.01953404635904, 37.585078336625045]}}, {"id": "183", "type": "Feature", "properties": {"id": 183, "linenm": "우이신설경전철", "statnm": "성신여대입구", "x_5179": 957319.402, "y_5179": 1954891.024, "lng": 127.01653848733218, "lat": 37.59243308481831, "begin": "2017-09-02", "effective_begin": null, "geometry_wkt": "POINT (957319.402 1954891.024)", "travel_time_sec": 3055.0, "travel_time_min": 50.916666666666664}, "geometry": {"type": "Point", "coordinates": [127.01653848733218, 37.59243308481831]}}, {"id": "184", "type": "Feature", "properties": {"id": 184, "linenm": "우이신설경전철", "statnm": "정릉", "x_5179": 957060.7802, "y_5179": 1956018.263, "lng": 127.01354292180284, "lat": 37.60258107059848, "begin": "2017-09-02", "effective_begin": null, "geometry_wkt": "POINT (957060.7802 1956018.263)", "travel_time_sec": 3181.0, "travel_time_min": 53.016666666666666}, "geometry": {"type": "Point", "coordinates": [127.01354292180284, 37.60258107059848]}}, {"id": "185", "type": "Feature", "properties": {"id": 185, "linenm": "우이신설경전철", "statnm": "북한산보국문", "x_5179": 956594.8321, "y_5179": 1957081.333, "lng": 127.0082013037159, "lat": 37.61214082533004, "begin": "2017-09-02", "effective_begin": null, "geometry_wkt": "POINT (956594.8321 1957081.333)", "travel_time_sec": 3318.0, "travel_time_min": 55.3}, "geometry": {"type": "Point", "coordinates": [127.0082013037159, 37.61214082533004]}}, {"id": "186", "type": "Feature", "properties": {"id": 186, "linenm": "우이신설경전철", "statnm": "솔샘", "x_5179": 957072.538, "y_5179": 1957979.043, "lng": 127.0135610234414, "lat": 37.62025446415306, "begin": "2017-09-02", "effective_begin": null, "geometry_wkt": "POINT (957072.538 1957979.043)", "travel_time_sec": 3474.0, "travel_time_min": 57.9}, "geometry": {"type": "Point", "coordinates": [127.0135610234414, 37.62025446415306]}}, {"id": "187", "type": "Feature", "properties": {"id": 187, "linenm": "우이신설경전철", "statnm": "삼양사거리", "x_5179": 957687.9724, "y_5179": 1958089.2, "lng": 127.02052830871898, "lat": 37.62127586934903, "begin": "2017-09-02", "effective_begin": null, "geometry_wkt": "POINT (957687.9724 1958089.2)", "travel_time_sec": 3586.0, "travel_time_min": 59.766666666666666}, "geometry": {"type": "Point", "coordinates": [127.02052830871898, 37.62127586934903]}}, {"id": "194", "type": "Feature", "properties": {"id": 194, "linenm": "신림선", "statnm": "샛강", "x_5179": 949561.3802, "y_5179": 1946585.213, "lng": 126.9292349799816, "lat": 37.517179038160606, "begin": "2022-02-28", "effective_begin": null, "geometry_wkt": "POINT (949561.3802 1946585.213)", "travel_time_sec": 2793.0, "travel_time_min": 46.55}, "geometry": {"type": "Point", "coordinates": [126.9292349799816, 37.517179038160606]}}, {"id": "195", "type": "Feature", "properties": {"id": 195, "linenm": "신림선", "statnm": "대방", "x_5179": 949217.9465, "y_5179": 1946113.833, "lng": 126.92538142883672, "lat": 37.51291155746233, "begin": "2022-02-28", "effective_begin": null, "geometry_wkt": "POINT (949217.9465 1946113.833)", "travel_time_sec": 2758.0, "travel_time_min": 45.96666666666667}, "geometry": {"type": "Point", "coordinates": [126.92538142883672, 37.51291155746233]}}, {"id": "196", "type": "Feature", "properties": {"id": 196, "linenm": "신림선", "statnm": "서울지방병무청", "x_5179": 948984.9504, "y_5179": 1945370.401, "lng": 126.92279671048, "lat": 37.50619800611216, "begin": "2022-02-28", "effective_begin": null, "geometry_wkt": "POINT (948984.9504 1945370.401)", "travel_time_sec": 2860.0, "travel_time_min": 47.666666666666664}, "geometry": {"type": "Point", "coordinates": [126.92279671048, 37.50619800611216]}}, {"id": "197", "type": "Feature", "properties": {"id": 197, "linenm": "신림선", "statnm": "보라매", "x_5179": 948774.8498, "y_5179": 1944732.018, "lng": 126.920464142943, "lat": 37.50043249354521, "begin": "2022-02-28", "effective_begin": null, "geometry_wkt": "POINT (948774.8498 1944732.018)", "travel_time_sec": 2875.0, "travel_time_min": 47.916666666666664}, "geometry": {"type": "Point", "coordinates": [126.920464142943, 37.50043249354521]}}, {"id": "198", "type": "Feature", "properties": {"id": 198, "linenm": "신림선", "statnm": "보라매공원", "x_5179": 948584.2778, "y_5179": 1944113.164, "lng": 126.91835147318744, "lat": 37.49484403914921, "begin": "2022-02-28", "effective_begin": null, "geometry_wkt": "POINT (948584.2778 1944113.164)", "travel_time_sec": 2902.0, "travel_time_min": 48.36666666666667}, "geometry": {"type": "Point", "coordinates": [126.91835147318744, 37.49484403914921]}}, {"id": "199", "type": "Feature", "properties": {"id": 199, "linenm": "신림선", "statnm": "보라매병원", "x_5179": 949035.4553, "y_5179": 1943903.064, "lng": 126.92346980974536, "lat": 37.492975380760655, "begin": "2022-02-28", "effective_begin": null, "geometry_wkt": "POINT (949035.4553 1943903.064)", "travel_time_sec": 2821.0, "travel_time_min": 47.016666666666666}, "geometry": {"type": "Point", "coordinates": [126.92346980974536, 37.492975380760655]}}, {"id": "200", "type": "Feature", "properties": {"id": 200, "linenm": "신림선", "statnm": "당곡", "x_5179": 949401.7845, "y_5179": 1943583.872, "lng": 126.92763562815304, "lat": 37.490118580503605, "begin": "2022-02-28", "effective_begin": null, "geometry_wkt": "POINT (949401.7845 1943583.872)", "travel_time_sec": 2739.0, "travel_time_min": 45.65}, "geometry": {"type": "Point", "coordinates": [126.92763562815304, 37.490118580503605]}}, {"id": "201", "type": "Feature", "properties": {"id": 201, "linenm": "신림선", "statnm": "신림", "x_5179": 949574.1747, "y_5179": 1942993.975, "lng": 126.92962603522608, "lat": 37.484811129617626, "begin": "2022-02-28", "effective_begin": null, "geometry_wkt": "POINT (949574.1747 1942993.975)", "travel_time_sec": 2652.0, "travel_time_min": 44.2}, "geometry": {"type": "Point", "coordinates": [126.92962603522608, 37.484811129617626]}}, {"id": "202", "type": "Feature", "properties": {"id": 202, "linenm": "신림선", "statnm": "서원", "x_5179": 949873.164, "y_5179": 1942261.316, "lng": 126.93305769351016, "lat": 37.47822376686685, "begin": "2022-02-28", "effective_begin": null, "geometry_wkt": "POINT (949873.164 1942261.316)", "travel_time_sec": 2759.0, "travel_time_min": 45.983333333333334}, "geometry": {"type": "Point", "coordinates": [126.93305769351016, 37.47822376686685]}}, {"id": "203", "type": "Feature", "properties": {"id": 203, "linenm": "신림선", "statnm": "서울대벤처타운", "x_5179": 949922.9955, "y_5179": 1941604.078, "lng": 126.93366597352362, "lat": 37.47230261081729, "begin": "2022-02-28", "effective_begin": null, "geometry_wkt": "POINT (949922.9955 1941604.078)", "travel_time_sec": 2892.0, "travel_time_min": 48.2}, "geometry": {"type": "Point", "coordinates": [126.93366597352362, 37.47230261081729]}}, {"id": "204", "type": "Feature", "properties": {"id": 204, "linenm": "신림선", "statnm": "관악산", "x_5179": 950966.7644, "y_5179": 1941228.322, "lng": 126.94549473876646, "lat": 37.46897179908992, "begin": "2022-02-28", "effective_begin": null, "geometry_wkt": "POINT (950966.7644 1941228.322)", "travel_time_sec": 3033.0, "travel_time_min": 50.55}, "geometry": {"type": "Point", "coordinates": [126.94549473876646, 37.46897179908992]}}, {"id": "215", "type": "Feature", "properties": {"id": 215, "linenm": "동북선", "statnm": "왕십리", "x_5179": 958984.8543, "y_5179": 1951425.295, "lng": 127.03559724699524, "lat": 37.561271359815, "begin": "2027-11-31", "effective_begin": null, "geometry_wkt": "POINT (958984.8543 1951425.295)", "travel_time_sec": 2865.0, "travel_time_min": 47.75}, "geometry": {"type": "Point", "coordinates": [127.03559724699524, 37.561271359815]}}, {"id": "216", "type": "Feature", "properties": {"id": 216, "linenm": "동북선", "statnm": "마장시장", "x_5179": 959171.6268, "y_5179": 1952411.32, "lng": 127.03765703005344, "lat": 37.57016697054961, "begin": "2027-11-31", "effective_begin": null, "geometry_wkt": "POINT (959171.6268 1952411.32)", "travel_time_sec": 2924.0, "travel_time_min": 48.733333333333334}, "geometry": {"type": "Point", "coordinates": [127.03765703005344, 37.57016697054961]}}, {"id": "217", "type": "Feature", "properties": {"id": 217, "linenm": "동북선", "statnm": "제기동", "x_5179": 959238.9323, "y_5179": 1953324.991, "lng": 127.03836834642269, "lat": 37.57840510699093, "begin": "2027-11-31", "effective_begin": null, "geometry_wkt": "POINT (959238.9323 1953324.991)", "travel_time_sec": 2809.0, "travel_time_min": 46.81666666666667}, "geometry": {"type": "Point", "coordinates": [127.03836834642269, 37.57840510699093]}}, {"id": "218", "type": "Feature", "properties": {"id": 218, "linenm": "동북선", "statnm": "고려대", "x_5179": 959063.9381, "y_5179": 1954608.842, "lng": 127.03631477312474, "lat": 37.58996899999237, "begin": "2027-11-31", "effective_begin": null, "geometry_wkt": "POINT (959063.9381 1954608.842)", "travel_time_sec": 2963.0, "travel_time_min": 49.38333333333333}, "geometry": {"type": "Point", "coordinates": [127.03631477312474, 37.58996899999237]}}, {"id": "221", "type": "Feature", "properties": {"id": 221, "linenm": "동북선", "statnm": "미아사거리", "x_5179": 958567.5605, "y_5179": 1956663.341, "lng": 127.03057611730884, "lat": 37.60846441340084, "begin": "2027-11-31", "effective_begin": null, "geometry_wkt": "POINT (958567.5605 1956663.341)", "travel_time_sec": 3525.0, "travel_time_min": 58.75}, "geometry": {"type": "Point", "coordinates": [127.03057611730884, 37.60846441340084]}}, {"id": "222", "type": "Feature", "properties": {"id": 222, "linenm": "동북선", "statnm": "장위", "x_5179": 959188.4532, "y_5179": 1957159.718, "lng": 127.03758283501756, "lat": 37.61296613146705, "begin": "2027-11-31", "effective_begin": null, "geometry_wkt": "POINT (959188.4532 1957159.718)", "travel_time_sec": 3418.0, "travel_time_min": 56.96666666666667}, "geometry": {"type": "Point", "coordinates": [127.03758283501756, 37.61296613146705]}}, {"id": "223", "type": "Feature", "properties": {"id": 223, "linenm": "동북선", "statnm": "북서울꿈의숲", "x_5179": 959822.807, "y_5179": 1957888.3, "lng": 127.04473016379455, "lat": 37.61956093428199, "begin": "2027-11-31", "effective_begin": null, "geometry_wkt": "POINT (959822.807 1957888.3)", "travel_time_sec": 3297.0, "travel_time_min": 54.95}, "geometry": {"type": "Point", "coordinates": [127.04473016379455, 37.61956093428199]}}, {"id": "224", "type": "Feature", "properties": {"id": 224, "linenm": "동북선", "statnm": "우이천", "x_5179": 960319.1846, "y_5179": 1958448.618, "lng": 127.05032431192842, "lat": 37.62463275991327, "begin": "2027-11-31", "effective_begin": null, "geometry_wkt": "POINT (960319.1846 1958448.618)", "travel_time_sec": 3195.0, "travel_time_min": 53.25}, "geometry": {"type": "Point", "coordinates": [127.05032431192842, 37.62463275991327]}}, {"id": "225", "type": "Feature", "properties": {"id": 225, "linenm": "동북선", "statnm": "월계", "x_5179": 961266.5086, "y_5179": 1959204.121, "lng": 127.06101934969882, "lat": 37.63148268624763, "begin": "2027-11-31", "effective_begin": null, "geometry_wkt": "POINT (961266.5086 1959204.121)", "travel_time_sec": 3052.0, "travel_time_min": 50.86666666666667}, "geometry": {"type": "Point", "coordinates": [127.06101934969882, 37.63148268624763]}}, {"id": "226", "type": "Feature", "properties": {"id": 226, "linenm": "동북선", "statnm": "하계", "x_5179": 961878.9881, "y_5179": 1959680.307, "lng": 127.06793576894307, "lat": 37.63580026947936, "begin": "2027-11-31", "effective_begin": null, "geometry_wkt": "POINT (961878.9881 1959680.307)", "travel_time_sec": 3154.0, "travel_time_min": 52.56666666666667}, "geometry": {"type": "Point", "coordinates": [127.06793576894307, 37.63580026947936]}}, {"id": "227", "type": "Feature", "properties": {"id": 227, "linenm": "동북선", "statnm": "서울시립과학관", "x_5179": 962540.2641, "y_5179": 1960003.373, "lng": 127.0754139228668, "lat": 37.63873933878493, "begin": "2027-11-31", "effective_begin": null, "geometry_wkt": "POINT (962540.2641 1960003.373)", "travel_time_sec": 3254.0, "travel_time_min": 54.233333333333334}, "geometry": {"type": "Point", "coordinates": [127.0754139228668, 37.63873933878493]}}, {"id": "228", "type": "Feature", "properties": {"id": 228, "linenm": "동북선", "statnm": "은행사거리", "x_5179": 962663.0965, "y_5179": 1961327.608, "lng": 127.07673840671522, "lat": 37.650679933927016, "begin": "2027-11-31", "effective_begin": null, "geometry_wkt": "POINT (962663.0965 1961327.608)", "travel_time_sec": 3355.0, "travel_time_min": 55.916666666666664}, "geometry": {"type": "Point", "coordinates": [127.07673840671522, 37.650679933927016]}}, {"id": "229", "type": "Feature", "properties": {"id": 229, "linenm": "동북선", "statnm": "상계", "x_5179": 962311.4256, "y_5179": 1962333.824, "lng": 127.07269989902214, "lat": 37.65973476689687, "begin": "2027-11-31", "effective_begin": null, "geometry_wkt": "POINT (962311.4256 1962333.824)", "travel_time_sec": 3175.0, "travel_time_min": 52.916666666666664}, "geometry": {"type": "Point", "coordinates": [127.07269989902214, 37.65973476689687]}}, {"id": "230", "type": "Feature", "properties": {"id": 230, "linenm": "위례선", "statnm": "마천", "x_5179": 969206.877, "y_5179": 1943927.789, "lng": 127.15165039494376, "lat": 37.49409143960419, "begin": "2026-12-31", "effective_begin": null, "geometry_wkt": "POINT (969206.877 1943927.789)", "travel_time_sec": 2436.0, "travel_time_min": 40.6}, "geometry": {"type": "Point", "coordinates": [127.15165039494376, 37.49409143960419]}}, {"id": "231", "type": "Feature", "properties": {"id": 231, "linenm": "위례선", "statnm": "북위례", "x_5179": 969396.6457, "y_5179": 1943462.235, "lng": 127.15381650003032, "lat": 37.489901472632816, "begin": "2026-12-31", "effective_begin": null, "geometry_wkt": "POINT (969396.6457 1943462.235)", "travel_time_sec": 2345.0, "travel_time_min": 39.083333333333336}, "geometry": {"type": "Point", "coordinates": [127.15381650003032, 37.489901472632816]}}, {"id": "232", "type": "Feature", "properties": {"id": 232, "linenm": "위례선", "statnm": "위례솔", "x_5179": 969015.3348, "y_5179": 1943203.298, "lng": 127.14951410971696, "lat": 37.487554822477, "begin": "2026-12-31", "effective_begin": null, "geometry_wkt": "POINT (969015.3348 1943203.298)", "travel_time_sec": 2276.0, "travel_time_min": 37.93333333333333}, "geometry": {"type": "Point", "coordinates": [127.14951410971696, 37.487554822477]}}, {"id": "233", "type": "Feature", "properties": {"id": 233, "linenm": "위례선", "statnm": "덕수고등학교", "x_5179": 968674.8153, "y_5179": 1942910.664, "lng": 127.14567481680112, "lat": 37.48490567223692, "begin": "2026-12-31", "effective_begin": null, "geometry_wkt": "POINT (968674.8153 1942910.664)", "travel_time_sec": 2208.0, "travel_time_min": 36.8}, "geometry": {"type": "Point", "coordinates": [127.14567481680112, 37.48490567223692]}}, {"id": "234", "type": "Feature", "properties": {"id": 234, "linenm": "위례선", "statnm": "위례호수공원", "x_5179": 968461.9906, "y_5179": 1942451.318, "lng": 127.14328724257729, "lat": 37.48075810498525, "begin": "2026-12-31", "effective_begin": null, "geometry_wkt": "POINT (968461.9906 1942451.318)", "travel_time_sec": 2133.0, "travel_time_min": 35.55}, "geometry": {"type": "Point", "coordinates": [127.14328724257729, 37.48075810498525]}}, {"id": "235", "type": "Feature", "properties": {"id": 235, "linenm": "위례선", "statnm": "위례별", "x_5179": 968440.7081, "y_5179": 1942085.969, "lng": 127.14306219365102, "lat": 37.477464296284296, "begin": "2026-12-31", "effective_begin": null, "geometry_wkt": "POINT (968440.7081 1942085.969)", "travel_time_sec": 2072.0, "travel_time_min": 34.53333333333333}, "geometry": {"type": "Point", "coordinates": [127.14306219365102, 37.477464296284296]}}, {"id": "236", "type": "Feature", "properties": {"id": 236, "linenm": "위례선", "statnm": "위례중앙광장", "x_5179": 968367.993, "y_5179": 1941718.846, "lng": 127.14225556910638, "lat": 37.47415273575992, "begin": "2026-12-31", "effective_begin": null, "geometry_wkt": "POINT (968367.993 1941718.846)", "travel_time_sec": 2010.0, "travel_time_min": 33.5}, "geometry": {"type": "Point", "coordinates": [127.14225556910638, 37.47415273575992]}}, {"id": "237", "type": "Feature", "properties": {"id": 237, "linenm": "위례선", "statnm": "위례역사공원", "x_5179": 968344.937, "y_5179": 1941279.008, "lng": 127.14201372859924, "lat": 37.47018745174672, "begin": "2026-12-31", "effective_begin": null, "geometry_wkt": "POINT (968344.937 1941279.008)", "travel_time_sec": 1920.0, "travel_time_min": 32.0}, "geometry": {"type": "Point", "coordinates": [127.14201372859924, 37.47018745174672]}}, {"id": "238", "type": "Feature", "properties": {"id": 238, "linenm": "위례선", "statnm": "위례트램스퀘어", "x_5179": 968325.4281, "y_5179": 1940945.583, "lng": 127.14180744696384, "lat": 37.46718144424226, "begin": "2026-12-31", "effective_begin": null, "geometry_wkt": "POINT (968325.4281 1940945.583)", "travel_time_sec": 2000.0, "travel_time_min": 33.333333333333336}, "geometry": {"type": "Point", "coordinates": [127.14180744696384, 37.46718144424226]}}, {"id": "239", "type": "Feature", "properties": {"id": 239, "linenm": "위례선", "statnm": "남위례", "x_5179": 968117.924, "y_5179": 1940455.199, "lng": 127.13948214978772, "lat": 37.46275421160215, "begin": "2026-12-31", "effective_begin": null, "geometry_wkt": "POINT (968117.924 1940455.199)", "travel_time_sec": 2040.0, "travel_time_min": 34.0}, "geometry": {"type": "Point", "coordinates": [127.13948214978772, 37.46275421160215]}}, {"id": "240", "type": "Feature", "properties": {"id": 240, "linenm": "위례선", "statnm": "위례스마트시티", "x_5179": 967700.2555, "y_5179": 1941151.313, "lng": 127.13472877737894, "lat": 37.46901415690397, "begin": "2026-12-31", "effective_begin": null, "geometry_wkt": "POINT (967700.2555 1941151.313)", "travel_time_sec": 1785.0, "travel_time_min": 29.75}, "geometry": {"type": "Point", "coordinates": [127.13472877737894, 37.46901415690397]}}, {"id": "241", "type": "Feature", "properties": {"id": 241, "linenm": "위례선", "statnm": "복정", "x_5179": 967020.1033, "y_5179": 1941361.478, "lng": 127.1270278105517, "lat": 37.47088445717129, "begin": "2026-12-31", "effective_begin": null, "geometry_wkt": "POINT (967020.1033 1941361.478)", "travel_time_sec": 1650.0, "travel_time_min": 27.5}, "geometry": {"type": "Point", "coordinates": [127.1270278105517, 37.47088445717129]}}, {"id": "317", "type": "Feature", "properties": {"id": 317, "linenm": "공항철도", "statnm": "마곡나루", "x_5179": 940613.0352432878, "y_5179": 1951992.8972605343, "lng": 126.82754351158827, "lat": 37.5653856875659, "begin": "2018-09-26", "effective_begin": null, "geometry_wkt": "POINT (940613.035243 1951992.897261)", "travel_time_sec": 3374.0, "travel_time_min": 56.233333333333334}, "geometry": {"type": "Point", "coordinates": [126.82754351158827, 37.5653856875659]}}, {"id": "318", "type": "Feature", "properties": {"id": 318, "linenm": "공항철도", "statnm": "디지털미디어시티", "x_5179": 946842.5279, "y_5179": 1953291.111, "lng": 126.89798397849005, "lat": 37.57746726157213, "begin": "2010-12-29", "effective_begin": null, "geometry_wkt": "POINT (946842.5279 1953291.111)", "travel_time_sec": 2954.0, "travel_time_min": 49.233333333333334}, "geometry": {"type": "Point", "coordinates": [126.89798397849005, 37.57746726157213]}}, {"id": "319", "type": "Feature", "properties": {"id": 319, "linenm": "공항철도", "statnm": "홍대입구", "x_5179": 949386.7215, "y_5179": 1951039.543, "lng": 126.92695147389504, "lat": 37.557317050855794, "begin": "2010-12-29", "effective_begin": null, "geometry_wkt": "POINT (949386.7215 1951039.543)", "travel_time_sec": 2714.0, "travel_time_min": 45.233333333333334}, "geometry": {"type": "Point", "coordinates": [126.92695147389504, 37.557317050855794]}}, {"id": "320", "type": "Feature", "properties": {"id": 320, "linenm": "공항철도", "statnm": "공덕", "x_5179": 951594.392, "y_5179": 1949388.945, "lng": 126.95205478825476, "lat": 37.54255858636423, "begin": "2011-11-30", "effective_begin": null, "geometry_wkt": "POINT (951594.392 1949388.945)", "travel_time_sec": 2534.0, "travel_time_min": 42.233333333333334}, "geometry": {"type": "Point", "coordinates": [126.95205478825476, 37.54255858636423]}}, {"id": "321", "type": "Feature", "properties": {"id": 321, "linenm": "공항철도", "statnm": "서울역", "x_5179": 953160.5493, "y_5179": 1950571.71, "lng": 126.96970726119268, "lat": 37.55330002448569, "begin": "2010-12-29", "effective_begin": null, "geometry_wkt": "POINT (953160.5493 1950571.71)", "travel_time_sec": 2294.0, "travel_time_min": 38.233333333333334}, "geometry": {"type": "Point", "coordinates": [126.96970726119268, 37.55330002448569]}}, {"id": "330", "type": "Feature", "properties": {"id": 330, "linenm": "서울1호선", "statnm": "백운", "x_5179": 929883.6097, "y_5179": 1942935.266, "lng": 126.706925524643, "lat": 37.48299691688588, "begin": "1984-11-20", "effective_begin": null, "geometry_wkt": "POINT (929883.6097 1942935.266)", "travel_time_sec": 3594.0, "travel_time_min": 59.9}, "geometry": {"type": "Point", "coordinates": [126.706925524643, 37.48299691688588]}}, {"id": "331", "type": "Feature", "properties": {"id": 331, "linenm": "서울1호선", "statnm": "부평", "x_5179": 931420.7581, "y_5179": 1943641.542, "lng": 126.724244649599, "lat": 37.48947790546712, "begin": "1974-08-15", "effective_begin": null, "geometry_wkt": "POINT (931420.7581 1943641.542)", "travel_time_sec": 3444.0, "travel_time_min": 57.4}, "geometry": {"type": "Point", "coordinates": [126.724244649599, 37.48947790546712]}}, {"id": "332", "type": "Feature", "properties": {"id": 332, "linenm": "서울1호선", "statnm": "부개", "x_5179": 932867.7984, "y_5179": 1943527.845, "lng": 126.74062233824068, "lat": 37.48855951022431, "begin": "1996-03-28", "effective_begin": null, "geometry_wkt": "POINT (932867.7984 1943527.845)", "travel_time_sec": 3594.0, "travel_time_min": 59.9}, "geometry": {"type": "Point", "coordinates": [126.74062233824068, 37.48855951022431]}}, {"id": "338", "type": "Feature", "properties": {"id": 338, "linenm": "서울1호선", "statnm": "온수", "x_5179": 940232.4993, "y_5179": 1943903.285, "lng": 126.8238933061918, "lat": 37.49244945064322, "begin": "1988-01-16", "effective_begin": null, "geometry_wkt": "POINT (940232.4993 1943903.285)", "travel_time_sec": 3598.0, "travel_time_min": 59.96666666666667}, "geometry": {"type": "Point", "coordinates": [126.8238933061918, 37.49244945064322]}}, {"id": "339", "type": "Feature", "properties": {"id": 339, "linenm": "서울1호선", "statnm": "오류동", "x_5179": 942082.1715, "y_5179": 1944113.411, "lng": 126.84479949873904, "lat": 37.49446122525611, "begin": "1974-08-15", "effective_begin": null, "geometry_wkt": "POINT (942082.1715 1944113.411)", "travel_time_sec": 3418.0, "travel_time_min": 56.96666666666667}, "geometry": {"type": "Point", "coordinates": [126.84479949873904, 37.49446122525611]}}, {"id": "340", "type": "Feature", "properties": {"id": 340, "linenm": "서울1호선", "statnm": "개봉", "x_5179": 943303.0173, "y_5179": 1944131.41, "lng": 126.8586082355438, "lat": 37.49469923953538, "begin": "1974-08-15", "effective_begin": null, "geometry_wkt": "POINT (943303.0173 1944131.41)", "travel_time_sec": 3268.0, "travel_time_min": 54.46666666666667}, "geometry": {"type": "Point", "coordinates": [126.8586082355438, 37.49469923953538]}}, {"id": "341", "type": "Feature", "properties": {"id": 341, "linenm": "서울1호선", "statnm": "구일", "x_5179": 944294.988, "y_5179": 1944295.979, "lng": 126.86981693840856, "lat": 37.49624291179354, "begin": "1995-02-16", "effective_begin": null, "geometry_wkt": "POINT (944294.988 1944295.979)", "travel_time_sec": 3148.0, "travel_time_min": 52.46666666666667}, "geometry": {"type": "Point", "coordinates": [126.86981693840856, 37.49624291179354]}}, {"id": "342", "type": "Feature", "properties": {"id": 342, "linenm": "서울1호선", "statnm": "구로", "x_5179": 945404.946, "y_5179": 1945077.539, "lng": 126.88231503887692, "lat": 37.50335353704898, "begin": "1974-08-15", "effective_begin": null, "geometry_wkt": "POINT (945404.946 1945077.539)", "travel_time_sec": 2968.0, "travel_time_min": 49.46666666666667}, "geometry": {"type": "Point", "coordinates": [126.88231503887692, 37.50335353704898]}}, {"id": "343", "type": "Feature", "properties": {"id": 343, "linenm": "서울1호선", "statnm": "신도림", "x_5179": 946213.8725, "y_5179": 1945692.492, "lng": 126.89142171185811, "lat": 37.508943699597765, "begin": "1984-05-22", "effective_begin": null, "geometry_wkt": "POINT (946213.8725 1945692.492)", "travel_time_sec": 2848.0, "travel_time_min": 47.46666666666667}, "geometry": {"type": "Point", "coordinates": [126.89142171185811, 37.508943699597765]}}, {"id": "344", "type": "Feature", "properties": {"id": 344, "linenm": "서울1호선", "statnm": "영등포", "x_5179": 947634.77, "y_5179": 1946428.504, "lng": 126.9074456144662, "lat": 37.51565923242024, "begin": "1974-08-15", "effective_begin": null, "geometry_wkt": "POINT (947634.77 1946428.504)", "travel_time_sec": 2698.0, "travel_time_min": 44.96666666666667}, "geometry": {"type": "Point", "coordinates": [126.9074456144662, 37.51565923242024]}}, {"id": "345", "type": "Feature", "properties": {"id": 345, "linenm": "서울1호선", "statnm": "신길", "x_5179": 948583.883, "y_5179": 1946559.211, "lng": 126.91817592758282, "lat": 37.51689070819467, "begin": "1997-04-30", "effective_begin": null, "geometry_wkt": "POINT (948583.883 1946559.211)", "travel_time_sec": 2548.0, "travel_time_min": 42.46666666666667}, "geometry": {"type": "Point", "coordinates": [126.91817592758282, 37.51689070819467]}}, {"id": "346", "type": "Feature", "properties": {"id": 346, "linenm": "서울1호선", "statnm": "대방", "x_5179": 949293.5948, "y_5179": 1946161.835, "lng": 126.92623406710486, "lat": 37.5133483698036, "begin": "1974-08-15", "effective_begin": null, "geometry_wkt": "POINT (949293.5948 1946161.835)", "travel_time_sec": 2458.0, "travel_time_min": 40.96666666666667}, "geometry": {"type": "Point", "coordinates": [126.92623406710486, 37.5133483698036]}}, {"id": "347", "type": "Feature", "properties": {"id": 347, "linenm": "서울1호선", "statnm": "노량진", "x_5179": 950698.6187, "y_5179": 1946230.042, "lng": 126.94212727274434, "lat": 37.51403929133789, "begin": "1974-08-15", "effective_begin": null, "geometry_wkt": "POINT (950698.6187 1946230.042)", "travel_time_sec": 2308.0, "travel_time_min": 38.46666666666667}, "geometry": {"type": "Point", "coordinates": [126.94212727274434, 37.51403929133789]}}, {"id": "348", "type": "Feature", "properties": {"id": 348, "linenm": "서울1호선", "statnm": "남영", "x_5179": 953295.9208, "y_5179": 1949160.854, "lng": 126.97132962571818, "lat": 37.54059055609324, "begin": "1974-08-15", "effective_begin": null, "geometry_wkt": "POINT (953295.9208 1949160.854)", "travel_time_sec": 2124.0, "travel_time_min": 35.4}, "geometry": {"type": "Point", "coordinates": [126.97132962571818, 37.54059055609324]}}, {"id": "349", "type": "Feature", "properties": {"id": 349, "linenm": "서울1호선", "statnm": "용산", "x_5179": 952669.8182, "y_5179": 1947945.536, "lng": 126.96432105098854, "lat": 37.52960468897794, "begin": "1974-08-15", "effective_begin": null, "geometry_wkt": "POINT (952669.8182 1947945.536)", "travel_time_sec": 2274.0, "travel_time_min": 37.9}, "geometry": {"type": "Point", "coordinates": [126.96432105098854, 37.52960468897794]}}, {"id": "350", "type": "Feature", "properties": {"id": 350, "linenm": "서울1호선", "statnm": "서울역", "x_5179": 953369.5965, "y_5179": 1950869.093, "lng": 126.97205498738728, "lat": 37.55599100229629, "begin": "1974-08-15", "effective_begin": null, "geometry_wkt": "POINT (953369.5965 1950869.093)", "travel_time_sec": 1944.0, "travel_time_min": 32.4}, "geometry": {"type": "Point", "coordinates": [126.97205498738728, 37.55599100229629]}}, {"id": "351", "type": "Feature", "properties": {"id": 351, "linenm": "서울1호선", "statnm": "시청", "x_5179": 953830.3036, "y_5179": 1951929.923, "lng": 126.9772040633425, "lat": 37.56557568030012, "begin": "1974-08-15", "effective_begin": null, "geometry_wkt": "POINT (953830.3036 1951929.923)", "travel_time_sec": 2094.0, "travel_time_min": 34.9}, "geometry": {"type": "Point", "coordinates": [126.9772040633425, 37.56557568030012]}}, {"id": "352", "type": "Feature", "properties": {"id": 352, "linenm": "서울1호선", "statnm": "종각", "x_5179": 954341.0662, "y_5179": 1952436.226, "lng": 126.982955850426, "lat": 37.57016455650105, "begin": "1974-08-15", "effective_begin": null, "geometry_wkt": "POINT (954341.0662 1952436.226)", "travel_time_sec": 2244.0, "travel_time_min": 37.4}, "geometry": {"type": "Point", "coordinates": [126.982955850426, 37.57016455650105]}}, {"id": "353", "type": "Feature", "properties": {"id": 353, "linenm": "서울1호선", "statnm": "종로3가", "x_5179": 955169.7394, "y_5179": 1952460.642, "lng": 126.99233795465818, "lat": 37.570425347752746, "begin": "1974-08-15", "effective_begin": null, "geometry_wkt": "POINT (955169.7394 1952460.642)", "travel_time_sec": 2364.0, "travel_time_min": 39.4}, "geometry": {"type": "Point", "coordinates": [126.99233795465818, 37.570425347752746]}}, {"id": "354", "type": "Feature", "properties": {"id": 354, "linenm": "서울1호선", "statnm": "종로5가", "x_5179": 956015.412, "y_5179": 1952520.395, "lng": 127.00191050851748, "lat": 37.57100470619648, "begin": "1974-08-15", "effective_begin": null, "geometry_wkt": "POINT (956015.412 1952520.395)", "travel_time_sec": 2484.0, "travel_time_min": 41.4}, "geometry": {"type": "Point", "coordinates": [127.00191050851748, 37.57100470619648]}}, {"id": "355", "type": "Feature", "properties": {"id": 355, "linenm": "서울1호선", "statnm": "동대문", "x_5179": 956798.1869, "y_5179": 1952590.027, "lng": 127.01077039000796, "lat": 37.571669381552304, "begin": "1974-08-15", "effective_begin": null, "geometry_wkt": "POINT (956798.1869 1952590.027)", "travel_time_sec": 2604.0, "travel_time_min": 43.4}, "geometry": {"type": "Point", "coordinates": [127.01077039000796, 37.571669381552304]}}, {"id": "356", "type": "Feature", "properties": {"id": 356, "linenm": "서울1호선", "statnm": "동묘앞", "x_5179": 957294.7901, "y_5179": 1952759.658, "lng": 127.0163839944392, "lat": 37.57322147627274, "begin": "2005-12-21", "effective_begin": null, "geometry_wkt": "POINT (957294.7901 1952759.658)", "travel_time_sec": 2659.0, "travel_time_min": 44.31666666666667}, "geometry": {"type": "Point", "coordinates": [127.0163839944392, 37.57322147627274]}}, {"id": "357", "type": "Feature", "properties": {"id": 357, "linenm": "서울1호선", "statnm": "신설동", "x_5179": 958013.5855, "y_5179": 1953064.581, "lng": 127.02450627352648, "lat": 37.57600288625438, "begin": "1974-08-15", "effective_begin": null, "geometry_wkt": "POINT (958013.5855 1953064.581)", "travel_time_sec": 2539.0, "travel_time_min": 42.31666666666667}, "geometry": {"type": "Point", "coordinates": [127.02450627352648, 37.57600288625438]}}, {"id": "358", "type": "Feature", "properties": {"id": 358, "linenm": "서울1호선", "statnm": "제기동", "x_5179": 958892.1697, "y_5179": 1953298.821, "lng": 127.03444274006958, "lat": 37.57815380758885, "begin": "1974-08-15", "effective_begin": null, "geometry_wkt": "POINT (958892.1697 1953298.821)", "travel_time_sec": 2419.0, "travel_time_min": 40.31666666666667}, "geometry": {"type": "Point", "coordinates": [127.03444274006958, 37.57815380758885]}}, {"id": "359", "type": "Feature", "properties": {"id": 359, "linenm": "서울1호선", "statnm": "청량리", "x_5179": 959828.3322, "y_5179": 1953510.465, "lng": 127.04503311544887, "lat": 37.58010274701368, "begin": "1974-08-15", "effective_begin": null, "geometry_wkt": "POINT (959828.3322 1953510.465)", "travel_time_sec": 2299.0, "travel_time_min": 38.31666666666667}, "geometry": {"type": "Point", "coordinates": [127.04503311544887, 37.58010274701368]}}, {"id": "360", "type": "Feature", "properties": {"id": 360, "linenm": "서울1호선", "statnm": "회기", "x_5179": 960992.1515, "y_5179": 1954590.732, "lng": 127.058156116929, "lat": 37.58988954795909, "begin": "1980-04-01", "effective_begin": null, "geometry_wkt": "POINT (960992.1515 1954590.732)", "travel_time_sec": 2479.0, "travel_time_min": 41.31666666666667}, "geometry": {"type": "Point", "coordinates": [127.058156116929, 37.58988954795909]}}, {"id": "361", "type": "Feature", "properties": {"id": 361, "linenm": "서울1호선", "statnm": "외대앞", "x_5179": 961489.8835, "y_5179": 1955329.945, "lng": 127.06375491007906, "lat": 37.59657323790454, "begin": "1974-08-15", "effective_begin": null, "geometry_wkt": "POINT (961489.8835 1955329.945)", "travel_time_sec": 2599.0, "travel_time_min": 43.31666666666667}, "geometry": {"type": "Point", "coordinates": [127.06375491007906, 37.59657323790454]}}, {"id": "362", "type": "Feature", "properties": {"id": 362, "linenm": "서울1호선", "statnm": "신이문", "x_5179": 961820.0314, "y_5179": 1955928.356, "lng": 127.06746352546598, "lat": 37.60198063407909, "begin": "1980-01-05", "effective_begin": null, "geometry_wkt": "POINT (961820.0314 1955928.356)", "travel_time_sec": 2689.0, "travel_time_min": 44.81666666666667}, "geometry": {"type": "Point", "coordinates": [127.06746352546598, 37.60198063407909]}}, {"id": "363", "type": "Feature", "properties": {"id": 363, "linenm": "서울1호선", "statnm": "석계", "x_5179": 961660.1558, "y_5179": 1957403.279, "lng": 127.06557504581733, "lat": 37.61526781846928, "begin": "1985-01-14", "effective_begin": null, "geometry_wkt": "POINT (961660.1558 1957403.279)", "travel_time_sec": 2692.0, "travel_time_min": 44.86666666666667}, "geometry": {"type": "Point", "coordinates": [127.06557504581733, 37.61526781846928]}}, {"id": "364", "type": "Feature", "properties": {"id": 364, "linenm": "서울1호선", "statnm": "광운대", "x_5179": 961326.6867, "y_5179": 1958343.672, "lng": 127.06174689099625, "lat": 37.623729816733, "begin": "1974-08-15", "effective_begin": null, "geometry_wkt": "POINT (961326.6867 1958343.672)", "travel_time_sec": 2512.0, "travel_time_min": 41.86666666666667}, "geometry": {"type": "Point", "coordinates": [127.06174689099625, 37.623729816733]}}, {"id": "365", "type": "Feature", "properties": {"id": 365, "linenm": "서울1호선", "statnm": "월계", "x_5179": 961078.1072, "y_5179": 1959402.852, "lng": 127.05887359847902, "lat": 37.63326592447288, "begin": "1985-08-22", "effective_begin": null, "geometry_wkt": "POINT (961078.1072 1959402.852)", "travel_time_sec": 2662.0, "travel_time_min": 44.36666666666667}, "geometry": {"type": "Point", "coordinates": [127.05887359847902, 37.63326592447288]}}, {"id": "366", "type": "Feature", "properties": {"id": 366, "linenm": "서울1호선", "statnm": "녹천", "x_5179": 960426.419, "y_5179": 1960654.493, "lng": 127.0514199869842, "lat": 37.64451934153432, "begin": "1985-08-22", "effective_begin": null, "geometry_wkt": "POINT (960426.419 1960654.493)", "travel_time_sec": 2812.0, "travel_time_min": 46.86666666666667}, "geometry": {"type": "Point", "coordinates": [127.0514199869842, 37.64451934153432]}}, {"id": "367", "type": "Feature", "properties": {"id": 367, "linenm": "서울1호선", "statnm": "창동", "x_5179": 960095.8008, "y_5179": 1961640.432, "lng": 127.0476185251435, "lat": 37.653391455520406, "begin": "1985-08-22", "effective_begin": null, "geometry_wkt": "POINT (960095.8008 1961640.432)", "travel_time_sec": 2725.0, "travel_time_min": 45.416666666666664}, "geometry": {"type": "Point", "coordinates": [127.0476185251435, 37.653391455520406]}}, {"id": "368", "type": "Feature", "properties": {"id": 368, "linenm": "서울1호선", "statnm": "방학", "x_5179": 959812.54, "y_5179": 1963210.117, "lng": 127.04432090971817, "lat": 37.667526880789865, "begin": "1986-09-02", "effective_begin": null, "geometry_wkt": "POINT (959812.54 1963210.117)", "travel_time_sec": 2875.0, "travel_time_min": 47.916666666666664}, "geometry": {"type": "Point", "coordinates": [127.04432090971817, 37.667526880789865]}}, {"id": "369", "type": "Feature", "properties": {"id": 369, "linenm": "서울1호선", "statnm": "도봉", "x_5179": 959931.7947, "y_5179": 1964528.033, "lng": 127.04560064954164, "lat": 37.67941062802147, "begin": "1986-09-02", "effective_begin": null, "geometry_wkt": "POINT (959931.7947 1964528.033)", "travel_time_sec": 2995.0, "travel_time_min": 49.916666666666664}, "geometry": {"type": "Point", "coordinates": [127.04560064954164, 37.67941062802147]}}, {"id": "370", "type": "Feature", "properties": {"id": 370, "linenm": "서울1호선", "statnm": "도봉산", "x_5179": 959976.6975, "y_5179": 1965653.666, "lng": 127.04604803410368, "lat": 37.68955803241259, "begin": "1986-09-02", "effective_begin": null, "geometry_wkt": "POINT (959976.6975 1965653.666)", "travel_time_sec": 3115.0, "travel_time_min": 51.916666666666664}, "geometry": {"type": "Point", "coordinates": [127.04604803410368, 37.68955803241259]}}, {"id": "371", "type": "Feature", "properties": {"id": 371, "linenm": "서울1호선", "statnm": "망월사", "x_5179": 960103.4771, "y_5179": 1967951.585, "lng": 127.04736003754124, "lat": 37.71027488363477, "begin": "1986-09-02", "effective_begin": null, "geometry_wkt": "POINT (960103.4771 1967951.585)", "travel_time_sec": 3295.0, "travel_time_min": 54.916666666666664}, "geometry": {"type": "Point", "coordinates": [127.04736003754124, 37.71027488363477]}}, {"id": "372", "type": "Feature", "properties": {"id": 372, "linenm": "서울1호선", "statnm": "회룡", "x_5179": 960102.6509, "y_5179": 1969451.211, "lng": 127.04726842140686, "lat": 37.72379105526611, "begin": "1986-09-02", "effective_begin": null, "geometry_wkt": "POINT (960102.6509 1969451.211)", "travel_time_sec": 3197.0, "travel_time_min": 53.28333333333333}, "geometry": {"type": "Point", "coordinates": [127.04726842140686, 37.72379105526611]}}, {"id": "373", "type": "Feature", "properties": {"id": 373, "linenm": "서울1호선", "statnm": "의정부", "x_5179": 959995.7315, "y_5179": 1971072.433, "lng": 127.04596598630332, "lat": 37.73839851106466, "begin": "1986-09-02", "effective_begin": null, "geometry_wkt": "POINT (959995.7315 1971072.433)", "travel_time_sec": 3017.0, "travel_time_min": 50.28333333333333}, "geometry": {"type": "Point", "coordinates": [127.04596598630332, 37.73839851106466]}}, {"id": "374", "type": "Feature", "properties": {"id": 374, "linenm": "서울1호선", "statnm": "가능", "x_5179": 959855.7103, "y_5179": 1972173.667, "lng": 127.04431599515398, "lat": 37.7483178103927, "begin": "1987-10-05", "effective_begin": null, "geometry_wkt": "POINT (959855.7103 1972173.667)", "travel_time_sec": 3167.0, "travel_time_min": 52.78333333333333}, "geometry": {"type": "Point", "coordinates": [127.04431599515398, 37.7483178103927]}}, {"id": "375", "type": "Feature", "properties": {"id": 375, "linenm": "서울1호선", "statnm": "녹양", "x_5179": 959678.8343, "y_5179": 1973387.369, "lng": 127.04224091561474, "lat": 37.75924911483714, "begin": "2006-12-15", "effective_begin": null, "geometry_wkt": "POINT (959678.8343 1973387.369)", "travel_time_sec": 3287.0, "travel_time_min": 54.78333333333333}, "geometry": {"type": "Point", "coordinates": [127.04224091561474, 37.75924911483714]}}, {"id": "376", "type": "Feature", "properties": {"id": 376, "linenm": "서울1호선", "statnm": "양주", "x_5179": 959903.1515, "y_5179": 1975045.202, "lng": 127.04469587644334, "lat": 37.77420098253186, "begin": "2006-12-15", "effective_begin": null, "geometry_wkt": "POINT (959903.1515 1975045.202)", "travel_time_sec": 3437.0, "travel_time_min": 57.28333333333333}, "geometry": {"type": "Point", "coordinates": [127.04469587644334, 37.77420098253186]}}, {"id": "377", "type": "Feature", "properties": {"id": 377, "linenm": "서울1호선", "statnm": "덕계", "x_5179": 960979.7914, "y_5179": 1979980.504, "lng": 127.05665514541836, "lat": 37.81872917558783, "begin": "2007-12-28", "effective_begin": null, "geometry_wkt": "POINT (960979.7914 1979980.504)", "travel_time_sec": 3492.0, "travel_time_min": 58.2}, "geometry": {"type": "Point", "coordinates": [127.05665514541836, 37.81872917558783]}}, {"id": "378", "type": "Feature", "properties": {"id": 378, "linenm": "서울1호선", "statnm": "덕정", "x_5179": 961420.344, "y_5179": 1982687.201, "lng": 127.06151618764768, "lat": 37.843143084999575, "begin": "2006-12-15", "effective_begin": null, "geometry_wkt": "POINT (961420.344 1982687.201)", "travel_time_sec": 3282.0, "travel_time_min": 54.7}, "geometry": {"type": "Point", "coordinates": [127.06151618764768, 37.843143084999575]}}, {"id": "379", "type": "Feature", "properties": {"id": 379, "linenm": "서울1호선", "statnm": "지행", "x_5179": 960945.4167, "y_5179": 1988174.911, "lng": 127.05582165925696, "lat": 37.89258267033157, "begin": "2006-12-15", "effective_begin": null, "geometry_wkt": "POINT (960945.4167 1988174.911)", "travel_time_sec": 3582.0, "travel_time_min": 59.7}, "geometry": {"type": "Point", "coordinates": [127.05582165925696, 37.89258267033157]}}, {"id": "405", "type": "Feature", "properties": {"id": 405, "linenm": "서울1호선", "statnm": "병점", "x_5179": 958571.4789, "y_5179": 1912145.186, "lng": 127.0331172765132, "lat": 37.20719993771235, "begin": "2003-04-30", "effective_begin": null, "geometry_wkt": "POINT (958571.4789 1912145.186)", "travel_time_sec": 3480.0, "travel_time_min": 58.0}, "geometry": {"type": "Point", "coordinates": [127.0331172765132, 37.20719993771235]}}, {"id": "406", "type": "Feature", "properties": {"id": 406, "linenm": "서울1호선", "statnm": "세류", "x_5179": 956882.4405, "y_5179": 1916210.061, "lng": 127.01384796955524, "lat": 37.24376319925443, "begin": "2003-04-30", "effective_begin": null, "geometry_wkt": "POINT (956882.4405 1916210.061)", "travel_time_sec": 3240.0, "travel_time_min": 54.0}, "geometry": {"type": "Point", "coordinates": [127.01384796955524, 37.24376319925443]}}, {"id": "407", "type": "Feature", "properties": {"id": 407, "linenm": "서울1호선", "statnm": "수원", "x_5179": 955667.0931, "y_5179": 1918652.044, "lng": 126.99999990232966, "lat": 37.26571744638561, "begin": "1974-08-15", "effective_begin": null, "geometry_wkt": "POINT (955667.0931 1918652.044)", "travel_time_sec": 3000.0, "travel_time_min": 50.0}, "geometry": {"type": "Point", "coordinates": [126.99999990232966, 37.26571744638561]}}, {"id": "408", "type": "Feature", "properties": {"id": 408, "linenm": "서울1호선", "statnm": "화서", "x_5179": 954755.8336, "y_5179": 1920682.031, "lng": 126.9895992876762, "lat": 37.28397119370198, "begin": "1974-08-15", "effective_begin": null, "geometry_wkt": "POINT (954755.8336 1920682.031)", "travel_time_sec": 2990.0, "travel_time_min": 49.833333333333336}, "geometry": {"type": "Point", "coordinates": [126.9895992876762, 37.28397119370198]}}, {"id": "409", "type": "Feature", "properties": {"id": 409, "linenm": "서울1호선", "statnm": "성균관대", "x_5179": 953127.5373, "y_5179": 1922504.181, "lng": 126.97111617206218, "lat": 37.30031469646502, "begin": "1979-02-01", "effective_begin": null, "geometry_wkt": "POINT (953127.5373 1922504.181)", "travel_time_sec": 2780.0, "travel_time_min": 46.333333333333336}, "geometry": {"type": "Point", "coordinates": [126.97111617206218, 37.30031469646502]}}, {"id": "410", "type": "Feature", "properties": {"id": 410, "linenm": "서울1호선", "statnm": "의왕", "x_5179": 951099.2272, "y_5179": 1924734.158, "lng": 126.9480838426756, "lat": 37.320310194975306, "begin": "1974-08-15", "effective_begin": null, "geometry_wkt": "POINT (951099.2272 1924734.158)", "travel_time_sec": 2570.0, "travel_time_min": 42.833333333333336}, "geometry": {"type": "Point", "coordinates": [126.9480838426756, 37.320310194975306]}}, {"id": "411", "type": "Feature", "properties": {"id": 411, "linenm": "서울1호선", "statnm": "당정", "x_5179": 951136.5054, "y_5179": 1927321.977, "lng": 126.94833402499177, "lat": 37.34363747540078, "begin": "2010-01-21", "effective_begin": null, "geometry_wkt": "POINT (951136.5054 1927321.977)", "travel_time_sec": 2720.0, "travel_time_min": 45.333333333333336}, "geometry": {"type": "Point", "coordinates": [126.94833402499177, 37.34363747540078]}}, {"id": "412", "type": "Feature", "properties": {"id": 412, "linenm": "서울1호선", "statnm": "군포", "x_5179": 951159.1758, "y_5179": 1928494.191, "lng": 126.94851268339023, "lat": 37.354204394944425, "begin": "1974-08-15", "effective_begin": null, "geometry_wkt": "POINT (951159.1758 1928494.191)", "travel_time_sec": 2600.0, "travel_time_min": 43.333333333333336}, "geometry": {"type": "Point", "coordinates": [126.94851268339023, 37.354204394944425]}}, {"id": "413", "type": "Feature", "properties": {"id": 413, "linenm": "서울1호선", "statnm": "금정", "x_5179": 950699.2365, "y_5179": 1930538.142, "lng": 126.9431833772429, "lat": 37.372603117255935, "begin": "1988-10-25", "effective_begin": null, "geometry_wkt": "POINT (950699.2365 1930538.142)", "travel_time_sec": 2420.0, "travel_time_min": 40.333333333333336}, "geometry": {"type": "Point", "coordinates": [126.9431833772429, 37.372603117255935]}}, {"id": "414", "type": "Feature", "properties": {"id": 414, "linenm": "서울1호선", "statnm": "명학", "x_5179": 950032.1231, "y_5179": 1931862.798, "lng": 126.93555966973884, "lat": 37.38450707867211, "begin": "1974-08-15", "effective_begin": null, "geometry_wkt": "POINT (950032.1231 1931862.798)", "travel_time_sec": 2570.0, "travel_time_min": 42.833333333333336}, "geometry": {"type": "Point", "coordinates": [126.93555966973884, 37.38450707867211]}}, {"id": "415", "type": "Feature", "properties": {"id": 415, "linenm": "서울1호선", "statnm": "안양", "x_5179": 948916.5407, "y_5179": 1933757.908, "lng": 126.9228276011748, "lat": 37.40152759291793, "begin": "1974-08-15", "effective_begin": null, "geometry_wkt": "POINT (948916.5407 1933757.908)", "travel_time_sec": 2750.0, "travel_time_min": 45.833333333333336}, "geometry": {"type": "Point", "coordinates": [126.9228276011748, 37.40152759291793]}}, {"id": "416", "type": "Feature", "properties": {"id": 416, "linenm": "서울1호선", "statnm": "관악", "x_5179": 947662.5602, "y_5179": 1935765.096, "lng": 126.90851780967428, "lat": 37.41954901729251, "begin": "1974-08-15", "effective_begin": null, "geometry_wkt": "POINT (947662.5602 1935765.096)", "travel_time_sec": 2930.0, "travel_time_min": 48.833333333333336}, "geometry": {"type": "Point", "coordinates": [126.90851780967428, 37.41954901729251]}}, {"id": "417", "type": "Feature", "properties": {"id": 417, "linenm": "서울1호선", "statnm": "석수", "x_5179": 947123.5075, "y_5179": 1937511.362, "lng": 126.90230098498375, "lat": 37.43525797638321, "begin": "1982-08-02", "effective_begin": null, "geometry_wkt": "POINT (947123.5075 1937511.362)", "travel_time_sec": 3080.0, "travel_time_min": 51.333333333333336}, "geometry": {"type": "Point", "coordinates": [126.90230098498375, 37.43525797638321]}}, {"id": "418", "type": "Feature", "properties": {"id": 418, "linenm": "서울1호선", "statnm": "금천구청", "x_5179": 946371.7464, "y_5179": 1939831.203, "lng": 126.89363501880828, "lat": 37.45612399557803, "begin": "1974-08-15", "effective_begin": null, "geometry_wkt": "POINT (946371.7464 1939831.203)", "travel_time_sec": 3260.0, "travel_time_min": 54.333333333333336}, "geometry": {"type": "Point", "coordinates": [126.89363501880828, 37.45612399557803]}}, {"id": "419", "type": "Feature", "properties": {"id": 419, "linenm": "서울1호선", "statnm": "독산", "x_5179": 946007.3084, "y_5179": 1940935.048, "lng": 126.88943370369373, "lat": 37.466051972080976, "begin": "1998-01-07", "effective_begin": null, "geometry_wkt": "POINT (946007.3084 1940935.048)", "travel_time_sec": 3380.0, "travel_time_min": 56.333333333333336}, "geometry": {"type": "Point", "coordinates": [126.88943370369373, 37.466051972080976]}}, {"id": "420", "type": "Feature", "properties": {"id": 420, "linenm": "서울1호선", "statnm": "가산디지털단지", "x_5179": 945415.2782, "y_5179": 1942660.648, "lng": 126.8826112689479, "lat": 37.48157033885179, "begin": "1974-08-15", "effective_begin": null, "geometry_wkt": "POINT (945415.2782 1942660.648)", "travel_time_sec": 3298.0, "travel_time_min": 54.96666666666667}, "geometry": {"type": "Point", "coordinates": [126.8826112689479, 37.48157033885179]}}, {"id": "421", "type": "Feature", "properties": {"id": 421, "linenm": "서울1호선", "statnm": "광명", "x_5179": 945615.3829, "y_5179": 1935581.734, "lng": 126.8853967036718, "lat": 37.4177783112054, "begin": "2006-12-15", "effective_begin": null, "geometry_wkt": "POINT (945615.3829 1935581.734)", "travel_time_sec": 3560.0, "travel_time_min": 59.333333333333336}, "geometry": {"type": "Point", "coordinates": [126.8853967036718, 37.4177783112054]}}, {"id": "423", "type": "Feature", "properties": {"id": 423, "linenm": "서울2호선", "statnm": "시청", "x_5179": 953701.8965, "y_5179": 1951729.468, "lng": 126.97576278093857, "lat": 37.56376249397046, "begin": "1984-05-22", "effective_begin": null, "geometry_wkt": "POINT (953701.8965 1951729.468)", "travel_time_sec": 2334.0, "travel_time_min": 38.9}, "geometry": {"type": "Point", "coordinates": [126.97576278093857, 37.56376249397046]}}, {"id": "424", "type": "Feature", "properties": {"id": 424, "linenm": "서울2호선", "statnm": "충정로", "x_5179": 952709.2534, "y_5179": 1951294.155, "lng": 126.96455152782552, "lat": 37.55978849820035, "begin": "1984-05-22", "effective_begin": null, "geometry_wkt": "POINT (952709.2534 1951294.155)", "travel_time_sec": 2454.0, "travel_time_min": 40.9}, "geometry": {"type": "Point", "coordinates": [126.96455152782552, 37.55978849820035]}}, {"id": "425", "type": "Feature", "properties": {"id": 425, "linenm": "서울2호선", "statnm": "아현", "x_5179": 951970.5676, "y_5179": 1951028.601, "lng": 126.95620551114132, "lat": 37.55735678864767, "begin": "1984-05-22", "effective_begin": null, "geometry_wkt": "POINT (951970.5676 1951028.601)", "travel_time_sec": 2574.0, "travel_time_min": 42.9}, "geometry": {"type": "Point", "coordinates": [126.95620551114132, 37.55735678864767]}}, {"id": "426", "type": "Feature", "properties": {"id": 426, "linenm": "서울2호선", "statnm": "이대", "x_5179": 951060.0159, "y_5179": 1950966.479, "lng": 126.94590072885497, "lat": 37.55674894220572, "begin": "1984-05-22", "effective_begin": null, "geometry_wkt": "POINT (951060.0159 1950966.479)", "travel_time_sec": 2664.0, "travel_time_min": 44.4}, "geometry": {"type": "Point", "coordinates": [126.94590072885497, 37.55674894220572]}}, {"id": "427", "type": "Feature", "properties": {"id": 427, "linenm": "서울2호선", "statnm": "신촌", "x_5179": 950255.4657, "y_5179": 1950798.485, "lng": 126.93680339463694, "lat": 37.555191688674775, "begin": "1984-05-22", "effective_begin": null, "geometry_wkt": "POINT (950255.4657 1950798.485)", "travel_time_sec": 2754.0, "travel_time_min": 45.9}, "geometry": {"type": "Point", "coordinates": [126.93680339463694, 37.555191688674775]}}, {"id": "428", "type": "Feature", "properties": {"id": 428, "linenm": "서울2호선", "statnm": "홍대입구", "x_5179": 949115.4288, "y_5179": 1950995.587, "lng": 126.92388306336495, "lat": 37.55690592242897, "begin": "1984-05-22", "effective_begin": null, "geometry_wkt": "POINT (949115.4288 1950995.587)", "travel_time_sec": 2934.0, "travel_time_min": 48.9}, "geometry": {"type": "Point", "coordinates": [126.92388306336495, 37.55690592242897]}}, {"id": "429", "type": "Feature", "properties": {"id": 429, "linenm": "서울2호선", "statnm": "합정", "x_5179": 948278.1854, "y_5179": 1950230.367, "lng": 126.91445817881906, "lat": 37.54996227477751, "begin": "1984-05-22", "effective_begin": null, "geometry_wkt": "POINT (948278.1854 1950230.367)", "travel_time_sec": 2933.0, "travel_time_min": 48.88333333333333}, "geometry": {"type": "Point", "coordinates": [126.91445817881906, 37.54996227477751]}}, {"id": "430", "type": "Feature", "properties": {"id": 430, "linenm": "서울2호선", "statnm": "당산", "x_5179": 947221.5294, "y_5179": 1948554.116, "lng": 126.90261694589547, "lat": 37.53479411348953, "begin": "1984-05-22", "effective_begin": null, "geometry_wkt": "POINT (947221.5294 1948554.116)", "travel_time_sec": 2753.0, "travel_time_min": 45.88333333333333}, "geometry": {"type": "Point", "coordinates": [126.90261694589547, 37.53479411348953]}}, {"id": "431", "type": "Feature", "properties": {"id": 431, "linenm": "서울2호선", "statnm": "영등포구청", "x_5179": 946687.4515, "y_5179": 1947559.119, "lng": 126.89664443529789, "lat": 37.52579535365977, "begin": "1984-05-22", "effective_begin": null, "geometry_wkt": "POINT (946687.4515 1947559.119)", "travel_time_sec": 2873.0, "travel_time_min": 47.88333333333333}, "geometry": {"type": "Point", "coordinates": [126.89664443529789, 37.52579535365977]}}, {"id": "432", "type": "Feature", "properties": {"id": 432, "linenm": "서울2호선", "statnm": "문래", "x_5179": 946525.7124, "y_5179": 1946724.2, "lng": 126.8948748555422, "lat": 37.518260755852666, "begin": "1984-05-22", "effective_begin": null, "geometry_wkt": "POINT (946525.7124 1946724.2)", "travel_time_sec": 2963.0, "travel_time_min": 49.38333333333333}, "geometry": {"type": "Point", "coordinates": [126.8948748555422, 37.518260755852666]}}, {"id": "433", "type": "Feature", "properties": {"id": 433, "linenm": "서울2호선", "statnm": "신도림", "x_5179": 946215.4181, "y_5179": 1945644.668, "lng": 126.8914426985193, "lat": 37.508512745116185, "begin": "1984-05-22", "effective_begin": null, "geometry_wkt": "POINT (946215.4181 1945644.668)", "travel_time_sec": 2892.0, "travel_time_min": 48.2}, "geometry": {"type": "Point", "coordinates": [126.8914426985193, 37.508512745116185]}}, {"id": "434", "type": "Feature", "properties": {"id": 434, "linenm": "서울2호선", "statnm": "대림", "x_5179": 946511.3251, "y_5179": 1943967.541, "lng": 126.89491262980712, "lat": 37.493413730516, "begin": "1984-05-22", "effective_begin": null, "geometry_wkt": "POINT (946511.3251 1943967.541)", "travel_time_sec": 2712.0, "travel_time_min": 45.2}, "geometry": {"type": "Point", "coordinates": [126.89491262980712, 37.493413730516]}}, {"id": "435", "type": "Feature", "properties": {"id": 435, "linenm": "서울2호선", "statnm": "구로디지털단지", "x_5179": 947074.2272, "y_5179": 1943064.028, "lng": 126.9013451006836, "lat": 37.4853026389804, "begin": "1984-05-22", "effective_begin": null, "geometry_wkt": "POINT (947074.2272 1943064.028)", "travel_time_sec": 2592.0, "travel_time_min": 43.2}, "geometry": {"type": "Point", "coordinates": [126.9013451006836, 37.4853026389804]}}, {"id": "436", "type": "Feature", "properties": {"id": 436, "linenm": "서울2호선", "statnm": "신대방", "x_5179": 948163.4624, "y_5179": 1943324.828, "lng": 126.9136467073756, "lat": 37.48771506988466, "begin": "1984-05-22", "effective_begin": null, "geometry_wkt": "POINT (948163.4624 1943324.828)", "travel_time_sec": 2472.0, "travel_time_min": 41.2}, "geometry": {"type": "Point", "coordinates": [126.9136467073756, 37.48771506988466]}}, {"id": "437", "type": "Feature", "properties": {"id": 437, "linenm": "서울2호선", "statnm": "신림", "x_5179": 949575.6935, "y_5179": 1942933.347, "lng": 126.9296473680417, "lat": 37.48426475767833, "begin": "1984-05-22", "effective_begin": null, "geometry_wkt": "POINT (949575.6935 1942933.347)", "travel_time_sec": 2322.0, "travel_time_min": 38.7}, "geometry": {"type": "Point", "coordinates": [126.9296473680417, 37.48426475767833]}}, {"id": "438", "type": "Feature", "properties": {"id": 438, "linenm": "서울2호선", "statnm": "봉천", "x_5179": 950651.693, "y_5179": 1942722.189, "lng": 126.9418316933872, "lat": 37.482419659917305, "begin": "1984-05-22", "effective_begin": null, "geometry_wkt": "POINT (950651.693 1942722.189)", "travel_time_sec": 2202.0, "travel_time_min": 36.7}, "geometry": {"type": "Point", "coordinates": [126.9418316933872, 37.482419659917305]}}, {"id": "439", "type": "Feature", "properties": {"id": 439, "linenm": "서울2호선", "statnm": "서울대입구", "x_5179": 951615.9163, "y_5179": 1942588.909, "lng": 126.9527461218336, "lat": 37.48126938801276, "begin": "1983-12-17", "effective_begin": null, "geometry_wkt": "POINT (951615.9163 1942588.909)", "travel_time_sec": 2112.0, "travel_time_min": 35.2}, "geometry": {"type": "Point", "coordinates": [126.9527461218336, 37.48126938801276]}}, {"id": "440", "type": "Feature", "properties": {"id": 440, "linenm": "서울2호선", "statnm": "낙성대", "x_5179": 952552.7193, "y_5179": 1942124.106, "lng": 126.9633714730419, "lat": 37.477128579538125, "begin": "1983-12-17", "effective_begin": null, "geometry_wkt": "POINT (952552.7193 1942124.106)", "travel_time_sec": 1992.0, "travel_time_min": 33.2}, "geometry": {"type": "Point", "coordinates": [126.9633714730419, 37.477128579538125]}}, {"id": "441", "type": "Feature", "properties": {"id": 441, "linenm": "서울2호선", "statnm": "사당", "x_5179": 954151.7153, "y_5179": 1942051.719, "lng": 126.98145992891384, "lat": 37.47655688046076, "begin": "1983-12-17", "effective_begin": null, "geometry_wkt": "POINT (954151.7153 1942051.719)", "travel_time_sec": 1812.0, "travel_time_min": 30.2}, "geometry": {"type": "Point", "coordinates": [126.98145992891384, 37.47655688046076]}}, {"id": "442", "type": "Feature", "properties": {"id": 442, "linenm": "서울2호선", "statnm": "방배", "x_5179": 955581.5785, "y_5179": 1942589.292, "lng": 126.99759853941435, "lat": 37.48147207698431, "begin": "1983-12-17", "effective_begin": null, "geometry_wkt": "POINT (955581.5785 1942589.292)", "travel_time_sec": 1632.0, "travel_time_min": 27.2}, "geometry": {"type": "Point", "coordinates": [126.99759853941435, 37.48147207698431]}}, {"id": "443", "type": "Feature", "properties": {"id": 443, "linenm": "서울2호선", "statnm": "서초", "x_5179": 956480.822, "y_5179": 1943731.701, "lng": 127.00770165990149, "lat": 37.491811823574814, "begin": "1983-12-17", "effective_begin": null, "geometry_wkt": "POINT (956480.822 1943731.701)", "travel_time_sec": 1482.0, "travel_time_min": 24.7}, "geometry": {"type": "Point", "coordinates": [127.00770165990149, 37.491811823574814]}}, {"id": "444", "type": "Feature", "properties": {"id": 444, "linenm": "서울2호선", "statnm": "교대", "x_5179": 957084.8807, "y_5179": 1943962.319, "lng": 127.0145212219361, "lat": 37.49391874143159, "begin": "1982-12-23", "effective_begin": null, "geometry_wkt": "POINT (957084.8807 1943962.319)", "travel_time_sec": 1362.0, "travel_time_min": 22.7}, "geometry": {"type": "Point", "coordinates": [127.0145212219361, 37.49391874143159]}}, {"id": "445", "type": "Feature", "properties": {"id": 445, "linenm": "서울2호선", "statnm": "강남", "x_5179": 958284.1658, "y_5179": 1944421.977, "lng": 127.02806167769988, "lat": 37.49811677955261, "begin": "1982-12-23", "effective_begin": null, "geometry_wkt": "POINT (958284.1658 1944421.977)", "travel_time_sec": 1242.0, "travel_time_min": 20.7}, "geometry": {"type": "Point", "coordinates": [127.02806167769988, 37.49811677955261]}}, {"id": "446", "type": "Feature", "properties": {"id": 446, "linenm": "서울2호선", "statnm": "역삼", "x_5179": 959019.8018, "y_5179": 1944698.22, "lng": 127.03636840669158, "lat": 37.50063961417192, "begin": "1982-12-23", "effective_begin": null, "geometry_wkt": "POINT (959019.8018 1944698.22)", "travel_time_sec": 1332.0, "travel_time_min": 22.2}, "geometry": {"type": "Point", "coordinates": [127.03636840669158, 37.50063961417192]}}, {"id": "447", "type": "Feature", "properties": {"id": 447, "linenm": "서울2호선", "statnm": "선릉", "x_5179": 960125.0416, "y_5179": 1945118.388, "lng": 127.04884944742884, "lat": 37.50447516204327, "begin": "1982-12-23", "effective_begin": null, "geometry_wkt": "POINT (960125.0416 1945118.388)", "travel_time_sec": 1482.0, "travel_time_min": 24.7}, "geometry": {"type": "Point", "coordinates": [127.04884944742884, 37.50447516204327]}}, {"id": "448", "type": "Feature", "properties": {"id": 448, "linenm": "서울2호선", "statnm": "삼성", "x_5179": 961389.7079, "y_5179": 1945605.037, "lng": 127.06313210133392, "lat": 37.50891530115271, "begin": "1982-12-23", "effective_begin": null, "geometry_wkt": "POINT (961389.7079 1945605.037)", "travel_time_sec": 1571.0, "travel_time_min": 26.183333333333334}, "geometry": {"type": "Point", "coordinates": [127.06313210133392, 37.50891530115271]}}, {"id": "449", "type": "Feature", "properties": {"id": 449, "linenm": "서울2호선", "statnm": "종합운동장", "x_5179": 962340.2139, "y_5179": 1945847.527, "lng": 127.0738741898419, "lat": 37.51114024667451, "begin": "1980-10-31", "effective_begin": null, "geometry_wkt": "POINT (962340.2139 1945847.527)", "travel_time_sec": 1691.0, "travel_time_min": 28.183333333333334}, "geometry": {"type": "Point", "coordinates": [127.0738741898419, 37.51114024667451]}}, {"id": "450", "type": "Feature", "properties": {"id": 450, "linenm": "서울2호선", "statnm": "잠실새내", "x_5179": 963392.9759, "y_5179": 1945896.427, "lng": 127.08578361601803, "lat": 37.51162337532623, "begin": "1980-10-31", "effective_begin": null, "geometry_wkt": "POINT (963392.9759 1945896.427)", "travel_time_sec": 1811.0, "travel_time_min": 30.183333333333334}, "geometry": {"type": "Point", "coordinates": [127.08578361601803, 37.51162337532623]}}, {"id": "451", "type": "Feature", "properties": {"id": 451, "linenm": "서울2호선", "statnm": "잠실", "x_5179": 964686.7549, "y_5179": 1946080.907, "lng": 127.10041380810402, "lat": 37.5133366015627, "begin": "1980-10-31", "effective_begin": null, "geometry_wkt": "POINT (964686.7549 1946080.907)", "travel_time_sec": 1931.0, "travel_time_min": 32.18333333333333}, "geometry": {"type": "Point", "coordinates": [127.10041380810402, 37.5133366015627]}}, {"id": "452", "type": "Feature", "properties": {"id": 452, "linenm": "서울2호선", "statnm": "잠실나루", "x_5179": 964988.1494, "y_5179": 1946898.64, "lng": 127.10378518773568, "lat": 37.52071866422928, "begin": "1980-10-31", "effective_begin": null, "geometry_wkt": "POINT (964988.1494 1946898.64)", "travel_time_sec": 2051.0, "travel_time_min": 34.18333333333333}, "geometry": {"type": "Point", "coordinates": [127.10378518773568, 37.52071866422928]}}, {"id": "453", "type": "Feature", "properties": {"id": 453, "linenm": "서울2호선", "statnm": "강변", "x_5179": 964197.2048, "y_5179": 1948510.07, "lng": 127.0947560262475, "lat": 37.5352127586193, "begin": "1980-10-31", "effective_begin": null, "geometry_wkt": "POINT (964197.2048 1948510.07)", "travel_time_sec": 2201.0, "travel_time_min": 36.68333333333333}, "geometry": {"type": "Point", "coordinates": [127.0947560262475, 37.5352127586193]}}, {"id": "454", "type": "Feature", "properties": {"id": 454, "linenm": "서울2호선", "statnm": "구의", "x_5179": 963444.4212, "y_5179": 1948728.812, "lng": 127.0862247417597, "lat": 37.53715481665681, "begin": "1980-10-31", "effective_begin": null, "geometry_wkt": "POINT (963444.4212 1948728.812)", "travel_time_sec": 2291.0, "travel_time_min": 38.18333333333333}, "geometry": {"type": "Point", "coordinates": [127.0862247417597, 37.53715481665681]}}, {"id": "455", "type": "Feature", "properties": {"id": 455, "linenm": "서울2호선", "statnm": "건대입구", "x_5179": 961938.5708, "y_5179": 1949095.324, "lng": 127.06916133687464, "lat": 37.54039736656281, "begin": "1980-10-31", "effective_begin": null, "geometry_wkt": "POINT (961938.5708 1949095.324)", "travel_time_sec": 2255.0, "travel_time_min": 37.583333333333336}, "geometry": {"type": "Point", "coordinates": [127.06916133687464, 37.54039736656281]}}, {"id": "456", "type": "Feature", "properties": {"id": 456, "linenm": "서울2호선", "statnm": "성수", "x_5179": 960811.6314, "y_5179": 1949553.987, "lng": 127.05638072816848, "lat": 37.54448421832996, "begin": "1980-10-31", "effective_begin": null, "geometry_wkt": "POINT (960811.6314 1949553.987)", "travel_time_sec": 2345.0, "travel_time_min": 39.083333333333336}, "geometry": {"type": "Point", "coordinates": [127.05638072816848, 37.54448421832996]}}, {"id": "457", "type": "Feature", "properties": {"id": 457, "linenm": "서울2호선", "statnm": "뚝섬", "x_5179": 959987.6619, "y_5179": 1949875.25, "lng": 127.04703599105132, "lat": 37.5473444530958, "begin": "1983-09-16", "effective_begin": null, "geometry_wkt": "POINT (959987.6619 1949875.25)", "travel_time_sec": 2435.0, "travel_time_min": 40.583333333333336}, "geometry": {"type": "Point", "coordinates": [127.04703599105132, 37.5473444530958]}}, {"id": "458", "type": "Feature", "properties": {"id": 458, "linenm": "서울2호선", "statnm": "한양대", "x_5179": 959690.6255, "y_5179": 1950779.909, "lng": 127.04362373849646, "lat": 37.55548547037737, "begin": "1983-09-16", "effective_begin": null, "geometry_wkt": "POINT (959690.6255 1950779.909)", "travel_time_sec": 2555.0, "travel_time_min": 42.583333333333336}, "geometry": {"type": "Point", "coordinates": [127.04362373849646, 37.55548547037737]}}, {"id": "459", "type": "Feature", "properties": {"id": 459, "linenm": "서울2호선", "statnm": "왕십리", "x_5179": 959159.9937, "y_5179": 1951423.823, "lng": 127.03758032298498, "lat": 37.561265875713445, "begin": "1983-09-16", "effective_begin": null, "geometry_wkt": "POINT (959159.9937 1951423.823)", "travel_time_sec": 2675.0, "travel_time_min": 44.583333333333336}, "geometry": {"type": "Point", "coordinates": [127.03758032298498, 37.561265875713445]}}, {"id": "460", "type": "Feature", "properties": {"id": 460, "linenm": "서울2호선", "statnm": "상왕십리", "x_5179": 958433.3572, "y_5179": 1951774.135, "lng": 127.02933321473816, "lat": 37.564390820548745, "begin": "1983-09-16", "effective_begin": null, "geometry_wkt": "POINT (958433.3572 1951774.135)", "travel_time_sec": 2765.0, "travel_time_min": 46.083333333333336}, "geometry": {"type": "Point", "coordinates": [127.02933321473816, 37.564390820548745]}}, {"id": "461", "type": "Feature", "properties": {"id": 461, "linenm": "서울2호선", "statnm": "신당", "x_5179": 957582.2691, "y_5179": 1951921.556, "lng": 127.01968796261627, "lat": 37.56568075110923, "begin": "1983-09-16", "effective_begin": null, "geometry_wkt": "POINT (957582.2691 1951921.556)", "travel_time_sec": 2855.0, "travel_time_min": 47.583333333333336}, "geometry": {"type": "Point", "coordinates": [127.01968796261627, 37.56568075110923]}}, {"id": "462", "type": "Feature", "properties": {"id": 462, "linenm": "서울2호선", "statnm": "동대문역사문화공원", "x_5179": 956648.9968, "y_5179": 1951918.776, "lng": 127.00912068274076, "lat": 37.56561222857621, "begin": "1983-09-16", "effective_begin": null, "geometry_wkt": "POINT (956648.9968 1951918.776)", "travel_time_sec": 2754.0, "travel_time_min": 45.9}, "geometry": {"type": "Point", "coordinates": [127.00912068274076, 37.56561222857621]}}, {"id": "463", "type": "Feature", "properties": {"id": 463, "linenm": "서울2호선", "statnm": "을지로4가", "x_5179": 955636.5679, "y_5179": 1952036.677, "lng": 126.99764984161506, "lat": 37.566626674163885, "begin": "1983-09-16", "effective_begin": null, "geometry_wkt": "POINT (955636.5679 1952036.677)", "travel_time_sec": 2634.0, "travel_time_min": 43.9}, "geometry": {"type": "Point", "coordinates": [126.99764984161506, 37.566626674163885]}}, {"id": "464", "type": "Feature", "properties": {"id": 464, "linenm": "서울2호선", "statnm": "을지로3가", "x_5179": 955053.0185, "y_5179": 1952003.164, "lng": 126.9910443015022, "lat": 37.56629631337946, "begin": "1983-09-16", "effective_begin": null, "geometry_wkt": "POINT (955053.0185 1952003.164)", "travel_time_sec": 2544.0, "travel_time_min": 42.4}, "geometry": {"type": "Point", "coordinates": [126.9910443015022, 37.56629631337946]}}, {"id": "465", "type": "Feature", "properties": {"id": 465, "linenm": "서울2호선", "statnm": "을지로입구", "x_5179": 954272.4053, "y_5179": 1951977.225, "lng": 126.98220699926492, "lat": 37.56602408391536, "begin": "1983-09-16", "effective_begin": null, "geometry_wkt": "POINT (954272.4053 1951977.225)", "travel_time_sec": 2454.0, "travel_time_min": 40.9}, "geometry": {"type": "Point", "coordinates": [126.98220699926492, 37.56602408391536]}}, {"id": "466", "type": "Feature", "properties": {"id": 466, "linenm": "서울2호선", "statnm": "까치산", "x_5179": 942295.3507, "y_5179": 1948209.526, "lng": 126.84688932629948, "lat": 37.53139310583104, "begin": "1996-03-20", "effective_begin": null, "geometry_wkt": "POINT (942295.3507 1948209.526)", "travel_time_sec": 3563.0, "travel_time_min": 59.38333333333333}, "geometry": {"type": "Point", "coordinates": [126.84688932629948, 37.53139310583104]}}, {"id": "467", "type": "Feature", "properties": {"id": 467, "linenm": "서울2호선", "statnm": "신정네거리", "x_5179": 942819.0655, "y_5179": 1946963.143, "lng": 126.85291351093804, "lat": 37.52019202360079, "begin": "1996-02-29", "effective_begin": null, "geometry_wkt": "POINT (942819.0655 1946963.143)", "travel_time_sec": 3414.0, "travel_time_min": 56.9}, "geometry": {"type": "Point", "coordinates": [126.85291351093804, 37.52019202360079]}}, {"id": "468", "type": "Feature", "properties": {"id": 468, "linenm": "서울2호선", "statnm": "양천구청", "x_5179": 943962.0493, "y_5179": 1946096.516, "lng": 126.86591341861688, "lat": 37.51245119251573, "begin": "1992-05-22", "effective_begin": null, "geometry_wkt": "POINT (943962.0493 1946096.516)", "travel_time_sec": 3264.0, "travel_time_min": 54.4}, "geometry": {"type": "Point", "coordinates": [126.86591341861688, 37.51245119251573]}}, {"id": "469", "type": "Feature", "properties": {"id": 469, "linenm": "서울2호선", "statnm": "도림천", "x_5179": 945442.2546, "y_5179": 1946312.594, "lng": 126.88264545062373, "lat": 37.51448745287615, "begin": "1992-05-22", "effective_begin": null, "geometry_wkt": "POINT (945442.2546 1946312.594)", "travel_time_sec": 3084.0, "travel_time_min": 51.4}, "geometry": {"type": "Point", "coordinates": [126.88264545062373, 37.51448745287615]}}, {"id": "470", "type": "Feature", "properties": {"id": 470, "linenm": "서울2호선", "statnm": "신도림", "x_5179": 946207.389, "y_5179": 1945641.373, "lng": 126.89135209736028, "lat": 37.508482578746765, "begin": "1992-05-22", "effective_begin": null, "geometry_wkt": "POINT (946207.389 1945641.373)", "travel_time_sec": 2964.0, "travel_time_min": 49.4}, "geometry": {"type": "Point", "coordinates": [126.89135209736028, 37.508482578746765]}}, {"id": "471", "type": "Feature", "properties": {"id": 471, "linenm": "서울2호선", "statnm": "용답", "x_5179": 960333.3955, "y_5179": 1951529.776, "lng": 127.05086030254466, "lat": 37.56227214988865, "begin": "1980-10-31", "effective_begin": null, "geometry_wkt": "POINT (960333.3955 1951529.776)", "travel_time_sec": 2765.0, "travel_time_min": 46.083333333333336}, "geometry": {"type": "Point", "coordinates": [127.05086030254466, 37.56227214988865]}}, {"id": "472", "type": "Feature", "properties": {"id": 472, "linenm": "서울2호선", "statnm": "신답", "x_5179": 960002.6463, "y_5179": 1952371.435, "lng": 127.04706944994533, "lat": 37.56984395489578, "begin": "1980-10-31", "effective_begin": null, "geometry_wkt": "POINT (960002.6463 1952371.435)", "travel_time_sec": 2885.0, "travel_time_min": 48.083333333333336}, "geometry": {"type": "Point", "coordinates": [127.04706944994533, 37.56984395489578]}}, {"id": "473", "type": "Feature", "properties": {"id": 473, "linenm": "서울2호선", "statnm": "용두", "x_5179": 959216.0721, "y_5179": 1952847.497, "lng": 127.03813603839772, "lat": 37.57410031842874, "begin": "2005-10-20", "effective_begin": null, "geometry_wkt": "POINT (959216.0721 1952847.497)", "travel_time_sec": 2989.0, "travel_time_min": 49.81666666666667}, "geometry": {"type": "Point", "coordinates": [127.03813603839772, 37.57410031842874]}}, {"id": "474", "type": "Feature", "properties": {"id": 474, "linenm": "서울2호선", "statnm": "신설동", "x_5179": 958049.3571, "y_5179": 1952928.85, "lng": 127.02491914432684, "lat": 37.57478114111918, "begin": "1980-10-31", "effective_begin": null, "geometry_wkt": "POINT (958049.3571 1952928.85)", "travel_time_sec": 2869.0, "travel_time_min": 47.81666666666667}, "geometry": {"type": "Point", "coordinates": [127.02491914432684, 37.57478114111918]}}, {"id": "475", "type": "Feature", "properties": {"id": 475, "linenm": "서울3호선", "statnm": "대화", "x_5179": 933643.6272, "y_5179": 1964334.591, "lng": 126.74751236326142, "lat": 37.676141864706125, "begin": "1996-01-30", "effective_begin": null, "geometry_wkt": "POINT (933643.6272 1964334.591)", "travel_time_sec": 3378.0, "travel_time_min": 56.3}, "geometry": {"type": "Point", "coordinates": [126.74751236326142, 37.676141864706125]}}, {"id": "476", "type": "Feature", "properties": {"id": 476, "linenm": "서울3호선", "statnm": "주엽", "x_5179": 934864.6884, "y_5179": 1963653.666, "lng": 126.76141908136567, "lat": 37.67009245582665, "begin": "1996-01-30", "effective_begin": null, "geometry_wkt": "POINT (934864.6884 1963653.666)", "travel_time_sec": 3258.0, "travel_time_min": 54.3}, "geometry": {"type": "Point", "coordinates": [126.76141908136567, 37.67009245582665]}}, {"id": "477", "type": "Feature", "properties": {"id": 477, "linenm": "서울3호선", "statnm": "정발산", "x_5179": 935912.06, "y_5179": 1962467.311, "lng": 126.77339877072514, "lat": 37.65947397722269, "begin": "1996-01-30", "effective_begin": null, "geometry_wkt": "POINT (935912.06 1962467.311)", "travel_time_sec": 3108.0, "travel_time_min": 51.8}, "geometry": {"type": "Point", "coordinates": [126.77339877072514, 37.65947397722269]}}, {"id": "478", "type": "Feature", "properties": {"id": 478, "linenm": "서울3호선", "statnm": "마두", "x_5179": 936271.5169, "y_5179": 1961679.359, "lng": 126.7775426540306, "lat": 37.65239742682802, "begin": "1996-01-30", "effective_begin": null, "geometry_wkt": "POINT (936271.5169 1961679.359)", "travel_time_sec": 2988.0, "travel_time_min": 49.8}, "geometry": {"type": "Point", "coordinates": [126.7775426540306, 37.65239742682802]}}, {"id": "479", "type": "Feature", "properties": {"id": 479, "linenm": "서울3호선", "statnm": "백석", "x_5179": 937185.7761, "y_5179": 1960636.368, "lng": 126.78799615103276, "lat": 37.64306023472994, "begin": "1996-01-30", "effective_begin": null, "geometry_wkt": "POINT (937185.7761 1960636.368)", "travel_time_sec": 2838.0, "travel_time_min": 47.3}, "geometry": {"type": "Point", "coordinates": [126.78799615103276, 37.64306023472994]}}, {"id": "480", "type": "Feature", "properties": {"id": 480, "linenm": "서울3호선", "statnm": "대곡", "x_5179": 939210.8753, "y_5179": 1959360.261, "lng": 126.81105546232916, "lat": 37.63169523083422, "begin": "1996-01-30", "effective_begin": null, "geometry_wkt": "POINT (939210.8753 1959360.261)", "travel_time_sec": 2628.0, "travel_time_min": 43.8}, "geometry": {"type": "Point", "coordinates": [126.81105546232916, 37.63169523083422]}}, {"id": "481", "type": "Feature", "properties": {"id": 481, "linenm": "서울3호선", "statnm": "화정", "x_5179": 941124.628, "y_5179": 1959668.619, "lng": 126.832718472829, "lat": 37.63459906302428, "begin": "1996-01-30", "effective_begin": null, "geometry_wkt": "POINT (941124.628 1959668.619)", "travel_time_sec": 2808.0, "travel_time_min": 46.8}, "geometry": {"type": "Point", "coordinates": [126.832718472829, 37.63459906302428]}}, {"id": "482", "type": "Feature", "properties": {"id": 482, "linenm": "서울3호선", "statnm": "원당", "x_5179": 942034.8009, "y_5179": 1961704.338, "lng": 126.84287194743236, "lat": 37.65300458680754, "begin": "1996-01-30", "effective_begin": null, "geometry_wkt": "POINT (942034.8009 1961704.338)", "travel_time_sec": 3018.0, "travel_time_min": 50.3}, "geometry": {"type": "Point", "coordinates": [126.84287194743236, 37.65300458680754]}}, {"id": "483", "type": "Feature", "properties": {"id": 483, "linenm": "서울3호선", "statnm": "원흥", "x_5179": 944702.6221, "y_5179": 1961426.066, "lng": 126.87313534197118, "lat": 37.650661143518434, "begin": "2014-12-17", "effective_begin": null, "geometry_wkt": "POINT (944702.6221 1961426.066)", "travel_time_sec": 2992.0, "travel_time_min": 49.86666666666667}, "geometry": {"type": "Point", "coordinates": [126.87313534197118, 37.650661143518434]}}, {"id": "484", "type": "Feature", "properties": {"id": 484, "linenm": "서울3호선", "statnm": "삼송", "x_5179": 946676.7868, "y_5179": 1961689.535, "lng": 126.89549454506393, "lat": 37.653152567101166, "begin": "1996-01-30", "effective_begin": null, "geometry_wkt": "POINT (946676.7868 1961689.535)", "travel_time_sec": 2842.0, "travel_time_min": 47.36666666666667}, "geometry": {"type": "Point", "coordinates": [126.89549454506393, 37.653152567101166]}}, {"id": "485", "type": "Feature", "properties": {"id": 485, "linenm": "서울3호선", "statnm": "지축", "x_5179": 948298.5933, "y_5179": 1961120.901, "lng": 126.91391974545677, "lat": 37.64812027107421, "begin": "1990-07-13", "effective_begin": null, "geometry_wkt": "POINT (948298.5933 1961120.901)", "travel_time_sec": 2662.0, "travel_time_min": 44.36666666666667}, "geometry": {"type": "Point", "coordinates": [126.91391974545677, 37.64812027107421]}}, {"id": "486", "type": "Feature", "properties": {"id": 486, "linenm": "서울3호선", "statnm": "구파발", "x_5179": 948722.5803, "y_5179": 1959817.617, "lng": 126.91881730019298, "lat": 37.63639757222915, "begin": "1985-07-02", "effective_begin": null, "geometry_wkt": "POINT (948722.5803 1959817.617)", "travel_time_sec": 2452.0, "travel_time_min": 40.86666666666667}, "geometry": {"type": "Point", "coordinates": [126.91881730019298, 37.63639757222915]}}, {"id": "487", "type": "Feature", "properties": {"id": 487, "linenm": "서울3호선", "statnm": "연신내", "x_5179": 948911.7414, "y_5179": 1957917.345, "lng": 126.92109402636088, "lat": 37.61928094369407, "begin": "1985-07-02", "effective_begin": null, "geometry_wkt": "POINT (948911.7414 1957917.345)", "travel_time_sec": 2302.0, "travel_time_min": 38.36666666666667}, "geometry": {"type": "Point", "coordinates": [126.92109402636088, 37.61928094369407]}}, {"id": "488", "type": "Feature", "properties": {"id": 488, "linenm": "서울3호선", "statnm": "불광", "x_5179": 949722.9408, "y_5179": 1956879.874, "lng": 126.93035703948472, "lat": 37.60997490765768, "begin": "1985-07-02", "effective_begin": null, "geometry_wkt": "POINT (949722.9408 1956879.874)", "travel_time_sec": 2422.0, "travel_time_min": 40.36666666666667}, "geometry": {"type": "Point", "coordinates": [126.93035703948472, 37.60997490765768]}}, {"id": "489", "type": "Feature", "properties": {"id": 489, "linenm": "서울3호선", "statnm": "녹번", "x_5179": 950203.2171, "y_5179": 1955854.669, "lng": 126.93586815232014, "lat": 37.60076080621573, "begin": "1985-07-02", "effective_begin": null, "geometry_wkt": "POINT (950203.2171 1955854.669)", "travel_time_sec": 2542.0, "travel_time_min": 42.36666666666667}, "geometry": {"type": "Point", "coordinates": [126.93586815232014, 37.60076080621573]}}, {"id": "490", "type": "Feature", "properties": {"id": 490, "linenm": "서울3호선", "statnm": "홍제", "x_5179": 950919.254, "y_5179": 1954522.963, "lng": 126.94406885541066, "lat": 37.588796505512455, "begin": "1985-07-02", "effective_begin": null, "geometry_wkt": "POINT (950919.254 1954522.963)", "travel_time_sec": 2692.0, "travel_time_min": 44.86666666666667}, "geometry": {"type": "Point", "coordinates": [126.94406885541066, 37.588796505512455]}}, {"id": "491", "type": "Feature", "properties": {"id": 491, "linenm": "서울3호선", "statnm": "무악재", "x_5179": 951458.0263, "y_5179": 1953834.016, "lng": 126.9502168715662, "lat": 37.582615528018, "begin": "1985-07-02", "effective_begin": null, "geometry_wkt": "POINT (951458.0263 1953834.016)", "travel_time_sec": 2812.0, "travel_time_min": 46.86666666666667}, "geometry": {"type": "Point", "coordinates": [126.9502168715662, 37.582615528018]}}, {"id": "492", "type": "Feature", "properties": {"id": 492, "linenm": "서울3호선", "statnm": "독립문", "x_5179": 952138.9808, "y_5179": 1952906.231, "lng": 126.9579896188348, "lat": 37.57428893805548, "begin": "1985-07-02", "effective_begin": null, "geometry_wkt": "POINT (952138.9808 1952906.231)", "travel_time_sec": 2746.0, "travel_time_min": 45.766666666666666}, "geometry": {"type": "Point", "coordinates": [126.9579896188348, 37.57428893805548]}}, {"id": "493", "type": "Feature", "properties": {"id": 493, "linenm": "서울3호선", "statnm": "경복궁", "x_5179": 953510.8239, "y_5179": 1953067.145, "lng": 126.97351447221486, "lat": 37.57580958905711, "begin": "1985-10-18", "effective_begin": null, "geometry_wkt": "POINT (953510.8239 1953067.145)", "travel_time_sec": 2596.0, "travel_time_min": 43.266666666666666}, "geometry": {"type": "Point", "coordinates": [126.97351447221486, 37.57580958905711]}}, {"id": "494", "type": "Feature", "properties": {"id": 494, "linenm": "서울3호선", "statnm": "안국", "x_5179": 954554.7978, "y_5179": 1953131.609, "lng": 126.98533293693087, "lat": 37.576442750720375, "begin": "1985-10-18", "effective_begin": null, "geometry_wkt": "POINT (954554.7978 1953131.609)", "travel_time_sec": 2476.0, "travel_time_min": 41.266666666666666}, "geometry": {"type": "Point", "coordinates": [126.98533293693087, 37.576442750720375]}}, {"id": "495", "type": "Feature", "properties": {"id": 495, "linenm": "서울3호선", "statnm": "종로3가", "x_5179": 955125.3632, "y_5179": 1952598.832, "lng": 126.99182698976216, "lat": 37.5716687202438, "begin": "1985-10-18", "effective_begin": null, "geometry_wkt": "POINT (955125.3632 1952598.832)", "travel_time_sec": 2356.0, "travel_time_min": 39.266666666666666}, "geometry": {"type": "Point", "coordinates": [126.99182698976216, 37.5716687202438]}}, {"id": "496", "type": "Feature", "properties": {"id": 496, "linenm": "서울3호선", "statnm": "을지로3가", "x_5179": 955190.1265, "y_5179": 1952038.637, "lng": 126.99259461491604, "lat": 37.56662272166245, "begin": "1985-10-18", "effective_begin": null, "geometry_wkt": "POINT (955190.1265 1952038.637)", "travel_time_sec": 2266.0, "travel_time_min": 37.766666666666666}, "geometry": {"type": "Point", "coordinates": [126.99259461491604, 37.56662272166245]}}, {"id": "497", "type": "Feature", "properties": {"id": 497, "linenm": "서울3호선", "statnm": "충무로", "x_5179": 955320.6574, "y_5179": 1951458.423, "lng": 126.9941079964346, "lat": 37.56139947047944, "begin": "1985-10-18", "effective_begin": null, "geometry_wkt": "POINT (955320.6574 1951458.423)", "travel_time_sec": 2176.0, "travel_time_min": 36.266666666666666}, "geometry": {"type": "Point", "coordinates": [126.9941079964346, 37.56139947047944]}}, {"id": "498", "type": "Feature", "properties": {"id": 498, "linenm": "서울3호선", "statnm": "동대입구", "x_5179": 956353.5951, "y_5179": 1951196.737, "lng": 127.00581884359067, "lat": 37.55909036634736, "begin": "1985-10-18", "effective_begin": null, "geometry_wkt": "POINT (956353.5951 1951196.737)", "travel_time_sec": 2056.0, "travel_time_min": 34.266666666666666}, "geometry": {"type": "Point", "coordinates": [127.00581884359067, 37.55909036634736]}}, {"id": "499", "type": "Feature", "properties": {"id": 499, "linenm": "서울3호선", "statnm": "약수", "x_5179": 956807.1014, "y_5179": 1950673.259, "lng": 127.01098427642752, "lat": 37.55439350786292, "begin": "1985-10-18", "effective_begin": null, "geometry_wkt": "POINT (956807.1014 1950673.259)", "travel_time_sec": 1966.0, "travel_time_min": 32.766666666666666}, "geometry": {"type": "Point", "coordinates": [127.01098427642752, 37.55439350786292]}}, {"id": "500", "type": "Feature", "properties": {"id": 500, "linenm": "서울3호선", "statnm": "금호", "x_5179": 957230.4308, "y_5179": 1949989.378, "lng": 127.01581679193748, "lat": 37.54824925934082, "begin": "1985-10-18", "effective_begin": null, "geometry_wkt": "POINT (957230.4308 1949989.378)", "travel_time_sec": 1876.0, "travel_time_min": 31.266666666666666}, "geometry": {"type": "Point", "coordinates": [127.01581679193748, 37.54824925934082]}}, {"id": "501", "type": "Feature", "properties": {"id": 501, "linenm": "서울3호선", "statnm": "옥수", "x_5179": 957362.0789, "y_5179": 1949256.142, "lng": 127.0173497078396, "lat": 37.54164650164616, "begin": "1985-10-18", "effective_begin": null, "geometry_wkt": "POINT (957362.0789 1949256.142)", "travel_time_sec": 1786.0, "travel_time_min": 29.766666666666666}, "geometry": {"type": "Point", "coordinates": [127.0173497078396, 37.54164650164616]}}, {"id": "502", "type": "Feature", "properties": {"id": 502, "linenm": "서울3호선", "statnm": "압구정", "x_5179": 958338.4164, "y_5179": 1947607.607, "lng": 127.02849480804664, "lat": 37.52683240163011, "begin": "1985-10-18", "effective_begin": null, "geometry_wkt": "POINT (958338.4164 1947607.607)", "travel_time_sec": 1636.0, "travel_time_min": 27.266666666666666}, "geometry": {"type": "Point", "coordinates": [127.02849480804664, 37.52683240163011]}}, {"id": "503", "type": "Feature", "properties": {"id": 503, "linenm": "서울3호선", "statnm": "신사", "x_5179": 957609.7755, "y_5179": 1946458.647, "lng": 127.02031497821802, "lat": 37.51644325136979, "begin": "1985-10-18", "effective_begin": null, "geometry_wkt": "POINT (957609.7755 1946458.647)", "travel_time_sec": 1486.0, "travel_time_min": 24.766666666666666}, "geometry": {"type": "Point", "coordinates": [127.02031497821802, 37.51644325136979]}}, {"id": "504", "type": "Feature", "properties": {"id": 504, "linenm": "서울3호선", "statnm": "잠원", "x_5179": 956835.662, "y_5179": 1946078.225, "lng": 127.0115777959725, "lat": 37.51297848809268, "begin": "1985-10-18", "effective_begin": null, "geometry_wkt": "POINT (956835.662 1946078.225)", "travel_time_sec": 1604.0, "travel_time_min": 26.733333333333334}, "geometry": {"type": "Point", "coordinates": [127.0115777959725, 37.51297848809268]}}, {"id": "505", "type": "Feature", "properties": {"id": 505, "linenm": "서울3호선", "statnm": "고속터미널", "x_5179": 956243.8185, "y_5179": 1945181.602, "lng": 127.00493444785856, "lat": 37.50486906037078, "begin": "1985-10-18", "effective_begin": null, "geometry_wkt": "POINT (956243.8185 1945181.602)", "travel_time_sec": 1484.0, "travel_time_min": 24.733333333333334}, "geometry": {"type": "Point", "coordinates": [127.00493444785856, 37.50486906037078]}}, {"id": "506", "type": "Feature", "properties": {"id": 506, "linenm": "서울3호선", "statnm": "교대", "x_5179": 957023.0527, "y_5179": 1943856.997, "lng": 127.0138279671102, "lat": 37.49296656096792, "begin": "1985-10-18", "effective_begin": null, "geometry_wkt": "POINT (957023.0527 1943856.997)", "travel_time_sec": 1334.0, "travel_time_min": 22.233333333333334}, "geometry": {"type": "Point", "coordinates": [127.0138279671102, 37.49296656096792]}}, {"id": "507", "type": "Feature", "properties": {"id": 507, "linenm": "서울3호선", "statnm": "남부터미널", "x_5179": 957237.2269, "y_5179": 1942972.111, "lng": 127.0163021415056, "lat": 37.48500070905941, "begin": "1985-10-18", "effective_begin": null, "geometry_wkt": "POINT (957237.2269 1942972.111)", "travel_time_sec": 1214.0, "travel_time_min": 20.233333333333334}, "geometry": {"type": "Point", "coordinates": [127.0163021415056, 37.48500070905941]}}, {"id": "508", "type": "Feature", "properties": {"id": 508, "linenm": "서울3호선", "statnm": "양재", "x_5179": 958790.1073, "y_5179": 1942917.607, "lng": 127.0338695771307, "lat": 37.48458004712426, "begin": "1985-10-18", "effective_begin": null, "geometry_wkt": "POINT (958790.1073 1942917.607)", "travel_time_sec": 1064.0, "travel_time_min": 17.733333333333334}, "geometry": {"type": "Point", "coordinates": [127.0338695771307, 37.48458004712426]}}, {"id": "509", "type": "Feature", "properties": {"id": 509, "linenm": "서울3호선", "statnm": "매봉", "x_5179": 959932.4438, "y_5179": 1943177.128, "lng": 127.04677618667324, "lat": 37.48696948538969, "begin": "1993-10-30", "effective_begin": null, "geometry_wkt": "POINT (959932.4438 1943177.128)", "travel_time_sec": 1214.0, "travel_time_min": 20.233333333333334}, "geometry": {"type": "Point", "coordinates": [127.04677618667324, 37.48696948538969]}}, {"id": "510", "type": "Feature", "properties": {"id": 510, "linenm": "서울3호선", "statnm": "도곡", "x_5179": 960711.7865, "y_5179": 1943625.989, "lng": 127.0555675006598, "lat": 37.491048742482185, "begin": "1993-10-30", "effective_begin": null, "geometry_wkt": "POINT (960711.7865 1943625.989)", "travel_time_sec": 1334.0, "travel_time_min": 22.233333333333334}, "geometry": {"type": "Point", "coordinates": [127.0555675006598, 37.491048742482185]}}, {"id": "511", "type": "Feature", "properties": {"id": 511, "linenm": "서울3호선", "statnm": "대치", "x_5179": 961360.1689, "y_5179": 1943992.899, "lng": 127.06288260206011, "lat": 37.49438321809049, "begin": "1993-10-30", "effective_begin": null, "geometry_wkt": "POINT (961360.1689 1943992.899)", "travel_time_sec": 1424.0, "travel_time_min": 23.733333333333334}, "geometry": {"type": "Point", "coordinates": [127.06288260206011, 37.49438321809049]}}, {"id": "512", "type": "Feature", "properties": {"id": 512, "linenm": "서울3호선", "statnm": "학여울", "x_5179": 962097.9969, "y_5179": 1944264.273, "lng": 127.07121516297254, "lat": 37.49685981421995, "begin": "1993-10-30", "effective_begin": null, "geometry_wkt": "POINT (962097.9969 1944264.273)", "travel_time_sec": 1514.0, "travel_time_min": 25.233333333333334}, "geometry": {"type": "Point", "coordinates": [127.07121516297254, 37.49685981421995]}}, {"id": "513", "type": "Feature", "properties": {"id": 513, "linenm": "서울3호선", "statnm": "대청", "x_5179": 962842.318, "y_5179": 1943889.373, "lng": 127.07965438746068, "lat": 37.49351094157151, "begin": "1993-10-30", "effective_begin": null, "geometry_wkt": "POINT (962842.318 1943889.373)", "travel_time_sec": 1634.0, "travel_time_min": 27.233333333333334}, "geometry": {"type": "Point", "coordinates": [127.07965438746068, 37.49351094157151]}}, {"id": "514", "type": "Feature", "properties": {"id": 514, "linenm": "서울3호선", "statnm": "일원", "x_5179": 963244.3896, "y_5179": 1942820.452, "lng": 127.0842561048024, "lat": 37.48389237561364, "begin": "1993-10-30", "effective_begin": null, "geometry_wkt": "POINT (963244.3896 1942820.452)", "travel_time_sec": 1641.0, "travel_time_min": 27.35}, "geometry": {"type": "Point", "coordinates": [127.0842561048024, 37.48389237561364]}}, {"id": "515", "type": "Feature", "properties": {"id": 515, "linenm": "서울3호선", "statnm": "수서", "x_5179": 964823.1552, "y_5179": 1943207.901, "lng": 127.1020946489058, "lat": 37.48744612229928, "begin": "1993-10-30", "effective_begin": null, "geometry_wkt": "POINT (964823.1552 1943207.901)", "travel_time_sec": 1491.0, "travel_time_min": 24.85}, "geometry": {"type": "Point", "coordinates": [127.1020946489058, 37.48744612229928]}}, {"id": "516", "type": "Feature", "properties": {"id": 516, "linenm": "서울3호선", "statnm": "가락시장", "x_5179": 966204.8683, "y_5179": 1943734.113, "lng": 127.1176994968518, "lat": 37.49224072819765, "begin": "2010-02-18", "effective_begin": null, "geometry_wkt": "POINT (966204.8683 1943734.113)", "travel_time_sec": 1641.0, "travel_time_min": 27.35}, "geometry": {"type": "Point", "coordinates": [127.1176994968518, 37.49224072819765]}}, {"id": "517", "type": "Feature", "properties": {"id": 517, "linenm": "서울3호선", "statnm": "경찰병원", "x_5179": 966797.2477, "y_5179": 1944130.786, "lng": 127.12438262870327, "lat": 37.49583762756161, "begin": "2010-02-18", "effective_begin": null, "geometry_wkt": "POINT (966797.2477 1944130.786)", "travel_time_sec": 1731.0, "travel_time_min": 28.85}, "geometry": {"type": "Point", "coordinates": [127.12438262870327, 37.49583762756161]}}, {"id": "518", "type": "Feature", "properties": {"id": 518, "linenm": "서울3호선", "statnm": "오금", "x_5179": 967157.4356, "y_5179": 1944846.347, "lng": 127.12842533949964, "lat": 37.50230020627933, "begin": "2010-02-18", "effective_begin": null, "geometry_wkt": "POINT (967157.4356 1944846.347)", "travel_time_sec": 1821.0, "travel_time_min": 30.35}, "geometry": {"type": "Point", "coordinates": [127.12842533949964, 37.50230020627933]}}, {"id": "526", "type": "Feature", "properties": {"id": 526, "linenm": "서울4호선", "statnm": "한대앞", "x_5179": 942735.4797, "y_5179": 1923609.625, "lng": 126.85377867907413, "lat": 37.30969643514504, "begin": "1988-10-25", "effective_begin": null, "geometry_wkt": "POINT (942735.4797 1923609.625)", "travel_time_sec": 3500.0, "travel_time_min": 58.333333333333336}, "geometry": {"type": "Point", "coordinates": [126.85377867907413, 37.30969643514504]}}, {"id": "527", "type": "Feature", "properties": {"id": 527, "linenm": "서울4호선", "statnm": "상록수", "x_5179": 943873.6307, "y_5179": 1922843.387, "lng": 126.86667974135314, "lat": 37.30285945416544, "begin": "1988-10-25", "effective_begin": null, "geometry_wkt": "POINT (943873.6307 1922843.387)", "travel_time_sec": 3380.0, "travel_time_min": 56.333333333333336}, "geometry": {"type": "Point", "coordinates": [126.86667974135314, 37.30285945416544]}}, {"id": "528", "type": "Feature", "properties": {"id": 528, "linenm": "서울4호선", "statnm": "반월", "x_5179": 947185.7398, "y_5179": 1923894.184, "lng": 126.90397634687756, "lat": 37.31252487179428, "begin": "1988-10-25", "effective_begin": null, "geometry_wkt": "POINT (947185.7398 1923894.184)", "travel_time_sec": 3170.0, "travel_time_min": 52.833333333333336}, "geometry": {"type": "Point", "coordinates": [126.90397634687756, 37.31252487179428]}}, {"id": "529", "type": "Feature", "properties": {"id": 529, "linenm": "서울4호선", "statnm": "대야미", "x_5179": 948326.6634, "y_5179": 1925589.658, "lng": 126.91673328321284, "lat": 37.32787112862472, "begin": "1988-10-25", "effective_begin": null, "geometry_wkt": "POINT (948326.6634 1925589.658)", "travel_time_sec": 3020.0, "travel_time_min": 50.333333333333336}, "geometry": {"type": "Point", "coordinates": [126.91673328321284, 37.32787112862472]}}, {"id": "530", "type": "Feature", "properties": {"id": 530, "linenm": "서울4호선", "statnm": "수리산", "x_5179": 949111.5898, "y_5179": 1928057.318, "lng": 126.92542337203524, "lat": 37.35015662168507, "begin": "2003-07-18", "effective_begin": null, "geometry_wkt": "POINT (949111.5898 1928057.318)", "travel_time_sec": 2810.0, "travel_time_min": 46.833333333333336}, "geometry": {"type": "Point", "coordinates": [126.92542337203524, 37.35015662168507]}}, {"id": "531", "type": "Feature", "properties": {"id": 531, "linenm": "서울4호선", "statnm": "산본", "x_5179": 949798.2463, "y_5179": 1928931.681, "lng": 126.93311673818776, "lat": 37.35807504846096, "begin": "1992-05-01", "effective_begin": null, "geometry_wkt": "POINT (949798.2463 1928931.681)", "travel_time_sec": 2690.0, "travel_time_min": 44.833333333333336}, "geometry": {"type": "Point", "coordinates": [126.93311673818776, 37.35807504846096]}}, {"id": "532", "type": "Feature", "properties": {"id": 532, "linenm": "서울4호선", "statnm": "금정", "x_5179": 950714.386, "y_5179": 1930544.109, "lng": 126.9433540751319, "lat": 37.37265770582086, "begin": "1988-10-25", "effective_begin": null, "geometry_wkt": "POINT (950714.386 1930544.109)", "travel_time_sec": 2420.0, "travel_time_min": 40.333333333333336}, "geometry": {"type": "Point", "coordinates": [126.9433540751319, 37.37265770582086]}}, {"id": "533", "type": "Feature", "properties": {"id": 533, "linenm": "서울4호선", "statnm": "범계", "x_5179": 951376.5665, "y_5179": 1932438.514, "lng": 126.95070808487888, "lat": 37.389767760473866, "begin": "1993-01-15", "effective_begin": null, "geometry_wkt": "POINT (951376.5665 1932438.514)", "travel_time_sec": 2630.0, "travel_time_min": 43.833333333333336}, "geometry": {"type": "Point", "coordinates": [126.95070808487888, 37.389767760473866]}}, {"id": "534", "type": "Feature", "properties": {"id": 534, "linenm": "서울4호선", "statnm": "평촌", "x_5179": 952523.8548, "y_5179": 1932923.978, "lng": 126.96363713357556, "lat": 37.39420295110889, "begin": "1993-01-15", "effective_begin": null, "geometry_wkt": "POINT (952523.8548 1932923.978)", "travel_time_sec": 2556.0, "travel_time_min": 42.6}, "geometry": {"type": "Point", "coordinates": [126.96363713357556, 37.39420295110889]}}, {"id": "535", "type": "Feature", "properties": {"id": 535, "linenm": "서울4호선", "statnm": "인덕원", "x_5179": 953683.1353, "y_5179": 1933729.752, "lng": 126.9766831289701, "lat": 37.40152443189371, "begin": "1993-01-15", "effective_begin": null, "geometry_wkt": "POINT (953683.1353 1933729.752)", "travel_time_sec": 2406.0, "travel_time_min": 40.1}, "geometry": {"type": "Point", "coordinates": [126.9766831289701, 37.40152443189371]}}, {"id": "536", "type": "Feature", "properties": {"id": 536, "linenm": "서울4호선", "statnm": "정부과천청사", "x_5179": 954867.8337, "y_5179": 1936493.552, "lng": 126.98989918923232, "lat": 37.42649426149006, "begin": "1994-04-01", "effective_begin": null, "geometry_wkt": "POINT (954867.8337 1936493.552)", "travel_time_sec": 2196.0, "travel_time_min": 36.6}, "geometry": {"type": "Point", "coordinates": [126.98989918923232, 37.42649426149006]}}, {"id": "537", "type": "Feature", "properties": {"id": 537, "linenm": "서울4호선", "statnm": "과천", "x_5179": 955477.026, "y_5179": 1937202.895, "lng": 126.99674146651338, "lat": 37.43291738178273, "begin": "1994-04-01", "effective_begin": null, "geometry_wkt": "POINT (955477.026 1937202.895)", "travel_time_sec": 2076.0, "travel_time_min": 34.6}, "geometry": {"type": "Point", "coordinates": [126.99674146651338, 37.43291738178273]}}, {"id": "538", "type": "Feature", "properties": {"id": 538, "linenm": "서울4호선", "statnm": "대공원", "x_5179": 956345.2558, "y_5179": 1937509.881, "lng": 127.00653686551745, "lat": 37.43572575371737, "begin": "1994-04-01", "effective_begin": null, "geometry_wkt": "POINT (956345.2558 1937509.881)", "travel_time_sec": 2196.0, "travel_time_min": 36.6}, "geometry": {"type": "Point", "coordinates": [127.00653686551745, 37.43572575371737]}}, {"id": "539", "type": "Feature", "properties": {"id": 539, "linenm": "서울4호선", "statnm": "경마공원", "x_5179": 956474.2473, "y_5179": 1938417.795, "lng": 127.00794132540386, "lat": 37.44391524695267, "begin": "1994-04-01", "effective_begin": null, "geometry_wkt": "POINT (956474.2473 1938417.795)", "travel_time_sec": 2316.0, "travel_time_min": 38.6}, "geometry": {"type": "Point", "coordinates": [127.00794132540386, 37.44391524695267]}}, {"id": "540", "type": "Feature", "properties": {"id": 540, "linenm": "서울4호선", "statnm": "선바위", "x_5179": 955956.7249, "y_5179": 1939313.79, "lng": 127.00203740744016, "lat": 37.45196671145504, "begin": "1994-04-01", "effective_begin": null, "geometry_wkt": "POINT (955956.7249 1939313.79)", "travel_time_sec": 2412.0, "travel_time_min": 40.2}, "geometry": {"type": "Point", "coordinates": [127.00203740744016, 37.45196671145504]}}, {"id": "541", "type": "Feature", "properties": {"id": 541, "linenm": "서울4호선", "statnm": "남태령", "x_5179": 954817.881, "y_5179": 1940688.416, "lng": 126.98907757220772, "lat": 37.46430177367908, "begin": "1994-04-01", "effective_begin": null, "geometry_wkt": "POINT (954817.881 1940688.416)", "travel_time_sec": 2232.0, "travel_time_min": 37.2}, "geometry": {"type": "Point", "coordinates": [126.98907757220772, 37.46430177367908]}}, {"id": "542", "type": "Feature", "properties": {"id": 542, "linenm": "서울4호선", "statnm": "사당", "x_5179": 954168.8525, "y_5179": 1942065.921, "lng": 126.98165285774417, "lat": 37.47668573822636, "begin": "1985-10-18", "effective_begin": null, "geometry_wkt": "POINT (954168.8525 1942065.921)", "travel_time_sec": 2082.0, "travel_time_min": 34.7}, "geometry": {"type": "Point", "coordinates": [126.98165285774417, 37.47668573822636]}}, {"id": "543", "type": "Feature", "properties": {"id": 543, "linenm": "서울4호선", "statnm": "이수", "x_5179": 954221.9274, "y_5179": 1943174.673, "lng": 126.98218414692924, "lat": 37.4866819129001, "begin": "1985-10-18", "effective_begin": null, "geometry_wkt": "POINT (954221.9274 1943174.673)", "travel_time_sec": 2175.0, "travel_time_min": 36.25}, "geometry": {"type": "Point", "coordinates": [126.98218414692924, 37.4866819129001]}}, {"id": "544", "type": "Feature", "properties": {"id": 544, "linenm": "서울4호선", "statnm": "동작", "x_5179": 954064.8941, "y_5179": 1945000.99, "lng": 126.98029388425194, "lat": 37.50313526273477, "begin": "1985-10-18", "effective_begin": null, "geometry_wkt": "POINT (954064.8941 1945000.99)", "travel_time_sec": 2193.0, "travel_time_min": 36.55}, "geometry": {"type": "Point", "coordinates": [126.98029388425194, 37.50313526273477]}}, {"id": "545", "type": "Feature", "properties": {"id": 545, "linenm": "서울4호선", "statnm": "이촌", "x_5179": 953553.9253, "y_5179": 1947142.553, "lng": 126.97437769380484, "lat": 37.52241216709484, "begin": "1985-10-18", "effective_begin": null, "geometry_wkt": "POINT (953553.9253 1947142.553)", "travel_time_sec": 2403.0, "travel_time_min": 40.05}, "geometry": {"type": "Point", "coordinates": [126.97437769380484, 37.52241216709484]}}, {"id": "546", "type": "Feature", "properties": {"id": 546, "linenm": "서울4호선", "statnm": "신용산", "x_5179": 952985.65, "y_5179": 1947902.326, "lng": 126.96789823329632, "lat": 37.52923138639255, "begin": "1985-10-18", "effective_begin": null, "geometry_wkt": "POINT (952985.65 1947902.326)", "travel_time_sec": 2334.0, "travel_time_min": 38.9}, "geometry": {"type": "Point", "coordinates": [126.96789823329632, 37.52923138639255]}}, {"id": "547", "type": "Feature", "properties": {"id": 547, "linenm": "서울4호선", "statnm": "삼각지", "x_5179": 953430.5428, "y_5179": 1948474.73, "lng": 126.97289696351694, "lat": 37.53441317709764, "begin": "1985-10-18", "effective_begin": null, "geometry_wkt": "POINT (953430.5428 1948474.73)", "travel_time_sec": 2244.0, "travel_time_min": 37.4}, "geometry": {"type": "Point", "coordinates": [126.97289696351694, 37.53441317709764]}}, {"id": "548", "type": "Feature", "properties": {"id": 548, "linenm": "서울4호선", "statnm": "숙대입구", "x_5179": 953358.1489, "y_5179": 1949662.218, "lng": 126.97200212574523, "lat": 37.545112610214495, "begin": "1985-10-18", "effective_begin": null, "geometry_wkt": "POINT (953358.1489 1949662.218)", "travel_time_sec": 2124.0, "travel_time_min": 35.4}, "geometry": {"type": "Point", "coordinates": [126.97200212574523, 37.545112610214495]}}, {"id": "549", "type": "Feature", "properties": {"id": 549, "linenm": "서울4호선", "statnm": "서울역", "x_5179": 953414.0248, "y_5179": 1950524.686, "lng": 126.9725798587494, "lat": 37.552889041018354, "begin": "1985-10-18", "effective_begin": null, "geometry_wkt": "POINT (953414.0248 1950524.686)", "travel_time_sec": 2004.0, "travel_time_min": 33.4}, "geometry": {"type": "Point", "coordinates": [126.9725798587494, 37.552889041018354]}}, {"id": "550", "type": "Feature", "properties": {"id": 550, "linenm": "서울4호선", "statnm": "회현", "x_5179": 953963.8492, "y_5179": 1951202.052, "lng": 126.9787618992552, "lat": 37.55902192175472, "begin": "1985-10-18", "effective_begin": null, "geometry_wkt": "POINT (953963.8492 1951202.052)", "travel_time_sec": 2124.0, "travel_time_min": 35.4}, "geometry": {"type": "Point", "coordinates": [126.9787618992552, 37.55902192175472]}}, {"id": "551", "type": "Feature", "properties": {"id": 551, "linenm": "서울4호선", "statnm": "명동", "x_5179": 954581.3869, "y_5179": 1951405.38, "lng": 126.98574103082794, "lat": 37.56088522014015, "begin": "1985-10-18", "effective_begin": null, "geometry_wkt": "POINT (954581.3869 1951405.38)", "travel_time_sec": 2214.0, "travel_time_min": 36.9}, "geometry": {"type": "Point", "coordinates": [126.98574103082794, 37.56088522014015]}}, {"id": "552", "type": "Feature", "properties": {"id": 552, "linenm": "서울4호선", "statnm": "충무로", "x_5179": 955372.3987, "y_5179": 1951457.468, "lng": 126.99469388630308, "lat": 37.56139337164911, "begin": "1985-10-18", "effective_begin": null, "geometry_wkt": "POINT (955372.3987 1951457.468)", "travel_time_sec": 2304.0, "travel_time_min": 38.4}, "geometry": {"type": "Point", "coordinates": [126.99469388630308, 37.56139337164911]}}, {"id": "553", "type": "Feature", "properties": {"id": 553, "linenm": "서울4호선", "statnm": "동대문역사문화공원", "x_5179": 956539.8208, "y_5179": 1951858.901, "lng": 127.00788803473624, "lat": 37.56506741473066, "begin": "1985-10-18", "effective_begin": null, "geometry_wkt": "POINT (956539.8208 1951858.901)", "travel_time_sec": 2454.0, "travel_time_min": 40.9}, "geometry": {"type": "Point", "coordinates": [127.00788803473624, 37.56506741473066]}}, {"id": "554", "type": "Feature", "properties": {"id": 554, "linenm": "서울4호선", "statnm": "동대문", "x_5179": 956671.1327, "y_5179": 1952498.447, "lng": 127.00933705565537, "lat": 37.57083797907694, "begin": "1985-10-18", "effective_begin": null, "geometry_wkt": "POINT (956671.1327 1952498.447)", "travel_time_sec": 2544.0, "travel_time_min": 42.4}, "geometry": {"type": "Point", "coordinates": [127.00933705565537, 37.57083797907694]}}, {"id": "555", "type": "Feature", "properties": {"id": 555, "linenm": "서울4호선", "statnm": "혜화", "x_5179": 956022.6431, "y_5179": 1953753.67, "lng": 127.00191835595663, "lat": 37.58212081591027, "begin": "1985-10-18", "effective_begin": null, "geometry_wkt": "POINT (956022.6431 1953753.67)", "travel_time_sec": 2694.0, "travel_time_min": 44.9}, "geometry": {"type": "Point", "coordinates": [127.00191835595663, 37.58212081591027]}}, {"id": "556", "type": "Feature", "properties": {"id": 556, "linenm": "서울4호선", "statnm": "한성대입구", "x_5179": 956402.511, "y_5179": 1954458.617, "lng": 127.00617856974324, "lat": 37.58849271957477, "begin": "1985-04-20", "effective_begin": null, "geometry_wkt": "POINT (956402.511 1954458.617)", "travel_time_sec": 2814.0, "travel_time_min": 46.9}, "geometry": {"type": "Point", "coordinates": [127.00617856974324, 37.58849271957477]}}, {"id": "557", "type": "Feature", "properties": {"id": 557, "linenm": "서울4호선", "statnm": "성신여대입구", "x_5179": 957358.5486, "y_5179": 1954945.576, "lng": 127.0169787253582, "lat": 37.59292658855122, "begin": "1985-04-20", "effective_begin": null, "geometry_wkt": "POINT (957358.5486 1954945.576)", "travel_time_sec": 2934.0, "travel_time_min": 48.9}, "geometry": {"type": "Point", "coordinates": [127.0169787253582, 37.59292658855122]}}, {"id": "558", "type": "Feature", "properties": {"id": 558, "linenm": "서울4호선", "statnm": "길음", "x_5179": 958085.9258, "y_5179": 1956106.645, "lng": 127.02515133072453, "lat": 37.603424972807424, "begin": "1985-04-20", "effective_begin": null, "geometry_wkt": "POINT (958085.9258 1956106.645)", "travel_time_sec": 3084.0, "travel_time_min": 51.4}, "geometry": {"type": "Point", "coordinates": [127.02515133072453, 37.603424972807424]}}, {"id": "559", "type": "Feature", "properties": {"id": 559, "linenm": "서울4호선", "statnm": "미아사거리", "x_5179": 958532.2231, "y_5179": 1957200.774, "lng": 127.03014528792202, "lat": 37.61330680765331, "begin": "1985-04-20", "effective_begin": null, "geometry_wkt": "POINT (958532.2231 1957200.774)", "travel_time_sec": 3205.0, "travel_time_min": 53.416666666666664}, "geometry": {"type": "Point", "coordinates": [127.03014528792202, 37.61330680765331]}}, {"id": "560", "type": "Feature", "properties": {"id": 560, "linenm": "서울4호선", "statnm": "미아", "x_5179": 958189.7442, "y_5179": 1958650.835, "lng": 127.02618198046385, "lat": 37.62636094653018, "begin": "1985-04-20", "effective_begin": null, "geometry_wkt": "POINT (958189.7442 1958650.835)", "travel_time_sec": 3055.0, "travel_time_min": 50.916666666666664}, "geometry": {"type": "Point", "coordinates": [127.02618198046385, 37.62636094653018]}}, {"id": "561", "type": "Feature", "properties": {"id": 561, "linenm": "서울4호선", "statnm": "수유", "x_5179": 958155.2082, "y_5179": 1959953.303, "lng": 127.02571600748053, "lat": 37.63809871993018, "begin": "1985-04-20", "effective_begin": null, "geometry_wkt": "POINT (958155.2082 1959953.303)", "travel_time_sec": 2935.0, "travel_time_min": 48.916666666666664}, "geometry": {"type": "Point", "coordinates": [127.02571600748053, 37.63809871993018]}}, {"id": "562", "type": "Feature", "properties": {"id": 562, "linenm": "서울4호선", "statnm": "쌍문", "x_5179": 958947.1262, "y_5179": 1961090.164, "lng": 127.03462769808984, "lat": 37.64838115853124, "begin": "1985-04-20", "effective_begin": null, "geometry_wkt": "POINT (958947.1262 1961090.164)", "travel_time_sec": 2785.0, "travel_time_min": 46.416666666666664}, "geometry": {"type": "Point", "coordinates": [127.03462769808984, 37.64838115853124]}}, {"id": "563", "type": "Feature", "properties": {"id": 563, "linenm": "서울4호선", "statnm": "창동", "x_5179": 960121.4036, "y_5179": 1961622.154, "lng": 127.04790976660456, "lat": 37.65322782584169, "begin": "1985-04-20", "effective_begin": null, "geometry_wkt": "POINT (960121.4036 1961622.154)", "travel_time_sec": 2635.0, "travel_time_min": 43.916666666666664}, "geometry": {"type": "Point", "coordinates": [127.04790976660456, 37.65322782584169]}}, {"id": "564", "type": "Feature", "properties": {"id": 564, "linenm": "서울4호선", "statnm": "노원", "x_5179": 961480.0205, "y_5179": 1961959.426, "lng": 127.0632937284953, "lat": 37.65632573519351, "begin": "1985-04-20", "effective_begin": null, "geometry_wkt": "POINT (961480.0205 1961959.426)", "travel_time_sec": 2755.0, "travel_time_min": 45.916666666666664}, "geometry": {"type": "Point", "coordinates": [127.0632937284953, 37.65632573519351]}}, {"id": "565", "type": "Feature", "properties": {"id": 565, "linenm": "서울4호선", "statnm": "상계", "x_5179": 962372.0223, "y_5179": 1962449.416, "lng": 127.07338094410144, "lat": 37.66077910400498, "begin": "1985-04-20", "effective_begin": null, "geometry_wkt": "POINT (962372.0223 1962449.416)", "travel_time_sec": 2875.0, "travel_time_min": 47.916666666666664}, "geometry": {"type": "Point", "coordinates": [127.07338094410144, 37.66077910400498]}}, {"id": "566", "type": "Feature", "properties": {"id": 566, "linenm": "서울4호선", "statnm": "불암산", "x_5179": 962876.1648, "y_5179": 1963492.675, "lng": 127.07904357419956, "lat": 37.670202707945386, "begin": "1993-04-21", "effective_begin": null, "geometry_wkt": "POINT (962876.1648 1963492.675)", "travel_time_sec": 3055.0, "travel_time_min": 50.916666666666664}, "geometry": {"type": "Point", "coordinates": [127.07904357419956, 37.670202707945386]}}, {"id": "567", "type": "Feature", "properties": {"id": 567, "linenm": "서울4호선", "statnm": "별내별가람", "x_5179": 966342.7824, "y_5179": 1963324.182, "lng": 127.11835935152828, "lat": 37.66881778668515, "begin": "2022-03-19", "effective_begin": null, "geometry_wkt": "POINT (966342.7824 1963324.182)", "travel_time_sec": 3445.0, "travel_time_min": 57.416666666666664}, "geometry": {"type": "Point", "coordinates": [127.11835935152828, 37.66881778668515]}}, {"id": "577", "type": "Feature", "properties": {"id": 577, "linenm": "서울5호선", "statnm": "화곡", "x_5179": 941731.2141, "y_5179": 1949352.339, "lng": 126.8404140019446, "lat": 37.54165781085848, "begin": "1996-03-20", "effective_begin": null, "geometry_wkt": "POINT (941731.2141 1949352.339)", "travel_time_sec": 3493.0, "travel_time_min": 58.21666666666667}, "geometry": {"type": "Point", "coordinates": [126.8404140019446, 37.54165781085848]}}, {"id": "578", "type": "Feature", "properties": {"id": 578, "linenm": "서울5호선", "statnm": "까치산", "x_5179": 942262.7005, "y_5179": 1948288.241, "lng": 126.84651361784616, "lat": 37.53210052233123, "begin": "1996-03-20", "effective_begin": null, "geometry_wkt": "POINT (942262.7005 1948288.241)", "travel_time_sec": 3383.0, "travel_time_min": 56.38333333333333}, "geometry": {"type": "Point", "coordinates": [126.84651361784616, 37.53210052233123]}}, {"id": "579", "type": "Feature", "properties": {"id": 579, "linenm": "서울5호선", "statnm": "신정", "x_5179": 943113.338, "y_5179": 1947499.401, "lng": 126.8562019133554, "lat": 37.52504354734238, "begin": "1996-08-12", "effective_begin": null, "geometry_wkt": "POINT (943113.338 1947499.401)", "travel_time_sec": 3253.0, "travel_time_min": 54.21666666666667}, "geometry": {"type": "Point", "coordinates": [126.8562019133554, 37.52504354734238]}}, {"id": "580", "type": "Feature", "properties": {"id": 580, "linenm": "서울5호선", "statnm": "목동", "x_5179": 943841.7323, "y_5179": 1947617.792, "lng": 126.86443578150646, "lat": 37.526155260627085, "begin": "1996-08-12", "effective_begin": null, "geometry_wkt": "POINT (943841.7323 1947617.792)", "travel_time_sec": 3163.0, "travel_time_min": 52.71666666666667}, "geometry": {"type": "Point", "coordinates": [126.86443578150646, 37.526155260627085]}}, {"id": "581", "type": "Feature", "properties": {"id": 581, "linenm": "서울5호선", "statnm": "오목교", "x_5179": 944807.7927, "y_5179": 1947428.857, "lng": 126.8753826483211, "lat": 37.52451070152889, "begin": "1996-08-12", "effective_begin": null, "geometry_wkt": "POINT (944807.7927 1947428.857)", "travel_time_sec": 3053.0, "travel_time_min": 50.88333333333333}, "geometry": {"type": "Point", "coordinates": [126.8753826483211, 37.52451070152889]}}, {"id": "582", "type": "Feature", "properties": {"id": 582, "linenm": "서울5호선", "statnm": "양평_5호선", "x_5179": 945789.1955, "y_5179": 1947539.376, "lng": 126.88648056471555, "lat": 37.52556503730169, "begin": "1996-08-12", "effective_begin": null, "geometry_wkt": "POINT (945789.1955 1947539.376)", "travel_time_sec": 2943.0, "travel_time_min": 49.05}, "geometry": {"type": "Point", "coordinates": [126.88648056471555, 37.52556503730169]}}, {"id": "583", "type": "Feature", "properties": {"id": 583, "linenm": "서울5호선", "statnm": "영등포구청", "x_5179": 946576.9615, "y_5179": 1947381.925, "lng": 126.89540693655124, "lat": 37.52419188727966, "begin": "1996-08-12", "effective_begin": null, "geometry_wkt": "POINT (946576.9615 1947381.925)", "travel_time_sec": 2853.0, "travel_time_min": 47.55}, "geometry": {"type": "Point", "coordinates": [126.89540693655124, 37.52419188727966]}}, {"id": "584", "type": "Feature", "properties": {"id": 584, "linenm": "서울5호선", "statnm": "영등포시장", "x_5179": 947433.6086, "y_5179": 1947209.894, "lng": 126.90511351400252, "lat": 37.52269057657752, "begin": "1996-08-12", "effective_begin": null, "geometry_wkt": "POINT (947433.6086 1947209.894)", "travel_time_sec": 2743.0, "travel_time_min": 45.71666666666667}, "geometry": {"type": "Point", "coordinates": [126.90511351400252, 37.52269057657752]}}, {"id": "585", "type": "Feature", "properties": {"id": 585, "linenm": "서울5호선", "statnm": "신길", "x_5179": 948294.0917, "y_5179": 1946648.436, "lng": 126.91489053013656, "lat": 37.51767870939144, "begin": "1996-08-12", "effective_begin": null, "geometry_wkt": "POINT (948294.0917 1946648.436)", "travel_time_sec": 2633.0, "travel_time_min": 43.88333333333333}, "geometry": {"type": "Point", "coordinates": [126.91489053013656, 37.51767870939144]}}, {"id": "586", "type": "Feature", "properties": {"id": 586, "linenm": "서울5호선", "statnm": "여의도", "x_5179": 949154.1283, "y_5179": 1947108.869, "lng": 126.92459047309865, "lat": 37.52187648529448, "begin": "1996-08-12", "effective_begin": null, "geometry_wkt": "POINT (949154.1283 1947108.869)", "travel_time_sec": 2513.0, "travel_time_min": 41.88333333333333}, "geometry": {"type": "Point", "coordinates": [126.92459047309865, 37.52187648529448]}}, {"id": "587", "type": "Feature", "properties": {"id": 587, "linenm": "서울5호선", "statnm": "여의나루", "x_5179": 949895.9319, "y_5179": 1947681.544, "lng": 126.9329458250847, "lat": 37.52707871139832, "begin": "1996-12-30", "effective_begin": null, "geometry_wkt": "POINT (949895.9319 1947681.544)", "travel_time_sec": 2623.0, "travel_time_min": 43.71666666666667}, "geometry": {"type": "Point", "coordinates": [126.9329458250847, 37.52707871139832]}}, {"id": "588", "type": "Feature", "properties": {"id": 588, "linenm": "서울5호선", "statnm": "마포", "x_5179": 951049.9618, "y_5179": 1949064.821, "lng": 126.94591379139104, "lat": 37.53960844051463, "begin": "1996-12-30", "effective_begin": null, "geometry_wkt": "POINT (951049.9618 1949064.821)", "travel_time_sec": 2763.0, "travel_time_min": 46.05}, "geometry": {"type": "Point", "coordinates": [126.94591379139104, 37.53960844051463]}}, {"id": "589", "type": "Feature", "properties": {"id": 589, "linenm": "서울5호선", "statnm": "공덕", "x_5179": 951554.1403, "y_5179": 1949627.762, "lng": 126.9515833956623, "lat": 37.54470897326544, "begin": "1996-12-30", "effective_begin": null, "geometry_wkt": "POINT (951554.1403 1949627.762)", "travel_time_sec": 2863.0, "travel_time_min": 47.71666666666667}, "geometry": {"type": "Point", "coordinates": [126.9515833956623, 37.54470897326544]}}, {"id": "590", "type": "Feature", "properties": {"id": 590, "linenm": "서울5호선", "statnm": "애오개", "x_5179": 952009.3052, "y_5179": 1950591.201, "lng": 126.9566727086522, "lat": 37.55341644480951, "begin": "1996-12-30", "effective_begin": null, "geometry_wkt": "POINT (952009.3052 1950591.201)", "travel_time_sec": 2954.0, "travel_time_min": 49.233333333333334}, "geometry": {"type": "Point", "coordinates": [126.9566727086522, 37.55341644480951]}}, {"id": "591", "type": "Feature", "properties": {"id": 591, "linenm": "서울5호선", "statnm": "충정로", "x_5179": 952585.1971, "y_5179": 1951382.474, "lng": 126.96314124767297, "lat": 37.56057815467224, "begin": "1996-12-30", "effective_begin": null, "geometry_wkt": "POINT (952585.1971 1951382.474)", "travel_time_sec": 2854.0, "travel_time_min": 47.56666666666667}, "geometry": {"type": "Point", "coordinates": [126.96314124767297, 37.56057815467224]}}, {"id": "592", "type": "Feature", "properties": {"id": 592, "linenm": "서울5호선", "statnm": "서대문", "x_5179": 952894.9961, "y_5179": 1951951.786, "lng": 126.96661225423097, "lat": 37.565725362966354, "begin": "1996-12-30", "effective_begin": null, "geometry_wkt": "POINT (952894.9961 1951951.786)", "travel_time_sec": 2944.0, "travel_time_min": 49.06666666666667}, "geometry": {"type": "Point", "coordinates": [126.96661225423097, 37.565725362966354]}}, {"id": "593", "type": "Feature", "properties": {"id": 593, "linenm": "서울5호선", "statnm": "광화문", "x_5179": 953752.0227, "y_5179": 1952602.975, "lng": 126.9762752206268, "lat": 37.5716380935469, "begin": "1996-12-30", "effective_begin": null, "geometry_wkt": "POINT (953752.0227 1952602.975)", "travel_time_sec": 2826.0, "travel_time_min": 47.1}, "geometry": {"type": "Point", "coordinates": [126.9762752206268, 37.5716380935469]}}, {"id": "594", "type": "Feature", "properties": {"id": 594, "linenm": "서울5호선", "statnm": "종로3가", "x_5179": 954986.2817, "y_5179": 1952702.666, "lng": 126.99024566990154, "lat": 37.57259780662603, "begin": "1996-12-30", "effective_begin": null, "geometry_wkt": "POINT (954986.2817 1952702.666)", "travel_time_sec": 2696.0, "travel_time_min": 44.93333333333333}, "geometry": {"type": "Point", "coordinates": [126.99024566990154, 37.57259780662603]}}, {"id": "595", "type": "Feature", "properties": {"id": 595, "linenm": "서울5호선", "statnm": "을지로4가", "x_5179": 955675.7616, "y_5179": 1952102.723, "lng": 126.99808964235947, "lat": 37.56722384870457, "begin": "1996-12-30", "effective_begin": null, "geometry_wkt": "POINT (955675.7616 1952102.723)", "travel_time_sec": 2826.0, "travel_time_min": 47.1}, "geometry": {"type": "Point", "coordinates": [126.99808964235947, 37.56722384870457]}}, {"id": "596", "type": "Feature", "properties": {"id": 596, "linenm": "서울5호선", "statnm": "동대문역사문화공원", "x_5179": 956339.5185, "y_5179": 1951816.896, "lng": 127.00562253405715, "lat": 37.564679338348114, "begin": "1996-12-30", "effective_begin": null, "geometry_wkt": "POINT (956339.5185 1951816.896)", "travel_time_sec": 2754.0, "travel_time_min": 45.9}, "geometry": {"type": "Point", "coordinates": [127.00562253405715, 37.564679338348114]}}, {"id": "597", "type": "Feature", "properties": {"id": 597, "linenm": "서울5호선", "statnm": "청구", "x_5179": 957082.797, "y_5179": 1951309.905, "lng": 127.01406824543665, "lat": 37.56014464602058, "begin": "1996-12-30", "effective_begin": null, "geometry_wkt": "POINT (957082.797 1951309.905)", "travel_time_sec": 2686.0, "travel_time_min": 44.766666666666666}, "geometry": {"type": "Point", "coordinates": [127.01406824543665, 37.56014464602058]}}, {"id": "598", "type": "Feature", "properties": {"id": 598, "linenm": "서울5호선", "statnm": "신금호", "x_5179": 957643.7744, "y_5179": 1950678.653, "lng": 127.02045619314652, "lat": 37.55448097674334, "begin": "1996-12-30", "effective_begin": null, "geometry_wkt": "POINT (957643.7744 1950678.653)", "travel_time_sec": 2806.0, "travel_time_min": 46.766666666666666}, "geometry": {"type": "Point", "coordinates": [127.02045619314652, 37.55448097674334]}}, {"id": "599", "type": "Feature", "properties": {"id": 599, "linenm": "서울5호선", "statnm": "행당", "x_5179": 958443.508, "y_5179": 1950992.962, "lng": 127.0294924302042, "lat": 37.557350356449874, "begin": "1996-12-30", "effective_begin": null, "geometry_wkt": "POINT (958443.508 1950992.962)", "travel_time_sec": 2895.0, "travel_time_min": 48.25}, "geometry": {"type": "Point", "coordinates": [127.0294924302042, 37.557350356449874]}}, {"id": "600", "type": "Feature", "properties": {"id": 600, "linenm": "서울5호선", "statnm": "왕십리", "x_5179": 959140.0476, "y_5179": 1951510.857, "lng": 127.03734963486583, "lat": 37.562049452577206, "begin": "1995-11-15", "effective_begin": null, "geometry_wkt": "POINT (959140.0476 1951510.857)", "travel_time_sec": 2805.0, "travel_time_min": 46.75}, "geometry": {"type": "Point", "coordinates": [127.03734963486583, 37.562049452577206]}}, {"id": "601", "type": "Feature", "properties": {"id": 601, "linenm": "서울5호선", "statnm": "마장", "x_5179": 959643.7457, "y_5179": 1951966.27, "lng": 127.04302768358836, "lat": 37.5661764289573, "begin": "1995-11-15", "effective_begin": null, "geometry_wkt": "POINT (959643.7457 1951966.27)", "travel_time_sec": 2865.0, "travel_time_min": 47.75}, "geometry": {"type": "Point", "coordinates": [127.04302768358836, 37.5661764289573]}}, {"id": "602", "type": "Feature", "properties": {"id": 602, "linenm": "서울5호선", "statnm": "답십리", "x_5179": 960488.7316, "y_5179": 1952048.124, "lng": 127.05259116240944, "lat": 37.56695084975485, "begin": "1995-11-15", "effective_begin": null, "geometry_wkt": "POINT (960488.7316 1952048.124)", "travel_time_sec": 2745.0, "travel_time_min": 45.75}, "geometry": {"type": "Point", "coordinates": [127.05259116240944, 37.56695084975485]}}, {"id": "603", "type": "Feature", "properties": {"id": 603, "linenm": "서울5호선", "statnm": "장한평", "x_5179": 961457.2788, "y_5179": 1951449.811, "lng": 127.06358974503318, "lat": 37.56159912471764, "begin": "1995-11-15", "effective_begin": null, "geometry_wkt": "POINT (961457.2788 1951449.811)", "travel_time_sec": 2615.0, "travel_time_min": 43.583333333333336}, "geometry": {"type": "Point", "coordinates": [127.06358974503318, 37.56159912471764]}}, {"id": "604", "type": "Feature", "properties": {"id": 604, "linenm": "서울5호선", "statnm": "군자", "x_5179": 962885.7475, "y_5179": 1950938.719, "lng": 127.07978942893898, "lat": 37.55705115942891, "begin": "1995-11-15", "effective_begin": null, "geometry_wkt": "POINT (962885.7475 1950938.719)", "travel_time_sec": 2485.0, "travel_time_min": 41.416666666666664}, "geometry": {"type": "Point", "coordinates": [127.07978942893898, 37.55705115942891]}}, {"id": "605", "type": "Feature", "properties": {"id": 605, "linenm": "서울5호선", "statnm": "아차산", "x_5179": 963758.5171, "y_5179": 1950365.768, "lng": 127.08969907636651, "lat": 37.55192170514021, "begin": "1995-11-15", "effective_begin": null, "geometry_wkt": "POINT (963758.5171 1950365.768)", "travel_time_sec": 2615.0, "travel_time_min": 43.583333333333336}, "geometry": {"type": "Point", "coordinates": [127.08969907636651, 37.55192170514021]}}, {"id": "606", "type": "Feature", "properties": {"id": 606, "linenm": "서울5호선", "statnm": "광나루", "x_5179": 964986.4634, "y_5179": 1949621.505, "lng": 127.10363624600872, "lat": 37.545260871802135, "begin": "1995-11-15", "effective_begin": null, "geometry_wkt": "POINT (964986.4634 1949621.505)", "travel_time_sec": 2745.0, "travel_time_min": 45.75}, "geometry": {"type": "Point", "coordinates": [127.10363624600872, 37.545260871802135]}}, {"id": "607", "type": "Feature", "properties": {"id": 607, "linenm": "서울5호선", "statnm": "천호", "x_5179": 966779.2032, "y_5179": 1948864.121, "lng": 127.12396447570144, "lat": 37.538500637421805, "begin": "1995-11-15", "effective_begin": null, "geometry_wkt": "POINT (966779.2032 1948864.121)", "travel_time_sec": 2701.0, "travel_time_min": 45.016666666666666}, "geometry": {"type": "Point", "coordinates": [127.12396447570144, 37.538500637421805]}}, {"id": "608", "type": "Feature", "properties": {"id": 608, "linenm": "서울5호선", "statnm": "강동", "x_5179": 967524.6015, "y_5179": 1948571.441, "lng": 127.13241463712436, "lat": 37.53588915403585, "begin": "1995-11-15", "effective_begin": null, "geometry_wkt": "POINT (967524.6015 1948571.441)", "travel_time_sec": 2581.0, "travel_time_min": 43.016666666666666}, "geometry": {"type": "Point", "coordinates": [127.13241463712436, 37.53588915403585]}}, {"id": "609", "type": "Feature", "properties": {"id": 609, "linenm": "서울5호선", "statnm": "길동", "x_5179": 968199.295, "y_5179": 1948791.135, "lng": 127.14004175872208, "lat": 37.53789287459892, "begin": "1995-11-22", "effective_begin": null, "geometry_wkt": "POINT (968199.295 1948791.135)", "travel_time_sec": 2711.0, "travel_time_min": 45.18333333333333}, "geometry": {"type": "Point", "coordinates": [127.14004175872208, 37.53789287459892]}}, {"id": "610", "type": "Feature", "properties": {"id": 610, "linenm": "서울5호선", "statnm": "굽은다리", "x_5179": 968449.7552, "y_5179": 1949626.668, "lng": 127.14284079165738, "lat": 37.54543249803229, "begin": "1995-11-15", "effective_begin": null, "geometry_wkt": "POINT (968449.7552 1949626.668)", "travel_time_sec": 2811.0, "travel_time_min": 46.85}, "geometry": {"type": "Point", "coordinates": [127.14284079165738, 37.54543249803229]}}, {"id": "611", "type": "Feature", "properties": {"id": 611, "linenm": "서울5호선", "statnm": "명일", "x_5179": 968557.0847, "y_5179": 1950276.473, "lng": 127.1440279234917, "lat": 37.551293131001216, "begin": "1995-11-15", "effective_begin": null, "geometry_wkt": "POINT (968557.0847 1950276.473)", "travel_time_sec": 2911.0, "travel_time_min": 48.516666666666666}, "geometry": {"type": "Point", "coordinates": [127.1440279234917, 37.551293131001216]}}, {"id": "612", "type": "Feature", "properties": {"id": 612, "linenm": "서울5호선", "statnm": "고덕", "x_5179": 969455.9572, "y_5179": 1950688.338, "lng": 127.15418692922734, "lat": 37.555035683940886, "begin": "1995-11-15", "effective_begin": null, "geometry_wkt": "POINT (969455.9572 1950688.338)", "travel_time_sec": 3041.0, "travel_time_min": 50.68333333333333}, "geometry": {"type": "Point", "coordinates": [127.15418692922734, 37.555035683940886]}}, {"id": "613", "type": "Feature", "properties": {"id": 613, "linenm": "서울5호선", "statnm": "상일동", "x_5179": 970470.0031, "y_5179": 1950863.517, "lng": 127.16566050187812, "lat": 37.55664771393591, "begin": "1995-11-15", "effective_begin": null, "geometry_wkt": "POINT (970470.0031 1950863.517)", "travel_time_sec": 3171.0, "travel_time_min": 52.85}, "geometry": {"type": "Point", "coordinates": [127.16566050187812, 37.55664771393591]}}, {"id": "614", "type": "Feature", "properties": {"id": 614, "linenm": "서울5호선", "statnm": "강일", "x_5179": 971358.9271, "y_5179": 1950950.838, "lng": 127.175721364996, "lat": 37.55746284620904, "begin": "2021-03-27", "effective_begin": null, "geometry_wkt": "POINT (971358.9271 1950950.838)", "travel_time_sec": 3273.0, "travel_time_min": 54.55}, "geometry": {"type": "Point", "coordinates": [127.175721364996, 37.55746284620904]}}, {"id": "615", "type": "Feature", "properties": {"id": 615, "linenm": "서울5호선", "statnm": "미사", "x_5179": 972841.5637, "y_5179": 1951561.994, "lng": 127.1924851378146, "lat": 37.56301637764626, "begin": "2020-08-08", "effective_begin": null, "geometry_wkt": "POINT (972841.5637 1951561.994)", "travel_time_sec": 3436.0, "travel_time_min": 57.266666666666666}, "geometry": {"type": "Point", "coordinates": [127.1924851378146, 37.56301637764626]}}, {"id": "619", "type": "Feature", "properties": {"id": 619, "linenm": "서울5호선", "statnm": "둔촌동", "x_5179": 967856.8345, "y_5179": 1947657.469, "lng": 127.13621508958978, "lat": 37.52766277122959, "begin": "1996-03-30", "effective_begin": null, "geometry_wkt": "POINT (967856.8345 1947657.469)", "travel_time_sec": 2441.0, "travel_time_min": 40.68333333333333}, "geometry": {"type": "Point", "coordinates": [127.13621508958978, 37.52766277122959]}}, {"id": "620", "type": "Feature", "properties": {"id": 620, "linenm": "서울5호선", "statnm": "올림픽공원", "x_5179": 967389.034, "y_5179": 1946405.009, "lng": 127.13097639480684, "lat": 37.51635736455057, "begin": "1996-03-30", "effective_begin": null, "geometry_wkt": "POINT (967389.034 1946405.009)", "travel_time_sec": 2311.0, "travel_time_min": 38.516666666666666}, "geometry": {"type": "Point", "coordinates": [127.13097639480684, 37.51635736455057]}}, {"id": "621", "type": "Feature", "properties": {"id": 621, "linenm": "서울5호선", "statnm": "방이", "x_5179": 966948.4832, "y_5179": 1945550.335, "lng": 127.1260296858776, "lat": 37.50863811844353, "begin": "1996-03-30", "effective_begin": null, "geometry_wkt": "POINT (966948.4832 1945550.335)", "travel_time_sec": 2201.0, "travel_time_min": 36.68333333333333}, "geometry": {"type": "Point", "coordinates": [127.1260296858776, 37.50863811844353]}}, {"id": "622", "type": "Feature", "properties": {"id": 622, "linenm": "서울5호선", "statnm": "오금", "x_5179": 967110.8592, "y_5179": 1944832.696, "lng": 127.12789900357716, "lat": 37.502175504672856, "begin": "1996-03-30", "effective_begin": null, "geometry_wkt": "POINT (967110.8592 1944832.696)", "travel_time_sec": 2091.0, "travel_time_min": 34.85}, "geometry": {"type": "Point", "coordinates": [127.12789900357716, 37.502175504672856]}}, {"id": "623", "type": "Feature", "properties": {"id": 623, "linenm": "서울5호선", "statnm": "개롱", "x_5179": 967743.5418, "y_5179": 1944360.094, "lng": 127.13507764191463, "lat": 37.49793804469948, "begin": "1996-03-30", "effective_begin": null, "geometry_wkt": "POINT (967743.5418 1944360.094)", "travel_time_sec": 2201.0, "travel_time_min": 36.68333333333333}, "geometry": {"type": "Point", "coordinates": [127.13507764191463, 37.49793804469948]}}, {"id": "624", "type": "Feature", "properties": {"id": 624, "linenm": "서울5호선", "statnm": "거여", "x_5179": 968509.7399, "y_5179": 1943846.246, "lng": 127.14376760607396, "lat": 37.49333293435531, "begin": "1996-03-30", "effective_begin": null, "geometry_wkt": "POINT (968509.7399 1943846.246)", "travel_time_sec": 2311.0, "travel_time_min": 38.516666666666666}, "geometry": {"type": "Point", "coordinates": [127.14376760607396, 37.49333293435531]}}, {"id": "625", "type": "Feature", "properties": {"id": 625, "linenm": "서울5호선", "statnm": "마천", "x_5179": 969311.2378, "y_5179": 1944027.875, "lng": 127.15282678886048, "lat": 37.49499704089626, "begin": "1996-03-30", "effective_begin": null, "geometry_wkt": "POINT (969311.2378 1944027.875)", "travel_time_sec": 2431.0, "travel_time_min": 40.516666666666666}, "geometry": {"type": "Point", "coordinates": [127.15282678886048, 37.49499704089626]}}, {"id": "626", "type": "Feature", "properties": {"id": 626, "linenm": "서울6호선", "statnm": "역촌", "x_5179": 949062.8574, "y_5179": 1956474.388, "lng": 126.92290682752925, "lat": 37.60628390892164, "begin": "2000-12-15", "effective_begin": null, "geometry_wkt": "POINT (949062.8574 1956474.388)", "travel_time_sec": 2822.0, "travel_time_min": 47.03333333333333}, "geometry": {"type": "Point", "coordinates": [126.92290682752925, 37.60628390892164]}}, {"id": "627", "type": "Feature", "properties": {"id": 627, "linenm": "서울6호선", "statnm": "불광", "x_5179": 949624.7061, "y_5179": 1956972.685, "lng": 126.9292376904709, "lat": 37.61080604020588, "begin": "2000-12-15", "effective_begin": null, "geometry_wkt": "POINT (949624.7061 1956972.685)", "travel_time_sec": 2732.0, "travel_time_min": 45.53333333333333}, "geometry": {"type": "Point", "coordinates": [126.9292376904709, 37.61080604020588]}}, {"id": "628", "type": "Feature", "properties": {"id": 628, "linenm": "서울6호선", "statnm": "독바위", "x_5179": 949966.7984, "y_5179": 1957811.48, "lng": 126.93305609503038, "lat": 37.61838482264798, "begin": "2000-12-15", "effective_begin": null, "geometry_wkt": "POINT (949966.7984 1957811.48)", "travel_time_sec": 2602.0, "travel_time_min": 43.36666666666667}, "geometry": {"type": "Point", "coordinates": [126.93305609503038, 37.61838482264798]}}, {"id": "629", "type": "Feature", "properties": {"id": 629, "linenm": "서울6호선", "statnm": "연신내", "x_5179": 948845.2396, "y_5179": 1957828.37, "lng": 126.92034672343752, "lat": 37.61847531082092, "begin": "2000-12-15", "effective_begin": null, "geometry_wkt": "POINT (948845.2396 1957828.37)", "travel_time_sec": 2452.0, "travel_time_min": 40.86666666666667}, "geometry": {"type": "Point", "coordinates": [126.92034672343752, 37.61847531082092]}}, {"id": "630", "type": "Feature", "properties": {"id": 630, "linenm": "서울6호선", "statnm": "구산", "x_5179": 948572.6237, "y_5179": 1957029.263, "lng": 126.91731396392704, "lat": 37.61125772628649, "begin": "2000-12-15", "effective_begin": null, "geometry_wkt": "POINT (948572.6237 1957029.263)", "travel_time_sec": 2572.0, "travel_time_min": 42.86666666666667}, "geometry": {"type": "Point", "coordinates": [126.91731396392704, 37.61125772628649]}}, {"id": "631", "type": "Feature", "properties": {"id": 631, "linenm": "서울6호선", "statnm": "응암", "x_5179": 948404.4229, "y_5179": 1955602.364, "lng": 126.9155089327114, "lat": 37.59838760929528, "begin": "2000-12-15", "effective_begin": null, "geometry_wkt": "POINT (948404.4229 1955602.364)", "travel_time_sec": 2722.0, "travel_time_min": 45.36666666666667}, "geometry": {"type": "Point", "coordinates": [126.9155089327114, 37.59838760929528]}}, {"id": "632", "type": "Feature", "properties": {"id": 632, "linenm": "서울6호선", "statnm": "새절", "x_5179": 948229.7921, "y_5179": 1954765.703, "lng": 126.9135899335088, "lat": 37.59083692979173, "begin": "2000-12-15", "effective_begin": null, "geometry_wkt": "POINT (948229.7921 1954765.703)", "travel_time_sec": 2822.0, "travel_time_min": 47.03333333333333}, "geometry": {"type": "Point", "coordinates": [126.9135899335088, 37.59083692979173]}}, {"id": "633", "type": "Feature", "properties": {"id": 633, "linenm": "서울6호선", "statnm": "증산", "x_5179": 947866.4517, "y_5179": 1953984.522, "lng": 126.90953013634258, "lat": 37.583775585482485, "begin": "2000-12-15", "effective_begin": null, "geometry_wkt": "POINT (947866.4517 1953984.522)", "travel_time_sec": 2932.0, "travel_time_min": 48.86666666666667}, "geometry": {"type": "Point", "coordinates": [126.90953013634258, 37.583775585482485]}}, {"id": "634", "type": "Feature", "properties": {"id": 634, "linenm": "서울6호선", "statnm": "디지털미디어시티", "x_5179": 947133.5082, "y_5179": 1953131.31, "lng": 126.90129073921771, "lat": 37.57604372561953, "begin": "2000-12-15", "effective_begin": null, "geometry_wkt": "POINT (947133.5082 1953131.31)", "travel_time_sec": 3042.0, "travel_time_min": 50.7}, "geometry": {"type": "Point", "coordinates": [126.90129073921771, 37.57604372561953]}}, {"id": "635", "type": "Feature", "properties": {"id": 635, "linenm": "서울6호선", "statnm": "월드컵경기장", "x_5179": 946932.3452, "y_5179": 1952416.802, "lng": 126.89906444681452, "lat": 37.569592247612064, "begin": "2000-12-15", "effective_begin": null, "geometry_wkt": "POINT (946932.3452 1952416.802)", "travel_time_sec": 3162.0, "travel_time_min": 52.7}, "geometry": {"type": "Point", "coordinates": [126.89906444681452, 37.569592247612064]}}, {"id": "636", "type": "Feature", "properties": {"id": 636, "linenm": "서울6호선", "statnm": "마포구청", "x_5179": 947302.797, "y_5179": 1951753.64, "lng": 126.90330689680026, "lat": 37.56363639749388, "begin": "2000-12-15", "effective_begin": null, "geometry_wkt": "POINT (947302.797 1951753.64)", "travel_time_sec": 3262.0, "travel_time_min": 54.36666666666667}, "geometry": {"type": "Point", "coordinates": [126.90330689680026, 37.56363639749388]}}, {"id": "637", "type": "Feature", "properties": {"id": 637, "linenm": "서울6호선", "statnm": "망원", "x_5179": 947912.0466, "y_5179": 1950887.366, "lng": 126.91026666775416, "lat": 37.55586324966307, "begin": "2000-12-15", "effective_begin": null, "geometry_wkt": "POINT (947912.0466 1950887.366)", "travel_time_sec": 3354.0, "travel_time_min": 55.9}, "geometry": {"type": "Point", "coordinates": [126.91026666775416, 37.55586324966307]}}, {"id": "638", "type": "Feature", "properties": {"id": 638, "linenm": "서울6호선", "statnm": "합정", "x_5179": 948181.6905, "y_5179": 1950160.366, "lng": 126.91337075897056, "lat": 37.54932592537539, "begin": "2000-12-15", "effective_begin": null, "geometry_wkt": "POINT (948181.6905 1950160.366)", "travel_time_sec": 3244.0, "travel_time_min": 54.06666666666667}, "geometry": {"type": "Point", "coordinates": [126.91337075897056, 37.54932592537539]}}, {"id": "639", "type": "Feature", "properties": {"id": 639, "linenm": "서울6호선", "statnm": "상수", "x_5179": 948985.7246, "y_5179": 1949979.549, "lng": 126.92248528569012, "lat": 37.54774106782856, "begin": "2000-12-15", "effective_begin": null, "geometry_wkt": "POINT (948985.7246 1949979.549)", "travel_time_sec": 3134.0, "travel_time_min": 52.233333333333334}, "geometry": {"type": "Point", "coordinates": [126.92248528569012, 37.54774106782856]}}, {"id": "640", "type": "Feature", "properties": {"id": 640, "linenm": "서울6호선", "statnm": "광흥창", "x_5179": 949821.1685, "y_5179": 1949940.85, "lng": 126.93194527061114, "lat": 37.547438145098894, "begin": "2000-12-15", "effective_begin": null, "geometry_wkt": "POINT (949821.1685 1949940.85)", "travel_time_sec": 3044.0, "travel_time_min": 50.733333333333334}, "geometry": {"type": "Point", "coordinates": [126.93194527061114, 37.547438145098894]}}, {"id": "641", "type": "Feature", "properties": {"id": 641, "linenm": "서울6호선", "statnm": "대흥", "x_5179": 950750.1887, "y_5179": 1949958.468, "lng": 126.94246069813816, "lat": 37.54764706476496, "begin": "2000-12-15", "effective_begin": null, "geometry_wkt": "POINT (950750.1887 1949958.468)", "travel_time_sec": 2924.0, "travel_time_min": 48.733333333333334}, "geometry": {"type": "Point", "coordinates": [126.94246069813816, 37.54764706476496]}}, {"id": "642", "type": "Feature", "properties": {"id": 642, "linenm": "서울6호선", "statnm": "공덕", "x_5179": 951579.181, "y_5179": 1949497.801, "lng": 126.95187542572616, "lat": 37.543538926785246, "begin": "2000-12-15", "effective_begin": null, "geometry_wkt": "POINT (951579.181 1949497.801)", "travel_time_sec": 2814.0, "travel_time_min": 46.9}, "geometry": {"type": "Point", "coordinates": [126.95187542572616, 37.543538926785246]}}, {"id": "643", "type": "Feature", "properties": {"id": 643, "linenm": "서울6호선", "statnm": "효창공원앞", "x_5179": 952412.9655, "y_5179": 1949020.316, "lng": 126.96134445964933, "lat": 37.539278690543526, "begin": "2000-12-15", "effective_begin": null, "geometry_wkt": "POINT (952412.9655 1949020.316)", "travel_time_sec": 2694.0, "travel_time_min": 44.9}, "geometry": {"type": "Point", "coordinates": [126.96134445964933, 37.539278690543526]}}, {"id": "644", "type": "Feature", "properties": {"id": 644, "linenm": "서울6호선", "statnm": "삼각지", "x_5179": 953549.3905, "y_5179": 1948596.251, "lng": 126.97423441661677, "lat": 37.53551447052934, "begin": "2000-12-15", "effective_begin": null, "geometry_wkt": "POINT (953549.3905 1948596.251)", "travel_time_sec": 2574.0, "travel_time_min": 42.9}, "geometry": {"type": "Point", "coordinates": [126.97423441661677, 37.53551447052934]}}, {"id": "645", "type": "Feature", "properties": {"id": 645, "linenm": "서울6호선", "statnm": "녹사평", "x_5179": 954629.4019, "y_5179": 1948502.905, "lng": 126.98646417389271, "lat": 37.53472691082226, "begin": "2000-12-15", "effective_begin": null, "geometry_wkt": "POINT (954629.4019 1948502.905)", "travel_time_sec": 2704.0, "travel_time_min": 45.06666666666667}, "geometry": {"type": "Point", "coordinates": [126.98646417389271, 37.53472691082226]}}, {"id": "646", "type": "Feature", "properties": {"id": 646, "linenm": "서울6호선", "statnm": "이태원", "x_5179": 955320.6484, "y_5179": 1948474.028, "lng": 126.99428965640912, "lat": 37.53450039805834, "begin": "2001-03-09", "effective_begin": null, "geometry_wkt": "POINT (955320.6484 1948474.028)", "travel_time_sec": 2616.0, "travel_time_min": 43.6}, "geometry": {"type": "Point", "coordinates": [126.99428965640912, 37.53450039805834]}}, {"id": "647", "type": "Feature", "properties": {"id": 647, "linenm": "서울6호선", "statnm": "한강진", "x_5179": 955983.8693, "y_5179": 1949044.281, "lng": 127.00176196884566, "lat": 37.53967214815189, "begin": "2001-03-09", "effective_begin": null, "geometry_wkt": "POINT (955983.8693 1949044.281)", "travel_time_sec": 2496.0, "travel_time_min": 41.6}, "geometry": {"type": "Point", "coordinates": [127.00176196884566, 37.53967214815189]}}, {"id": "648", "type": "Feature", "properties": {"id": 648, "linenm": "서울6호선", "statnm": "버티고개", "x_5179": 956443.5532, "y_5179": 1949955.792, "lng": 127.00691104815432, "lat": 37.54790967736629, "begin": "2001-03-09", "effective_begin": null, "geometry_wkt": "POINT (956443.5532 1949955.792)", "travel_time_sec": 2386.0, "travel_time_min": 39.766666666666666}, "geometry": {"type": "Point", "coordinates": [127.00691104815432, 37.54790967736629]}}, {"id": "649", "type": "Feature", "properties": {"id": 649, "linenm": "서울6호선", "statnm": "약수", "x_5179": 956736.9863, "y_5179": 1950631.492, "lng": 127.01019294689584, "lat": 37.5540137609658, "begin": "2001-03-09", "effective_begin": null, "geometry_wkt": "POINT (956736.9863 1950631.492)", "travel_time_sec": 2296.0, "travel_time_min": 38.266666666666666}, "geometry": {"type": "Point", "coordinates": [127.01019294689584, 37.5540137609658]}}, {"id": "650", "type": "Feature", "properties": {"id": 650, "linenm": "서울6호선", "statnm": "청구", "x_5179": 957063.0104, "y_5179": 1951340.123, "lng": 127.01384244854054, "lat": 37.56041608611719, "begin": "2000-12-15", "effective_begin": null, "geometry_wkt": "POINT (957063.0104 1951340.123)", "travel_time_sec": 2406.0, "travel_time_min": 40.1}, "geometry": {"type": "Point", "coordinates": [127.01384244854054, 37.56041608611719]}}, {"id": "651", "type": "Feature", "properties": {"id": 651, "linenm": "서울6호선", "statnm": "신당", "x_5179": 957269.1416, "y_5179": 1951973.443, "lng": 127.01613939171752, "lat": 37.56613394327701, "begin": "2000-12-15", "effective_begin": null, "geometry_wkt": "POINT (957269.1416 1951973.443)", "travel_time_sec": 2516.0, "travel_time_min": 41.93333333333333}, "geometry": {"type": "Point", "coordinates": [127.01613939171752, 37.56613394327701]}}, {"id": "652", "type": "Feature", "properties": {"id": 652, "linenm": "서울6호선", "statnm": "동묘앞", "x_5179": 957234.0116, "y_5179": 1952639.13, "lng": 127.01570276450394, "lat": 37.572132307753456, "begin": "2000-12-15", "effective_begin": null, "geometry_wkt": "POINT (957234.0116 1952639.13)", "travel_time_sec": 2606.0, "travel_time_min": 43.43333333333333}, "geometry": {"type": "Point", "coordinates": [127.01570276450394, 37.572132307753456]}}, {"id": "653", "type": "Feature", "properties": {"id": 653, "linenm": "서울6호선", "statnm": "창신", "x_5179": 957201.8932, "y_5179": 1953454.541, "lng": 127.01529141982512, "lat": 37.57948029984715, "begin": "2000-12-15", "effective_begin": null, "geometry_wkt": "POINT (957201.8932 1953454.541)", "travel_time_sec": 2716.0, "travel_time_min": 45.266666666666666}, "geometry": {"type": "Point", "coordinates": [127.01529141982512, 37.57948029984715]}}, {"id": "654", "type": "Feature", "properties": {"id": 654, "linenm": "서울6호선", "statnm": "보문", "x_5179": 957593.4572, "y_5179": 1954113.942, "lng": 127.01968773941684, "lat": 37.58544175366165, "begin": "2000-12-15", "effective_begin": null, "geometry_wkt": "POINT (957593.4572 1954113.942)", "travel_time_sec": 2806.0, "travel_time_min": 46.766666666666666}, "geometry": {"type": "Point", "coordinates": [127.01968773941684, 37.58544175366165]}}, {"id": "655", "type": "Feature", "properties": {"id": 655, "linenm": "서울6호선", "statnm": "안암", "x_5179": 958442.0713, "y_5179": 1954205.563, "lng": 127.02929395773252, "lat": 37.5863062738596, "begin": "2000-12-15", "effective_begin": null, "geometry_wkt": "POINT (958442.0713 1954205.563)", "travel_time_sec": 2906.0, "travel_time_min": 48.43333333333333}, "geometry": {"type": "Point", "coordinates": [127.02929395773252, 37.5863062738596]}}, {"id": "656", "type": "Feature", "properties": {"id": 656, "linenm": "서울6호선", "statnm": "고려대", "x_5179": 959062.4119, "y_5179": 1954659.913, "lng": 127.0362946303764, "lat": 37.59042924688882, "begin": "2000-12-15", "effective_begin": null, "geometry_wkt": "POINT (959062.4119 1954659.913)", "travel_time_sec": 3006.0, "travel_time_min": 50.1}, "geometry": {"type": "Point", "coordinates": [127.0362946303764, 37.59042924688882]}}, {"id": "657", "type": "Feature", "properties": {"id": 657, "linenm": "서울6호선", "statnm": "월곡", "x_5179": 959511.55, "y_5179": 1955899.24, "lng": 127.04131336263656, "lat": 37.601619462924056, "begin": "2000-12-15", "effective_begin": null, "geometry_wkt": "POINT (959511.55 1955899.24)", "travel_time_sec": 3136.0, "travel_time_min": 52.266666666666666}, "geometry": {"type": "Point", "coordinates": [127.04131336263656, 37.601619462924056]}}, {"id": "658", "type": "Feature", "properties": {"id": 658, "linenm": "서울6호선", "statnm": "상월곡", "x_5179": 960202.9739, "y_5179": 1956459.139, "lng": 127.04911570153688, "lat": 37.60669614229234, "begin": "2000-08-07", "effective_begin": null, "geometry_wkt": "POINT (960202.9739 1956459.139)", "travel_time_sec": 3236.0, "travel_time_min": 53.93333333333333}, "geometry": {"type": "Point", "coordinates": [127.04911570153688, 37.60669614229234]}}, {"id": "659", "type": "Feature", "properties": {"id": 659, "linenm": "서울6호선", "statnm": "돌곶이", "x_5179": 960852.6922, "y_5179": 1956884.291, "lng": 127.05645378899536, "lat": 37.61055602799525, "begin": "2000-08-07", "effective_begin": null, "geometry_wkt": "POINT (960852.6922 1956884.291)", "travel_time_sec": 3272.0, "travel_time_min": 54.53333333333333}, "geometry": {"type": "Point", "coordinates": [127.05645378899536, 37.61055602799525]}}, {"id": "660", "type": "Feature", "properties": {"id": 660, "linenm": "서울6호선", "statnm": "석계", "x_5179": 961714.6335, "y_5179": 1957377.326, "lng": 127.06619366992828, "lat": 37.61503616885079, "begin": "2000-08-07", "effective_begin": null, "geometry_wkt": "POINT (961714.6335 1957377.326)", "travel_time_sec": 3152.0, "travel_time_min": 52.53333333333333}, "geometry": {"type": "Point", "coordinates": [127.06619366992828, 37.61503616885079]}}, {"id": "661", "type": "Feature", "properties": {"id": 661, "linenm": "서울6호선", "statnm": "태릉입구", "x_5179": 962472.1715, "y_5179": 1957628.478, "lng": 127.07476412074254, "lat": 37.61733110346816, "begin": "2000-08-07", "effective_begin": null, "geometry_wkt": "POINT (962472.1715 1957628.478)", "travel_time_sec": 3262.0, "travel_time_min": 54.36666666666667}, "geometry": {"type": "Point", "coordinates": [127.07476412074254, 37.61733110346816]}}, {"id": "662", "type": "Feature", "properties": {"id": 662, "linenm": "서울6호선", "statnm": "화랑대", "x_5179": 963270.132, "y_5179": 1957904.493, "lng": 127.0837918934522, "lat": 37.61985113066094, "begin": "2000-08-07", "effective_begin": null, "geometry_wkt": "POINT (963270.132 1957904.493)", "travel_time_sec": 3372.0, "travel_time_min": 56.2}, "geometry": {"type": "Point", "coordinates": [127.0837918934522, 37.61985113066094]}}, {"id": "663", "type": "Feature", "properties": {"id": 663, "linenm": "서울6호선", "statnm": "봉화산", "x_5179": 963971.1773, "y_5179": 1957601.376, "lng": 127.09175060927112, "lat": 37.61714681111189, "begin": "2000-08-07", "effective_begin": null, "geometry_wkt": "POINT (963971.1773 1957601.376)", "travel_time_sec": 3482.0, "travel_time_min": 58.03333333333333}, "geometry": {"type": "Point", "coordinates": [127.09175060927112, 37.61714681111189]}}, {"id": "664", "type": "Feature", "properties": {"id": 664, "linenm": "서울6호선", "statnm": "신내", "x_5179": 964896.5353, "y_5179": 1957164.102, "lng": 127.10225677447028, "lat": 37.61324135023202, "begin": "2019-12-21", "effective_begin": null, "geometry_wkt": "POINT (964896.5353 1957164.102)", "travel_time_sec": 3600.0, "travel_time_min": 60.0}, "geometry": {"type": "Point", "coordinates": [127.10225677447028, 37.61324135023202]}}, {"id": "671", "type": "Feature", "properties": {"id": 671, "linenm": "서울7호선", "statnm": "부천시청", "x_5179": 934953.7172, "y_5179": 1945294.078, "lng": 126.76405955738444, "lat": 37.5046277377068, "begin": "2012-10-27", "effective_begin": null, "geometry_wkt": "POINT (934953.7172 1945294.078)", "travel_time_sec": 3594.0, "travel_time_min": 59.9}, "geometry": {"type": "Point", "coordinates": [126.76405955738444, 37.5046277377068]}}, {"id": "672", "type": "Feature", "properties": {"id": 672, "linenm": "서울7호선", "statnm": "신중동", "x_5179": 936078.5791, "y_5179": 1945099.878, "lng": 126.77680231029922, "lat": 37.50295602606586, "begin": "2012-10-27", "effective_begin": null, "geometry_wkt": "POINT (936078.5791 1945099.878)", "travel_time_sec": 3484.0, "travel_time_min": 58.06666666666667}, "geometry": {"type": "Point", "coordinates": [126.77680231029922, 37.50295602606586]}}, {"id": "673", "type": "Feature", "properties": {"id": 673, "linenm": "서울7호선", "statnm": "춘의", "x_5179": 936990.7242, "y_5179": 1945179.428, "lng": 126.7871146336898, "lat": 37.5037357343269, "begin": "2012-10-27", "effective_begin": null, "geometry_wkt": "POINT (936990.7242 1945179.428)", "travel_time_sec": 3374.0, "travel_time_min": 56.233333333333334}, "geometry": {"type": "Point", "coordinates": [126.7871146336898, 37.5037357343269]}}, {"id": "674", "type": "Feature", "properties": {"id": 674, "linenm": "서울7호선", "statnm": "부천종합운동장", "x_5179": 937904.4028, "y_5179": 1945362.201, "lng": 126.79743581627416, "lat": 37.5054449943336, "begin": "2012-10-27", "effective_begin": null, "geometry_wkt": "POINT (937904.4028 1945362.201)", "travel_time_sec": 3264.0, "travel_time_min": 54.4}, "geometry": {"type": "Point", "coordinates": [126.79743581627416, 37.5054449943336]}}, {"id": "675", "type": "Feature", "properties": {"id": 675, "linenm": "서울7호선", "statnm": "까치울", "x_5179": 939121.5188, "y_5179": 1945440.622, "lng": 126.81119913841704, "lat": 37.506232901186856, "begin": "2012-10-27", "effective_begin": null, "geometry_wkt": "POINT (939121.5188 1945440.622)", "travel_time_sec": 3384.0, "travel_time_min": 56.4}, "geometry": {"type": "Point", "coordinates": [126.81119913841704, 37.506232901186856]}}, {"id": "676", "type": "Feature", "properties": {"id": 676, "linenm": "서울7호선", "statnm": "온수", "x_5179": 940184.4754, "y_5179": 1943860.069, "lng": 126.82335359502363, "lat": 37.4920568325412, "begin": "2000-02-29", "effective_begin": null, "geometry_wkt": "POINT (940184.4754 1943860.069)", "travel_time_sec": 3564.0, "travel_time_min": 59.4}, "geometry": {"type": "Point", "coordinates": [126.82335359502363, 37.4920568325412]}}, {"id": "677", "type": "Feature", "properties": {"id": 677, "linenm": "서울7호선", "statnm": "천왕", "x_5179": 941534.7738, "y_5179": 1943260.496, "lng": 126.83867517110164, "lat": 37.48673932957743, "begin": "2000-02-29", "effective_begin": null, "geometry_wkt": "POINT (941534.7738 1943260.496)", "travel_time_sec": 3525.0, "travel_time_min": 58.75}, "geometry": {"type": "Point", "coordinates": [126.83867517110164, 37.48673932957743]}}, {"id": "678", "type": "Feature", "properties": {"id": 678, "linenm": "서울7호선", "statnm": "광명사거리", "x_5179": 942965.3374, "y_5179": 1942418.161, "lng": 126.85492120632496, "lat": 37.47923673038737, "begin": "2000-02-29", "effective_begin": null, "geometry_wkt": "POINT (942965.3374 1942418.161)", "travel_time_sec": 3385.0, "travel_time_min": 56.416666666666664}, "geometry": {"type": "Point", "coordinates": [126.85492120632496, 37.47923673038737]}}, {"id": "679", "type": "Feature", "properties": {"id": 679, "linenm": "서울7호선", "statnm": "철산", "x_5179": 944119.3142, "y_5179": 1942064.643, "lng": 126.86799912370763, "lat": 37.47612095481767, "begin": "2000-02-29", "effective_begin": null, "geometry_wkt": "POINT (944119.3142 1942064.643)", "travel_time_sec": 3245.0, "travel_time_min": 54.083333333333336}, "geometry": {"type": "Point", "coordinates": [126.86799912370763, 37.47612095481767]}}, {"id": "680", "type": "Feature", "properties": {"id": 680, "linenm": "서울7호선", "statnm": "가산디지털단지", "x_5179": 945403.4978, "y_5179": 1942531.159, "lng": 126.88248763702192, "lat": 37.48040253605493, "begin": "2000-02-29", "effective_begin": null, "geometry_wkt": "POINT (945403.4978 1942531.159)", "travel_time_sec": 3095.0, "travel_time_min": 51.583333333333336}, "geometry": {"type": "Point", "coordinates": [126.88248763702192, 37.48040253605493]}}, {"id": "681", "type": "Feature", "properties": {"id": 681, "linenm": "서울7호선", "statnm": "남구로", "x_5179": 945850.3491, "y_5179": 1943191.076, "lng": 126.88749291679696, "lat": 37.48637678986405, "begin": "2000-02-29", "effective_begin": null, "geometry_wkt": "POINT (945850.3491 1943191.076)", "travel_time_sec": 2985.0, "travel_time_min": 49.75}, "geometry": {"type": "Point", "coordinates": [126.88749291679696, 37.48637678986405]}}, {"id": "682", "type": "Feature", "properties": {"id": 682, "linenm": "서울7호선", "statnm": "대림", "x_5179": 946667.2312, "y_5179": 1943902.341, "lng": 126.89668094558226, "lat": 37.492835091319854, "begin": "2000-02-29", "effective_begin": null, "geometry_wkt": "POINT (946667.2312 1943902.341)", "travel_time_sec": 2865.0, "travel_time_min": 47.75}, "geometry": {"type": "Point", "coordinates": [126.89668094558226, 37.492835091319854]}}, {"id": "683", "type": "Feature", "properties": {"id": 683, "linenm": "서울7호선", "statnm": "신풍", "x_5179": 947829.5707, "y_5179": 1944703.925, "lng": 126.90977223355294, "lat": 37.50012633786362, "begin": "2000-02-29", "effective_begin": null, "geometry_wkt": "POINT (947829.5707 1944703.925)", "travel_time_sec": 2715.0, "travel_time_min": 45.25}, "geometry": {"type": "Point", "coordinates": [126.90977223355294, 37.50012633786362]}}, {"id": "684", "type": "Feature", "properties": {"id": 684, "linenm": "서울7호선", "statnm": "보라매", "x_5179": 948764.1739, "y_5179": 1944674.959, "lng": 126.92034734244736, "lat": 37.4999176165529, "begin": "2000-08-01", "effective_begin": null, "geometry_wkt": "POINT (948764.1739 1944674.959)", "travel_time_sec": 2605.0, "travel_time_min": 43.416666666666664}, "geometry": {"type": "Point", "coordinates": [126.92034734244736, 37.4999176165529]}}, {"id": "685", "type": "Feature", "properties": {"id": 685, "linenm": "서울7호선", "statnm": "신대방삼거리", "x_5179": 949464.3893, "y_5179": 1944649.867, "lng": 126.92827053743332, "lat": 37.49973006158815, "begin": "2000-08-01", "effective_begin": null, "geometry_wkt": "POINT (949464.3893 1944649.867)", "travel_time_sec": 2505.0, "travel_time_min": 41.75}, "geometry": {"type": "Point", "coordinates": [126.92827053743332, 37.49973006158815]}}, {"id": "686", "type": "Feature", "properties": {"id": 686, "linenm": "서울7호선", "statnm": "장승배기", "x_5179": 950447.8837, "y_5179": 1945236.299, "lng": 126.93935718612674, "lat": 37.50506903351389, "begin": "2000-08-01", "effective_begin": null, "geometry_wkt": "POINT (950447.8837 1945236.299)", "travel_time_sec": 2365.0, "travel_time_min": 39.416666666666664}, "geometry": {"type": "Point", "coordinates": [126.93935718612674, 37.50506903351389]}}, {"id": "687", "type": "Feature", "properties": {"id": 687, "linenm": "서울7호선", "statnm": "상도", "x_5179": 951199.3656, "y_5179": 1944992.498, "lng": 126.94787542522896, "lat": 37.50291164320335, "begin": "2000-08-01", "effective_begin": null, "geometry_wkt": "POINT (951199.3656 1944992.498)", "travel_time_sec": 2245.0, "travel_time_min": 37.416666666666664}, "geometry": {"type": "Point", "coordinates": [126.94787542522896, 37.50291164320335]}}, {"id": "688", "type": "Feature", "properties": {"id": 688, "linenm": "서울7호선", "statnm": "숭실대입구", "x_5179": 951724.4902, "y_5179": 1944224.69, "lng": 126.95386677948132, "lat": 37.496018811223465, "begin": "2000-08-01", "effective_begin": null, "geometry_wkt": "POINT (951724.4902 1944224.69)", "travel_time_sec": 2145.0, "travel_time_min": 35.75}, "geometry": {"type": "Point", "coordinates": [126.95386677948132, 37.496018811223465]}}, {"id": "689", "type": "Feature", "properties": {"id": 689, "linenm": "서울7호선", "statnm": "남성", "x_5179": 953199.6407, "y_5179": 1942978.717, "lng": 126.97063352333238, "lat": 37.48486445621787, "begin": "2000-08-01", "effective_begin": null, "geometry_wkt": "POINT (953199.6407 1942978.717)", "travel_time_sec": 1965.0, "travel_time_min": 32.75}, "geometry": {"type": "Point", "coordinates": [126.97063352333238, 37.48486445621787]}}, {"id": "690", "type": "Feature", "properties": {"id": 690, "linenm": "서울7호선", "statnm": "이수", "x_5179": 954168.6392, "y_5179": 1943016.486, "lng": 126.98159125571313, "lat": 37.48525347981365, "begin": "2000-08-01", "effective_begin": null, "geometry_wkt": "POINT (954168.6392 1943016.486)", "travel_time_sec": 1855.0, "travel_time_min": 30.916666666666668}, "geometry": {"type": "Point", "coordinates": [126.98159125571313, 37.48525347981365]}}, {"id": "691", "type": "Feature", "properties": {"id": 691, "linenm": "서울7호선", "statnm": "내방", "x_5179": 955237.3593, "y_5179": 1943279.715, "lng": 126.99366333702754, "lat": 37.48767847349902, "begin": "2000-08-01", "effective_begin": null, "geometry_wkt": "POINT (955237.3593 1943279.715)", "travel_time_sec": 1725.0, "travel_time_min": 28.75}, "geometry": {"type": "Point", "coordinates": [126.99366333702754, 37.48767847349902]}}, {"id": "692", "type": "Feature", "properties": {"id": 692, "linenm": "서울7호선", "statnm": "고속터미널", "x_5179": 956256.7708, "y_5179": 1945022.605, "lng": 127.00509044776165, "lat": 37.50343658308469, "begin": "2000-08-01", "effective_begin": null, "geometry_wkt": "POINT (956256.7708 1945022.605)", "travel_time_sec": 1545.0, "travel_time_min": 25.75}, "geometry": {"type": "Point", "coordinates": [127.00509044776165, 37.50343658308469]}}, {"id": "693", "type": "Feature", "properties": {"id": 693, "linenm": "서울7호선", "statnm": "반포", "x_5179": 956823.9879, "y_5179": 1945540.047, "lng": 127.01147731905736, "lat": 37.50812717016541, "begin": "2000-08-01", "effective_begin": null, "geometry_wkt": "POINT (956823.9879 1945540.047)", "travel_time_sec": 1415.0, "travel_time_min": 23.583333333333332}, "geometry": {"type": "Point", "coordinates": [127.01147731905736, 37.50812717016541]}}, {"id": "694", "type": "Feature", "properties": {"id": 694, "linenm": "서울7호선", "statnm": "논현", "x_5179": 957742.787, "y_5179": 1945883.031, "lng": 127.021853180708, "lat": 37.51126113697782, "begin": "2000-08-01", "effective_begin": null, "geometry_wkt": "POINT (957742.787 1945883.031)", "travel_time_sec": 1325.0, "travel_time_min": 22.083333333333332}, "geometry": {"type": "Point", "coordinates": [127.021853180708, 37.51126113697782]}}, {"id": "695", "type": "Feature", "properties": {"id": 695, "linenm": "서울7호선", "statnm": "학동", "x_5179": 958624.6248, "y_5179": 1946220.205, "lng": 127.03181201807584, "lat": 37.51434017199306, "begin": "2000-08-01", "effective_begin": null, "geometry_wkt": "POINT (958624.6248 1946220.205)", "travel_time_sec": 1435.0, "travel_time_min": 23.916666666666668}, "geometry": {"type": "Point", "coordinates": [127.03181201807584, 37.51434017199306]}}, {"id": "696", "type": "Feature", "properties": {"id": 696, "linenm": "서울7호선", "statnm": "강남구청", "x_5179": 959446.7213, "y_5179": 1946529.655, "lng": 127.0410971937261, "lat": 37.5171658604025, "begin": "2000-08-01", "effective_begin": null, "geometry_wkt": "POINT (959446.7213 1946529.655)", "travel_time_sec": 1535.0, "travel_time_min": 25.583333333333332}, "geometry": {"type": "Point", "coordinates": [127.0410971937261, 37.5171658604025]}}, {"id": "697", "type": "Feature", "properties": {"id": 697, "linenm": "서울7호선", "statnm": "청담", "x_5179": 960550.7743, "y_5179": 1946775.418, "lng": 127.05357716068204, "lat": 37.5194288912404, "begin": "2000-08-01", "effective_begin": null, "geometry_wkt": "POINT (960550.7743 1946775.418)", "travel_time_sec": 1655.0, "travel_time_min": 27.583333333333332}, "geometry": {"type": "Point", "coordinates": [127.05357716068204, 37.5194288912404]}}, {"id": "698", "type": "Feature", "properties": {"id": 698, "linenm": "서울7호선", "statnm": "뚝섬유원지", "x_5179": 961716.0128, "y_5179": 1948112.803, "lng": 127.06669338787944, "lat": 37.53153233958963, "begin": "2000-08-01", "effective_begin": null, "geometry_wkt": "POINT (961716.0128 1948112.803)", "travel_time_sec": 1835.0, "travel_time_min": 30.583333333333332}, "geometry": {"type": "Point", "coordinates": [127.06669338787944, 37.53153233958963]}}, {"id": "699", "type": "Feature", "properties": {"id": 699, "linenm": "서울7호선", "statnm": "건대입구", "x_5179": 962105.2009, "y_5179": 1949137.804, "lng": 127.07104527435244, "lat": 37.540787120208606, "begin": "1996-10-11", "effective_begin": null, "geometry_wkt": "POINT (962105.2009 1949137.804)", "travel_time_sec": 1945.0, "travel_time_min": 32.416666666666664}, "geometry": {"type": "Point", "coordinates": [127.07104527435244, 37.540787120208606]}}, {"id": "700", "type": "Feature", "properties": {"id": 700, "linenm": "서울7호선", "statnm": "어린이대공원", "x_5179": 962423.5193, "y_5179": 1949933.997, "lng": 127.07460765080978, "lat": 37.54797651986144, "begin": "1996-10-11", "effective_begin": null, "geometry_wkt": "POINT (962423.5193 1949933.997)", "travel_time_sec": 2065.0, "travel_time_min": 34.416666666666664}, "geometry": {"type": "Point", "coordinates": [127.07460765080978, 37.54797651986144]}}, {"id": "701", "type": "Feature", "properties": {"id": 701, "linenm": "서울7호선", "statnm": "군자", "x_5179": 962851.6092, "y_5179": 1950934.57, "lng": 127.07940313207344, "lat": 37.557012386873, "begin": "1996-10-11", "effective_begin": null, "geometry_wkt": "POINT (962851.6092 1950934.57)", "travel_time_sec": 2175.0, "travel_time_min": 36.25}, "geometry": {"type": "Point", "coordinates": [127.07940313207344, 37.557012386873]}}, {"id": "702", "type": "Feature", "properties": {"id": 702, "linenm": "서울7호선", "statnm": "중곡", "x_5179": 963294.7583, "y_5179": 1951935.621, "lng": 127.08437025699816, "lat": 37.56605296105017, "begin": "1996-10-11", "effective_begin": null, "geometry_wkt": "POINT (963294.7583 1951935.621)", "travel_time_sec": 2295.0, "travel_time_min": 38.25}, "geometry": {"type": "Point", "coordinates": [127.08437025699816, 37.56605296105017]}}, {"id": "703", "type": "Feature", "properties": {"id": 703, "linenm": "서울7호선", "statnm": "용마산", "x_5179": 963516.8849, "y_5179": 1952790.411, "lng": 127.08684287860366, "lat": 37.573766288916445, "begin": "1996-10-11", "effective_begin": null, "geometry_wkt": "POINT (963516.8849 1952790.411)", "travel_time_sec": 2405.0, "travel_time_min": 40.083333333333336}, "geometry": {"type": "Point", "coordinates": [127.08684287860366, 37.573766288916445]}}, {"id": "704", "type": "Feature", "properties": {"id": 704, "linenm": "서울7호선", "statnm": "사가정", "x_5179": 963667.3475, "y_5179": 1953589.215, "lng": 127.08850714914593, "lat": 37.58097211223812, "begin": "1996-10-11", "effective_begin": null, "geometry_wkt": "POINT (963667.3475 1953589.215)", "travel_time_sec": 2495.0, "travel_time_min": 41.583333333333336}, "geometry": {"type": "Point", "coordinates": [127.08850714914593, 37.58097211223812]}}, {"id": "705", "type": "Feature", "properties": {"id": 705, "linenm": "서울7호선", "statnm": "면목", "x_5179": 963582.205, "y_5179": 1954451.381, "lng": 127.08749999489152, "lat": 37.5887397099918, "begin": "1996-10-11", "effective_begin": null, "geometry_wkt": "POINT (963582.205 1954451.381)", "travel_time_sec": 2595.0, "travel_time_min": 43.25}, "geometry": {"type": "Point", "coordinates": [127.08749999489152, 37.5887397099918]}}, {"id": "706", "type": "Feature", "properties": {"id": 706, "linenm": "서울7호선", "statnm": "상봉", "x_5179": 963427.8756, "y_5179": 1955228.406, "lng": 127.08571314404864, "lat": 37.595737139295096, "begin": "1996-10-11", "effective_begin": null, "geometry_wkt": "POINT (963427.8756 1955228.406)", "travel_time_sec": 2695.0, "travel_time_min": 44.916666666666664}, "geometry": {"type": "Point", "coordinates": [127.08571314404864, 37.595737139295096]}}, {"id": "707", "type": "Feature", "properties": {"id": 707, "linenm": "서울7호선", "statnm": "중화", "x_5179": 962870.3991, "y_5179": 1955957.365, "lng": 127.07936125009704, "lat": 37.602285109902006, "begin": "1996-10-11", "effective_begin": null, "geometry_wkt": "POINT (962870.3991 1955957.365)", "travel_time_sec": 2835.0, "travel_time_min": 47.25}, "geometry": {"type": "Point", "coordinates": [127.07936125009704, 37.602285109902006]}}, {"id": "708", "type": "Feature", "properties": {"id": 708, "linenm": "서울7호선", "statnm": "먹골", "x_5179": 962735.4587, "y_5179": 1956867.757, "lng": 127.07778617847124, "lat": 37.610485250024645, "begin": "1996-10-11", "effective_begin": null, "geometry_wkt": "POINT (962735.4587 1956867.757)", "travel_time_sec": 2945.0, "travel_time_min": 49.083333333333336}, "geometry": {"type": "Point", "coordinates": [127.07778617847124, 37.610485250024645]}}, {"id": "709", "type": "Feature", "properties": {"id": 709, "linenm": "서울7호선", "statnm": "태릉입구", "x_5179": 962524.1543, "y_5179": 1957763.334, "lng": 127.07534622117456, "lat": 37.61854871377953, "begin": "1996-10-11", "effective_begin": null, "geometry_wkt": "POINT (962524.1543 1957763.334)", "travel_time_sec": 3045.0, "travel_time_min": 50.75}, "geometry": {"type": "Point", "coordinates": [127.07534622117456, 37.61854871377953]}}, {"id": "710", "type": "Feature", "properties": {"id": 710, "linenm": "서울7호선", "statnm": "공릉", "x_5179": 962322.0518, "y_5179": 1958547.523, "lng": 127.07301575099794, "lat": 37.625608525398, "begin": "1996-10-11", "effective_begin": null, "geometry_wkt": "POINT (962322.0518 1958547.523)", "travel_time_sec": 3135.0, "travel_time_min": 52.25}, "geometry": {"type": "Point", "coordinates": [127.07301575099794, 37.625608525398]}}, {"id": "711", "type": "Feature", "properties": {"id": 711, "linenm": "서울7호선", "statnm": "하계", "x_5179": 961885.1994, "y_5179": 1959754.138, "lng": 127.0680023133773, "lat": 37.636465980935455, "begin": "1996-10-11", "effective_begin": null, "geometry_wkt": "POINT (961885.1994 1959754.138)", "travel_time_sec": 3255.0, "travel_time_min": 54.25}, "geometry": {"type": "Point", "coordinates": [127.0680023133773, 37.636465980935455]}}, {"id": "712", "type": "Feature", "properties": {"id": 712, "linenm": "서울7호선", "statnm": "중계", "x_5179": 961533.6189, "y_5179": 1960751.415, "lng": 127.06396503011923, "lat": 37.64543996979516, "begin": "1996-10-11", "effective_begin": null, "geometry_wkt": "POINT (961533.6189 1960751.415)", "travel_time_sec": 3335.0, "travel_time_min": 55.583333333333336}, "geometry": {"type": "Point", "coordinates": [127.06396503011923, 37.64543996979516]}}, {"id": "713", "type": "Feature", "properties": {"id": 713, "linenm": "서울7호선", "statnm": "노원", "x_5179": 961236.8444, "y_5179": 1961764.553, "lng": 127.0605472338607, "lat": 37.65455907475965, "begin": "1996-10-11", "effective_begin": null, "geometry_wkt": "POINT (961236.8444 1961764.553)", "travel_time_sec": 3225.0, "travel_time_min": 53.75}, "geometry": {"type": "Point", "coordinates": [127.0605472338607, 37.65455907475965]}}, {"id": "714", "type": "Feature", "properties": {"id": 714, "linenm": "서울7호선", "statnm": "마들", "x_5179": 960982.7435, "y_5179": 1962970.188, "lng": 127.05760212496052, "lat": 37.66541488039195, "begin": "1996-10-11", "effective_begin": null, "geometry_wkt": "POINT (960982.7435 1962970.188)", "travel_time_sec": 3345.0, "travel_time_min": 55.75}, "geometry": {"type": "Point", "coordinates": [127.05760212496052, 37.66541488039195]}}, {"id": "715", "type": "Feature", "properties": {"id": 715, "linenm": "서울7호선", "statnm": "수락산", "x_5179": 960790.6068, "y_5179": 1964393.527, "lng": 127.05534709762767, "lat": 37.67823543122186, "begin": "1996-10-11", "effective_begin": null, "geometry_wkt": "POINT (960790.6068 1964393.527)", "travel_time_sec": 3495.0, "travel_time_min": 58.25}, "geometry": {"type": "Point", "coordinates": [127.05534709762767, 37.67823543122186]}}, {"id": "716", "type": "Feature", "properties": {"id": 716, "linenm": "서울7호선", "statnm": "도봉산", "x_5179": 960006.9564, "y_5179": 1965658.04, "lng": 127.04639098634294, "lat": 37.68959877628606, "begin": "1996-10-11", "effective_begin": null, "geometry_wkt": "POINT (960006.9564 1965658.04)", "travel_time_sec": 3435.0, "travel_time_min": 57.25}, "geometry": {"type": "Point", "coordinates": [127.04639098634294, 37.68959877628606]}}, {"id": "718", "type": "Feature", "properties": {"id": 718, "linenm": "서울8호선", "statnm": "모란", "x_5179": 967248.8968, "y_5179": 1937269.995, "lng": 127.12979700679932, "lat": 37.43401380632197, "begin": "1996-11-23", "effective_begin": null, "geometry_wkt": "POINT (967248.8968 1937269.995)", "travel_time_sec": 1230.0, "travel_time_min": 20.5}, "geometry": {"type": "Point", "coordinates": [127.12979700679932, 37.43401380632197]}}, {"id": "719", "type": "Feature", "properties": {"id": 719, "linenm": "서울8호선", "statnm": "수진", "x_5179": 968228.8619, "y_5179": 1937652.281, "lng": 127.14085740225366, "lat": 37.43749374732599, "begin": "1996-11-23", "effective_begin": null, "geometry_wkt": "POINT (968228.8619 1937652.281)", "travel_time_sec": 1350.0, "travel_time_min": 22.5}, "geometry": {"type": "Point", "coordinates": [127.14085740225366, 37.43749374732599]}}, {"id": "720", "type": "Feature", "properties": {"id": 720, "linenm": "서울8호선", "statnm": "신흥", "x_5179": 968827.0224, "y_5179": 1938029.118, "lng": 127.14760299428023, "lat": 37.440910752121255, "begin": "1996-11-23", "effective_begin": null, "geometry_wkt": "POINT (968827.0224 1938029.118)", "travel_time_sec": 1440.0, "travel_time_min": 24.0}, "geometry": {"type": "Point", "coordinates": [127.14760299428023, 37.440910752121255]}}, {"id": "721", "type": "Feature", "properties": {"id": 721, "linenm": "서울8호선", "statnm": "단대오거리", "x_5179": 969635.5919, "y_5179": 1938489.619, "lng": 127.15672440797957, "lat": 37.44508841834457, "begin": "1996-11-23", "effective_begin": null, "geometry_wkt": "POINT (969635.5919 1938489.619)", "travel_time_sec": 1530.0, "travel_time_min": 25.5}, "geometry": {"type": "Point", "coordinates": [127.15672440797957, 37.44508841834457]}}, {"id": "722", "type": "Feature", "properties": {"id": 722, "linenm": "서울8호선", "statnm": "남한산성입구", "x_5179": 969931.0082, "y_5179": 1939259.225, "lng": 127.16003270270654, "lat": 37.45203498104027, "begin": "1996-11-23", "effective_begin": null, "geometry_wkt": "POINT (969931.0082 1939259.225)", "travel_time_sec": 1630.0, "travel_time_min": 27.166666666666668}, "geometry": {"type": "Point", "coordinates": [127.16003270270654, 37.45203498104027]}}, {"id": "723", "type": "Feature", "properties": {"id": 723, "linenm": "서울8호선", "statnm": "산성", "x_5179": 969044.7163, "y_5179": 1939799.07, "lng": 127.1499895659972, "lat": 37.45687166092399, "begin": "1996-11-23", "effective_begin": null, "geometry_wkt": "POINT (969044.7163 1939799.07)", "travel_time_sec": 1790.0, "travel_time_min": 29.833333333333332}, "geometry": {"type": "Point", "coordinates": [127.1499895659972, 37.45687166092399]}}, {"id": "724", "type": "Feature", "properties": {"id": 724, "linenm": "서울8호선", "statnm": "복정", "x_5179": 966997.138, "y_5179": 1941359.763, "lng": 127.12676817610888, "lat": 37.470868178941465, "begin": "1996-11-23", "effective_begin": null, "geometry_wkt": "POINT (966997.138 1941359.763)", "travel_time_sec": 1600.0, "travel_time_min": 26.666666666666668}, "geometry": {"type": "Point", "coordinates": [127.12676817610888, 37.470868178941465]}}, {"id": "725", "type": "Feature", "properties": {"id": 725, "linenm": "서울8호선", "statnm": "장지", "x_5179": 966951.9464, "y_5179": 1942216.195, "lng": 127.12621866852548, "lat": 37.47858602461259, "begin": "1996-11-23", "effective_begin": null, "geometry_wkt": "POINT (966951.9464 1942216.195)", "travel_time_sec": 1700.0, "travel_time_min": 28.333333333333332}, "geometry": {"type": "Point", "coordinates": [127.12621866852548, 37.47858602461259]}}, {"id": "726", "type": "Feature", "properties": {"id": 726, "linenm": "서울8호선", "statnm": "문정", "x_5179": 966616.7785, "y_5179": 1943040.028, "lng": 127.12239054688452, "lat": 37.48599958850546, "begin": "1996-11-23", "effective_begin": null, "geometry_wkt": "POINT (966616.7785 1943040.028)", "travel_time_sec": 1790.0, "travel_time_min": 29.833333333333332}, "geometry": {"type": "Point", "coordinates": [127.12239054688452, 37.48599958850546]}}, {"id": "727", "type": "Feature", "properties": {"id": 727, "linenm": "서울8호선", "statnm": "가락시장", "x_5179": 966245.832, "y_5179": 1943833.202, "lng": 127.11815833405204, "lat": 37.49313536324696, "begin": "1996-11-23", "effective_begin": null, "geometry_wkt": "POINT (966245.832 1943833.202)", "travel_time_sec": 1880.0, "travel_time_min": 31.333333333333332}, "geometry": {"type": "Point", "coordinates": [127.11815833405204, 37.49313536324696]}}, {"id": "728", "type": "Feature", "properties": {"id": 728, "linenm": "서울8호선", "statnm": "송파", "x_5179": 965744.9724, "y_5179": 1944536.191, "lng": 127.11245977050264, "lat": 37.499453281817736, "begin": "1996-11-23", "effective_begin": null, "geometry_wkt": "POINT (965744.9724 1944536.191)", "travel_time_sec": 1990.0, "travel_time_min": 33.166666666666664}, "geometry": {"type": "Point", "coordinates": [127.11245977050264, 37.499453281817736]}}, {"id": "729", "type": "Feature", "properties": {"id": 729, "linenm": "서울8호선", "statnm": "석촌", "x_5179": 965282.9457, "y_5179": 1945179.513, "lng": 127.1072024211311, "lat": 37.505234569854736, "begin": "1996-11-23", "effective_begin": null, "geometry_wkt": "POINT (965282.9457 1945179.513)", "travel_time_sec": 2090.0, "travel_time_min": 34.833333333333336}, "geometry": {"type": "Point", "coordinates": [127.1072024211311, 37.505234569854736]}}, {"id": "730", "type": "Feature", "properties": {"id": 730, "linenm": "서울8호선", "statnm": "잠실", "x_5179": 964933.6271, "y_5179": 1946178.737, "lng": 127.10320255466382, "lat": 37.51422780237127, "begin": "1996-11-23", "effective_begin": null, "geometry_wkt": "POINT (964933.6271 1946178.737)", "travel_time_sec": 2230.0, "travel_time_min": 37.166666666666664}, "geometry": {"type": "Point", "coordinates": [127.10320255466382, 37.51422780237127]}}, {"id": "731", "type": "Feature", "properties": {"id": 731, "linenm": "서울8호선", "statnm": "몽촌토성", "x_5179": 965789.2818, "y_5179": 1946574.279, "lng": 127.11286618903804, "lat": 37.51782512393169, "begin": "1999-07-02", "effective_begin": null, "geometry_wkt": "POINT (965789.2818 1946574.279)", "travel_time_sec": 2340.0, "travel_time_min": 39.0}, "geometry": {"type": "Point", "coordinates": [127.11286618903804, 37.51782512393169]}}, {"id": "732", "type": "Feature", "properties": {"id": 732, "linenm": "서울8호선", "statnm": "강동구청", "x_5179": 966471.5524, "y_5179": 1947968.013, "lng": 127.1205230881743, "lat": 37.53041250323172, "begin": "1999-07-02", "effective_begin": null, "geometry_wkt": "POINT (966471.5524 1947968.013)", "travel_time_sec": 2490.0, "travel_time_min": 41.5}, "geometry": {"type": "Point", "coordinates": [127.1205230881743, 37.53041250323172]}}, {"id": "733", "type": "Feature", "properties": {"id": 733, "linenm": "서울8호선", "statnm": "천호", "x_5179": 966713.3569, "y_5179": 1948810.767, "lng": 127.12322157745128, "lat": 37.538017360102174, "begin": "1999-07-02", "effective_begin": null, "geometry_wkt": "POINT (966713.3569 1948810.767)", "travel_time_sec": 2600.0, "travel_time_min": 43.333333333333336}, "geometry": {"type": "Point", "coordinates": [127.12322157745128, 37.538017360102174]}}, {"id": "734", "type": "Feature", "properties": {"id": 734, "linenm": "서울8호선", "statnm": "암사", "x_5179": 967098.9874, "y_5179": 1950153.505, "lng": 127.12752631532123, "lat": 37.55013385216643, "begin": "1999-07-02", "effective_begin": null, "geometry_wkt": "POINT (967098.9874 1950153.505)", "travel_time_sec": 2740.0, "travel_time_min": 45.666666666666664}, "geometry": {"type": "Point", "coordinates": [127.12752631532123, 37.55013385216643]}}, {"id": "735", "type": "Feature", "properties": {"id": 735, "linenm": "서울8호선", "statnm": "남위례", "x_5179": 968136.400739688, "y_5179": 1940425.950114423, "lng": 127.13969234334893, "lat": 37.46249121266242, "begin": "1996-11-23", "effective_begin": "2021-12-18", "geometry_wkt": "POINT (968136.40074 1940425.950114)", "travel_time_sec": 1710.0, "travel_time_min": 28.5}, "geometry": {"type": "Point", "coordinates": [127.13969234334893, 37.46249121266242]}}, {"id": "736", "type": "Feature", "properties": {"id": 736, "linenm": "서울8호선", "statnm": "암사역사공원", "x_5179": 968056.9586, "y_5179": 1950945.018, "lng": 127.1383368701046, "lat": 37.55730179167237, "begin": "2024-08-10", "effective_begin": null, "geometry_wkt": "POINT (968056.9586 1950945.018)", "travel_time_sec": 2883.0, "travel_time_min": 48.05}, "geometry": {"type": "Point", "coordinates": [127.1383368701046, 37.55730179167237]}}, {"id": "737", "type": "Feature", "properties": {"id": 737, "linenm": "서울8호선", "statnm": "장자호수공원", "x_5179": 968035.6761, "y_5179": 1954314.743, "lng": 127.13794890715565, "lat": 37.58767364990827, "begin": "2024-08-10", "effective_begin": null, "geometry_wkt": "POINT (968035.6761 1954314.743)", "travel_time_sec": 3199.0, "travel_time_min": 53.31666666666667}, "geometry": {"type": "Point", "coordinates": [127.13794890715565, 37.58767364990827]}}, {"id": "738", "type": "Feature", "properties": {"id": 738, "linenm": "서울8호선", "statnm": "구리", "x_5179": 968312.3482, "y_5179": 1955864.816, "lng": 127.1410155290818, "lat": 37.60165456231383, "begin": "2024-08-10", "effective_begin": null, "geometry_wkt": "POINT (968312.3482 1955864.816)", "travel_time_sec": 3367.0, "travel_time_min": 56.11666666666667}, "geometry": {"type": "Point", "coordinates": [127.1410155290818, 37.60165456231383]}}, {"id": "739", "type": "Feature", "properties": {"id": 739, "linenm": "서울8호선", "statnm": "동구릉", "x_5179": 968046.3174, "y_5179": 1957056.634, "lng": 127.13794969798045, "lat": 37.61238759691262, "begin": "2024-08-10", "effective_begin": null, "geometry_wkt": "POINT (968046.3174 1957056.634)", "travel_time_sec": 3494.0, "travel_time_min": 58.233333333333334}, "geometry": {"type": "Point", "coordinates": [127.13794969798045, 37.61238759691262]}}, {"id": "740", "type": "Feature", "properties": {"id": 740, "linenm": "서울8호선", "statnm": "다산", "x_5179": 969082.0642, "y_5179": 1958390.336, "lng": 127.14962858746132, "lat": 37.62444409524007, "begin": "2024-08-10", "effective_begin": null, "geometry_wkt": "POINT (969082.0642 1958390.336)", "travel_time_sec": 3384.0, "travel_time_min": 56.4}, "geometry": {"type": "Point", "coordinates": [127.14962858746132, 37.62444409524007]}}, {"id": "741", "type": "Feature", "properties": {"id": 741, "linenm": "서울8호선", "statnm": "별내", "x_5179": 967132.0579, "y_5179": 1960343.446, "lng": 127.12744306462008, "lat": 37.641980322256536, "begin": "2024-08-10", "effective_begin": null, "geometry_wkt": "POINT (967132.0579 1960343.446)", "travel_time_sec": 3114.0, "travel_time_min": 51.9}, "geometry": {"type": "Point", "coordinates": [127.12744306462008, 37.641980322256536]}}, {"id": "745", "type": "Feature", "properties": {"id": 745, "linenm": "서울9호선", "statnm": "신방화", "x_5179": 939679.0857, "y_5179": 1952239.158, "lng": 126.81694853560047, "lat": 37.56754450875388, "begin": "2009-07-24", "effective_begin": null, "geometry_wkt": "POINT (939679.0857 1952239.158)", "travel_time_sec": 3588.0, "travel_time_min": 59.8}, "geometry": {"type": "Point", "coordinates": [126.81694853560047, 37.56754450875388]}}, {"id": "746", "type": "Feature", "properties": {"id": 746, "linenm": "서울9호선", "statnm": "마곡나루", "x_5179": 940593.4872, "y_5179": 1952138.384, "lng": 126.82731038538564, "lat": 37.5666956902858, "begin": "2014-05-24", "effective_begin": null, "geometry_wkt": "POINT (940593.4872 1952138.384)", "travel_time_sec": 3458.0, "travel_time_min": 57.63333333333333}, "geometry": {"type": "Point", "coordinates": [126.82731038538564, 37.5666956902858]}}, {"id": "747", "type": "Feature", "properties": {"id": 747, "linenm": "서울9호선", "statnm": "양천향교", "x_5179": 941893.2176, "y_5179": 1952279.716, "lng": 126.8420157775171, "lat": 37.56805245046624, "begin": "2009-07-24", "effective_begin": null, "geometry_wkt": "POINT (941893.2176 1952279.716)", "travel_time_sec": 3377.0, "travel_time_min": 56.28333333333333}, "geometry": {"type": "Point", "coordinates": [126.8420157775171, 37.56805245046624]}}, {"id": "748", "type": "Feature", "properties": {"id": 748, "linenm": "서울9호선", "statnm": "가양", "x_5179": 942973.3147, "y_5179": 1951543.759, "lng": 126.854303019782, "lat": 37.56148680626476, "begin": "2009-07-24", "effective_begin": null, "geometry_wkt": "POINT (942973.3147 1951543.759)", "travel_time_sec": 3223.0, "travel_time_min": 53.71666666666667}, "geometry": {"type": "Point", "coordinates": [126.854303019782, 37.56148680626476]}}, {"id": "749", "type": "Feature", "properties": {"id": 749, "linenm": "서울9호선", "statnm": "증미", "x_5179": 943533.2344, "y_5179": 1951163.067, "lng": 126.86067178777202, "lat": 37.558090125876944, "begin": "2009-07-24", "effective_begin": null, "geometry_wkt": "POINT (943533.2344 1951163.067)", "travel_time_sec": 3228.0, "travel_time_min": 53.8}, "geometry": {"type": "Point", "coordinates": [126.86067178777202, 37.558090125876944]}}, {"id": "750", "type": "Feature", "properties": {"id": 750, "linenm": "서울9호선", "statnm": "등촌", "x_5179": 943954.3217, "y_5179": 1950346.468, "lng": 126.86550156090728, "lat": 37.55075581457467, "begin": "2009-07-24", "effective_begin": null, "geometry_wkt": "POINT (943954.3217 1950346.468)", "travel_time_sec": 3110.0, "travel_time_min": 51.833333333333336}, "geometry": {"type": "Point", "coordinates": [126.86550156090728, 37.55075581457467]}}, {"id": "751", "type": "Feature", "properties": {"id": 751, "linenm": "서울9호선", "statnm": "염창", "x_5179": 944788.792, "y_5179": 1949922.17, "lng": 126.87498009352136, "lat": 37.54698197986568, "begin": "2009-07-24", "effective_begin": null, "geometry_wkt": "POINT (944788.792 1949922.17)", "travel_time_sec": 2993.0, "travel_time_min": 49.88333333333333}, "geometry": {"type": "Point", "coordinates": [126.87498009352136, 37.54698197986568]}}, {"id": "752", "type": "Feature", "properties": {"id": 752, "linenm": "서울9호선", "statnm": "신목동", "x_5179": 945494.2489, "y_5179": 1949638.782, "lng": 126.88298686255312, "lat": 37.54446978416588, "begin": "2009-07-24", "effective_begin": null, "geometry_wkt": "POINT (945494.2489 1949638.782)", "travel_time_sec": 2996.0, "travel_time_min": 49.93333333333333}, "geometry": {"type": "Point", "coordinates": [126.88298686255312, 37.54446978416588]}}, {"id": "753", "type": "Feature", "properties": {"id": 753, "linenm": "서울9호선", "statnm": "선유도", "x_5179": 946414.3812, "y_5179": 1948920.162, "lng": 126.89345483013857, "lat": 37.53804675795846, "begin": "2009-07-24", "effective_begin": null, "geometry_wkt": "POINT (946414.3812 1948920.162)", "travel_time_sec": 2869.0, "travel_time_min": 47.81666666666667}, "geometry": {"type": "Point", "coordinates": [126.89345483013857, 37.53804675795846]}}, {"id": "754", "type": "Feature", "properties": {"id": 754, "linenm": "서울9호선", "statnm": "당산", "x_5179": 947197.764, "y_5179": 1948431.931, "lng": 126.9023567546022, "lat": 37.53369148410551, "begin": "2009-07-24", "effective_begin": null, "geometry_wkt": "POINT (947197.764 1948431.931)", "travel_time_sec": 2743.0, "travel_time_min": 45.71666666666667}, "geometry": {"type": "Point", "coordinates": [126.9023567546022, 37.53369148410551]}}, {"id": "755", "type": "Feature", "properties": {"id": 755, "linenm": "서울9호선", "statnm": "국회의사당", "x_5179": 948527.3185, "y_5179": 1947847.393, "lng": 126.91744560355306, "lat": 37.52849815032641, "begin": "2009-07-24", "effective_begin": null, "geometry_wkt": "POINT (948527.3185 1947847.393)", "travel_time_sec": 2639.0, "travel_time_min": 43.983333333333334}, "geometry": {"type": "Point", "coordinates": [126.91744560355306, 37.52849815032641]}}, {"id": "756", "type": "Feature", "properties": {"id": 756, "linenm": "서울9호선", "statnm": "여의도", "x_5179": 949135.0065, "y_5179": 1947064.677, "lng": 126.92437714675653, "lat": 37.52147712051884, "begin": "2009-07-24", "effective_begin": null, "geometry_wkt": "POINT (949135.0065 1947064.677)", "travel_time_sec": 2523.0, "travel_time_min": 42.05}, "geometry": {"type": "Point", "coordinates": [126.92437714675653, 37.52147712051884]}}, {"id": "757", "type": "Feature", "properties": {"id": 757, "linenm": "서울9호선", "statnm": "샛강", "x_5179": 949502.7345, "y_5179": 1946598.219, "lng": 126.9285704796848, "lat": 37.517293054991526, "begin": "2009-07-24", "effective_begin": null, "geometry_wkt": "POINT (949502.7345 1946598.219)", "travel_time_sec": 2463.0, "travel_time_min": 41.05}, "geometry": {"type": "Point", "coordinates": [126.9285704796848, 37.517293054991526]}}, {"id": "758", "type": "Feature", "properties": {"id": 758, "linenm": "서울9호선", "statnm": "노량진", "x_5179": 950592.5188, "y_5179": 1946178.449, "lng": 126.94093021413612, "lat": 37.51356859610538, "begin": "2009-07-24", "effective_begin": null, "geometry_wkt": "POINT (950592.5188 1946178.449)", "travel_time_sec": 2328.0, "travel_time_min": 38.8}, "geometry": {"type": "Point", "coordinates": [126.94093021413612, 37.51356859610538]}}, {"id": "759", "type": "Feature", "properties": {"id": 759, "linenm": "서울9호선", "statnm": "노들", "x_5179": 951668.2448, "y_5179": 1946075.609, "lng": 126.9531088296662, "lat": 37.51269866083732, "begin": "2009-07-24", "effective_begin": null, "geometry_wkt": "POINT (951668.2448 1946075.609)", "travel_time_sec": 2268.0, "travel_time_min": 37.8}, "geometry": {"type": "Point", "coordinates": [126.9531088296662, 37.51269866083732]}}, {"id": "760", "type": "Feature", "properties": {"id": 760, "linenm": "서울9호선", "statnm": "흑석", "x_5179": 952583.4462, "y_5179": 1945678.299, "lng": 126.96348987575094, "lat": 37.5091650981065, "begin": "2009-07-24", "effective_begin": null, "geometry_wkt": "POINT (952583.4462 1945678.299)", "travel_time_sec": 2148.0, "travel_time_min": 35.8}, "geometry": {"type": "Point", "coordinates": [126.96348987575094, 37.5091650981065]}}, {"id": "761", "type": "Feature", "properties": {"id": 761, "linenm": "서울9호선", "statnm": "동작", "x_5179": 953903.1266, "y_5179": 1944963.127, "lng": 126.97846610287309, "lat": 37.50278592651394, "begin": "2009-07-24", "effective_begin": null, "geometry_wkt": "POINT (953903.1266 1944963.127)", "travel_time_sec": 1996.0, "travel_time_min": 33.266666666666666}, "geometry": {"type": "Point", "coordinates": [126.97846610287309, 37.50278592651394]}}, {"id": "762", "type": "Feature", "properties": {"id": 762, "linenm": "서울9호선", "statnm": "구반포", "x_5179": 954697.4608, "y_5179": 1944813.361, "lng": 126.98746198997472, "lat": 37.50147537502471, "begin": "2009-07-24", "effective_begin": null, "geometry_wkt": "POINT (954697.4608 1944813.361)", "travel_time_sec": 1869.0, "travel_time_min": 31.15}, "geometry": {"type": "Point", "coordinates": [126.98746198997472, 37.50147537502471]}}, {"id": "763", "type": "Feature", "properties": {"id": 763, "linenm": "서울9호선", "statnm": "신반포", "x_5179": 955463.696, "y_5179": 1945033.0, "lng": 126.99611730898998, "lat": 37.50349234382109, "begin": "2009-07-24", "effective_begin": null, "geometry_wkt": "POINT (955463.696 1945033)", "travel_time_sec": 1765.0, "travel_time_min": 29.416666666666668}, "geometry": {"type": "Point", "coordinates": [126.99611730898998, 37.50349234382109]}}, {"id": "764", "type": "Feature", "properties": {"id": 764, "linenm": "서울9호선", "statnm": "고속터미널", "x_5179": 956165.4478, "y_5179": 1945300.097, "lng": 127.00404071210666, "lat": 37.5059333743048, "begin": "2009-07-24", "effective_begin": null, "geometry_wkt": "POINT (956165.4478 1945300.097)", "travel_time_sec": 1666.0, "travel_time_min": 27.766666666666666}, "geometry": {"type": "Point", "coordinates": [127.00404071210666, 37.5059333743048]}}, {"id": "765", "type": "Feature", "properties": {"id": 765, "linenm": "서울9호선", "statnm": "사평", "x_5179": 957147.5181, "y_5179": 1945105.422, "lng": 127.0151631744664, "lat": 37.50422483239932, "begin": "2009-07-24", "effective_begin": null, "geometry_wkt": "POINT (957147.5181 1945105.422)", "travel_time_sec": 1519.0, "travel_time_min": 25.316666666666666}, "geometry": {"type": "Point", "coordinates": [127.0151631744664, 37.50422483239932]}}, {"id": "766", "type": "Feature", "properties": {"id": 766, "linenm": "서울9호선", "statnm": "신논현", "x_5179": 958091.7764, "y_5179": 1945177.799, "lng": 127.02584213308398, "lat": 37.5049205564883, "begin": "2009-07-24", "effective_begin": null, "geometry_wkt": "POINT (958091.7764 1945177.799)", "travel_time_sec": 1388.0, "travel_time_min": 23.133333333333333}, "geometry": {"type": "Point", "coordinates": [127.02584213308398, 37.5049205564883]}}, {"id": "767", "type": "Feature", "properties": {"id": 767, "linenm": "서울9호선", "statnm": "언주", "x_5179": 958804.1985, "y_5179": 1945441.079, "lng": 127.03388761609956, "lat": 37.50732567260436, "begin": "2015-03-28", "effective_begin": null, "geometry_wkt": "POINT (958804.1985 1945441.079)", "travel_time_sec": 1541.0, "travel_time_min": 25.683333333333334}, "geometry": {"type": "Point", "coordinates": [127.03388761609956, 37.50732567260436]}}, {"id": "768", "type": "Feature", "properties": {"id": 768, "linenm": "서울9호선", "statnm": "선정릉", "x_5179": 959711.2734, "y_5179": 1945770.864, "lng": 127.04413239250458, "lat": 37.510338197449975, "begin": "2015-03-28", "effective_begin": null, "geometry_wkt": "POINT (959711.2734 1945770.864)", "travel_time_sec": 1651.0, "travel_time_min": 27.516666666666666}, "geometry": {"type": "Point", "coordinates": [127.04413239250458, 37.510338197449975]}}, {"id": "769", "type": "Feature", "properties": {"id": 769, "linenm": "서울9호선", "statnm": "삼성중앙", "x_5179": 960525.2628, "y_5179": 1946066.101, "lng": 127.0533265789544, "lat": 37.51303446510631, "begin": "2015-03-28", "effective_begin": null, "geometry_wkt": "POINT (960525.2628 1946066.101)", "travel_time_sec": 1775.0, "travel_time_min": 29.583333333333332}, "geometry": {"type": "Point", "coordinates": [127.0533265789544, 37.51303446510631]}}, {"id": "770", "type": "Feature", "properties": {"id": 770, "linenm": "서울9호선", "statnm": "봉은사", "x_5179": 961135.3112, "y_5179": 1946198.225, "lng": 127.06022236028824, "lat": 37.5142512509896, "begin": "2015-03-28", "effective_begin": null, "geometry_wkt": "POINT (961135.3112 1946198.225)", "travel_time_sec": 1884.0, "travel_time_min": 31.4}, "geometry": {"type": "Point", "coordinates": [127.06022236028824, 37.5142512509896]}}, {"id": "771", "type": "Feature", "properties": {"id": 771, "linenm": "서울9호선", "statnm": "종합운동장", "x_5179": 962526.7487, "y_5179": 1945897.942, "lng": 127.07598223383413, "lat": 37.51160225275392, "begin": "2015-03-28", "effective_begin": null, "geometry_wkt": "POINT (962526.7487 1945897.942)", "travel_time_sec": 2020.0, "travel_time_min": 33.666666666666664}, "geometry": {"type": "Point", "coordinates": [127.07598223383413, 37.51160225275392]}}, {"id": "772", "type": "Feature", "properties": {"id": 772, "linenm": "서울9호선", "statnm": "삼전", "x_5179": 963504.727, "y_5179": 1945121.159, "lng": 127.0870865662072, "lat": 37.504639986996615, "begin": "2018-12-01", "effective_begin": null, "geometry_wkt": "POINT (963504.727 1945121.159)", "travel_time_sec": 2192.0, "travel_time_min": 36.53333333333333}, "geometry": {"type": "Point", "coordinates": [127.0870865662072, 37.504639986996615]}}, {"id": "773", "type": "Feature", "properties": {"id": 773, "linenm": "서울9호선", "statnm": "석촌고분", "x_5179": 964377.3083, "y_5179": 1944878.184, "lng": 127.09697063884455, "lat": 37.50248404349023, "begin": "2018-12-01", "effective_begin": null, "geometry_wkt": "POINT (964377.3083 1944878.184)", "travel_time_sec": 2318.0, "travel_time_min": 38.63333333333333}, "geometry": {"type": "Point", "coordinates": [127.09697063884455, 37.50248404349023]}}, {"id": "774", "type": "Feature", "properties": {"id": 774, "linenm": "서울9호선", "statnm": "석촌", "x_5179": 965256.9837, "y_5179": 1945160.177, "lng": 127.10690960060364, "lat": 37.50505930875045, "begin": "2018-12-01", "effective_begin": null, "geometry_wkt": "POINT (965256.9837 1945160.177)", "travel_time_sec": 2427.0, "travel_time_min": 40.45}, "geometry": {"type": "Point", "coordinates": [127.10690960060364, 37.50505930875045]}}, {"id": "775", "type": "Feature", "properties": {"id": 775, "linenm": "서울9호선", "statnm": "송파나루", "x_5179": 965728.7451, "y_5179": 1945740.124, "lng": 127.1122200644706, "lat": 37.51030427208916, "begin": "2018-12-01", "effective_begin": null, "geometry_wkt": "POINT (965728.7451 1945740.124)", "travel_time_sec": 2549.0, "travel_time_min": 42.483333333333334}, "geometry": {"type": "Point", "coordinates": [127.1122200644706, 37.51030427208916]}}, {"id": "776", "type": "Feature", "properties": {"id": 776, "linenm": "서울9호선", "statnm": "한성백제", "x_5179": 966000.9834, "y_5179": 1946289.035, "lng": 127.11527498699265, "lat": 37.51526192266898, "begin": "2018-12-01", "effective_begin": null, "geometry_wkt": "POINT (966000.9834 1946289.035)", "travel_time_sec": 2678.0, "travel_time_min": 44.63333333333333}, "geometry": {"type": "Point", "coordinates": [127.11527498699265, 37.51526192266898]}}, {"id": "777", "type": "Feature", "properties": {"id": 777, "linenm": "서울9호선", "statnm": "둔촌오륜", "x_5179": 968144.3054, "y_5179": 1946686.751, "lng": 127.13951062486169, "lat": 37.518923227645246, "begin": "2018-12-01", "effective_begin": null, "geometry_wkt": "POINT (968144.3054 1946686.751)", "travel_time_sec": 2829.0, "travel_time_min": 47.15}, "geometry": {"type": "Point", "coordinates": [127.13951062486169, 37.518923227645246]}}, {"id": "778", "type": "Feature", "properties": {"id": 778, "linenm": "서울9호선", "statnm": "올림픽공원", "x_5179": 967413.6073, "y_5179": 1946393.673, "lng": 127.13125496218146, "lat": 37.51625605646414, "begin": "2018-12-01", "effective_begin": null, "geometry_wkt": "POINT (967413.6073 1946393.673)", "travel_time_sec": 2689.0, "travel_time_min": 44.81666666666667}, "geometry": {"type": "Point", "coordinates": [127.13125496218146, 37.51625605646414]}}, {"id": "779", "type": "Feature", "properties": {"id": 779, "linenm": "서울9호선", "statnm": "중앙보훈병원", "x_5179": 968941.0679, "y_5179": 1947758.412, "lng": 127.14848157270966, "lat": 37.52860977620455, "begin": "2018-12-01", "effective_begin": null, "geometry_wkt": "POINT (968941.0679 1947758.412)", "travel_time_sec": 2963.0, "travel_time_min": 49.38333333333333}, "geometry": {"type": "Point", "coordinates": [127.14848157270966, 37.52860977620455]}}, {"id": "780", "type": "Feature", "properties": {"id": 780, "linenm": "분당선", "statnm": "수원", "x_5179": 955720.3423, "y_5179": 1918732.222, "lng": 127.00059566971224, "lat": 37.266442680041386, "begin": "2013-11-30", "effective_begin": null, "geometry_wkt": "POINT (955720.3423 1918732.222)", "travel_time_sec": 2848.0, "travel_time_min": 47.46666666666667}, "geometry": {"type": "Point", "coordinates": [127.00059566971224, 37.266442680041386]}}, {"id": "781", "type": "Feature", "properties": {"id": 781, "linenm": "분당선", "statnm": "매교", "x_5179": 957057.9122, "y_5179": 1918621.824, "lng": 127.01568721056432, "lat": 37.26551025848763, "begin": "2013-11-30", "effective_begin": null, "geometry_wkt": "POINT (957057.9122 1918621.824)", "travel_time_sec": 2728.0, "travel_time_min": 45.46666666666667}, "geometry": {"type": "Point", "coordinates": [127.01568721056432, 37.26551025848763]}}, {"id": "782", "type": "Feature", "properties": {"id": 782, "linenm": "분당선", "statnm": "수원시청", "x_5179": 958390.5478, "y_5179": 1918219.495, "lng": 127.03073907903122, "lat": 37.26194430398132, "begin": "2013-11-30", "effective_begin": null, "geometry_wkt": "POINT (958390.5478 1918219.495)", "travel_time_sec": 2588.0, "travel_time_min": 43.13333333333333}, "geometry": {"type": "Point", "coordinates": [127.03073907903122, 37.26194430398132]}}, {"id": "783", "type": "Feature", "properties": {"id": 783, "linenm": "분당선", "statnm": "매탄권선", "x_5179": 959282.9835, "y_5179": 1917159.494, "lng": 127.0408614400052, "lat": 37.25242918530788, "begin": "2013-11-30", "effective_begin": null, "geometry_wkt": "POINT (959282.9835 1917159.494)", "travel_time_sec": 2408.0, "travel_time_min": 40.13333333333333}, "geometry": {"type": "Point", "coordinates": [127.0408614400052, 37.25242918530788]}}, {"id": "784", "type": "Feature", "properties": {"id": 784, "linenm": "분당선", "statnm": "망포", "x_5179": 960743.0296, "y_5179": 1916418.732, "lng": 127.0573640058352, "lat": 37.245814814998205, "begin": "2012-12-01", "effective_begin": null, "geometry_wkt": "POINT (960743.0296 1916418.732)", "travel_time_sec": 2268.0, "travel_time_min": 37.8}, "geometry": {"type": "Point", "coordinates": [127.0573640058352, 37.245814814998205]}}, {"id": "785", "type": "Feature", "properties": {"id": 785, "linenm": "분당선", "statnm": "영통", "x_5179": 961979.3212, "y_5179": 1917038.023, "lng": 127.0712716363746, "lat": 37.25144826415261, "begin": "2012-12-01", "effective_begin": null, "geometry_wkt": "POINT (961979.3212 1917038.023)", "travel_time_sec": 2118.0, "travel_time_min": 35.3}, "geometry": {"type": "Point", "coordinates": [127.0712716363746, 37.25144826415261]}}, {"id": "786", "type": "Feature", "properties": {"id": 786, "linenm": "분당선", "statnm": "청명", "x_5179": 962664.8963, "y_5179": 1917925.817, "lng": 127.0789575841608, "lat": 37.25947839664072, "begin": "2012-12-01", "effective_begin": null, "geometry_wkt": "POINT (962664.8963 1917925.817)", "travel_time_sec": 2008.0, "travel_time_min": 33.46666666666667}, "geometry": {"type": "Point", "coordinates": [127.0789575841608, 37.25947839664072]}}, {"id": "787", "type": "Feature", "properties": {"id": 787, "linenm": "분당선", "statnm": "상갈", "x_5179": 965309.5559, "y_5179": 1918172.824, "lng": 127.1087702594018, "lat": 37.26180717695745, "begin": "2012-12-01", "effective_begin": null, "geometry_wkt": "POINT (965309.5559 1918172.824)", "travel_time_sec": 1808.0, "travel_time_min": 30.133333333333333}, "geometry": {"type": "Point", "coordinates": [127.1087702594018, 37.26180717695745]}}, {"id": "788", "type": "Feature", "properties": {"id": 788, "linenm": "분당선", "statnm": "기흥", "x_5179": 965953.3394, "y_5179": 1919688.054, "lng": 127.11596117176872, "lat": 37.27548895165585, "begin": "2011-12-28", "effective_begin": null, "geometry_wkt": "POINT (965953.3394 1919688.054)", "travel_time_sec": 1668.0, "travel_time_min": 27.8}, "geometry": {"type": "Point", "coordinates": [127.11596117176872, 37.27548895165585]}}, {"id": "789", "type": "Feature", "properties": {"id": 789, "linenm": "분당선", "statnm": "신갈", "x_5179": 965547.5564, "y_5179": 1920871.369, "lng": 127.1113292802862, "lat": 37.28614017206379, "begin": "2011-12-28", "effective_begin": null, "geometry_wkt": "POINT (965547.5564 1920871.369)", "travel_time_sec": 1518.0, "travel_time_min": 25.3}, "geometry": {"type": "Point", "coordinates": [127.1113292802862, 37.28614017206379]}}, {"id": "790", "type": "Feature", "properties": {"id": 790, "linenm": "분당선", "statnm": "구성", "x_5179": 965051.8804, "y_5179": 1922297.749, "lng": 127.10567039677504, "lat": 37.29897873981181, "begin": "2011-12-28", "effective_begin": null, "geometry_wkt": "POINT (965051.8804 1922297.749)", "travel_time_sec": 1378.0, "travel_time_min": 22.966666666666665}, "geometry": {"type": "Point", "coordinates": [127.10567039677504, 37.29897873981181]}}, {"id": "791", "type": "Feature", "properties": {"id": 791, "linenm": "분당선", "statnm": "보정", "x_5179": 965294.8359, "y_5179": 1923829.899, "lng": 127.10834005272706, "lat": 37.31279826193464, "begin": "2004-11-26", "effective_begin": null, "geometry_wkt": "POINT (965294.8359 1923829.899)", "travel_time_sec": 1238.0, "travel_time_min": 20.633333333333333}, "geometry": {"type": "Point", "coordinates": [127.10834005272706, 37.31279826193464]}}, {"id": "792", "type": "Feature", "properties": {"id": 792, "linenm": "분당선", "statnm": "죽전", "x_5179": 965231.7769, "y_5179": 1925150.931, "lng": 127.10756652082291, "lat": 37.32470333266271, "begin": "2007-12-24", "effective_begin": null, "geometry_wkt": "POINT (965231.7769 1925150.931)", "travel_time_sec": 1058.0, "travel_time_min": 17.633333333333333}, "geometry": {"type": "Point", "coordinates": [127.10756652082291, 37.32470333266271]}}, {"id": "793", "type": "Feature", "properties": {"id": 793, "linenm": "분당선", "statnm": "오리", "x_5179": 965362.6672, "y_5179": 1926832.148, "lng": 127.1089653267135, "lat": 37.33986223006651, "begin": "1994-09-01", "effective_begin": null, "geometry_wkt": "POINT (965362.6672 1926832.148)", "travel_time_sec": 858.0, "travel_time_min": 14.3}, "geometry": {"type": "Point", "coordinates": [127.1089653267135, 37.33986223006651]}}, {"id": "794", "type": "Feature", "properties": {"id": 794, "linenm": "분당선", "statnm": "미금", "x_5179": 965372.0573, "y_5179": 1927962.817, "lng": 127.10901849475744, "lat": 37.35005408399885, "begin": "1994-09-01", "effective_begin": null, "geometry_wkt": "POINT (965372.0573 1927962.817)", "travel_time_sec": 738.0, "travel_time_min": 12.3}, "geometry": {"type": "Point", "coordinates": [127.10901849475744, 37.35005408399885]}}, {"id": "795", "type": "Feature", "properties": {"id": 795, "linenm": "분당선", "statnm": "정자", "x_5179": 965293.8188, "y_5179": 1929773.288, "lng": 127.10805027517874, "lat": 37.36637015292752, "begin": "1994-09-01", "effective_begin": null, "geometry_wkt": "POINT (965293.8188 1929773.288)", "travel_time_sec": 588.0, "travel_time_min": 9.8}, "geometry": {"type": "Point", "coordinates": [127.10805027517874, 37.36637015292752]}}, {"id": "796", "type": "Feature", "properties": {"id": 796, "linenm": "분당선", "statnm": "수내", "x_5179": 965857.3036, "y_5179": 1931111.67, "lng": 127.1143520319864, "lat": 37.37845478546335, "begin": "1994-09-01", "effective_begin": null, "geometry_wkt": "POINT (965857.3036 1931111.67)", "travel_time_sec": 738.0, "travel_time_min": 12.3}, "geometry": {"type": "Point", "coordinates": [127.1143520319864, 37.37845478546335]}}, {"id": "797", "type": "Feature", "properties": {"id": 797, "linenm": "분당선", "statnm": "서현", "x_5179": 966666.1246, "y_5179": 1931837.647, "lng": 127.12345491196908, "lat": 37.38502792700807, "begin": "1994-09-01", "effective_begin": null, "geometry_wkt": "POINT (966666.1246 1931837.647)", "travel_time_sec": 680.0, "travel_time_min": 11.333333333333334}, "geometry": {"type": "Point", "coordinates": [127.12345491196908, 37.38502792700807]}}, {"id": "798", "type": "Feature", "properties": {"id": 798, "linenm": "분당선", "statnm": "이매", "x_5179": 967099.0556, "y_5179": 1933100.661, "lng": 127.12828907263012, "lat": 37.39642775541209, "begin": "2004-01-16", "effective_begin": null, "geometry_wkt": "POINT (967099.0556 1933100.661)", "travel_time_sec": 570.0, "travel_time_min": 9.5}, "geometry": {"type": "Point", "coordinates": [127.12828907263012, 37.39642775541209]}}, {"id": "799", "type": "Feature", "properties": {"id": 799, "linenm": "분당선", "statnm": "야탑", "x_5179": 967140.8334, "y_5179": 1934806.404, "lng": 127.1286852017904, "lat": 37.41180416352642, "begin": "1994-09-01", "effective_begin": null, "geometry_wkt": "POINT (967140.8334 1934806.404)", "travel_time_sec": 720.0, "travel_time_min": 12.0}, "geometry": {"type": "Point", "coordinates": [127.1286852017904, 37.41180416352642]}}, {"id": "800", "type": "Feature", "properties": {"id": 800, "linenm": "분당선", "statnm": "모란", "x_5179": 967183.5563, "y_5179": 1937080.039, "lng": 127.12906689217004, "lat": 37.432299307382586, "begin": "1994-09-01", "effective_begin": null, "geometry_wkt": "POINT (967183.5563 1937080.039)", "travel_time_sec": 900.0, "travel_time_min": 15.0}, "geometry": {"type": "Point", "coordinates": [127.12906689217004, 37.432299307382586]}}, {"id": "801", "type": "Feature", "properties": {"id": 801, "linenm": "분당선", "statnm": "태평", "x_5179": 967075.0412, "y_5179": 1937907.959, "lng": 127.12780338697468, "lat": 37.4397579701397, "begin": "1994-09-01", "effective_begin": null, "geometry_wkt": "POINT (967075.0412 1937907.959)", "travel_time_sec": 1020.0, "travel_time_min": 17.0}, "geometry": {"type": "Point", "coordinates": [127.12780338697468, 37.4397579701397]}}, {"id": "802", "type": "Feature", "properties": {"id": 802, "linenm": "분당선", "statnm": "가천대", "x_5179": 966980.6549, "y_5179": 1938918.693, "lng": 127.1266911670322, "lat": 37.44886491716168, "begin": "1994-09-01", "effective_begin": null, "geometry_wkt": "POINT (966980.6549 1938918.693)", "travel_time_sec": 1140.0, "travel_time_min": 19.0}, "geometry": {"type": "Point", "coordinates": [127.1266911670322, 37.44886491716168]}}, {"id": "803", "type": "Feature", "properties": {"id": 803, "linenm": "분당선", "statnm": "복정", "x_5179": 966978.34, "y_5179": 1941362.169, "lng": 127.126555484368, "lat": 37.47088919380632, "begin": "1996-11-23", "effective_begin": null, "geometry_wkt": "POINT (966978.34 1941362.169)", "travel_time_sec": 1320.0, "travel_time_min": 22.0}, "geometry": {"type": "Point", "coordinates": [127.126555484368, 37.47088919380632]}}, {"id": "804", "type": "Feature", "properties": {"id": 804, "linenm": "분당선", "statnm": "수서", "x_5179": 964796.2587, "y_5179": 1943178.879, "lng": 127.10179180251572, "lat": 37.487183508394914, "begin": "1994-09-01", "effective_begin": null, "geometry_wkt": "POINT (964796.2587 1943178.879)", "travel_time_sec": 1551.0, "travel_time_min": 25.85}, "geometry": {"type": "Point", "coordinates": [127.10179180251572, 37.487183508394914]}}, {"id": "805", "type": "Feature", "properties": {"id": 805, "linenm": "분당선", "statnm": "대모산입구", "x_5179": 962228.7261, "y_5179": 1943657.809, "lng": 127.07272520536556, "lat": 37.49139885544521, "begin": "2003-09-03", "effective_begin": null, "geometry_wkt": "POINT (962228.7261 1943657.809)", "travel_time_sec": 1791.0, "travel_time_min": 29.85}, "geometry": {"type": "Point", "coordinates": [127.07272520536556, 37.49139885544521]}}, {"id": "806", "type": "Feature", "properties": {"id": 806, "linenm": "분당선", "statnm": "개포동", "x_5179": 961635.9996, "y_5179": 1943404.572, "lng": 127.06603356695186, "lat": 37.48909188383677, "begin": "2003-09-03", "effective_begin": null, "geometry_wkt": "POINT (961635.9996 1943404.572)", "travel_time_sec": 1854.0, "travel_time_min": 30.9}, "geometry": {"type": "Point", "coordinates": [127.06603356695186, 37.48909188383677]}}, {"id": "807", "type": "Feature", "properties": {"id": 807, "linenm": "분당선", "statnm": "구룡", "x_5179": 961065.851, "y_5179": 1943178.233, "lng": 127.05959630216212, "lat": 37.48702793012337, "begin": "2004-09-26", "effective_begin": null, "geometry_wkt": "POINT (961065.851 1943178.233)", "travel_time_sec": 1744.0, "travel_time_min": 29.066666666666666}, "geometry": {"type": "Point", "coordinates": [127.05959630216212, 37.48702793012337]}}, {"id": "808", "type": "Feature", "properties": {"id": 808, "linenm": "분당선", "statnm": "도곡", "x_5179": 960687.3461, "y_5179": 1943650.612, "lng": 127.05528972002826, "lat": 37.49126963926923, "begin": "2003-09-03", "effective_begin": null, "geometry_wkt": "POINT (960687.3461 1943650.612)", "travel_time_sec": 1664.0, "travel_time_min": 27.733333333333334}, "geometry": {"type": "Point", "coordinates": [127.05528972002826, 37.49126963926923]}}, {"id": "809", "type": "Feature", "properties": {"id": 809, "linenm": "분당선", "statnm": "한티", "x_5179": 960478.6236, "y_5179": 1944208.837, "lng": 127.05289869433383, "lat": 37.496292233946704, "begin": "2003-09-03", "effective_begin": null, "geometry_wkt": "POINT (960478.6236 1944208.837)", "travel_time_sec": 1754.0, "travel_time_min": 29.233333333333334}, "geometry": {"type": "Point", "coordinates": [127.05289869433383, 37.496292233946704]}}, {"id": "810", "type": "Feature", "properties": {"id": 810, "linenm": "분당선", "statnm": "선릉", "x_5179": 960127.3556, "y_5179": 1945159.097, "lng": 127.04887341969834, "lat": 37.50484218769327, "begin": "2003-09-03", "effective_begin": null, "geometry_wkt": "POINT (960127.3556 1945159.097)", "travel_time_sec": 1862.0, "travel_time_min": 31.033333333333335}, "geometry": {"type": "Point", "coordinates": [127.04887341969834, 37.50484218769327]}}, {"id": "811", "type": "Feature", "properties": {"id": 811, "linenm": "분당선", "statnm": "선정릉", "x_5179": 959676.3631, "y_5179": 1945804.383, "lng": 127.043735554321, "lat": 37.5106387912849, "begin": "2012-10-06", "effective_begin": null, "geometry_wkt": "POINT (959676.3631 1945804.383)", "travel_time_sec": 1982.0, "travel_time_min": 33.03333333333333}, "geometry": {"type": "Point", "coordinates": [127.043735554321, 37.5106387912849]}}, {"id": "812", "type": "Feature", "properties": {"id": 812, "linenm": "분당선", "statnm": "강남구청", "x_5179": 959474.9243, "y_5179": 1946490.943, "lng": 127.04141846607048, "lat": 37.516818175071926, "begin": "2012-10-06", "effective_begin": null, "geometry_wkt": "POINT (959474.9243 1946490.943)", "travel_time_sec": 1925.0, "travel_time_min": 32.083333333333336}, "geometry": {"type": "Point", "coordinates": [127.04141846607048, 37.516818175071926]}}, {"id": "813", "type": "Feature", "properties": {"id": 813, "linenm": "분당선", "statnm": "압구정로데오", "x_5179": 959404.6281, "y_5179": 1947659.021, "lng": 127.04055846245012, "lat": 37.52734337097982, "begin": "2012-10-06", "effective_begin": null, "geometry_wkt": "POINT (959404.6281 1947659.021)", "travel_time_sec": 2105.0, "travel_time_min": 35.083333333333336}, "geometry": {"type": "Point", "coordinates": [127.04055846245012, 37.52734337097982]}}, {"id": "814", "type": "Feature", "properties": {"id": 814, "linenm": "분당선", "statnm": "서울숲", "x_5179": 959777.6849, "y_5179": 1949461.098, "lng": 127.04468169688803, "lat": 37.54360242963025, "begin": "2012-10-06", "effective_begin": null, "geometry_wkt": "POINT (959777.6849 1949461.098)", "travel_time_sec": 2215.0, "travel_time_min": 36.916666666666664}, "geometry": {"type": "Point", "coordinates": [127.04468169688803, 37.54360242963025]}}, {"id": "815", "type": "Feature", "properties": {"id": 815, "linenm": "분당선", "statnm": "왕십리", "x_5179": 959248.6974, "y_5179": 1951500.443, "lng": 127.03858040056603, "lat": 37.56196040259133, "begin": "2012-10-06", "effective_begin": null, "geometry_wkt": "POINT (959248.6974 1951500.443)", "travel_time_sec": 2415.0, "travel_time_min": 40.25}, "geometry": {"type": "Point", "coordinates": [127.03858040056603, 37.56196040259133]}}, {"id": "816", "type": "Feature", "properties": {"id": 816, "linenm": "분당선", "statnm": "청량리", "x_5179": 960157.6153, "y_5179": 1953558.328, "lng": 127.04875972294188, "lat": 37.58054846319079, "begin": "2018-12-31", "effective_begin": null, "geometry_wkt": "POINT (960157.6153 1953558.328)", "travel_time_sec": 2389.0, "travel_time_min": 39.81666666666667}, "geometry": {"type": "Point", "coordinates": [127.04875972294188, 37.58054846319079]}}, {"id": "817", "type": "Feature", "properties": {"id": 817, "linenm": "신분당선", "statnm": "신사", "x_5179": 957528.1218, "y_5179": 1946477.03, "lng": 127.01938995736656, "lat": 37.51660518723846, "begin": "2022-01-01", "effective_begin": null, "geometry_wkt": "POINT (957528.1218 1946477.03)", "travel_time_sec": 1066.0, "travel_time_min": 17.766666666666666}, "geometry": {"type": "Point", "coordinates": [127.01938995736656, 37.51660518723846]}}, {"id": "818", "type": "Feature", "properties": {"id": 818, "linenm": "신분당선", "statnm": "논현", "x_5179": 957709.6879, "y_5179": 1945831.462, "lng": 127.02148163870044, "lat": 37.5107948116954, "begin": "2022-01-01", "effective_begin": null, "geometry_wkt": "POINT (957709.6879 1945831.462)", "travel_time_sec": 995.0, "travel_time_min": 16.583333333333332}, "geometry": {"type": "Point", "coordinates": [127.02148163870044, 37.5107948116954]}}, {"id": "819", "type": "Feature", "properties": {"id": 819, "linenm": "신분당선", "statnm": "신논현", "x_5179": 957981.9261, "y_5179": 1945105.197, "lng": 127.0246034538366, "lat": 37.50426117404449, "begin": "2022-01-01", "effective_begin": null, "geometry_wkt": "POINT (957981.9261 1945105.197)", "travel_time_sec": 918.0, "travel_time_min": 15.3}, "geometry": {"type": "Point", "coordinates": [127.0246034538366, 37.50426117404449]}}, {"id": "820", "type": "Feature", "properties": {"id": 820, "linenm": "신분당선", "statnm": "강남", "x_5179": 958304.0143, "y_5179": 1944255.244, "lng": 127.02829567320644, "lat": 37.49661485108958, "begin": "2011-10-28", "effective_begin": null, "geometry_wkt": "POINT (958304.0143 1944255.244)", "travel_time_sec": 832.0, "travel_time_min": 13.866666666666667}, "geometry": {"type": "Point", "coordinates": [127.02829567320644, 37.49661485108958]}}, {"id": "821", "type": "Feature", "properties": {"id": 821, "linenm": "신분당선", "statnm": "양재", "x_5179": 958882.3906, "y_5179": 1942820.312, "lng": 127.03491881007974, "lat": 37.483707202554456, "begin": "2011-10-28", "effective_begin": null, "geometry_wkt": "POINT (958882.3906 1942820.312)", "travel_time_sec": 704.0, "travel_time_min": 11.733333333333333}, "geometry": {"type": "Point", "coordinates": [127.03491881007974, 37.483707202554456]}}, {"id": "822", "type": "Feature", "properties": {"id": 822, "linenm": "신분당선", "statnm": "양재시민의숲", "x_5179": 959189.527, "y_5179": 1941312.555, "lng": 127.03847630891948, "lat": 37.47013079615356, "begin": "2011-10-28", "effective_begin": null, "geometry_wkt": "POINT (959189.527 1941312.555)", "travel_time_sec": 573.0, "travel_time_min": 9.55}, "geometry": {"type": "Point", "coordinates": [127.03847630891948, 37.47013079615356]}}, {"id": "823", "type": "Feature", "properties": {"id": 823, "linenm": "신분당선", "statnm": "청계산입구", "x_5179": 960622.892, "y_5179": 1938873.464, "lng": 127.05481605824002, "lat": 37.448208355455385, "begin": "2011-10-28", "effective_begin": null, "geometry_wkt": "POINT (960622.892 1938873.464)", "travel_time_sec": 393.0, "travel_time_min": 6.55}, "geometry": {"type": "Point", "coordinates": [127.05481605824002, 37.448208355455385]}}, {"id": "824", "type": "Feature", "properties": {"id": 824, "linenm": "신분당선", "statnm": "판교", "x_5179": 965581.7676, "y_5179": 1932900.613, "lng": 127.11115660285478, "lat": 37.39456947025172, "begin": "2011-10-28", "effective_begin": null, "geometry_wkt": "POINT (965581.7676 1932900.613)", "travel_time_sec": 0.0, "travel_time_min": 0.0}, "geometry": {"type": "Point", "coordinates": [127.11115660285478, 37.39456947025172]}}, {"id": "825", "type": "Feature", "properties": {"id": 825, "linenm": "신분당선", "statnm": "정자", "x_5179": 965337.0244, "y_5179": 1929877.922, "lng": 127.10853330157944, "lat": 37.36731490403886, "begin": "2011-10-28", "effective_begin": null, "geometry_wkt": "POINT (965337.0244 1929877.922)", "travel_time_sec": 198.0, "travel_time_min": 3.3}, "geometry": {"type": "Point", "coordinates": [127.10853330157944, 37.36731490403886]}}, {"id": "826", "type": "Feature", "properties": {"id": 826, "linenm": "신분당선", "statnm": "미금", "x_5179": 965354.5075, "y_5179": 1927961.741, "lng": 127.10882039582212, "lat": 37.350043730204725, "begin": "2018-04-28", "effective_begin": null, "geometry_wkt": "POINT (965354.5075 1927961.741)", "travel_time_sec": 358.0, "travel_time_min": 5.966666666666667}, "geometry": {"type": "Point", "coordinates": [127.10882039582212, 37.350043730204725]}}, {"id": "827", "type": "Feature", "properties": {"id": 827, "linenm": "신분당선", "statnm": "동천", "x_5179": 964817.5105, "y_5179": 1926620.011, "lng": 127.10282103853412, "lat": 37.33792959003132, "begin": "2016-01-30", "effective_begin": null, "geometry_wkt": "POINT (964817.5105 1926620.011)", "travel_time_sec": 516.0, "travel_time_min": 8.6}, "geometry": {"type": "Point", "coordinates": [127.10282103853412, 37.33792959003132]}}, {"id": "828", "type": "Feature", "properties": {"id": 828, "linenm": "신분당선", "statnm": "수지구청", "x_5179": 964096.7808, "y_5179": 1924917.064, "lng": 127.0947672791618, "lat": 37.32255214257053, "begin": "2016-01-30", "effective_begin": null, "geometry_wkt": "POINT (964096.7808 1924917.064)", "travel_time_sec": 690.0, "travel_time_min": 11.5}, "geometry": {"type": "Point", "coordinates": [127.0947672791618, 37.32255214257053]}}, {"id": "829", "type": "Feature", "properties": {"id": 829, "linenm": "신분당선", "statnm": "성복", "x_5179": 962814.1877, "y_5179": 1923910.582, "lng": 127.08034168829444, "lat": 37.31342955195196, "begin": "2016-01-30", "effective_begin": null, "geometry_wkt": "POINT (962814.1877 1923910.582)", "travel_time_sec": 842.0, "travel_time_min": 14.033333333333333}, "geometry": {"type": "Point", "coordinates": [127.08034168829444, 37.31342955195196]}}, {"id": "830", "type": "Feature", "properties": {"id": 830, "linenm": "신분당선", "statnm": "상현", "x_5179": 961830.9879, "y_5179": 1922175.422, "lng": 127.06933533255231, "lat": 37.29774945722412, "begin": "2016-01-30", "effective_begin": null, "geometry_wkt": "POINT (961830.9879 1922175.422)", "travel_time_sec": 1023.0, "travel_time_min": 17.05}, "geometry": {"type": "Point", "coordinates": [127.06933533255231, 37.29774945722412]}}, {"id": "831", "type": "Feature", "properties": {"id": 831, "linenm": "신분당선", "statnm": "광교중앙", "x_5179": 960258.2253, "y_5179": 1921151.049, "lng": 127.05164498562326, "lat": 37.2884501592719, "begin": "2016-01-30", "effective_begin": null, "geometry_wkt": "POINT (960258.2253 1921151.049)", "travel_time_sec": 1219.0, "travel_time_min": 20.316666666666666}, "geometry": {"type": "Point", "coordinates": [127.05164498562326, 37.2884501592719]}}, {"id": "832", "type": "Feature", "properties": {"id": 832, "linenm": "신분당선", "statnm": "광교", "x_5179": 959619.9015, "y_5179": 1922664.235, "lng": 127.04436155242844, "lat": 37.3020620582772, "begin": "2016-01-30", "effective_begin": null, "geometry_wkt": "POINT (959619.9015 1922664.235)", "travel_time_sec": 1434.0, "travel_time_min": 23.9}, "geometry": {"type": "Point", "coordinates": [127.04436155242844, 37.3020620582772]}}, {"id": "833", "type": "Feature", "properties": {"id": 833, "linenm": "GTX_A", "statnm": "운정중앙", "x_5179": 931999.8853, "y_5179": 1968795.183, "lng": 126.728457203746, "lat": 37.71622276595849, "begin": "2024-12-18", "effective_begin": null, "geometry_wkt": "POINT (931999.8853 1968795.183)", "travel_time_sec": 2617.0, "travel_time_min": 43.61666666666667}, "geometry": {"type": "Point", "coordinates": [126.728457203746, 37.71622276595849]}}, {"id": "834", "type": "Feature", "properties": {"id": 834, "linenm": "GTX_A", "statnm": "킨텍스", "x_5179": 933939.2751, "y_5179": 1963556.136, "lng": 126.75093530717344, "lat": 37.66914728008777, "begin": "2024-12-18", "effective_begin": null, "geometry_wkt": "POINT (933939.2751 1963556.136)", "travel_time_sec": 2398.0, "travel_time_min": 39.96666666666667}, "geometry": {"type": "Point", "coordinates": [126.75093530717344, 37.66914728008777]}}, {"id": "835", "type": "Feature", "properties": {"id": 835, "linenm": "GTX_A", "statnm": "대곡", "x_5179": 939283.3716, "y_5179": 1959325.842, "lng": 126.81187989448308, "lat": 37.63138981331919, "begin": "2024-12-18", "effective_begin": null, "geometry_wkt": "POINT (939283.3716 1959325.842)", "travel_time_sec": 2148.0, "travel_time_min": 35.8}, "geometry": {"type": "Point", "coordinates": [126.81187989448308, 37.63138981331919]}}, {"id": "836", "type": "Feature", "properties": {"id": 836, "linenm": "GTX_A", "statnm": "연신내", "x_5179": 948837.5601, "y_5179": 1958016.081, "lng": 126.9202465708694, "lat": 37.62016672661696, "begin": "2024-12-18", "effective_begin": null, "geometry_wkt": "POINT (948837.5601 1958016.081)", "travel_time_sec": 1822.0, "travel_time_min": 30.366666666666667}, "geometry": {"type": "Point", "coordinates": [126.9202465708694, 37.62016672661696]}}, {"id": "837", "type": "Feature", "properties": {"id": 837, "linenm": "GTX_A", "statnm": "서울역", "x_5179": 953195.1267, "y_5179": 1950815.423, "lng": 126.97008315962778, "lat": 37.55549841523453, "begin": "2024-12-18", "effective_begin": null, "geometry_wkt": "POINT (953195.1267 1950815.423)", "travel_time_sec": 1494.0, "travel_time_min": 24.9}, "geometry": {"type": "Point", "coordinates": [126.97008315962778, 37.55549841523453]}}, {"id": "838", "type": "Feature", "properties": {"id": 838, "linenm": "GTX_A", "statnm": "삼성", "x_5179": 961338.5438, "y_5179": 1945700.282, "lng": 127.06254819504764, "lat": 37.509771638932015, "begin": "2026-07-01", "effective_begin": "2028-08-31", "geometry_wkt": "POINT (961338.5438 1945700.282)", "travel_time_sec": 1121.0, "travel_time_min": 18.683333333333334}, "geometry": {"type": "Point", "coordinates": [127.06254819504764, 37.509771638932015]}}, {"id": "839", "type": "Feature", "properties": {"id": 839, "linenm": "GTX_A", "statnm": "수서", "x_5179": 964855.7081, "y_5179": 1943090.86, "lng": 127.10246845537694, "lat": 37.486392416412166, "begin": "2024-03-30", "effective_begin": null, "geometry_wkt": "POINT (964855.7081 1943090.86)", "travel_time_sec": 951.0, "travel_time_min": 15.85}, "geometry": {"type": "Point", "coordinates": [127.10246845537694, 37.486392416412166]}}, {"id": "840", "type": "Feature", "properties": {"id": 840, "linenm": "GTX_A", "statnm": "성남", "x_5179": 966441.2266, "y_5179": 1932954.181, "lng": 127.12086379733869, "lat": 37.39508384285294, "begin": "2024-03-30", "effective_begin": null, "geometry_wkt": "POINT (966441.2266 1932954.181)", "travel_time_sec": 600.0, "travel_time_min": 10.0}, "geometry": {"type": "Point", "coordinates": [127.12086379733869, 37.39508384285294]}}, {"id": "841", "type": "Feature", "properties": {"id": 841, "linenm": "GTX_A", "statnm": "구성", "x_5179": 964946.2803, "y_5179": 1922327.941, "lng": 127.10447748156407, "lat": 37.29924690741223, "begin": "2024-03-30", "effective_begin": "2024-06-29", "geometry_wkt": "POINT (964946.2803 1922327.941)", "travel_time_sec": 970.0, "travel_time_min": 16.166666666666668}, "geometry": {"type": "Point", "coordinates": [127.10447748156407, 37.29924690741223]}}, {"id": "842", "type": "Feature", "properties": {"id": 842, "linenm": "GTX_A", "statnm": "동탄", "x_5179": 964170.5244, "y_5179": 1911338.065, "lng": 127.0962534758153, "lat": 37.200156519373536, "begin": "2024-03-30", "effective_begin": null, "geometry_wkt": "POINT (964170.5244 1911338.065)", "travel_time_sec": 1339.0, "travel_time_min": 22.316666666666666}, "geometry": {"type": "Point", "coordinates": [127.0962534758153, 37.200156519373536]}}, {"id": "843", "type": "Feature", "properties": {"id": 843, "linenm": "GTX_B", "statnm": "인천대입구", "x_5179": 923882.0189422356, "y_5179": 1932267.9718880483, "lng": 126.6401499053785, "lat": 37.38638014515645, "begin": "2031-07-01", "effective_begin": null, "geometry_wkt": "POINT (923882.018942 1932267.971888)", "travel_time_sec": 3494.0, "travel_time_min": 58.233333333333334}, "geometry": {"type": "Point", "coordinates": [126.6401499053785, 37.38638014515645]}}, {"id": "844", "type": "Feature", "properties": {"id": 844, "linenm": "GTX_B", "statnm": "인천시청", "x_5179": 929388.7797, "y_5179": 1940126.051, "lng": 126.70159843589953, "lat": 37.45764022699095, "begin": "2031-07-01", "effective_begin": null, "geometry_wkt": "POINT (929388.7797 1940126.051)", "travel_time_sec": 3174.0, "travel_time_min": 52.9}, "geometry": {"type": "Point", "coordinates": [126.70159843589953, 37.45764022699095]}}, {"id": "845", "type": "Feature", "properties": {"id": 845, "linenm": "GTX_B", "statnm": "부평", "x_5179": 931497.8661, "y_5179": 1943674.865, "lng": 126.72511370497426, "lat": 37.48978396473893, "begin": "2031-07-01", "effective_begin": null, "geometry_wkt": "POINT (931497.8661 1943674.865)", "travel_time_sec": 2994.0, "travel_time_min": 49.9}, "geometry": {"type": "Point", "coordinates": [126.72511370497426, 37.48978396473893]}}, {"id": "846", "type": "Feature", "properties": {"id": 846, "linenm": "GTX_B", "statnm": "부천종합운동장", "x_5179": 937932.8694, "y_5179": 1945448.599, "lng": 126.79775057744192, "lat": 37.50622561278748, "begin": "2031-07-01", "effective_begin": null, "geometry_wkt": "POINT (937932.8694 1945448.599)", "travel_time_sec": 2754.0, "travel_time_min": 45.9}, "geometry": {"type": "Point", "coordinates": [126.79775057744192, 37.50622561278748]}}, {"id": "847", "type": "Feature", "properties": {"id": 847, "linenm": "GTX_B", "statnm": "신도림", "x_5179": 946155.0742, "y_5179": 1945697.757, "lng": 126.89075607065696, "lat": 37.50898772434404, "begin": "2031-07-01", "effective_begin": null, "geometry_wkt": "POINT (946155.0742 1945697.757)", "travel_time_sec": 2514.0, "travel_time_min": 41.9}, "geometry": {"type": "Point", "coordinates": [126.89075607065696, 37.50898772434404]}}, {"id": "848", "type": "Feature", "properties": {"id": 848, "linenm": "GTX_B", "statnm": "여의도", "x_5179": 949093.6453617197, "y_5179": 1947097.2737772923, "lng": 126.92390683863457, "lat": 37.521768638927696, "begin": "2031-07-01", "effective_begin": null, "geometry_wkt": "POINT (949093.645362 1947097.273777)", "travel_time_sec": 2334.0, "travel_time_min": 38.9}, "geometry": {"type": "Point", "coordinates": [126.92390683863457, 37.521768638927696]}}, {"id": "849", "type": "Feature", "properties": {"id": 849, "linenm": "GTX_B", "statnm": "서울역", "x_5179": 953259.4363, "y_5179": 1951022.325, "lng": 126.9707980455235, "lat": 37.55736652877564, "begin": "2031-07-01", "effective_begin": null, "geometry_wkt": "POINT (953259.4363 1951022.325)", "travel_time_sec": 2034.0, "travel_time_min": 33.9}, "geometry": {"type": "Point", "coordinates": [126.9707980455235, 37.55736652877564]}}, {"id": "850", "type": "Feature", "properties": {"id": 850, "linenm": "GTX_B", "statnm": "청량리", "x_5179": 960107.9067, "y_5179": 1953637.807, "lng": 127.04819242854828, "lat": 37.581262674858365, "begin": "2031-07-01", "effective_begin": null, "geometry_wkt": "POINT (960107.9067 1953637.807)", "travel_time_sec": 2274.0, "travel_time_min": 37.9}, "geometry": {"type": "Point", "coordinates": [127.04819242854828, 37.581262674858365]}}, {"id": "851", "type": "Feature", "properties": {"id": 851, "linenm": "GTX_B", "statnm": "상봉", "x_5179": 963640.7389188792, "y_5179": 1955437.986206053, "lng": 127.0881139773615, "lat": 37.59763458456287, "begin": "2031-07-01", "effective_begin": null, "geometry_wkt": "POINT (963640.738919 1955437.986206)", "travel_time_sec": 2454.0, "travel_time_min": 40.9}, "geometry": {"type": "Point", "coordinates": [127.0881139773615, 37.59763458456287]}}, {"id": "852", "type": "Feature", "properties": {"id": 852, "linenm": "GTX_B", "statnm": "별내", "x_5179": 967106.5451, "y_5179": 1960389.308, "lng": 127.12715181757696, "lat": 37.64239277473612, "begin": "2031-07-01", "effective_begin": null, "geometry_wkt": "POINT (967106.5451 1960389.308)", "travel_time_sec": 2694.0, "travel_time_min": 44.9}, "geometry": {"type": "Point", "coordinates": [127.12715181757696, 37.64239277473612]}}, {"id": "853", "type": "Feature", "properties": {"id": 853, "linenm": "GTX_B", "statnm": "평내호평", "x_5179": 977441.8768, "y_5179": 1961604.12, "lng": 127.24426421988208, "lat": 37.65365436871494, "begin": "2031-07-01", "effective_begin": null, "geometry_wkt": "POINT (977441.8768 1961604.12)", "travel_time_sec": 3054.0, "travel_time_min": 50.9}, "geometry": {"type": "Point", "coordinates": [127.24426421988208, 37.65365436871494]}}, {"id": "854", "type": "Feature", "properties": {"id": 854, "linenm": "GTX_B", "statnm": "마석", "x_5179": 983370.4838, "y_5179": 1961516.579, "lng": 127.31147695082744, "lat": 37.65299188584967, "begin": "2031-07-01", "effective_begin": null, "geometry_wkt": "POINT (983370.4838 1961516.579)", "travel_time_sec": 3300.0, "travel_time_min": 55.0}, "geometry": {"type": "Point", "coordinates": [127.31147695082744, 37.65299188584967]}}, {"id": "855", "type": "Feature", "properties": {"id": 855, "linenm": "GTX_C", "statnm": "수원", "x_5179": 955644.9532, "y_5179": 1918831.315, "lng": 126.9997395210158, "lat": 37.26733228283448, "begin": "2032-12-31", "effective_begin": null, "geometry_wkt": "POINT (955644.9532 1918831.315)", "travel_time_sec": 2490.0, "travel_time_min": 41.5}, "geometry": {"type": "Point", "coordinates": [126.9997395210158, 37.26733228283448]}}, {"id": "856", "type": "Feature", "properties": {"id": 856, "linenm": "GTX_C", "statnm": "금정", "x_5179": 950742.6066, "y_5179": 1930553.849, "lng": 126.9436721446339, "lat": 37.372746996326406, "begin": "2032-12-31", "effective_begin": null, "geometry_wkt": "POINT (950742.6066 1930553.849)", "travel_time_sec": 1970.0, "travel_time_min": 32.833333333333336}, "geometry": {"type": "Point", "coordinates": [126.9436721446339, 37.372746996326406]}}, {"id": "857", "type": "Feature", "properties": {"id": 857, "linenm": "GTX_C", "statnm": "정부과천청사", "x_5179": 955483.3373, "y_5179": 1937182.792, "lng": 126.99681401577432, "lat": 37.432736488679616, "begin": "2032-12-31", "effective_begin": null, "geometry_wkt": "POINT (955483.3373 1937182.792)", "travel_time_sec": 1626.0, "travel_time_min": 27.1}, "geometry": {"type": "Point", "coordinates": [126.99681401577432, 37.432736488679616]}}, {"id": "858", "type": "Feature", "properties": {"id": 858, "linenm": "GTX_C", "statnm": "양재", "x_5179": 958784.3405, "y_5179": 1943023.857, "lng": 127.0337983991954, "lat": 37.485537462493696, "begin": "2032-12-31", "effective_begin": null, "geometry_wkt": "POINT (958784.3405 1943023.857)", "travel_time_sec": 1364.0, "travel_time_min": 22.733333333333334}, "geometry": {"type": "Point", "coordinates": [127.0337983991954, 37.485537462493696]}}, {"id": "859", "type": "Feature", "properties": {"id": 859, "linenm": "GTX_C", "statnm": "삼성", "x_5179": 961339.2172, "y_5179": 1945756.511, "lng": 127.06255285659152, "lat": 37.51027848094224, "begin": "2032-12-31", "effective_begin": null, "geometry_wkt": "POINT (961339.2172 1945756.511)", "travel_time_sec": 1541.0, "travel_time_min": 25.683333333333334}, "geometry": {"type": "Point", "coordinates": [127.06255285659152, 37.51027848094224]}}, {"id": "860", "type": "Feature", "properties": {"id": 860, "linenm": "GTX_C", "statnm": "청량리", "x_5179": 960194.4385, "y_5179": 1953592.184, "lng": 127.04917491717704, "lat": 37.580855209690085, "begin": "2032-12-31", "effective_begin": null, "geometry_wkt": "POINT (960194.4385 1953592.184)", "travel_time_sec": 1849.0, "travel_time_min": 30.816666666666666}, "geometry": {"type": "Point", "coordinates": [127.04917491717704, 37.580855209690085]}}, {"id": "861", "type": "Feature", "properties": {"id": 861, "linenm": "GTX_C", "statnm": "광운대", "x_5179": 961370.1936, "y_5179": 1958357.158, "lng": 127.062239193186, "lat": 37.62385319901377, "begin": "2032-12-31", "effective_begin": null, "geometry_wkt": "POINT (961370.1936 1958357.158)", "travel_time_sec": 2062.0, "travel_time_min": 34.36666666666667}, "geometry": {"type": "Point", "coordinates": [127.062239193186, 37.62385319901377]}}, {"id": "862", "type": "Feature", "properties": {"id": 862, "linenm": "GTX_C", "statnm": "창동", "x_5179": 960122.3848, "y_5179": 1961680.383, "lng": 127.04791770800362, "lat": 37.65375269520752, "begin": "2032-12-31", "effective_begin": null, "geometry_wkt": "POINT (960122.3848 1961680.383)", "travel_time_sec": 2215.0, "travel_time_min": 36.916666666666664}, "geometry": {"type": "Point", "coordinates": [127.04791770800362, 37.65375269520752]}}, {"id": "863", "type": "Feature", "properties": {"id": 863, "linenm": "GTX_C", "statnm": "의정부", "x_5179": 960082.6542, "y_5179": 1971072.956, "lng": 127.04695247051094, "lat": 37.73840702062984, "begin": "2032-12-31", "effective_begin": null, "geometry_wkt": "POINT (960082.6542 1971072.956)", "travel_time_sec": 2567.0, "travel_time_min": 42.78333333333333}, "geometry": {"type": "Point", "coordinates": [127.04695247051094, 37.73840702062984]}}, {"id": "864", "type": "Feature", "properties": {"id": 864, "linenm": "GTX_C", "statnm": "덕정", "x_5179": 961463.1227, "y_5179": 1982738.924, "lng": 127.06199962630198, "lat": 37.843611067294425, "begin": "2032-12-31", "effective_begin": null, "geometry_wkt": "POINT (961463.1227 1982738.924)", "travel_time_sec": 3012.0, "travel_time_min": 50.2}, "geometry": {"type": "Point", "coordinates": [127.06199962630198, 37.843611067294425]}}, {"id": "865", "type": "Feature", "properties": {"id": 865, "linenm": "GTX_B", "statnm": "용산", "x_5179": 952656.5134654898, "y_5179": 1947963.3892427543, "lng": 126.96416932404225, "lat": 37.52976492119563, "begin": "2031-07-01", "effective_begin": null, "geometry_wkt": "POINT (952656.513465 1947963.389243)", "travel_time_sec": 2154.0, "travel_time_min": 35.9}, "geometry": {"type": "Point", "coordinates": [126.96416932404225, 37.52976492119563]}}, {"id": "868", "type": "Feature", "properties": {"id": 868, "linenm": "동북선", "statnm": "노원자동차운전학원", "x_5179": 962790.1355275718, "y_5179": 1961936.7219263297, "lng": 127.07814746360896, "lat": 37.656175149848046, "begin": "2027-11-31", "effective_begin": null, "geometry_wkt": "POINT (962790.135528 1961936.721926)", "travel_time_sec": 3265.0, "travel_time_min": 54.416666666666664}, "geometry": {"type": "Point", "coordinates": [127.07814746360896, 37.656175149848046]}}, {"id": "869", "type": "Feature", "properties": {"id": 869, "linenm": "경의중앙선", "statnm": "가좌", "x_5179": 948325.5461965466, "y_5179": 1952329.5675902849, "lng": 126.91484637455451, "lat": 37.56888524685466, "begin": "2009-07-01", "effective_begin": null, "geometry_wkt": "POINT (948325.546197 1952329.56759)", "travel_time_sec": 2854.0, "travel_time_min": 47.56666666666667}, "geometry": {"type": "Point", "coordinates": [126.91484637455451, 37.56888524685466]}}, {"id": "870", "type": "Feature", "properties": {"id": 870, "linenm": "서울9호선급행", "statnm": "김포공항", "x_5179": 938342.0845627704, "y_5179": 1951650.93489566, "lng": 126.80185933329786, "lat": 37.56215435260769, "begin": "2009-07-24", "effective_begin": null, "geometry_wkt": "POINT (938342.084563 1951650.934896)", "travel_time_sec": 3418.0, "travel_time_min": 56.96666666666667}, "geometry": {"type": "Point", "coordinates": [126.80185933329786, 37.56215435260769]}}, {"id": "871", "type": "Feature", "properties": {"id": 871, "linenm": "서울9호선급행", "statnm": "마곡나루", "x_5179": 940595.7982479552, "y_5179": 1952158.249598668, "lng": 126.82733494276692, "lat": 37.566874886870906, "begin": "2014-05-24", "effective_begin": null, "geometry_wkt": "POINT (940595.798248 1952158.249599)", "travel_time_sec": 3178.0, "travel_time_min": 52.96666666666667}, "geometry": {"type": "Point", "coordinates": [126.82733494276692, 37.566874886870906]}}, {"id": "872", "type": "Feature", "properties": {"id": 872, "linenm": "서울9호선급행", "statnm": "가양", "x_5179": 942984.7548437988, "y_5179": 1951560.1635707996, "lng": 126.8544312699492, "lat": 37.56163536897295, "begin": "2009-07-24", "effective_begin": null, "geometry_wkt": "POINT (942984.754844 1951560.163571)", "travel_time_sec": 2943.0, "travel_time_min": 49.05}, "geometry": {"type": "Point", "coordinates": [126.8544312699492, 37.56163536897295]}}, {"id": "873", "type": "Feature", "properties": {"id": 873, "linenm": "서울9호선급행", "statnm": "염창", "x_5179": 944787.3522601824, "y_5179": 1949942.118301936, "lng": 126.8749622945185, "lat": 37.54716168877678, "begin": "2009-07-24", "effective_begin": null, "geometry_wkt": "POINT (944787.35226 1949942.118302)", "travel_time_sec": 2713.0, "travel_time_min": 45.21666666666667}, "geometry": {"type": "Point", "coordinates": [126.8749622945185, 37.54716168877678]}}, {"id": "874", "type": "Feature", "properties": {"id": 874, "linenm": "서울9호선급행", "statnm": "당산", "x_5179": 947207.5558629312, "y_5179": 1948449.3698957756, "lng": 126.902466324419, "lat": 37.53384922383786, "begin": "2009-07-24", "effective_begin": null, "geometry_wkt": "POINT (947207.555863 1948449.369896)", "travel_time_sec": 2463.0, "travel_time_min": 41.05}, "geometry": {"type": "Point", "coordinates": [126.902466324419, 37.53384922383786]}}, {"id": "875", "type": "Feature", "properties": {"id": 875, "linenm": "서울9호선급행", "statnm": "여의도", "x_5179": 949150.7127856086, "y_5179": 1947077.059328218, "lng": 126.92455402440213, "lat": 37.52158959075807, "begin": "2009-07-24", "effective_begin": null, "geometry_wkt": "POINT (949150.712786 1947077.059328)", "travel_time_sec": 2243.0, "travel_time_min": 37.38333333333333}, "geometry": {"type": "Point", "coordinates": [126.92455402440213, 37.52158959075807]}}, {"id": "876", "type": "Feature", "properties": {"id": 876, "linenm": "서울9호선급행", "statnm": "노량진", "x_5179": 950590.8071295384, "y_5179": 1946198.375440712, "lng": 126.94090950679448, "lat": 37.51374810573692, "begin": "2009-07-24", "effective_begin": null, "geometry_wkt": "POINT (950590.80713 1946198.375441)", "travel_time_sec": 2048.0, "travel_time_min": 34.13333333333333}, "geometry": {"type": "Point", "coordinates": [126.94090950679448, 37.51374810573692]}}, {"id": "877", "type": "Feature", "properties": {"id": 877, "linenm": "서울9호선급행", "statnm": "동작", "x_5179": 953914.243207776, "y_5179": 1944979.752491336, "lng": 126.9785908278192, "lat": 37.502936332057935, "begin": "2009-07-24", "effective_begin": null, "geometry_wkt": "POINT (953914.243208 1944979.752491)", "travel_time_sec": 1783.0, "travel_time_min": 29.716666666666665}, "geometry": {"type": "Point", "coordinates": [126.9785908278192, 37.502936332057935]}}, {"id": "878", "type": "Feature", "properties": {"id": 878, "linenm": "서울9호선급행", "statnm": "고속터미널", "x_5179": 956158.058622128, "y_5179": 1945318.6817639205, "lng": 127.00395600288556, "lat": 37.50610053366641, "begin": "2009-07-24", "effective_begin": null, "geometry_wkt": "POINT (956158.058622 1945318.681764)", "travel_time_sec": 1628.0, "travel_time_min": 27.133333333333333}, "geometry": {"type": "Point", "coordinates": [127.00395600288556, 37.50610053366641]}}, {"id": "879", "type": "Feature", "properties": {"id": 879, "linenm": "서울9호선급행", "statnm": "신논현", "x_5179": 958084.8434828556, "y_5179": 1945196.558475527, "lng": 127.02576262558544, "lat": 37.50508932731812, "begin": "2009-07-24", "effective_begin": null, "geometry_wkt": "POINT (958084.843483 1945196.558476)", "travel_time_sec": 1448.0, "travel_time_min": 24.133333333333333}, "geometry": {"type": "Point", "coordinates": [127.02576262558544, 37.50508932731812]}}, {"id": "880", "type": "Feature", "properties": {"id": 880, "linenm": "서울9호선급행", "statnm": "선정릉", "x_5179": 959704.4540329584, "y_5179": 1945789.665173062, "lng": 127.0440542026834, "lat": 37.51050736146603, "begin": "2015-03-28", "effective_begin": null, "geometry_wkt": "POINT (959704.454033 1945789.665173)", "travel_time_sec": 1634.0, "travel_time_min": 27.233333333333334}, "geometry": {"type": "Point", "coordinates": [127.0440542026834, 37.51050736146603]}}, {"id": "881", "type": "Feature", "properties": {"id": 881, "linenm": "서울9호선급행", "statnm": "봉은사", "x_5179": 961131.0777630823, "y_5179": 1946217.772057188, "lng": 127.0601734237017, "lat": 37.51442725764903, "begin": "2015-03-28", "effective_begin": null, "geometry_wkt": "POINT (961131.077763 1946217.772057)", "travel_time_sec": 1806.0, "travel_time_min": 30.1}, "geometry": {"type": "Point", "coordinates": [127.0601734237017, 37.51442725764903]}}, {"id": "882", "type": "Feature", "properties": {"id": 882, "linenm": "서울9호선급행", "statnm": "종합운동장", "x_5179": 962537.5653804254, "y_5179": 1945914.764904472, "lng": 127.07610376624258, "lat": 37.51175432363645, "begin": "2015-03-28", "effective_begin": null, "geometry_wkt": "POINT (962537.56538 1945914.764904)", "travel_time_sec": 1958.0, "travel_time_min": 32.63333333333333}, "geometry": {"type": "Point", "coordinates": [127.07610376624258, 37.51175432363645]}}, {"id": "883", "type": "Feature", "properties": {"id": 883, "linenm": "서울9호선급행", "statnm": "석촌", "x_5179": 965245.1028314516, "y_5179": 1945176.2656506384, "lng": 127.10677442004425, "lat": 37.50520387554385, "begin": "2018-12-01", "effective_begin": null, "geometry_wkt": "POINT (965245.102831 1945176.265651)", "travel_time_sec": 2208.0, "travel_time_min": 36.8}, "geometry": {"type": "Point", "coordinates": [127.10677442004425, 37.50520387554385]}}, {"id": "884", "type": "Feature", "properties": {"id": 884, "linenm": "서울9호선급행", "statnm": "올림픽공원", "x_5179": 967395.9395468218, "y_5179": 1946403.046342688, "lng": 127.13105462314178, "lat": 37.51633991834076, "begin": "2018-12-01", "effective_begin": null, "geometry_wkt": "POINT (967395.939547 1946403.046343)", "travel_time_sec": 2463.0, "travel_time_min": 41.05}, "geometry": {"type": "Point", "coordinates": [127.13105462314178, 37.51633991834076]}}, {"id": "885", "type": "Feature", "properties": {"id": 885, "linenm": "서울9호선급행", "statnm": "중앙보훈병원", "x_5179": 968922.0680713692, "y_5179": 1947764.657434177, "lng": 127.14826627604758, "lat": 37.528665428902215, "begin": "2018-12-01", "effective_begin": null, "geometry_wkt": "POINT (968922.068071 1947764.657434)", "travel_time_sec": 2683.0, "travel_time_min": 44.71666666666667}, "geometry": {"type": "Point", "coordinates": [127.14826627604758, 37.528665428902215]}}, {"id": "886", "type": "Feature", "properties": {"id": 886, "linenm": "서울2호선", "statnm": "성수", "x_5179": 960813.7902545036, "y_5179": 1949560.198003308, "lng": 127.05640483439984, "lat": 37.54454029194622, "begin": "1980-10-31", "effective_begin": null, "geometry_wkt": "POINT (960813.790255 1949560.198003)", "travel_time_sec": 2585.0, "travel_time_min": 43.083333333333336}, "geometry": {"type": "Point", "coordinates": [127.05640483439984, 37.54454029194622]}}, {"id": "887", "type": "Feature", "properties": {"id": 887, "linenm": "서해선", "statnm": "곡산", "x_5179": 938370.037547846, "y_5179": 1960930.1005325983, "lng": 126.80139412367495, "lat": 37.64578782708321, "begin": "2023-08-26", "effective_begin": null, "geometry_wkt": "POINT (938370.037548 1960930.100533)", "travel_time_sec": 3018.0, "travel_time_min": 50.3}, "geometry": {"type": "Point", "coordinates": [126.80139412367495, 37.64578782708321]}}, {"id": "888", "type": "Feature", "properties": {"id": 888, "linenm": "서해선", "statnm": "백마", "x_5179": 937759.3741131892, "y_5179": 1962279.094992412, "lng": 126.79435739331409, "lat": 37.657904782863056, "begin": "2023-08-26", "effective_begin": null, "geometry_wkt": "POINT (937759.374113 1962279.094992)", "travel_time_sec": 3168.0, "travel_time_min": 52.8}, "geometry": {"type": "Point", "coordinates": [126.79435739331409, 37.657904782863056]}}, {"id": "889", "type": "Feature", "properties": {"id": 889, "linenm": "서해선", "statnm": "풍산", "x_5179": 937025.2067188112, "y_5179": 1963878.4313412756, "lng": 126.78589639631912, "lat": 37.67226905800128, "begin": "2023-08-26", "effective_begin": null, "geometry_wkt": "POINT (937025.206719 1963878.431341)", "travel_time_sec": 3318.0, "travel_time_min": 55.3}, "geometry": {"type": "Point", "coordinates": [126.78589639631912, 37.67226905800128]}}, {"id": "890", "type": "Feature", "properties": {"id": 890, "linenm": "서해선", "statnm": "일산", "x_5179": 935613.172677255, "y_5179": 1964937.5883582125, "lng": 126.76979224170192, "lat": 37.68171685521288, "begin": "2023-08-26", "effective_begin": null, "geometry_wkt": "POINT (935613.172677 1964937.588358)", "travel_time_sec": 3468.0, "travel_time_min": 57.8}, "geometry": {"type": "Point", "coordinates": [126.76979224170192, 37.68171685521288]}}, {"id": "893", "type": "Feature", "properties": {"id": 893, "linenm": "GTX_B", "statnm": "왕숙", "x_5179": 970025.0574569647, "y_5179": 1961657.992361165, "lng": 127.16018057661384, "lat": 37.6539276919246, "begin": "2031-07-01", "effective_begin": null, "geometry_wkt": "POINT (970025.057457 1961657.992361)", "travel_time_sec": 2814.0, "travel_time_min": 46.9}, "geometry": {"type": "Point", "coordinates": [127.16018057661384, 37.6539276919246]}}, {"id": "894", "type": "Feature", "properties": {"id": 894, "linenm": "GTX_C", "statnm": "왕십리", "x_5179": 959286.0040273824, "y_5179": 1951417.7010298248, "lng": 127.03900739938722, "lat": 37.56121627615389, "begin": "2032-12-31", "effective_begin": null, "geometry_wkt": "POINT (959286.004027 1951417.70103)", "travel_time_sec": 1721.0, "travel_time_min": 28.683333333333334}, "geometry": {"type": "Point", "coordinates": [127.03900739938722, 37.56121627615389]}}, {"id": "895", "type": "Feature", "properties": {"id": 895, "linenm": "GTX_C", "statnm": "인덕원", "x_5179": 953699.0424647796, "y_5179": 1933730.1682189947, "lng": 126.97686282512318, "lat": 37.40152897876752, "begin": "2032-12-31", "effective_begin": null, "geometry_wkt": "POINT (953699.042465 1933730.168219)", "travel_time_sec": 1770.0, "travel_time_min": 29.5}, "geometry": {"type": "Point", "coordinates": [126.97686282512318, 37.40152897876752]}}, {"id": "896", "type": "Feature", "properties": {"id": 896, "linenm": "GTX_C", "statnm": "의왕", "x_5179": 951125.097386088, "y_5179": 1924733.6595951864, "lng": 126.94837584572214, "lat": 37.3203070640669, "begin": "2032-12-31", "effective_begin": null, "geometry_wkt": "POINT (951125.097386 1924733.659595)", "travel_time_sec": 2180.0, "travel_time_min": 36.333333333333336}, "geometry": {"type": "Point", "coordinates": [126.94837584572214, 37.3203070640669]}}, {"id": "897", "type": "Feature", "properties": {"id": 897, "linenm": "GTX_C", "statnm": "상록수", "x_5179": 943876.4268335328, "y_5179": 1922809.8094663117, "lng": 126.86671382853962, "lat": 37.30255697471023, "begin": "2032-12-31", "effective_begin": null, "geometry_wkt": "POINT (943876.426834 1922809.809466)", "travel_time_sec": 2330.0, "travel_time_min": 38.833333333333336}, "geometry": {"type": "Point", "coordinates": [126.86671382853962, 37.30255697471023]}}, {"id": "898", "type": "Feature", "properties": {"id": 898, "linenm": "경강선", "statnm": "성남", "x_5179": 966310.8707904954, "y_5179": 1932917.3714472656, "lng": 127.11939278676086, "lat": 37.39474732415628, "begin": "2016-09-24", "effective_begin": "2024-03-30", "geometry_wkt": "POINT (966310.87079 1932917.371447)", "travel_time_sec": 120.0, "travel_time_min": 2.0}, "geometry": {"type": "Point", "coordinates": [127.11939278676086, 37.39474732415628]}}, {"id": "906", "type": "Feature", "properties": {"id": 906, "linenm": "신안산선급행", "statnm": "여의도", "x_5179": 949102.1905563883, "y_5179": 1947120.927544181, "lng": 126.92400189877466, "lat": 37.5219823061449, "begin": "2028-12-31", "effective_begin": null, "geometry_wkt": "POINT (949102.190556 1947120.927544)", "travel_time_sec": 3203.0, "travel_time_min": 53.38333333333333}, "geometry": {"type": "Point", "coordinates": [126.92400189877466, 37.5219823061449]}}, {"id": "907", "type": "Feature", "properties": {"id": 907, "linenm": "신안산선급행", "statnm": "영등포", "x_5179": 947612.3984951592, "y_5179": 1946496.2765980249, "lng": 126.90718764336415, "lat": 37.516268807346414, "begin": "2028-12-31", "effective_begin": null, "geometry_wkt": "POINT (947612.398495 1946496.276598)", "travel_time_sec": 3338.0, "travel_time_min": 55.63333333333333}, "geometry": {"type": "Point", "coordinates": [126.90718764336415, 37.516268807346414]}}, {"id": "908", "type": "Feature", "properties": {"id": 908, "linenm": "신안산선급행", "statnm": "신풍", "x_5179": 947500.882313128, "y_5179": 1944740.8765057917, "lng": 126.90605117672447, "lat": 37.50044075089052, "begin": "2028-12-31", "effective_begin": null, "geometry_wkt": "POINT (947500.882313 1944740.876506)", "travel_time_sec": 3518.0, "travel_time_min": 58.63333333333333}, "geometry": {"type": "Point", "coordinates": [126.90605117672447, 37.50044075089052]}}, {"id": "914", "type": "Feature", "properties": {"id": 914, "linenm": "GTX_B", "statnm": "청학", "x_5179": 925937.7932184757, "y_5179": 1935147.1652321208, "lng": 126.66308167192312, "lat": 37.412496468614144, "begin": "2031-07-01", "effective_begin": null, "geometry_wkt": "POINT (925937.793218 1935147.165232)", "travel_time_sec": 3334.0, "travel_time_min": 55.56666666666667}, "geometry": {"type": "Point", "coordinates": [126.66308167192312, 37.412496468614144]}}]}