{"type": "FeatureCollection", "features": [{"id": "0", "type": "Feature", "properties": {"minutes": 30, "population": 159115.15238984887, "employment": 192041.66146180453, "core_station": "판교", "region": "pangyo"}, "geometry": {"type": "MultiPolygon", "coordinates": [[[[126.98251995244384, 37.398549219671565], [126.98212661127737, 37.39812120400104], [126.98168258382326, 37.397726006737294], [126.98119214647117, 37.39736743330886], [126.98066002229412, 37.39704893643357], [126.98009133556658, 37.39677358288775], [126.9794915624294, 37.396544023991474], [126.97886647817549, 37.396362470093635], [126.97822210166326, 37.39623066930147], [126.97756463739178, 37.39614989065905], [126.97690041579426, 37.39612091193602], [126.97623583232263, 37.39614401214394], [126.97557728590832, 37.3962189688518], [126.97493111738966, 37.396345060326894], [126.97430354849709, 37.39652107247998], [126.97370062198148, 37.39674531054838], [126.97312814346058, 37.39701561540484], [126.97259162554239, 37.39732938433537], [126.97209623476128, 37.39768359608681], [126.971646741838, 37.39807483994344], [126.9712474757413, 37.398499348553344], [126.97090228199349, 37.39895303418942], [126.97061448562177, 37.39943152809625], [126.97038685911247, 37.39993022254497], [126.97022159567778, 37.400444315191734], [126.97012028809391, 37.40096885531327], [126.97008391331563, 37.40149879147455], [126.97011282301747, 37.402029020170325], [126.97020674015448, 37.402554434971904], [126.97036476157754, 37.403069975706316], [126.97058536668028, 37.40357067719387], [126.97086643199633, 37.40405171707489], [126.97120525160773, 37.40450846226429], [126.97159856317005, 37.40493651358645], [126.9720425793047, 37.40533174815971], [126.97253302405701, 37.40569035912171], [126.97306517406959, 37.406008892312215], [126.97363390407511, 37.40628427955937], [126.9742337362696, 37.40651386824794], [126.97485889309053, 37.40669544688414], [126.97550335289091, 37.40682726641007], [126.97616090797082, 37.406908057061706], [126.97682522440745, 37.40693704060789], [126.97748990310416, 37.40691393785176], [126.97814854147015, 37.40683897132219], [126.97879479513335, 37.40671286312937], [126.97942243909134, 37.40653682800498], [126.98002542770854, 37.40631256159448], [126.98059795298057, 37.406042224114294], [126.98113450050292, 37.40572841953211], [126.9816299026035, 37.40537417047118], [126.98207938812654, 37.40498288908099], [126.98247862838772, 37.404558344155845], [126.98282377885755, 37.40410462481845], [126.98311151617196, 37.40362610111932], [126.9833390701142, 37.40312738193224], [126.98350425026078, 37.40261327055171], [126.98360546703621, 37.40208871842095], [126.98364174697541, 37.401558777436506], [126.98361274204846, 37.40102855128896], [126.9835187329598, 37.40050314630906], [126.98336062639217, 37.39998762229238], [126.98313994622399, 37.39948694377614], [126.98285881880639, 37.39900593223722], [126.98251995244384, 37.398549219671565]]], [[[127.00207910895638, 37.429327852888306], [127.00163479343352, 37.428932730537944], [127.0011440582105, 37.42857423958938], [127.00061162922765, 37.42825583196553], [127.00004263369334, 37.42798057358275], [126.99944255072045, 37.427751114844426], [126.99881715858359, 37.42756966513475], [126.99817247910393, 37.42743797155768], [126.99751471969591, 37.427357302124975], [126.99685021363277, 37.42732843355498], [126.99618535910368, 37.427351643798936], [126.99552655764852, 37.427426709366856], [126.99488015256009, 37.42755290747838], [126.99425236784569, 37.42772902301817], [126.99364924833365, 37.42795336022874], [126.99307660149995, 37.42822375902891], [126.99253994157334, 37.42853761580081], [126.99204443645623, 37.428891908446104], [126.99159485797132, 37.42928322547069], [126.99119553591264, 37.42970779881859], [126.99085031634304, 37.43016154013962], [126.99056252454035, 37.43064008014235], [126.99033493294904, 37.43113881065407], [126.99016973444735, 37.43165292898357], [126.99006852118852, 37.432177484159936], [126.99003226922127, 37.432707424602796], [126.99006132903965, 37.43323764676508], [126.99015542215501, 37.43376304428034], [126.99031364372522, 37.4342785571413], [126.99053447121779, 37.434779220435885], [126.99081577902552, 37.435260212171336], [126.99115485889575, 37.4357168997254], [126.99154844597771, 37.436144884476626], [126.99199275023899, 37.43654004418373], [126.99248349294925, 37.436898572704656], [126.99301594788038, 37.43721701667257], [126.9935849868269, 37.43749230877446], [126.99418512900759, 37.437721797311134], [126.99481059387251, 37.43790327175325], [126.99545535680562, 37.43803498404641], [126.99611320718535, 37.43811566545959], [126.99677780824254, 37.43814453881406], [126.99744275813742, 37.43812132597471], [126.99810165166524, 37.43804625053125], [126.99874814199492, 37.43792003564355], [126.99937600184342, 37.437743897071705], [126.99997918349496, 37.43751953145824], [127.00055187708564, 37.43724909997588], [127.00108856658986, 37.43693520749843], [127.00158408296852, 37.43658087749639], [127.0020336539662, 37.436189522899454], [127.00243295007658, 37.43576491320749], [127.00277812623398, 37.43531113816735], [127.00306585882886, 37.43483256836629], [127.00329337769212, 37.43433381312213], [127.00345849274038, 37.43381967607654], [127.00355961502748, 37.43329510891968], [127.00359577200068, 37.43276516369235], [127.00356661681651, 37.43223494412548], [127.00347243162847, 37.43170955648574], [127.00331412481704, 37.431194060400934], [127.00309322219043, 37.43069342013843], [127.00281185224314, 37.430212456805876], [127.00247272561593, 37.42975580193401], [127.00207910895638, 37.429327852888306]]], [[[127.00286704019354, 37.47806345871549], [127.00242243500527, 37.47766834047371], [127.0019313801064, 37.477309853423684], [127.00139860451559, 37.476991449449834], [127.00082923877827, 37.476716194432456], [127.00022876557104, 37.476486738741656], [126.99960296692454, 37.47630529173158], [126.99895786857232, 37.47617360047959], [126.9982996819599, 37.47609293297458], [126.99763474447147, 37.47606406591611], [126.99696945844784, 37.476087277240744], [126.99631022958107, 37.47616234344823], [126.995663405277, 37.47628854175233], [126.99503521357725, 37.476464657036296], [126.99443170322714, 37.47668899354574], [126.99385868546445, 37.476959391207004], [126.99332167808865, 37.47727324641403], [126.99282585234727, 37.47762753708444], [126.99237598315045, 37.47801885174415], [126.9919764030923, 37.47844342236088], [126.99163096072127, 37.47889716061169], [126.99134298346245, 37.47937569723553], [126.99111524554843, 37.479874424093], [126.99094994126924, 37.48038853852864], [126.99084866379968, 37.48091308960951], [126.99081238981005, 37.48144302579491], [126.99084147000981, 37.48197324357887], [126.99093562571728, 37.482498636637], [126.99099997901551, 37.48270817170189], [126.99049649552356, 37.4828952895161], [126.98992341614603, 37.48316566735492], [126.98938634779842, 37.48347950389767], [126.98889046231513, 37.4838337772418], [126.98844053518141, 37.48422507608018], [126.98804089954908, 37.48464963253304], [126.9876954045018, 37.48510335841401], [126.98740737797192, 37.48558188458131], [126.98717959466666, 37.48608060299642], [126.98701424931332, 37.486594711085374], [126.98691293548256, 37.4871192579765], [126.98687663019524, 37.48764919216961], [126.98690568446256, 37.48817941017806], [126.98699981985308, 37.48870480567542], [126.98715813112119, 37.489220318673624], [126.98737909487397, 37.48972098425887], [126.98766058419504, 37.49020198041574], [126.98799988908617, 37.49065867447862], [126.98839374253146, 37.49108666776251], [126.98883835193463, 37.491481837942914], [126.98932943562725, 37.491840378775855], [126.98986226409724, 37.492158836774856], [126.9904317055408, 37.49243414449071], [126.99103227529896, 37.492663650072835], [126.99165818870175, 37.49284514282683], [126.99230341681069, 37.4929768745212], [126.99296174452115, 37.493057576237426], [126.99362683046354, 37.493086470600865], [126.9942922681246, 37.49306327927385], [126.99495164759841, 37.492988225638925], [126.99559861737036, 37.49286203264612], [126.99622694553659, 37.49268591584507], [126.99683057986827, 37.492461571669274], [126.99740370613932, 37.49219116108572], [126.99794080415522, 37.49187728876788], [126.99843670094141, 37.49152297799312], [126.99888662057829, 37.491131641507], [126.99928623020215, 37.490707048636075], [126.99963168172883, 37.49025328896624], [126.99991964889841, 37.48977473293775], [127.00014735928491, 37.4892759897367], [127.0003126209632, 37.488761862889525], [127.00041384357823, 37.48823730398881], [127.00045005361451, 37.48770736499623], [127.0004209037213, 37.487177149582905], [127.00032667600485, 37.48665176397551], [127.00026229334313, 37.48644223391718], [127.00076577685795, 37.48625507459305], [127.0013388414869, 37.485984644190346], [127.00187587850785, 37.48567075321373], [127.00237171553404, 37.485316425120146], [127.00282157722161, 37.48492507282188], [127.00322113126514, 37.48450046579761], [127.00356653011579, 37.484046693769415], [127.00385444802099, 37.483568127296365], [127.00408211302904, 37.483069375664996], [127.00424733365172, 37.48255524248275], [127.00434851992904, 37.482030679403046], [127.00438469869516, 37.481500738427656], [127.00435552290004, 37.48097052324665], [127.00426127489902, 37.48044514008437], [127.00410286368059, 37.4799296485252], [127.0038818160615, 37.47942901279241], [127.00360026193512, 37.47894805394945], [127.00326091371807, 37.478491403483076], [127.00286704019354, 37.47806345871549]]], [[[127.0219640505125, 37.482019137608745], [127.0215700513404, 37.48159125457439], [127.02112532619803, 37.481196206116095], [127.02063415819265, 37.48083779622757], [127.02010127743127, 37.48051947605016], [127.01953181547103, 37.48024431065723], [127.01893125591425, 37.480014949555944], [127.01830538162227, 37.47983360118985], [127.0176602190562, 37.47970201168667], [127.0170019802793, 37.47962144805596], [127.01633700317764, 37.47959268599737], [127.01567169047316, 37.479616002436885], [127.01501244811467, 37.479691172862516], [127.01436562363804, 37.47981747348493], [127.0137374450868, 37.47999368820257], [127.01313396108004, 37.480218120303945], [127.01256098260254, 37.48048860879522], [127.0120240270761, 37.48080254919593], [127.0115282652499, 37.481156918603524], [127.0110784714195, 37.48154830478571], [127.01067897745415, 37.481972939021475], [127.01033363107435, 37.48242673237507], [127.01004575878166, 37.48290531505459], [127.00981813379876, 37.48340407847674], [127.00965294932894, 37.48391821963357], [127.00955179739388, 37.48444278733429], [127.00951565345547, 37.48497272987758], [127.00954486697101, 37.48550294369569], [127.0096391579751, 37.486028322501845], [127.00979761972302, 37.48654380646802], [127.00986230490813, 37.48669026521435], [127.0097056778361, 37.486644872956106], [127.00906047243619, 37.486513236336485], [127.00840218375029, 37.48643262452835], [127.00773715014479, 37.48640381369504], [127.00707177488542, 37.486427081232016], [127.00641246452291, 37.48650220309794], [127.00576556724748, 37.486628455970944], [127.0051373118031, 37.48680462420913], [127.00453374754876, 37.487029011548515], [127.00396068624136, 37.48729945742625], [127.00342364609985, 37.48761335777228], [127.00292779868765, 37.48796769006983], [127.00247791912403, 37.48835904244411], [127.00207834010354, 37.48878364649984], [127.00173291016539, 37.48923741359212], [127.00144495661573, 37.489715974182225], [127.00121725345969, 37.49021471989987], [127.00105199465344, 37.49072884790786], [127.00095077293476, 37.491253407142366], [127.00091456443786, 37.49178334598391], [127.00094371924224, 37.492313560900655], [127.00103795794841, 37.4928389455955], [127.00119637431582, 37.493354440183964], [127.00141744393932, 37.49385507992911], [127.00169903888268, 37.494336043063974], [127.00203844813004, 37.49479269724064], [127.00243240365998, 37.49522064415791], [127.00287711189249, 37.495615761937636], [127.00336829020655, 37.49597424484036], [127.00390120817809, 37.49629263993745], [127.00447073314058, 37.49656788038551], [127.00507137962983, 37.49679731498196], [127.00569736223616, 37.4969787337162], [127.00634265135396, 37.49711038906987], [127.00700103129041, 37.49719101286005], [127.00766616017242, 37.497219828462896], [127.00833163107286, 37.49719655829972], [127.0089910337655, 37.49712142651274], [127.00905122914327, 37.49710967852694], [127.00925212316753, 37.49732786613105], [127.009696879991, 37.49772295844088], [127.01018810491227, 37.49808141318903], [127.01072106705807, 37.49839977771797], [127.01129063333596, 37.498674985478736], [127.01189131788358, 37.49890438558358], [127.01251733492431, 37.4990857683542], [127.01283655472912, 37.49915087636907], [127.01259791112622, 37.499217799004846], [127.01199426845238, 37.49944222344196], [127.01142113829025, 37.49971270446162], [127.0108840395218, 37.50002663765567], [127.01056750899927, 37.500252828314196], [127.01036016601856, 37.50002765191112], [127.0099153921381, 37.49963256213107], [127.00942415845432, 37.49927410628017], [127.00889119570716, 37.498955735942], [127.00832163624369, 37.498680516672565], [127.00772096460511, 37.49845109849743], [127.00709496473188, 37.49826969040923], [127.00644966429398, 37.4981380391104], [127.00579127668163, 37.49805741220509], [127.00512614121325, 37.49802858600193], [127.00446066213476, 37.49805183804421], [127.00380124699595, 37.49812694443983], [127.0031542449953, 37.498253182015866], [127.00252588588455, 37.49842933527776], [127.00192222002032, 37.49865370810585], [127.00134906013753, 37.49892414007718], [127.00081192540385, 37.49923802725575], [127.00056598153265, 37.499413741412766], [127.00045151734176, 37.49933019986463], [126.9999185927532, 37.49901178931845], [126.999349066289, 37.49873652702405], [126.99874842217304, 37.49850706342123], [126.99812244408109, 37.49832560793995], [126.9974771594737, 37.498193907738816], [126.99681878158887, 37.498113230892734], [126.99615364965146, 37.49808435419097], [126.99548816787345, 37.4981075556629], [126.9948287438306, 37.49818261190314], [126.99418172680693, 37.49830880022153], [126.99355334669869, 37.49848490559765], [126.99294965406445, 37.49870923237278], [126.99237646189648, 37.498979620567255], [126.991839289673, 37.49929346666659], [126.99134331022864, 37.499647748676516], [126.99089329995354, 37.500039055206756], [126.99049359280046, 37.50046361830379], [126.9901480385422, 37.500917349717504], [126.98985996568204, 37.50139588025311], [126.98963214937407, 37.50189460183019], [126.98946678466443, 37.50240871184449], [126.98936546531118, 37.50293325940585], [126.98932916838939, 37.503463193007676], [126.9893582448308, 37.503993409168956], [126.9894524159915, 37.50451880158093], [126.98961077628238, 37.50503431028512], [126.98983180183932, 37.50553497040885], [126.9901133651515, 37.50601595998904], [126.99045275550864, 37.50647264642313], [126.99084670507229, 37.50690063109928], [126.99129142032058, 37.50729579177555], [126.9917826185658, 37.50765432229922], [126.9923155691924, 37.50797276928274], [126.99288513921977, 37.508248065382745], [126.99348584274992, 37.508477558860264], [126.99411189382386, 37.50865903913731], [126.99475726217635, 37.508790758102336], [126.99541573135112, 37.50887144695938], [126.99608095861512, 37.50890032845762], [126.99674653609303, 37.508877124383325], [126.99740605253132, 37.5088020582419], [126.99799821043892, 37.50868656917654], [126.99829155848255, 37.5090812116957], [126.99868556663971, 37.50950917046339], [126.99913033886814, 37.50990430186388], [126.99962159193086, 37.51026280002629], [127.00015459468408, 37.51058121187474], [127.0007242136446, 37.51085647040419], [127.00132496244282, 37.51108592423764], [127.00195105468329, 37.51126736317894], [127.00259645970394, 37.51139903951485], [127.00325496069497, 37.5114796848601], [127.00392021461663, 37.51150852238311], [127.0045858133366, 37.51148527429393], [127.00507609621393, 37.51142943956539], [127.00492619821036, 37.511895720699904], [127.00482497330859, 37.51242028136648], [127.00478878026992, 37.51295021962199], [127.00481796902642, 37.513480431940174], [127.00491225985307, 37.514005812048815], [127.00507074600873, 37.514521300107354], [127.0052919024173, 37.515021931441424], [127.00557360030776, 37.51550288436474], [127.00591312767358, 37.5159595266273], [127.00630721535639, 37.51638746004224], [127.00675206850362, 37.516782562860996], [127.00724340309864, 37.51714102948778], [127.007776487212, 37.51745940715029], [127.00834618657646, 37.51773462917268], [127.00894701404746, 37.51796404452948], [127.0095731824713, 37.518145443395156], [127.01021866045159, 37.518277078442516], [127.01087723047527, 37.51835768168409], [127.01154254883718, 37.518386476693934], [127.01220820678395, 37.518363186091754], [127.01286779228656, 37.51828803421676], [127.01293835399731, 37.5182742647216], [127.01310396692205, 37.518649044461064], [127.01338572853555, 37.51912997890613], [127.01372531994613, 37.5195865988816], [127.0141194713783, 37.52001450641509], [127.01456438736527, 37.520409580007126], [127.01505578328485, 37.5207680143433], [127.01558892661652, 37.52108635696222], [127.01615868252229, 37.52136154152555], [127.01675956331253, 37.5215909173686], [127.01738578131962, 37.52177227504651], [127.01803130466917, 37.52190386762884], [127.01868991541076, 37.5219844275373], [127.01935526944675, 37.52201317876347], [127.02002095767989, 37.52198984434895], [127.02068056778927, 37.521914649055155], [127.02132774603757, 37.52178831719729], [127.02135135960609, 37.521781695403426], [127.02160565163426, 37.52175270365708], [127.02225282697599, 37.52162636670615], [127.02288133596515, 37.52145011022005], [127.02348512463078, 37.52122563197853], [127.02405837726033, 37.52095509424068], [127.0245955724427, 37.520641102905444], [127.02509153626838, 37.520286682397185], [127.02554149217332, 37.5198952465189], [127.02594110694616, 37.519470565554855], [127.02628653245506, 37.51901672993965], [127.0265744426929, 37.51853811084503], [127.02680206578431, 37.518039318064375], [127.02681671457088, 37.517993710794094], [127.02698722036705, 37.51814507906279], [127.02747866153734, 37.51850346215488], [127.02801184224491, 37.518821749068394], [127.02858162729126, 37.51909687400158], [127.0291825287056, 37.519326186864284], [127.02980875862116, 37.519507478818426], [127.03045428504862, 37.51963900356687], [127.03111289000773, 37.51971949418494], [127.03177822945645, 37.51974817533195], [127.0324438944381, 37.519724770724764], [127.0331034728559, 37.51964950580118], [127.03375061127811, 37.51952310554736], [127.03437907617604, 37.51934678751028], [127.0348022417864, 37.51918940753552], [127.03481173586759, 37.51921087642367], [127.03509363943753, 37.51969175999321], [127.03543336631196, 37.52014831842038], [127.03582764540974, 37.520576154325205], [127.03627268003346, 37.52097114689781], [127.03676418441725, 37.521329491603964], [127.03729742499483, 37.52164773684552], [127.03786726599053, 37.52192281722211], [127.03846821889425, 37.522152083072726], [127.03909449534284, 37.52233332601219], [127.03974006289829, 37.522464800215616], [127.04039870318393, 37.5225452392453], [127.04106407181712, 37.522573868257666], [127.04172975955991, 37.52255041147195], [127.04238935409616, 37.52247509482874], [127.04303650183881, 37.522348643812585], [127.04366496916954, 37.52217227645962], [127.0442687025192, 37.521947691617825], [127.04484188670884, 37.52167705257335], [127.04537900098745, 37.5213629662011], [127.04587487222571, 37.521008457840885], [127.04632472475234, 37.520616942141906], [127.04672422635271, 37.520192190157054], [127.04683695359435, 37.52004401238339], [127.04691160083172, 37.52045858433886], [127.04707038968121, 37.520974017491454], [127.04729184610804, 37.52147457162887], [127.04757383845079, 37.52195542580714], [127.04791365186576, 37.52241194872628], [127.04830801443795, 37.522839743348015], [127.04875312866538, 37.523234689259944], [127.04924470801492, 37.52359298237707], [127.04977801819763, 37.52391117159807], [127.05034792276683, 37.524186192062146], [127.05094893259947, 37.52441539468545], [127.05157525878352, 37.52459657169191], [127.05222086840143, 37.524727977891885], [127.05287954267102, 37.52480834750292], [127.05354493688198, 37.52483690635031], [127.05421064154977, 37.524813379329416], [127.05487024419521, 37.52473799305763], [127.05551739115316, 37.524611473690456], [127.05614584881303, 37.52443503992265], [127.05674956369913, 37.524210391242136], [127.05732272081072, 37.52393969155016], [127.0578597996581, 37.52362554830593], [127.05835562745374, 37.523270987397105], [127.05880542894545, 37.52287942397906], [127.05920487241075, 37.52245462956426], [127.05955011136942, 37.522000695679665], [127.05983782161259, 37.521521994443006], [127.0600652331925, 37.521023136438096], [127.06023015706549, 37.52050892629601], [127.06033100613317, 37.51998431641009], [127.06036681048063, 37.51945435923144], [127.06033722666662, 37.5189241586045], [127.06024254097821, 37.51839882061163], [127.06008366662076, 37.51788340440029], [127.05986213487213, 37.51738287346625], [127.05958008028834, 37.51690204786176], [127.059240220105, 37.516445557788785], [127.05891903184714, 37.516097196555414], [127.05895380283059, 37.5160602155175], [127.05929901345455, 37.515606281698034], [127.0595825889694, 37.51513442163363], [127.05992555082064, 37.51526519768512], [127.06055182292835, 37.51544632701984], [127.06119737010452, 37.515577683953246], [127.0618559741685, 37.51565800317769], [127.06252129108668, 37.51568651100406], [127.06318691211943, 37.51566293281935], [127.06384642559364, 37.51558749573397], [127.0644934787037, 37.515460926393], [127.0651218387436, 37.515284443972654], [127.06572545317859, 37.51505974842948], [127.06629850797611, 37.514789004116125], [127.06683548363252, 37.51447481892146], [127.06733120835472, 37.514120219137084], [127.06778090788377, 37.51372862029263], [127.06785908431402, 37.513645455848575], [127.06787220846581, 37.51366782490615], [127.06821210904396, 37.514124290605686], [127.06860654502628, 37.51455201850478], [127.06905171820266, 37.514946888833556], [127.06954334147103, 37.51530509823499], [127.07007668011845, 37.51562319641425], [127.07064659742319, 37.51589811938762], [127.07124760413883, 37.516127219010606], [127.0718739113829, 37.51630828849958], [127.07251948641996, 37.51643958370096], [127.07317811080074, 37.51651983990191], [127.0738434402957, 37.5165482840206], [127.07450906604392, 37.51652464205793], [127.07516857632696, 37.51644914173886], [127.07581561836999, 37.51632251031782], [127.07644395957385, 37.51614596756917], [127.0770475475855, 37.5159212140308], [127.07762056862728, 37.51565041461407], [127.0781575035212, 37.515336177738746], [127.07865318086724, 37.51498153019427], [127.07910282686332, 37.51458988797025], [127.07950211128555, 37.51416502333791], [127.07984718918622, 37.51371102850007], [127.08013473790831, 37.51323227616104], [127.08036198906005, 37.51273337739629], [127.08052675514314, 37.51221913722877], [127.08062745057879, 37.511694508340405], [127.08066310693148, 37.51116454336461], [127.08063338218473, 37.51063434622029], [127.08053856398224, 37.51010902295564], [127.08037956680472, 37.50959363257567], [127.08015792311181, 37.509093138326925], [127.07987576853654, 37.508612359907985], [127.07953582127621, 37.50815592706603], [127.07914135588051, 37.507728235025766], [127.07869617168987, 37.507333402179015], [127.07820455622964, 37.50697523044236], [127.0776712439127, 37.506657168663224], [127.07710137044891, 37.50638227942647], [127.07650042339993, 37.50615320958014], [127.07587418935528, 37.50597216476352], [127.07522869823731, 37.50584088818209], [127.07457016527042, 37.5057606438331], [127.07390493117113, 37.50573220434294], [127.0732394011343, 37.505755843532825], [127.07257998320034, 37.50583133378434], [127.07193302659508, 37.50595794822997], [127.0713047606344, 37.50613446774769], [127.07070123477975, 37.506359192692386], [127.07012826042013, 37.50662995925151], [127.06959135493965, 37.506944160268], [127.06948347626562, 37.50702133939484], [127.06941593527509, 37.50686876415891], [127.06913385807762, 37.50638796037737], [127.06879398647808, 37.50593149691601], [127.06839959429787, 37.50550376929459], [127.06795448017293, 37.50510889624778], [127.06746293095433, 37.504750680079354], [127.06692968041764, 37.50443257006468], [127.06635986367829, 37.504157629253086], [127.06575896775226, 37.5039285049892], [127.06513277873731, 37.5037474034362], [127.06448732612265, 37.503616068345714], [127.06382882476215, 37.503535764278226], [127.06316361506843, 37.503507264434916], [127.06249810200144, 37.503530843217916], [127.0618386934383, 37.503606273590215], [127.06119173851452, 37.50373282926063], [127.06056346652971, 37.50390929167285], [127.05995992700306, 37.50413396173142], [127.0593869314549, 37.50440467615212], [127.05884999747295, 37.504718828279856], [127.05835429560076, 37.505073393173866], [127.05790459955887, 37.50546495671986], [127.05750524027746, 37.50588974848909], [127.05716006418284, 37.50634367802867], [127.05690681681745, 37.50676509660713], [127.05657611029643, 37.507199986351374], [127.05628843519744, 37.507678681021204], [127.05609556469828, 37.50810179419584], [127.05595424258898, 37.50804789557261], [127.05532804347334, 37.50786674210055], [127.05468257318068, 37.507735353408854], [127.05429956566596, 37.507688616136264], [127.05447584936294, 37.50750112483727], [127.05482104703212, 37.50704720336898], [127.05510872900113, 37.506568512266284], [127.05533612559366, 37.50606966201534], [127.05550104790946, 37.50555545717241], [127.05560190886413, 37.50503085007983], [127.05563773842721, 37.504500893161854], [127.05560819291354, 37.503970690260516], [127.0555135582404, 37.50344534748026], [127.05535474712087, 37.50292992401487], [127.05513329022307, 37.50242938343025], [127.05485132138149, 37.50194854587192], [127.0545418979599, 37.501532807742834], [127.05483829517016, 37.50147484368118], [127.0554665598653, 37.50129841160229], [127.05607008971451, 37.50107376433405], [127.05664307150006, 37.50080306576371], [127.05717998642146, 37.50048892333929], [127.0576756632703, 37.5001343629401], [127.05812532824825, 37.49974279971614], [127.05852465094739, 37.49931800517756], [127.05886978605001, 37.49886407085211], [127.05892588391605, 37.49877070598563], [127.05908529726229, 37.498865828387984], [127.05965504695509, 37.49914080411281], [127.06025588569621, 37.4993699592512], [127.06088202622203, 37.499551086484956], [127.06152743740397, 37.4996824411043], [127.06218590237206, 37.49976275782404], [127.06285107843325, 37.499791262979286], [127.06351655820554, 37.49976768198278], [127.06417593137732, 37.49969224197202], [127.06482284649523, 37.49956566962018], [127.06525638261353, 37.4994438781151], [127.06555406162262, 37.49984374397983], [127.06594840802177, 37.500271481223585], [127.06639348304004, 37.50066636190714], [127.06688500052078, 37.50102458257411], [127.06741822677004, 37.50134269282138], [127.06798802614894, 37.50161762854928], [127.06858891054736, 37.501846741490674], [127.06921509226146, 37.502027824733894], [127.06986053976564, 37.50215913399296], [127.07051903583974, 37.502239404419726], [127.07118423749083, 37.502267862795364], [127.07184973709026, 37.50224423498343], [127.07250912413532, 37.50216874857248], [127.07315604703905, 37.50204213068286], [127.07378427435036, 37.501865600958396], [127.07438775481377, 37.50164085981129], [127.07496067568793, 37.501370072033346], [127.07549751875976, 37.50105584593192], [127.07599311351379, 37.5007012081924], [127.07644268694328, 37.5003095747097], [127.07684190952293, 37.49988471767054], [127.07718693690026, 37.49943072920443], [127.0774744469042, 37.498951981954065], [127.07760527790909, 37.49866472990309], [127.07765498853585, 37.49867910200294], [127.0783004224956, 37.49881036513524], [127.07895889868344, 37.49889058843556], [127.07962407429804, 37.498918999139214], [127.08028954196162, 37.49889532356911], [127.08094889147934, 37.498819789774046], [127.08159577162598, 37.49869312533088], [127.08222395136265, 37.498516550332035], [127.08282737989252, 37.49829176562587], [127.08340024497484, 37.4980209364238], [127.0839370289344, 37.4977066714322], [127.0844325618255, 37.49735199771101], [127.08488207123763, 37.49696033150162], [127.0852812282625, 37.49653544530585], [127.08562618917928, 37.49608143153386], [127.08591363245732, 37.49560266307186], [127.08614079071982, 37.495103751150246], [127.08630547736227, 37.494589500918295], [127.08640610757013, 37.49406486515453], [127.08644171353491, 37.49353489655834], [127.0864119537243, 37.49300469908323], [127.08631711611844, 37.49247937878044], [127.08615811538365, 37.49196399462641], [127.08593648401268, 37.49146350980769], [127.08565435751865, 37.49098274393212], [127.08531445382745, 37.490526326626274], [127.08492004706834, 37.49009865296538], [127.08447493601636, 37.48970384116462], [127.08398340749208, 37.48934569293814], [127.08388299392162, 37.489285801374656], [127.08422613389057, 37.489300445186124], [127.08489151497851, 37.489276743131875], [127.08555077545768, 37.48920118299351], [127.08619756496097, 37.489074492601695], [127.0868256533232, 37.48889789229876], [127.08742899062823, 37.4886730831768], [127.08800176551436, 37.48840223068227], [127.08853846117565, 37.48808794374579], [127.08903390851715, 37.48773324963851], [127.08948333595262, 37.48734156479795], [127.08988241536335, 37.48691666190517], [127.09022730377612, 37.48646263353092], [127.09051468035838, 37.4859838527018], [127.09074177837547, 37.48548493076704], [127.09090641180275, 37.484970672972175], [127.0910069963377, 37.48444603216829], [127.09104256461113, 37.48391606110315], [127.09101277545311, 37.48338586375386], [127.09091791712574, 37.48286054617031], [127.09075890449418, 37.482345167302704], [127.09053727016502, 37.48184469028661], [127.09025514967924, 37.48136393465474], [127.08991526090429, 37.48090752993506], [127.08952087782517, 37.48047987108169], [127.08907579898853, 37.48008507616733], [127.08858431090424, 37.47972694674371], [127.08805114675816, 37.47940893125132], [127.08748144083307, 37.479134091829884], [127.08688067907754, 37.47890507484832], [127.08625464629735, 37.47872408543739], [127.08560937047763, 37.4785928662696], [127.08495106477064, 37.478512680789834], [127.0842860677059, 37.47848430105796], [127.08362078219731, 37.47850800032014], [127.0829616139322, 37.47858355037966], [127.0823149097339, 37.4787102237932], [127.0816868964894, 37.47888680087088], [127.08108362122815, 37.47911158141316], [127.0805108929274, 37.479382401071874], [127.07997422660303, 37.479696652178276], [127.07947879022245, 37.48005130883813], [127.07902935495075, 37.480442956053004], [127.07863024920775, 37.48086782258777], [127.07828531697861, 37.481321817268906], [127.07799788077972, 37.48180056836459], [127.07777070963675, 37.48229946566827], [127.07760599238456, 37.48281370488097], [127.07750531654703, 37.48333833386567], [127.077469653002, 37.483868300328844], [127.07749934658067, 37.48439850047021], [127.07759411269402, 37.484923828132594], [127.07775304002057, 37.485439223978496], [127.07797459923198, 37.485939724219826], [127.07825665767402, 37.48642050843137], [127.07859649986351, 37.486876945986886], [127.07899085360572, 37.48730464067034], [127.07943592148146, 37.487699473032116], [127.07992741740198, 37.488057640081436], [127.08002782614759, 37.48811753499032], [127.07968469252334, 37.48810287901971], [127.07901932048603, 37.488126551806594], [127.07836006323095, 37.48820207552876], [127.07821554407435, 37.48823037385252], [127.07799102803557, 37.48798687548251], [127.07754596612632, 37.48759203773266], [127.07705448470031, 37.48723386083581], [127.07652131687982, 37.486915793689455], [127.07595159698356, 37.48664089893052], [127.07535081109486, 37.48641182346056], [127.07472474425212, 37.486230772973286], [127.07407942476858, 37.486099490728996], [127.07342106621681, 37.48601924077967], [127.07275600763498, 37.4859907958057], [127.07209065252894, 37.486014429681106], [127.07143140725577, 37.486089914838594], [127.07078461937978, 37.486216524459564], [127.07015651659302, 37.48639303946824], [127.06955314678652, 37.48661776026265], [127.06898031984726, 37.48688852306991], [127.06844355174022, 37.48720272076873], [127.06794801141235, 37.48755732797927], [127.06749847102907, 37.48794893017942], [127.06709926002189, 37.488373756567746], [127.06675422338931, 37.488827716357605], [127.06646668465285, 37.4893064381535], [127.06628318188167, 37.48970923893208], [127.06610974557825, 37.489625537484436], [127.06565531167658, 37.48945222573421], [127.06585443816218, 37.489120709788914], [127.06608170942337, 37.48862183659689], [127.06624651865323, 37.48810761452873], [127.06634727985568, 37.48758299609216], [127.06638302395997, 37.48705303382029], [127.06635340810281, 37.48652283160631], [127.06625871887772, 37.485997495547764], [127.06609986952188, 37.48548208477346], [127.06587839107021, 37.48498156272696], [127.06559641756357, 37.484500749375165], [127.06525666545502, 37.48404427480238], [127.06486240741471, 37.4836165346358], [127.0644174407864, 37.483221647731334], [127.06392605100073, 37.4828634165267], [127.0633929702982, 37.482545290442445], [127.0628233321592, 37.482270332683086], [127.06222262188057, 37.48204119075676], [127.06159662377324, 37.481860070997016], [127.06095136548917, 37.48172871733103], [127.06029306001216, 37.481648394498286], [127.05962804586974, 37.48161987588069], [127.05896272614021, 37.481643436061134], [127.0583035068401, 37.48171884818159], [127.05765673528374, 37.48184538612643], [127.05702863900594, 37.482021831509776], [127.05642526583483, 37.482246485399784], [127.05585242568942, 37.482517184667564], [127.05531563466143, 37.48283132280349], [127.05482006191788, 37.48318587500111], [127.05437047993578, 37.483577427268024], [127.05397121854654, 37.48400220928359], [127.053626123233, 37.484456130688564], [127.05333851808112, 37.48493482045723], [127.05319894514547, 37.485241078120566], [127.05305861345035, 37.48492380188108], [127.05277672262461, 37.48444295845718], [127.05243704914487, 37.483986447517374], [127.05204286492453, 37.48355866503929], [127.05159796659714, 37.483163730286485], [127.05110663893632, 37.482805446157464], [127.0505736135848, 37.48248726258249], [127.05000402349076, 37.48221224331959], [127.04940335348887, 37.48198303646904], [127.04877738750274, 37.48180184898942], [127.04813215287545, 37.481670425459754], [127.04747386236325, 37.481590031291994], [127.04680885434985, 37.48156144055468], [127.04614353185454, 37.48158492852482], [127.0454843009205, 37.48166026903945], [127.04483750897384, 37.481786736672134], [127.04420938374547, 37.48196311371377], [127.04360597334185, 37.482187701890375], [127.04303308804012, 37.482458338705676], [127.04249624436615, 37.48277241825127], [127.04200061199343, 37.48312691628486], [127.04168669179465, 37.48340024339249], [127.04167576825046, 37.48320351427326], [127.04158125597431, 37.48267815930079], [127.04142258327957, 37.482162716214674], [127.04120127950036, 37.48166214877032], [127.04091947699585, 37.48118127737253], [127.04057989057326, 37.480724732665166], [127.04018579130809, 37.48029691095125], [127.03974097501622, 37.4799019318724], [127.03924972568184, 37.47954359875411], [127.03871677419406, 37.47922536199846], [127.03814725279035, 37.47895028587559], [127.03754664564454, 37.47872101903331], [127.03692073607553, 37.478539769007696], [127.03627555088369, 37.478408280979906], [127.03561730234972, 37.478327820982734], [127.03495232845336, 37.47829916371838], [127.03428703188571, 37.47832258510419], [127.03362781844038, 37.47839785961803], [127.03298103537512, 37.478524262468724], [127.03235291033515, 37.478700576570716], [127.03174949142499, 37.47892510425581], [127.03117658900327, 37.479195683609994], [127.0306397197603, 37.47950970927805], [127.03014405361527, 37.479864157536376], [127.02969436394334, 37.480255615393354], [127.02954327100876, 37.480416286412954], [127.0290948197915, 37.48073696025792], [127.028645119409, 37.481128413990724], [127.02824572647796, 37.48155310835339], [127.02790048774672, 37.48200695383093], [127.02761272868102, 37.48248558012922], [127.02738522141378, 37.48298437824454], [127.02722015801525, 37.48349854483438], [127.02711912934156, 37.48402312846253], [127.02708310966774, 37.48455307727377], [127.02709361748886, 37.484742983100226], [127.02704786590876, 37.4849805392718], [127.02701184519935, 37.485510487968945], [127.02704118258386, 37.486040698265576], [127.02713559690392, 37.48656606390828], [127.02729418022689, 37.48708152519528], [127.02751540653877, 37.487582117709714], [127.02779714639304, 37.4880630201389], [127.02813668737697, 37.4885196007191], [127.028530760199, 37.488947461857634], [127.02897557014799, 37.48934248250227], [127.02946683362197, 37.48970085784908], [127.02999981937526, 37.49001913600546], [127.03056939408734, 37.490294251254525], [127.03117007181385, 37.49052355359993], [127.03179606684347, 37.490704834305355], [127.03244134945027, 37.49083634718242], [127.03309970400387, 37.490916825421095], [127.03376478887563, 37.490945493800155], [127.03443019756249, 37.49092207615952], [127.03508952043791, 37.49084679806257], [127.03573640653308, 37.490720384622186], [127.03636462475114, 37.49054405351215], [127.0369681239236, 37.49031950323083], [127.03754109112776, 37.49004889673093], [127.03807800770302, 37.48973484057325], [127.0385737024243, 37.48938035980597], [127.0390234013202, 37.48898886881191], [127.039422773655, 37.48856413840543], [127.03976797363184, 37.488110259496594], [127.04004928225102, 37.48764224345078], [127.04011342725073, 37.4879988187941], [127.04027210285699, 37.48851426315192], [127.04049342015385, 37.48901483184965], [127.04077524881822, 37.489495703803705], [127.04111487558158, 37.48995224754349], [127.0415090303257, 37.49038006583094], [127.04195391754985, 37.49077503802635], [127.04244525290713, 37.49113335979228], [127.04297830445896, 37.49145157975218], [127.04354793825038, 37.491726632749696], [127.0441486677674, 37.491955869388164], [127.04477470679927, 37.49213708156431], [127.04542002519587, 37.49226852374999], [127.04607840698164, 37.49234892981634], [127.04674351026537, 37.49237752523756], [127.04740892836652, 37.49235403455663], [127.04806825156788, 37.4922786840407], [127.04847198346195, 37.49219974242578], [127.04812221482393, 37.492449912467215], [127.04767254212277, 37.49284143804268], [127.04727319318884, 37.49326619618785], [127.04692801434801, 37.49372009677356], [127.04664033049055, 37.49419876897484], [127.04641291302642, 37.49469760334575], [127.04624795316217, 37.49521179619428], [127.04614704075814, 37.49573639583093], [127.04611114897072, 37.49626635024584], [127.04614062482983, 37.49679655575575], [127.04623518584422, 37.49732190615272], [127.04639392266891, 37.49783734188121], [127.04661530781175, 37.49833789876982], [127.04689721029655, 37.498818755848376], [127.0472065800813, 37.499234513843696], [127.04691018604149, 37.49929245879769], [127.0462819185368, 37.49946884540754], [127.04567837284365, 37.49969344262071], [127.04510536054136, 37.49996408785414], [127.04456839937845, 37.50027817511873], [127.04407266015963, 37.50063268009821], [127.04362291696432, 37.50102418925514], [127.04322350117609, 37.50144893268451], [127.04302036911939, 37.50171599050954], [127.04312042309314, 37.50119601315076], [127.04315633872847, 37.50066606024127], [127.0431268827406, 37.5001358544628], [127.04303234018438, 37.49961050194785], [127.0428736228858, 37.49909506198437], [127.0426522606094, 37.498594498297564], [127.04237038627869, 37.498113631255755], [127.04203071539321, 37.49765709146055], [127.0416365198424, 37.49722927516741], [127.04119159636974, 37.49683430196537], [127.04070022999161, 37.49647597512301], [127.04016715272421, 37.49615774498163], [127.03959749801588, 37.495882675747396], [127.0389967513237, 37.495653416001424], [127.03837069730967, 37.49547217321128], [127.0377253641643, 37.49534069248826], [127.03706696559209, 37.4952602397947], [127.0364018410167, 37.49523158976236], [127.03573639457913, 37.495255018238964], [127.03507703351514, 37.49533029963418], [127.03489173614874, 37.495366507122874], [127.03480070096134, 37.49507074117406], [127.03457940432595, 37.49457016245928], [127.03429759681629, 37.49408927627566], [127.03395799328851, 37.493632713409404], [127.03356386498365, 37.493204870338296], [127.03311900799788, 37.49280986690945], [127.03262770670767, 37.492451506682634], [127.03209469250288, 37.49213324032072], [127.031525098225, 37.49185813237868], [127.03092440874964, 37.49162883181044], [127.03029840818833, 37.491447546476515], [127.02965312421723, 37.49131602189785], [127.02899477006781, 37.4912355244589], [127.02832968473619, 37.49120682922216], [127.02766427198581, 37.491230212470434], [127.0270049387283, 37.4913054490487], [127.02635803337427, 37.49143181453102], [127.02572978474578, 37.4916080921916], [127.0251262421366, 37.49183258471322], [127.02455321709579, 37.4921031305206], [127.02401622749389, 37.49241712458165], [127.02352044440853, 37.49277154347739], [127.02307064234061, 37.49316297449919], [127.02267115323944, 37.4935876484944], [127.02232582477944, 37.49404147614449], [127.02203798329064, 37.49452008732728], [127.02181040170002, 37.49501887318495], [127.02164527279399, 37.49553303049328], [127.02154418806013, 37.49605760790575], [127.0215081223141, 37.49658755362723], [127.02151498069513, 37.4967116547], [127.02141114784561, 37.49703494516342], [127.0213100593373, 37.49755952221701], [127.0212739910996, 37.49808946771598], [127.02130329186177, 37.49861967806376], [127.02139768081896, 37.499145047006614], [127.02149353719832, 37.499456651855354], [127.02143394139873, 37.499478814185686], [127.02086084450526, 37.499749341237404], [127.02032378452424, 37.50006331762263], [127.0199067633864, 37.50036137774474], [127.01949637608085, 37.500061983022405], [127.01896336450615, 37.499743657832646], [127.0183937615873, 37.49946848686336], [127.01779305228347, 37.49923911967504], [127.01716702089742, 37.4990577647695], [127.01684779759924, 37.49899266843237], [127.01708643678495, 37.498925737176904], [127.01769006032977, 37.49870128656351], [127.01826316044281, 37.49843077487061], [127.01880021718227, 37.49811680774586], [127.0192960579721, 37.49776240937995], [127.01974590743299, 37.4973709933622], [127.02014543337826, 37.49694632978517], [127.02049078853082, 37.49649250891564], [127.02077864756014, 37.49601390178304], [127.02100623908275, 37.495515118065285], [127.02117137231939, 37.49500096167867], [127.0212724581528, 37.49447638449966], [127.02130852438563, 37.49394643866542], [127.02127922505252, 37.49341622791228], [127.02118484369926, 37.492890858421404], [127.02102629059927, 37.49237538964491], [127.02080509393592, 37.49187478558612], [127.02052338503812, 37.49139386700282], [127.02018387781281, 37.49093726499355], [127.02000929510668, 37.49074768386382], [127.01983007661494, 37.49044172098756], [127.01949057787817, 37.48998511697151], [127.01934701732975, 37.48982921883078], [127.01947072346243, 37.48978321180156], [127.02004374875256, 37.48951269054484], [127.02058073386196, 37.48919871435751], [127.0210765069047, 37.48884430751739], [127.02152629315411, 37.488452883695295], [127.0219257610323, 37.4880282130587], [127.0222710638213, 37.487574385942224], [127.02255887669469, 37.48709577343526], [127.0227864287132, 37.48659698526735], [127.02295152947765, 37.48608282539741], [127.02305259018301, 37.4855582457354], [127.02308863887332, 37.48502829844223], [127.0230593297516, 37.48449808726826], [127.02296494645732, 37.483972718398626], [127.02280639928196, 37.48345725127948], [127.02258521635126, 37.4829566498982], [127.02230352886131, 37.482475734986856], [127.0219640505125, 37.482019137608745]], [[127.04011199830812, 37.50515096151251], [127.04064901304008, 37.50483689511883], [127.04114479630304, 37.50448240505056], [127.04159457327287, 37.50409090578041], [127.04199401246221, 37.50366616820273], [127.04219715351226, 37.50339911228981], [127.04209709004449, 37.50391908861105], [127.04206116512772, 37.504449040847064], [127.04209061495348, 37.50497924646584], [127.04212573297602, 37.505174391135554], [127.04156498292771, 37.505331784002934], [127.0409613759752, 37.505556356487375], [127.04040509776753, 37.50581904672752], [127.04039346356089, 37.50578126297844], [127.04017209861613, 37.505280695189], [127.04009950724097, 37.5051568601071], [127.04011199830812, 37.50515096151251]], [[127.04775717692988, 37.51611909494939], [127.0479846814442, 37.51636590838775], [127.04794990493728, 37.51640288615847], [127.04783718543703, 37.516551065135765], [127.04776253674302, 37.51613649348316], [127.04775717692988, 37.51611909494939]]], [[[126.98386170168435, 37.49952859141585], [126.98341707151344, 37.499133402882535], [126.98292596902579, 37.49877483776824], [126.9823931236993, 37.49845634870872], [126.98182366675154, 37.49818100240315], [126.98122308173778, 37.497951450100096], [126.98059715176537, 37.49776990208347], [126.97995190383209, 37.49763810640261], [126.97929355082326, 37.49755733205144], [126.97862843172446, 37.49752835675777], [126.97796295062417, 37.49755145949991], [126.97730351509163, 37.497626417822744], [126.97665647452128, 37.497752509978575], [126.97602805903571, 37.49792852187257], [126.97542431953363, 37.49815275874588], [126.97485106945793, 37.49842306148429], [126.97431382884379, 37.49873682739598], [126.97381777118355, 37.49909103525881], [126.97336767361965, 37.499482274396456], [126.97296787094449, 37.49990677750448], [126.97262221384999, 37.50036045691065], [126.97233403182881, 37.50083894392128], [126.97210610108569, 37.501337630875426], [126.97194061776804, 37.50185171550272], [126.97183917677577, 37.50237624715797], [126.97180275635507, 37.50290617448827], [126.97183170862692, 37.50343639407355], [126.97192575614321, 37.503961799572664], [126.97208399450585, 37.504477330901594], [126.97230490102535, 37.504978022970285], [126.97258634933783, 37.50545905350845], [126.9729256298413, 37.505915789519435], [126.97331947575599, 37.50634383191422], [126.97376409455917, 37.506739057895224], [126.97425520449285, 37.50709766068082], [126.97478807579297, 37.50741618618756], [126.9753575762438, 37.507691566315664], [126.97595822061825, 37.507921148516715], [126.9765842235278, 37.50810272135789], [126.97722955517172, 37.508234535835854], [126.97788799944779, 37.508315322234274], [126.97855321386301, 37.50834430236245], [126.97921879066597, 37.508321197056205], [126.97987831860964, 37.50824622886927], [126.9805254447483, 37.50812011992834], [126.98115393567093, 37.507944084973325], [126.98175773757991, 37.50771981964931], [126.982331034634, 37.507449484163836], [126.98286830499273, 37.50713568246715], [126.9833643740207, 37.50678143715666], [126.98381446413858, 37.50639016034769], [126.9842142408401, 37.505965620792445], [126.98455985443154, 37.50551190756377], [126.98484797709202, 37.50503339065513], [126.985075834898, 37.504534678876425], [126.98524123450497, 37.504020575452046], [126.98534258423003, 37.50349603174952], [126.9853789093343, 37.50296609958475], [126.9853498613598, 37.50243588256353], [126.98525572143235, 37.50191048692855], [126.98509739750143, 37.501394972384695], [126.98487641554487, 37.50089430337704], [126.9845949048255, 37.500413301289576], [126.98425557734362, 37.49995659802566], [126.98386170168435, 37.49952859141585]]], [[[127.02262158142017, 37.538237060278036], [127.02217651772457, 37.53784201720688], [127.02168497627318, 37.53748361252526], [127.021151690769, 37.537165297323256], [127.02058179666606, 37.53689013662525], [127.01998078172653, 37.53666077989227], [127.0193544331949, 37.536479435524875], [127.01870878209652, 37.53634784961165], [127.01805004519605, 37.53626728912701], [127.01738456517305, 37.536238529740054], [127.01671874958896, 37.536261848350925], [127.01605900923188, 37.53633702042685], [127.01541169642987, 37.536463322162966], [127.0147830439259, 37.53663953744752], [127.01417910490049, 37.5368639695643], [127.01360569471807, 37.53713445752019], [127.01306833495617, 37.537448396840865], [127.01257220025582, 37.537802764635266], [127.0121220685032, 37.53819414868777], [127.01172227482235, 37.53861878029894], [127.01137666982123, 37.53907257055939], [127.01108858249395, 37.539551149707975], [127.01086078813657, 37.54004990919626], [127.01069548158645, 37.540564046054875], [127.01059425604444, 37.54108860913488], [127.010558087685, 37.54161854677985], [127.01058732620447, 37.54214875546924], [127.01068169140053, 37.54267412896552], [127.0108402758176, 37.54318960749151], [127.01106155343487, 37.54369022646423], [127.01134339431538, 37.54417116431594], [127.01168308507656, 37.544627788941206], [127.01207735498706, 37.54505570232248], [127.01252240743973, 37.54545078290351], [127.01301395649838, 37.54580922530208], [127.0135472681677, 37.54612757697872], [127.01411720598814, 37.546402771507296], [127.01471828051751, 37.54663215812673], [127.01534470222128, 37.5468135272879], [127.01599043726213, 37.546945131949464], [127.01664926564959, 37.54702570441647], [127.0173148411883, 37.54705446855939], [127.0179807526461, 37.54703114729526], [127.01864058555066, 37.54695596525886], [127.0192879840173, 37.5468296466378], [127.019916712011, 37.54665340819273], [127.0205207134502, 37.5464289475299], [127.02109417057204, 37.54615842673944], [127.02163155999501, 37.545844451557464], [127.02212770593832, 37.54549004625319], [127.02257783008365, 37.54509862448374], [127.02297759759936, 37.54467395639795], [127.02332315888297, 37.54422013230691], [127.02361118662044, 37.54374152327189], [127.0238389078057, 37.54324273898981], [127.02400413041332, 37.54272858338288], [127.02410526446835, 37.54220400832049], [127.02414133731213, 37.541674065919565], [127.0241120029189, 37.541143859883434], [127.02401754517535, 37.540618496347626], [127.02385887509367, 37.54010303470658], [127.02363752198667, 37.53960243889437], [127.02335561869234, 37.53912152958872], [127.02301588099179, 37.538664937798025], [127.02262158142017, 37.538237060278036]]], [[[126.97575224395082, 37.55251914832908], [126.97535814431637, 37.552091115445684], [126.97491325059825, 37.551695896393795], [126.97442184753025, 37.55133729680882], [126.9738886674853, 37.55101876965744], [126.9733188449039, 37.55074338200458], [126.97271786686134, 37.55051378549601], [126.97209152024817, 37.550332190840344], [126.97144583607226, 37.55020034653523], [126.97078703141716, 37.550119522042145], [126.97012144961488, 37.55009049557121], [126.96945549920643, 37.55011354659324], [126.9687955922771, 37.55018845315101], [126.96814808275757, 37.5503144939954], [126.96751920528331, 37.550490455525974], [126.96691501519904, 37.550714643469334], [126.96634133028442, 37.5509848991831], [126.96580367476015, 37.551298620429144], [126.96530722611284, 37.55165278641636], [126.96485676524951, 37.55204398687271], [126.96445663046116, 37.55246845486736], [126.96411067563865, 37.55292210306725], [126.96382223314319, 37.553400563080324], [126.96359408168985, 37.55389922750659], [126.96342841955412, 37.5544132942935], [126.9633268433609, 37.55493781296844], [126.96329033266171, 37.555467732304045], [126.96331924045046, 37.55599794895764], [126.9634132897111, 37.55652335661648], [126.96357157603234, 37.55703889517571], [126.96379257626616, 37.55753959947538], [126.96407416314932, 37.558020647127044], [126.96441362574798, 37.55847740496855], [126.96480769553084, 37.55890547369991], [126.96525257782078, 37.559300730268944], [126.96574398832313, 37.559659367598485], [126.96627719437934, 37.559977931271334], [126.96684706054928, 37.5602533528191], [126.96744809808253, 37.56048297929341], [126.96807451780242, 37.56066459883412], [126.96872028589164, 37.56079646198723], [126.96937918204178, 37.56087729856696], [126.97004485940484, 37.56090632989872], [126.97071090576745, 37.56088327632488], [126.97137090535679, 37.56080835990074], [126.97201850068137, 37.56068230225457], [126.97264745380828, 37.5605063176325], [126.97325170648546, 37.560282101195305], [126.97382543852788, 37.560011812680365], [126.97436312390374, 37.55969805558633], [126.97485958397924, 37.559343852081994], [126.97531003740822, 37.558952613881075], [126.97571014618532, 37.55852810936496], [126.97605605741929, 37.558074427270164], [126.97634444042401, 37.55759593729136], [126.97657251877062, 37.55709724798005], [126.97673809699309, 37.556583162345134], [126.97683958169125, 37.55605863158355], [126.97687599682968, 37.55552870738712], [126.97684699308678, 37.55499849328534], [126.9767528511661, 37.554473095492874], [126.97659447903983, 37.553957573735424], [126.97637340315337, 37.55345689252725], [126.9760917536773, 37.552975873369434], [126.97575224395082, 37.55251914832908]]], [[[127.05689748634369, 37.285038916437024], [127.05645372320855, 37.28464399410568], [127.05596365627609, 37.284285726352984], [127.0554320050485, 37.283967562955375], [127.05486388924375, 37.28369256748035], [127.05426477950434, 37.28346338780265], [127.05364044473586, 37.28328223062225], [127.052996896582, 37.28315084022901], [127.05234033156906, 37.28307048171777], [127.05167707147595, 37.283041928814995], [127.05101350250192, 37.28306545643391], [127.0503560138162, 37.28314083802946], [127.04971093607914, 37.2832673477787], [127.04908448052494, 37.283443767565196], [127.04848267919093, 37.28366839870102], [127.04791132686687, 37.28393907827325], [127.04737592532204, 37.28425319995841], [127.04688163034571, 37.284607739104665], [127.04643320211031, 37.2849992818414], [127.0460349593345, 37.285424057935906], [127.04569073768721, 37.28587797708227], [127.04540385283389, 37.2863566682732], [127.04517706848077, 37.28685552187666], [127.04501256972645, 37.287369734012884], [127.0449119419781, 37.28789435280468], [127.04487615563724, 37.288424326056486], [127.04490555670428, 37.288954549903295], [127.0449998633942, 37.28947991796097], [127.04515816879771, 37.28999537050501], [127.045378949565, 37.290495943204064], [127.04566008052937, 37.290976814938276], [127.04599885513262, 37.29143335424207], [127.04639201145656, 37.29186116392347], [127.04683576361137, 37.29225612342933], [127.04732583817976, 37.292614428548276], [127.0478575153661, 37.29293262806794], [127.0484256744548, 37.293207657032646], [127.04902484314, 37.29343686628068], [127.04964925025085, 37.29361804797571], [127.0502928813636, 37.293749456885756], [127.0509495367639, 37.29382982720442], [127.05161289119926, 37.29385838475149], [127.05227655484492, 37.29383485443524], [127.05293413489349, 37.29375946290436], [127.05357929717358, 37.29363293636367], [127.05420582720207, 37.29345649357484], [127.05480769007961, 37.293231834109775], [127.05537908865135, 37.292961121970066], [127.05591451937077, 37.292646964730785], [127.05640882532741, 37.29229238841001], [127.05685724592685, 37.29190080830704], [127.05725546274394, 37.29147599609048], [127.05759964110726, 37.29102204345442], [127.05788646701481, 37.29054332269316], [127.05811317902554, 37.290044444575074], [127.05827759482094, 37.289530213922035], [127.05837813218197, 37.28900558332282], [127.05841382418059, 37.288475605426726], [127.05838432844192, 37.28794538427726], [127.05828993038918, 37.2874200261549], [127.0581315404426, 37.28690459040231], [127.05791068520101, 37.286404040705605], [127.05762949269311, 37.28592319730063], [127.05729067184218, 37.285466690564284], [127.05689748634369, 37.285038916437024]]], [[[127.07458769298175, 37.29433743373418], [127.07414378259561, 37.29394257742299], [127.07365357118462, 37.29358438256964], [127.07312177964134, 37.293266298248376], [127.072553529034, 37.292991387265104], [127.07195429130216, 37.29276229668097], [127.07132983658292, 37.29258123233815], [127.07068617767408, 37.29244993763272], [127.07002951216754, 37.29236967673839], [127.0693661628091, 37.292341222442], [127.06870251665703, 37.29236484870765], [127.06804496362325, 37.2924403280409], [127.06739983498741, 37.29256693367805], [127.06677334247388, 37.29274344657982], [127.066171518476, 37.29296816716211], [127.06560015800208, 37.293238931651025], [127.06506476290045, 37.29355313290573], [127.06457048889902, 37.29390774550848], [127.06412209596917, 37.29429935488142], [127.06372390249045, 37.29472419015026], [127.06337974365823, 37.295178160439235], [127.06309293453403, 37.295656894248395], [127.06286623809603, 37.2961557815351], [127.0627018385972, 37.29667001809485], [127.06260132048983, 37.297194651814884], [127.06256565312044, 37.29772463035536], [127.0625951813444, 37.29825484979982], [127.0626896221526, 37.29878020380593], [127.06284806734458, 37.299295632783995], [127.06306899222432, 37.29979617262896], [127.06335027023712, 37.30027700253687], [127.06368919340832, 37.30073349144446], [127.06408249838843, 37.30116124264466], [127.06452639785527, 37.30155613614718], [127.06501661697199, 37.30191436837606], [127.06554843454981, 37.30223248882077], [127.06611672852004, 37.302507433287154], [127.0667160252767, 37.30273655342735], [127.06734055241441, 37.30291764226338], [127.0679842943524, 37.30304895545788], [127.06864105030799, 37.30312922812662], [127.06930449405938, 37.303157687030286], [127.06996823492096, 37.30313405802771], [127.07062587934115, 37.30305856871853], [127.0712710925283, 37.30293194624979], [127.07189765950885, 37.302755410307604], [127.07249954502772, 37.30253066136154], [127.07307095171235, 37.302259864275435], [127.07360637593862, 37.301945627442855], [127.0741006608593, 37.30159097764877], [127.07454904608348, 37.301199330900296], [127.07494721352764, 37.300774459508], [127.07529132899697, 37.30032045573592], [127.07557807909633, 37.29984169237069], [127.07580470311582, 37.299342780590784], [127.07596901958553, 37.29882852554196], [127.07606944724388, 37.29830388004753], [127.07610502022031, 37.29777389689978], [127.07607539728684, 37.297243680192246], [127.07598086509223, 37.29671833616206], [127.07582233534893, 37.29620292401559], [127.07560133600218, 37.295702407211024], [127.0753199964684, 37.29522160566691], [127.07498102708645, 37.294765149356486], [127.07458769298175, 37.29433743373418]]], [[[127.04961533149223, 37.298651154903325], [127.0491715274755, 37.298256205901566], [127.04868140774865, 37.29789790846683], [127.04814969232262, 37.297579712661125], [127.04758150153387, 37.297304682363766], [127.04698230674686, 37.29707546578446], [127.046357877686, 37.29689426997825], [127.04571422690263, 37.296762839606636], [127.0450575519108, 37.29668244014912], [127.04439417554782, 37.296653845726226], [127.04373048513182, 37.29667733165074], [127.04307287100065, 37.296752671779025], [127.0424276650217, 37.29687914068726], [127.04180107966333, 37.2970555206523], [127.04119914821193, 37.2972801133697], [127.04062766670947, 37.297550756296594], [127.04009213816845, 37.29786484346252], [127.03959771960062, 37.29821935054829], [127.03914917236813, 37.298610863992266], [127.03875081633532, 37.29903561384416], [127.03840648826176, 37.29948951005109], [127.03811950483782, 37.299968181827005], [127.03789263071944, 37.300467019727236], [127.03772805187002, 37.30098122002357], [127.03762735446877, 37.301505830953175], [127.03759150958875, 37.302035800396524], [127.037620863795, 37.302566024525504], [127.03771513575471, 37.30309139695347], [127.03787341889416, 37.303606857914026], [127.03809419007887, 37.30410744299479], [127.03837532423536, 37.30458833095669], [127.03871411477564, 37.30504489017785], [127.03910729962878, 37.3054727232743], [127.03955109263094, 37.305867709467215], [127.04004121997191, 37.306226044288], [127.0405729613481, 37.30654427623794], [127.0411411954259, 37.30681934004873], [127.04174044917717, 37.30704858622274], [127.04236495061159, 37.307229806567605], [127.04300868439654, 37.307361255478845], [127.04366544982827, 37.30744166676449], [127.04432892059393, 37.307470265849446], [127.0449927057475, 37.30744677724177], [127.04565041131046, 37.30737142718824], [127.0462957019017, 37.30724494149405], [127.04692236180131, 37.307068538527474], [127.04752435485833, 37.30684391747684], [127.04809588266328, 37.3065732419739], [127.04863144042424, 37.30625911924097], [127.04912587000668, 37.30590457496404], [127.04957440962504, 37.305513024133994], [127.04997273970768, 37.30508823813786], [127.05031702449224, 37.30463430841751], [127.05060394895187, 37.304155607046894], [127.05083075069672, 37.303656744608], [127.05099524654452, 37.303142525772046], [127.05109585350588, 37.302617903014315], [127.05113160398326, 37.30208792890891], [127.05110215503943, 37.30155770746309], [127.05100779164792, 37.30103234496037], [127.05084942389617, 37.30051690078576], [127.05062857817023, 37.300016338706534], [127.05034738240812, 37.29953547907785], [127.05000854556538, 37.29907895243275], [127.04961533149223, 37.298651154903325]]], [[[127.06007963864947, 37.44479713465355], [127.05963492531664, 37.444402228768105], [127.05914381068919, 37.44404397708501], [127.05861102435816, 37.44372582922279], [127.05804169696998, 37.44345084859637], [127.05744131083023, 37.443221682934734], [127.05681564713007, 37.443040538800524], [127.05617073030312, 37.442909160356], [127.0555127700472, 37.44282881257953], [127.05484810156776, 37.44280026909334], [127.05418312461681, 37.44282380471973], [127.05352424191246, 37.44289919283692], [127.05287779752975, 37.44302570756011], [127.052250015855, 37.44320213072654], [127.05164694168833, 37.44342676361776], [127.05107438207081, 37.44369744330643], [127.05053785039345, 37.44401156347071], [127.05004251332623, 37.444366099476476], [127.04959314107649, 37.444757637486454], [127.04919406145521, 37.44518240731661], [127.0488491181939, 37.445636318724304], [127.04856163391261, 37.446115000779514], [127.04833437809728, 37.446613843940604], [127.04816954039535, 37.44712804443026], [127.0480687094878, 37.44765265048489], [127.04803285774302, 37.448182610032454], [127.04806233180214, 37.44871281934015], [127.04815684918789, 37.449238172163454], [127.04831550097236, 37.44975360892368], [127.04853676047935, 37.45025416543986], [127.04881849794003, 37.45073502074599], [127.04915800096215, 37.45119154353223], [127.04955200061754, 37.45161933676287], [127.04999670289781, 37.45201428004016], [127.05048782523649, 37.45237256930589], [127.05102063774619, 37.452690753497265], [127.05159000877443, 37.45296576780324], [127.05219045433859, 37.45319496320055], [127.05281619096384, 37.453376131983845], [127.0534611914141, 37.45350752904356], [127.05411924277801, 37.453587888686016], [127.0547840063488, 37.453616436832945], [127.05544907872016, 37.453592898482974], [127.0561080535071, 37.453517500362494], [127.05675458309582, 37.45339096874078], [127.05738243982566, 37.45321452242996], [127.05798557601207, 37.45298986103791], [127.0585581822307, 37.452719148587285], [127.05909474329964, 37.452404992658906], [127.05959009141938, 37.452050419261276], [127.06003945595792, 37.45165884366865], [127.06043850940053, 37.45123403750936], [127.06078340902175, 37.45078009242209], [127.06107083387866, 37.45030138063121], [127.06129801676887, 37.44980251282107], [127.0614627708475, 37.4492882937162], [127.06156351064712, 37.448763675795604], [127.06159926730055, 37.44823371158728], [127.061569697821, 37.4477035050032], [127.06147508835264, 37.44717816218316], [127.06131635136215, 37.446662742321465], [127.06109501680011, 37.446162208949666], [127.06081321731966, 37.44568138214434], [127.06047366769644, 37.445224892120066], [127.06007963864947, 37.44479713465355]]], [[[127.04374217102173, 37.46672033075687], [127.04329741558551, 37.46632536456791], [127.04280623729376, 37.465967045888966], [127.04227336635137, 37.46564882498333], [127.04170393422011, 37.46537376596881], [127.04110342421437, 37.46514451732871], [127.04047761871794, 37.46496328642412], [127.0398325435295, 37.46483181825229], [127.03917440987108, 37.46475137865506], [127.03850955461695, 37.46472274213828], [127.03784437931647, 37.46474618441966], [127.03718528859638, 37.464821479775935], [127.03653862853336, 37.46494790321522], [127.03591062558912, 37.46512423745365], [127.03530732669302, 37.46534878462905], [127.03473454104872, 37.46561938263956], [127.03419778422251, 37.465933425950084], [127.03370222505141, 37.46628789066692], [127.03325263588061, 37.466679363639706], [127.03285334660949, 37.4671040753112], [127.0325082029881, 37.467557935999444], [127.03222052956598, 37.4680365752635], [127.03199309765087, 37.46853538397443], [127.03182809858664, 37.46904955868744], [127.03172712260924, 37.469574147887805], [127.03169114348526, 37.47010409966645], [127.03172050908398, 37.47063431036589], [127.03181493797423, 37.47115967372872], [127.03197352208197, 37.471675130075106], [127.03219473538458, 37.47217571503574], [127.03247644855989, 37.472656607370766], [127.03281594945116, 37.47311317541378], [127.0332099691523, 37.47354102169305], [127.03365471346311, 37.47393602529973], [127.03414589941337, 37.47429438159421], [127.0346787965039, 37.47461263886769], [127.0352482722681, 37.47488773160477], [127.03584884171474, 37.475117010026196], [127.03647472017573, 37.47529826562641], [127.03711987904849, 37.47542975245909], [127.03777810389498, 37.47551020396536], [127.03844305433665, 37.47553884518159], [127.03910832516614, 37.47551540020955], [127.03976750808557, 37.47544009487589], [127.04041425347506, 37.47531365455591], [127.04104233159393, 37.47513729718221], [127.04164569262382, 37.474912721506016], [127.04221852497338, 37.47464209072448], [127.04275531128138, 37.474328011632046], [127.04325088157792, 37.473973509497526], [127.0437004630902, 37.4735819989092], [127.04409972621313, 37.47315725086986], [127.04444482620163, 37.47270335645906], [127.04473244018286, 37.47222468741369], [127.04495979913337, 37.47172585400711], [127.04512471451325, 37.47121166063322], [127.04522559930261, 37.47068705952386], [127.04526148323905, 37.470157103045764], [127.04523202211134, 37.46962689503698], [127.04513750102176, 37.469101541651526], [127.04497883158753, 37.46858610218583], [127.0447575431103, 37.46808554036048], [127.04447576780119, 37.46760467652624], [127.04413622020466, 37.46714814125425], [127.04374217102173, 37.46672033075687]]], [[[127.033765129714, 37.52342244368946], [127.03332009398626, 37.5230274418228], [127.03282859517404, 37.522669082922434], [127.03229536656919, 37.52235081763784], [127.03172554307743, 37.52207571051309], [127.03112461178087, 37.52184641049365], [127.03049835911861, 37.52166512543435], [127.0298528151931, 37.521533600853054], [127.02919419573745, 37.52145310313401], [127.02852884230094, 37.52142440734222], [127.02786316122696, 37.52144778976578], [127.02720356200909, 37.52152302525768], [127.02655639561738, 37.521649389402576], [127.02592789338597, 37.521825665487874], [127.02532410704934, 37.5220501562119], [127.02475085050253, 37.52232070001712], [127.02421364384452, 37.5226346918913], [127.02371766024275, 37.52298910843702], [127.02326767612898, 37.52338053696894], [127.02286802520585, 37.52380520835897], [127.02252255670687, 37.5242590333142], [127.02223459831164, 37.52473764173898], [127.02200692407429, 37.525236424802465], [127.02184172767508, 37.525750579307754], [127.02174060125337, 37.52627515393558], [127.02170452002831, 37.52680509691783], [127.02173383285616, 37.5273353046822], [127.02182825881785, 37.52786067099973], [127.02198688987147, 37.528376136162144], [127.02220819954596, 37.52887673571496], [127.02249005759435, 37.52935764827737], [127.02282975046771, 37.52981424198751], [127.0232240074133, 37.53024211912562], [127.02366903194792, 37.53063715848469], [127.02416053840358, 37.53099555507974], [127.02469379319466, 37.5313138568127], [127.02526366040917, 37.53158899773884], [127.02586465128466, 37.531818327613685], [127.02649097709258, 37.5319996374351], [127.02713660491942, 37.53213118073362], [127.02779531580782, 37.532211690405724], [127.02846076469481, 37.532240390927036], [127.02912654156894, 37.53221700582771], [127.02978623325497, 37.532141760357604], [127.03043348522941, 37.53201537931548], [127.03106206286922, 37.53183908006332], [127.03166591154202, 37.53161456079307], [127.03223921495724, 37.5313439841593], [127.03277645121476, 37.53102995643581], [127.03327244600963, 37.53067550239766], [127.03372242247997, 37.53028403617107], [127.03412204721685, 37.52985932833268], [127.03446747199311, 37.52940546957605], [127.03475537080938, 37.52892683129587], [127.03498297190109, 37.528428023470276], [127.03514808439898, 37.52791385024775], [127.03524911938793, 37.52738926366686], [127.03528510516249, 37.5268593159551], [127.03525569653456, 37.526329110866506], [127.03516117810469, 37.525803754527175], [127.03500246146832, 37.525288306261984], [127.03478107638543, 37.52478772987603], [127.03449915600085, 37.52430684585983], [127.03415941625909, 37.52385028497825], [127.033765129714, 37.52342244368946]]], [[[127.04467421054457, 37.558233686961515], [127.04427968448377, 37.5578058816812], [127.04383439034383, 37.557410920024935], [127.04334261671117, 37.55705260514894], [127.04280909952358, 37.556734387278084], [127.0422389764648, 37.556459330499194], [127.04163773750032, 37.556230083272496], [127.04101117203034, 37.55604885294406], [127.0403653131677, 37.555917384504475], [127.03970637967613, 37.55583694379727], [127.03904071612688, 37.55580830533849], [127.03837473184743, 37.555831744864385], [127.03771483924918, 37.555907036678356], [127.03706739212541, 37.55603345582321], [127.03643862451212, 37.55620978505725], [127.03583459069802, 37.55643432656763], [127.03526110696038, 37.55670491830847], [127.03472369558558, 37.557018954806615], [127.03422753171242, 37.55737341223567], [127.03377739350906, 37.55776487751724], [127.03337761616287, 37.558189581170005], [127.03303205012607, 37.558643433590895], [127.0327440240192, 37.55912206442017], [127.03251631255043, 37.55962086461157], [127.03235110976071, 37.56013503080342], [127.03225000785332, 37.56065961156394], [127.0322139818137, 37.56118955506584], [127.03224337996903, 37.561719757731524], [127.03233792058089, 37.56224511338082], [127.03249669450524, 37.562760562407604], [127.0327181738969, 37.563261140512246], [127.03300022687603, 37.563742026519776], [127.03334013801738, 37.564198588823345], [127.03373463446688, 37.56462643000489], [127.03417991743491, 37.565021429202936], [127.03467169876431, 37.565379781818585], [127.03520524222156, 37.56569803617664], [127.0357754091134, 37.56597312678806], [127.03637670778981, 37.56620240389251], [127.03700334655593, 37.56638365899571], [127.0376492894822, 37.56651514615498], [127.03830831457432, 37.566595598807424], [127.03897407374096, 37.566624241977905], [127.03964015398006, 37.56660079974917], [127.04030013919258, 37.56652549792162], [127.04094767202605, 37.56639906183731], [127.04157651515081, 37.56622270938891], [127.0421806113762, 37.565998139281355], [127.04275414202654, 37.565727514659535], [127.04329158301262, 37.56541344226017], [127.04378775805773, 37.56505894728931], [127.04423788856433, 37.564667444268075], [127.04463763964087, 37.56424270412814], [127.04498316184461, 37.5637888178747], [127.04527112823955, 37.56331015716767], [127.04549876641218, 37.562811332201534], [127.04566388513828, 37.56229714728998], [127.04576489544507, 37.561772554584245], [127.04580082586733, 37.56124260637063], [127.04577133175235, 37.56071240640778], [127.04567669852625, 37.56018706077205], [127.04551783889215, 37.55967162868471], [127.04529628398905, 37.55917107379444], [127.04501416859866, 37.55869021638407], [127.04467421054457, 37.558233686961515]]], [[[127.10149782344195, 37.19674319817214], [127.1010543390757, 37.196348438800534], [127.10056462671601, 37.19599035244975], [127.10003340244845, 37.195672387151056], [127.09946578187846, 37.19539760456618], [127.09886723087975, 37.1951686505218], [127.09824351297883, 37.19498772954716], [127.09760063388156, 37.19485658365948], [127.09694478367491, 37.194776475600946], [127.09628227725877, 37.19474817668787], [127.0956194935797, 37.19477195938898], [127.09496281425028, 37.19484759470392], [127.09431856214266, 37.194974354367105], [127.09369294054618, 37.195151017855764], [127.09309197347285, 37.195375884135], [127.09252144768368, 37.19564678802687], [127.09198685699297, 37.19596112104675], [127.09149334938513, 37.196315856506345], [127.09104567745285, 37.19670757864281], [127.09064815263301, 37.19713251549393], [127.09030460368098, 37.197586575203545], [127.09001833978309, 37.19806538540848], [127.08979211866367, 37.19856433532834], [127.08962811999407, 37.19907862015356], [127.08952792436126, 37.19960328730487], [127.08949249800037, 37.20013328411916], [127.08952218343936, 37.20066350650287], [127.08961669614837, 37.201188848084755], [127.08977512722774, 37.20170424939443], [127.08999595211087, 37.20220474659349], [127.09027704520007, 37.2026855192892], [127.09061570029621, 37.203141936970205], [127.09100865662701, 37.20356960361663], [127.09145213022471, 37.2039644000541], [127.09194185035155, 37.204322523643214], [127.09247310062345, 37.2046405249217], [127.09304076443563, 37.20491534084509], [127.0936393742526, 37.205144324305586], [127.09426316428755, 37.20532526964347], [127.0949061260625, 37.20545643390523], [127.09556206631324, 37.205536553642595], [127.09622466667955, 37.20556485709048], [127.09688754460433, 37.205541071605836], [127.09754431485332, 37.205465426296], [127.09818865106033, 37.205338649810685], [127.0988143467041, 37.20516196331908], [127.09941537492705, 37.20493706874013], [127.09998594661819, 37.20466613233924], [127.1005205661993, 37.204351763850404], [127.10101408457568, 37.203996991324956], [127.10146174874082, 37.20360523195015], [127.10185924755632, 37.20318025911925], [127.10220275326617, 37.2027261660711], [127.10248895834577, 37.20224732645007], [127.10271510733115, 37.20174835216699], [127.1028790233231, 37.20123404896767], [127.10297912891181, 37.20070937013751], [127.10301446132256, 37.200179368788426], [127.1029846816378, 37.19964914918824], [127.10289007800924, 37.19912381760125], [127.10273156283051, 37.19860843311371], [127.10251066390009, 37.19810795891758], [127.10222950966129, 37.197627214521624], [127.10189080866316, 37.19717082934961], [127.10149782344195, 37.19674319817214]]], [[[127.12120988965441, 37.27207482555331], [127.120765863834, 37.27168014195854], [127.12027557317259, 37.271322138400855], [127.11974373932365, 37.27100426211271], [127.11917548376078, 37.270729573897434], [127.11857627846975, 37.270500718671805], [127.11795189327422, 37.27031990001264], [127.11730834030195, 37.27018885895134], [127.1166518161247, 37.27010885722041], [127.11598864212793, 37.27008066511229], [127.11532520368223, 37.270104554067586], [127.11466788870091, 37.270180294063444], [127.11402302617326, 37.27030715582709], [127.11339682526328, 37.27048391785374], [127.1127953155588, 37.270708878160896], [127.1122242890442, 37.27097987066667], [127.11168924435452, 37.271294286034575], [127.1111953338459, 37.27164909678486], [127.1107473139917, 37.27204088643116], [127.11034949958096, 37.27246588236245], [127.11000572216038, 37.27291999215488], [127.10971929311988, 37.27339884296397], [127.10949297177821, 37.27389782361904], [127.10932893877643, 37.27441212901499], [127.10922877503717, 37.27493680637462], [127.10919344649349, 37.27546680293634], [127.1092232947365, 37.27599701460859], [127.10931803367346, 37.27652233512251], [127.10947675223052, 37.27703770520961], [127.1096979230766, 37.27753816133093], [127.10997941728544, 37.27801888348795], [127.11031852479739, 37.2784752416545], [127.11071198048472, 37.27890284038225], [127.11115599557104, 37.27929756114932], [127.1116462941033, 37.27965560204356], [127.11217815412557, 37.27997351439766], [127.11274645315841, 37.280248236022295], [127.1133457175455, 37.28047712071678], [127.11397017519218, 37.280657963771844], [127.11461381118646, 37.28078902321853], [127.115270425766, 37.28086903661786], [127.11593369407133, 37.28089723322891], [127.11659722710759, 37.28087334143807], [127.11725463332638, 37.28079759137716], [127.11789958023228, 37.28067071270573], [127.11852585541858, 37.280493927578334], [127.11912742644314, 37.280268938865206], [127.11969849896505, 37.27999791373988], [127.12023357258123, 37.27968346279239], [127.12072749382392, 37.27932861486978], [127.12117550580727, 37.278936787886956], [127.1215732940447, 37.2785117558897], [127.1219170279953, 37.27805761268791], [127.12220339793971, 37.27757873240997], [127.12242964683024, 37.277079727359016], [127.12259359681005, 37.276565403577656], [127.12269367014702, 37.27604071454965], [127.12272890438213, 37.275510713484984], [127.12269896154856, 37.274980504648276], [127.12260413137413, 37.274455194199426], [127.12244532843884, 37.2739398410201], [127.12222408331644, 37.27343940799952], [127.12194252778751, 37.27295871424847], [127.12160337426822, 37.27250238870147], [127.12120988965441, 37.27207482555331]]], [[[127.11657894946792, 37.282726262811394], [127.1161348858969, 37.28233156234139], [127.11564454869057, 37.28197353998298], [127.11511265995087, 37.281655643149485], [127.11454434168007, 37.28138093284182], [127.11394506646772, 37.281152054189334], [127.11332060481062, 37.280971210994146], [127.11267696957248, 37.28084014452376], [127.11202035811688, 37.280760116755104], [127.11135709266912, 37.2807318982312], [127.1106935594799, 37.28075576064691], [127.11003614737417, 37.28083147423478], [127.10939118627589, 37.280958309976334], [127.10876488629755, 37.28113504661735], [127.10816327798032, 37.28135998241983], [127.10759215425767, 37.28163095153794], [127.10705701470022, 37.28194534486053], [127.10656301257727, 37.28230013512032], [127.10611490524417, 37.28269190602846], [127.10571700833223, 37.28311688515465], [127.10537315418266, 37.28357098023707], [127.10508665492442, 37.28404981857318], [127.10486027055275, 37.284548789112684], [127.10469618231609, 37.28506308684814], [127.10459597166954, 37.28558775907633], [127.10456060499854, 37.28611775308531], [127.10459042426207, 37.28664796480826], [127.10468514364715, 37.28717328797594], [127.10484385226906, 37.28768866329442], [127.10506502289311, 37.288189127174384], [127.10534652659591, 37.28866985954253], [127.10568565322707, 37.28912623027433], [127.10607913747522, 37.289553843800334], [127.10652319028944, 37.28994858145596], [127.10701353535362, 37.29030664116624], [127.1075454502639, 37.290624574082415], [127.10811381201228, 37.29089931781692], [127.10871314633837, 37.29112822595587], [127.1093376804737, 37.29130909356397], [127.10998139876921, 37.29144017843556], [127.11063810066953, 37.29152021788654], [127.11130146047354, 37.29154844092496], [127.11196508830459, 37.29152457568248], [127.11262259170057, 37.29144885203515], [127.1132676372294, 37.291321999388046], [127.11389401153392, 37.29114523964505], [127.11449568121664, 37.290920275431965], [127.11506685098587, 37.29064927368646], [127.11560201950145, 37.29033484477348], [127.1160960323812, 37.289980017328055], [127.11654413185644, 37.289588209068064], [127.11694200259778, 37.2891631938592], [127.11728581326977, 37.2887090653499], [127.11757225341425, 37.288230197527334], [127.11779856530772, 37.28773120257493], [127.117962570487, 37.28721688643829], [127.11806269068884, 37.28669220252775], [127.11809796300358, 37.286162204004256], [127.11806804909827, 37.28563199510808], [127.1179732384229, 37.28510668199987], [127.11781444537044, 37.28459132358693], [127.11759320042025, 37.28409088280895], [127.11731163535191, 37.283610178851376], [127.11697246267418, 37.283153840747], [127.11657894946792, 37.282726262811394]]], [[[127.11092121669499, 37.295565095485365], [127.11047710800412, 37.29517037438487], [127.10998671503462, 37.294812329043744], [127.1094547604257, 37.2944944070964], [127.10888636681406, 37.29421966978532], [127.10828700751466, 37.29399076249958], [127.10766245383383, 37.293809889316776], [127.10701871952104, 37.29367879179289], [127.10636200289336, 37.29359873220365], [127.10569862718833, 37.293570481398284], [127.10503497971754, 37.293594311382314], [127.10437745040574, 37.293669992700494], [127.10373237030461, 37.29379679664504], [127.10326344303071, 37.29392907591394], [127.10318461472652, 37.29393814796894], [127.10253953038858, 37.29406494538153], [127.10191310579414, 37.294241644653965], [127.10131137268355, 37.2944665444081], [127.10074012519127, 37.294737479145326], [127.1002048640791, 37.29505184008575], [127.0997107437864, 37.29540660027409], [127.09926252280609, 37.29579834371139], [127.09886451786363, 37.29622329823211], [127.09852056234055, 37.29667737181176], [127.09823396934217, 37.29715619195519], [127.09800749976675, 37.29765514778762], [127.09784333568376, 37.29816943444361], [127.0977430592793, 37.298694099326944], [127.09770763757282, 37.29922408979669], [127.09773741305418, 37.29975430182036], [127.097832100333, 37.300279629126], [127.09799078883465, 37.30079501237997], [127.0982119515192, 37.301295487916605], [127.09849345954066, 37.301776235550356], [127.09883260270783, 37.302232625009594], [127.09922611555092, 37.302660260544414], [127.0996702087442, 37.30305502327809], [127.10016060558318, 37.30341311089391], [127.10069258316567, 37.30373107427409], [127.10126101788016, 37.304005850737376], [127.10186043476357, 37.30423479355437], [127.10248506025201, 37.304415697455454], [127.10312887781623, 37.304546819885125], [127.10378568594426, 37.30462689779729], [127.10444915791122, 37.30465515982926], [127.1051129027594, 37.30463133373697], [127.10577052689885, 37.30455564901923], [127.10641569573374, 37.304428834706066], [127.10688468295598, 37.30429654352583], [127.10696352166039, 37.30428746908196], [127.10760868625528, 37.30416064823472], [127.10823518027442, 37.30398391950858], [127.1088369691666, 37.30375898523064], [127.10940825649124, 37.30348801205032], [127.10994353977539, 37.30317361005767], [127.11043766353103, 37.30281880762859], [127.11088586892127, 37.302427022240295], [127.11128383959651, 37.30200202753848], [127.11162774325884, 37.30154791697438], [127.1119142685546, 37.30106906436263], [127.11214065694061, 37.30057008174049], [127.11230472921748, 37.30005577493511], [127.11240490647637, 37.29953109726725], [127.11244022525888, 37.299001101837966], [127.11241034678537, 37.29847089285795], [127.11231556016547, 37.297945576488765], [127.11215677956146, 37.29743021166929], [127.11193553533366, 37.296929761400875], [127.11165395925562, 37.296449044960426], [127.11131476394289, 37.2959926915008], [127.11092121669499, 37.295565095485365]]], [[[127.11359171954425, 37.309384511898685], [127.11314751617721, 37.308989801202024], [127.11265702129204, 37.308631767181694], [127.11212495850917, 37.30831385736282], [127.11155645150671, 37.308039132870846], [127.1109569746911, 37.30781023897119], [127.11033230049966, 37.30762937961238], [127.10968844384169, 37.307498296217155], [127.10903160421162, 37.3074182509251], [127.10836810603058, 37.30739001444779], [127.10770433778879, 37.30741385865279], [127.10704669057313, 37.30748955394801], [127.10640149656997, 37.30761637149121], [127.10577496813315, 37.307793090203546], [127.10517313800254, 37.30801800851997], [127.10460180124652, 37.30828896076338], [127.10406645948623, 37.30860333798554], [127.1035722679377, 37.30895811307472], [127.10312398578014, 37.30934986988867], [127.10272593032855, 37.30977483613336], [127.10238193545126, 37.31022891967154], [127.10209531463326, 37.31070774791235], [127.1018688290414, 37.31120670990318], [127.10170466090025, 37.31172100071935], [127.10160439243596, 37.31224566772461], [127.10156899059238, 37.312775658257536], [127.10159879766906, 37.31330586828493], [127.10169352797216, 37.31383119155396], [127.1018522705136, 37.31434656876963], [127.10207349773371, 37.314847036324224], [127.10235508016555, 37.315327774108766], [127.1026943069018, 37.31578415194624], [127.10308791166804, 37.31621177419835], [127.10353210425335, 37.316606522116004], [127.104022606996, 37.3169645935249], [127.10455469597356, 37.31728253946308], [127.1051232465013, 37.317557297417046], [127.1057227825001, 37.31778622083549], [127.10634752925829, 37.31796710463546], [127.10699146907787, 37.31809820645495], [127.10764839926854, 37.31817826344637], [127.10831199192894, 37.31820650444853], [127.10897585493817, 37.31818265741998], [127.10963359356738, 37.31810695206131], [127.11027887211729, 37.31798011760149], [127.11090547498495, 37.31780337576948], [127.11150736657017, 37.31757842901879], [127.1120787494429, 37.31730744411925], [127.11261412020974, 37.31699303127403], [127.11310832253999, 37.31663821896384], [127.11355659684007, 37.316246424761324], [127.11395462609697, 37.31582142239734], [127.11429857744896, 37.315367305397146], [127.11458513908379, 37.31488844763756], [127.11481155210889, 37.31438946120557], [127.11497563708845, 37.31387515196513], [127.11507581499215, 37.313350473260506], [127.11511112235634, 37.31282047820274], [127.11508122051225, 37.31229027099889], [127.11498639879558, 37.311764957793315], [127.11482757170738, 37.31124959749425], [127.11460627005644, 37.31074915305934], [127.11432462617, 37.310268443709056], [127.11398535331708, 37.30981209852773], [127.11359171954425, 37.309384511898685]]], [[[127.08598813119681, 37.31044473142917], [127.0855946535834, 37.31001705264521], [127.08515059386937, 37.309622237752805], [127.08466022874889, 37.309264088499475], [127.08412828059417, 37.30894605351999], [127.08355987198085, 37.30867119514489], [127.08296047636911, 37.30844215992858], [127.08233586541547, 37.308261153179956], [127.08169205342107, 37.308129917740516], [127.08103523945094, 37.30804971721339], [127.08037174767951, 37.30802132380423], [127.07970796653535, 37.30804501089113], [127.07905028722948, 37.30812055039422], [127.0784050422568, 37.308247214970784], [127.07777844446137, 37.308423785014384], [127.07717652724995, 37.30864856039103], [127.07660508652839, 37.30891937679964], [127.07606962491779, 37.309233626599784], [127.0755752987869, 37.309588283906564], [127.07512686860953, 37.309979933711986], [127.0747286531247, 37.31040480475263], [127.07438448774049, 37.3108588058084], [127.07409768758262, 37.311337565083214], [127.073871015544, 37.311836472289166], [127.0737066556438, 37.31235072302989], [127.0736061919542, 37.312875365055845], [127.07357059329881, 37.31340534594702], [127.07360020387237, 37.31393556176396], [127.07369473987377, 37.31446090619893], [127.07385329218657, 37.31497631975397], [127.07407433508376, 37.315476838472115], [127.07435574087462, 37.3159576417524], [127.07469480035411, 37.316414098787575], [127.07508824885993, 37.316841813177035], [127.07553229768753, 37.31723666528461], [127.0760226705611, 37.31759485193268], [127.07655464481044, 37.31791292304938], [127.07712309685716, 37.31818781491543], [127.07772255157191, 37.31841687968942], [127.07834723502695, 37.318597910926556], [127.07899113013488, 37.31872916484422], [127.07964803463669, 37.318809377129256], [127.08031162087887, 37.31883777512408], [127.08097549680235, 37.31881408527443], [127.08163326755385, 37.31873853576632], [127.08227859712427, 37.31861185432696], [127.08290526941848, 37.31843526121081], [127.08350724816675, 37.318210457438525], [127.08407873509844, 37.317939608402426], [127.08461422581662, 37.31762532299681], [127.08510856283394, 37.31727062847483], [127.08555698525822, 37.31687894127469], [127.08595517464842, 37.31645403409683], [127.08629929659925, 37.31599999955008], [127.08658603765407, 37.3155212107176], [127.0868126371913, 37.31502227902315], [127.08697691397796, 37.31450800980418], [127.08707728713593, 37.313983356020344], [127.08711279132056, 37.31345337054349], [127.08708308596765, 37.31292315748931], [127.08698845852061, 37.312397823059364], [127.08682982161011, 37.31188242636711], [127.08660870421413, 37.31138193072152], [127.0863272368864, 37.31090115583686], [127.08598813119681, 37.31044473142917]]], [[[127.10002023693632, 37.31913900804493], [127.09957604805544, 37.318744247133516], [127.09908555508763, 37.3183861574562], [127.09855348163553, 37.31806818707387], [127.09798495148048, 37.31779339769491], [127.09738543925226, 37.3175644352093], [127.09676071772941, 37.31738350422565], [127.096116802277, 37.31725234685605], [127.09545989295547, 37.31717222595204], [127.09479631485674, 37.317143912952886], [127.09413245724004, 37.317167680462674], [127.09347471205231, 37.317243299627535], [127.09282941242257, 37.31737004233802], [127.09220277172102, 37.317546688235716], [127.09160082376768, 37.317771536456576], [127.09102936476467, 37.318042421998435], [127.0904938975095, 37.31835673655541], [127.08999957842586, 37.318711453619294], [127.08955116792038, 37.31910315760682], [127.08915298454346, 37.319528076732915], [127.0888088633949, 37.319982119314425], [127.08852211917538, 37.320460913155294], [127.08829551424006, 37.320959847634626], [127.08813123196289, 37.321474118093086], [127.08803085566933, 37.321998772091], [127.08799535334224, 37.32252875709266], [127.08802506824935, 37.323058969118584], [127.08811971558521, 37.3235843018971], [127.08827838516166, 37.32409969604199], [127.08849955012253, 37.32460018778277], [127.08878108160152, 37.325080956777775], [127.08912026918297, 37.325537372549526], [127.08951384697056, 37.32596503909444], [127.08995802501404, 37.326359837236836], [127.09044852579251, 37.32671796431852], [127.09098062540316, 37.327035970841195], [127.09154919905939, 37.327310793707596], [127.09214877045969, 37.32753978574087], [127.09277356455154, 37.32772074119686], [127.09341756318113, 37.32785191702307], [127.09407456309154, 37.32793204965865], [127.09473823570963, 37.32796036721351], [127.09540218814375, 37.32793659690848], [127.09606002480324, 37.32786096770486], [127.09670540904384, 37.32773420809787], [127.09733212424383, 37.32755753909527], [127.09793413372024, 37.327332662448995], [127.09850563890667, 37.32706174425359], [127.09904113523078, 37.32674739406979], [127.0995354651518, 37.326392639774916], [127.09998386784663, 37.32600089838302], [127.10038202506497, 37.32557594311659], [127.10072610271237, 37.32512186704763], [127.10081120253162, 37.324979733445865], [127.10082419685742, 37.32521088771906], [127.10091893594986, 37.325736210606905], [127.1010776974915, 37.32625158793981], [127.10129895374038, 37.3267520561088], [127.1015805749507, 37.32723279499893], [127.10191984984216, 37.3276891744223], [127.1023135116771, 37.32811679872519], [127.10275776969527, 37.32851154913853], [127.10324834560483, 37.328869623463746], [127.10378051477875, 37.32918757271058], [127.10434915175976, 37.32946233433342], [127.10494877963583, 37.32969126174541], [127.10557362281, 37.32987214982493], [127.1062176626551, 37.33000325616864], [127.10687469551686, 37.33008331788518], [127.10753839250445, 37.3301115637678], [127.10820236049135, 37.330087721728], [127.10886020373695, 37.3300120214183], [127.10950558553368, 37.329885192019134], [127.11013228928353, 37.329708455210756], [127.11073427841409, 37.32948351339845], [127.11130575455537, 37.32921253330466], [127.1118412134153, 37.32889812508643], [127.11233549781451, 37.328543317180184], [127.11278384736895, 37.32815152711633], [127.11318194434082, 37.32772652858613], [127.11352595521657, 37.32727241507815], [127.1138125676109, 37.32679356043578], [127.11403902214298, 37.32629457671621], [127.11420313897776, 37.325780269757395], [127.11430333877892, 37.32525559288182], [127.11433865787258, 37.324725599182955], [127.1143087574779, 37.324195392854854], [127.11421392691737, 37.323670080033416], [127.114055080778, 37.323154719623155], [127.11383375005283, 37.322654274582696], [127.11355206734967, 37.322173564138204], [127.113212746312, 37.32171721738438], [127.11281905545084, 37.321289628719526], [127.11237478664194, 37.32089491554313], [127.11188421859177, 37.32053687862277], [127.11135207562533, 37.320218965511266], [127.11078348219277, 37.31994423736557], [127.11018391353257, 37.319715339486045], [127.1095591429661, 37.319534475859335], [127.1089151863302, 37.31940338794915], [127.10825824408148, 37.319323337938414], [127.10759464162855, 37.31929509658403], [127.10693076846505, 37.31931893580052], [127.10627301668754, 37.319394626043795], [127.10562771948851, 37.31952143852032], [127.105001090215, 37.319698152200175], [127.10439916257725, 37.31992306556684], [127.10382773258218, 37.32019401299107], [127.10329230274847, 37.320508385571266], [127.10279802914002, 37.32086315624058], [127.10234967172622, 37.32125490889956], [127.10195154854682, 37.321679871294435], [127.1016074941226, 37.32213395132527], [127.10152239905584, 37.3222760855955], [127.10150940301403, 37.322044931274824], [127.1014146642064, 37.32151960853508], [127.10125591001912, 37.321004231286686], [127.10103467055978, 37.320503762650816], [127.10075307755771, 37.32002302208122], [127.10041384379285, 37.31956663896302], [127.10002023693632, 37.31913900804493]]], [[[127.10417028171497, 37.33262971454385], [127.10351322970702, 37.33254963773207], [127.10284951299083, 37.332521369166486], [127.1021855221596, 37.3325451810235], [127.10152765044212, 37.332620844022394], [127.1008822321851, 37.33274762963192], [127.10025548190049, 37.33292431708089], [127.0996534344631, 37.33314920510548], [127.09908188703277, 37.33342012832056], [127.09854634325855, 37.33373447805787], [127.09805196030106, 37.334089227470756], [127.09760349918251, 37.3344809606647], [127.09720527894113, 37.33490590557367], [127.09686113503255, 37.33535997026642], [127.09657438237745, 37.33583878233407], [127.09634778341325, 37.33633773098029], [127.09618352145743, 37.33685201140934], [127.09608317964093, 37.337376671085394], [127.09604772561563, 37.337906657417946], [127.09607750218522, 37.338436866414455], [127.09617222395141, 37.33896219183215], [127.09633098001004, 37.339477574355385], [127.0965522426729, 37.339978050325215], [127.09683388213325, 37.3404587995515], [127.09717318693585, 37.34091519174672], [127.09756689005559, 37.34134283113397], [127.09801120033514, 37.34173759879875], [127.09850183897973, 37.34209569237607], [127.0990340807583, 37.342413662689985], [127.09960279951444, 37.342688446991744], [127.10020251754833, 37.34291739847573], [127.10082745839433, 37.34309831178826], [127.10147160248425, 37.34322944428265], [127.10212874515913, 37.343309532815475], [127.1027925564698, 37.343337805921514], [127.10345664218792, 37.34331399124987], [127.10372024564509, 37.34328367439118], [127.10415567235455, 37.34367048847363], [127.10464635289978, 37.344028556692415], [127.10517863440535, 37.34434649948677], [127.1057473903318, 37.344621254373], [127.10634714262113, 37.34485017482884], [127.1066309810457, 37.34493232459589], [127.10625403497407, 37.345038592945485], [127.10565190811184, 37.34526351058069], [127.10508028976221, 37.345534461814175], [127.10454468425712, 37.345848837708076], [127.10405024935176, 37.34620361116417], [127.1036017465688, 37.34659536605663], [127.10320349534821, 37.347020330110674], [127.10285933144442, 37.34747441121086], [127.10257256997137, 37.347953236790445], [127.10234597345219, 37.34845219592298], [127.10218172518164, 37.3489664837118], [127.10208140815973, 37.34949114755011], [127.10204598980043, 37.350021134807214], [127.10207581256479, 37.35055134148155], [127.10217059061047, 37.35107666135244], [127.10232941249197, 37.35159203515744], [127.10255074988774, 37.35209249932129], [127.1028324722718, 37.35257323376724], [127.10317186739054, 37.35302960834983], [127.1035656673492, 37.353457227461455], [127.10401008005778, 37.35385197238259], [127.10450082573483, 37.35421004096705], [127.10503317811815, 37.35452798427934], [127.10560200998549, 37.354802739830575], [127.10620184254712, 37.355031661091914], [127.1068268982337, 37.355212543000654], [127.10747115637017, 37.355343643212564], [127.10812841119838, 37.355423698895116], [127.10830220165883, 37.35543109147266], [127.10832652415972, 37.35543405391879], [127.10899044482488, 37.35546229281224], [127.10965463573415, 37.35543844399451], [127.11031269899838, 37.355362737183576], [127.11095829578944, 37.355235901622606], [127.11158520743734, 37.355059159051464], [127.1121873953662, 37.35483421193132], [127.11275905929045, 37.35456322703613], [127.11329469310877, 37.35424881456963], [127.11378913795646, 37.35389400300964], [127.1142376319041, 37.35350220992229], [127.1146358558236, 37.3530772090284], [127.11497997497932, 37.35262309383981], [127.11526667594408, 37.352144238216496], [127.11549319848515, 37.35164525422543], [127.11565736211392, 37.35113094770752], [127.11575758704497, 37.35060627198115], [127.11579290936403, 37.35007628012885], [127.11576299026093, 37.349546076326895], [127.11566811924004, 37.34902076668678], [127.11550921127964, 37.34850541008216], [127.11528779796961, 37.348004969434776], [127.11500601271446, 37.347524263928115], [127.11466657014624, 37.34706792260894], [127.11427273994724, 37.34664033982271], [127.11382831533548, 37.34624563291184], [127.11333757651802, 37.345887602583076], [127.11280524946424, 37.345569696325256], [127.1122364603966, 37.345294975228846], [127.11163668643677, 37.34506608452592], [127.11123696921595, 37.34495041569929], [127.1115316949518, 37.34486731290966], [127.1121338013685, 37.34464236521491], [127.11270538788568, 37.34437137967652], [127.11324094914784, 37.344056966504255], [127.11373532698919, 37.343702154182544], [127.11418376012571, 37.34331036028464], [127.11458193001494, 37.342885358539014], [127.11492600244128, 37.34243124246544], [127.11521266442737, 37.3419523859323], [127.11543915611537, 37.34145340101515], [127.11560329731329, 37.34093909356372], [127.11570350845109, 37.34041441690525], [127.11573882574675, 37.339884424131206], [127.11570891043773, 37.339354219426724], [127.11561405199117, 37.338828908912], [127.11545516526365, 37.33831355146919], [127.1152337816399, 37.33781311002818], [127.114952034238, 37.33733240378024], [127.11461263732507, 37.3368760617794], [127.1142188601433, 37.33644847837791], [127.11377449539997, 37.33605377092426], [127.11328382272549, 37.33569574013064], [127.11275156745232, 37.335377833490554], [127.1121828551118, 37.33510311209835], [127.11158316208703, 37.334874221189125], [127.11095826289636, 37.334693364682195], [127.11031417461452, 37.334562283972545], [127.10965709896499, 37.33448224117363], [127.10899336264018, 37.33445400697287], [127.10832935642188, 37.33447785321588], [127.10806578553135, 37.334508180576336], [127.1076303911084, 37.33412138047416], [127.10713976031077, 37.33376332432054], [127.10660754473989, 37.33344539016214], [127.10603886954506, 37.33317063935827], [127.10543921075201, 37.33294171742723], [127.10481434254977, 37.33276082858701], [127.10417028171497, 37.33262971454385]]], [[[127.11237035316917, 37.3622037239515], [127.1118379156114, 37.36188581358989], [127.11126900751505, 37.361611087923166], [127.1106691071477, 37.361382192227126], [127.1100439910234, 37.361201330466756], [127.10939967830478, 37.36107024408729], [127.1087423728752, 37.3609901952565], [127.10807840363823, 37.36096195471971], [127.10741416361704, 37.36098579438351], [127.10675604843836, 37.36106148469958], [127.10611039479178, 37.36118829687395], [127.10548341945461, 37.361365009879954], [127.10488115946774, 37.36158992220815], [127.10430941403692, 37.36186086823989], [127.10377368871738, 37.362175239087726], [127.10327914241783, 37.36253000770226], [127.10283053773354, 37.362921758004674], [127.10243219508591, 37.363346717764664], [127.10208795111016, 37.363800794908485], [127.10180112169182, 37.36427961690778], [127.10157447000898, 37.36477857287086], [127.10141017988855, 37.36529285793176], [127.10130983473448, 37.36581751951019], [127.10127440223275, 37.36634750499732], [127.10130422498165, 37.36687771040867], [127.10139901714012, 37.36740302953573], [127.10155786712787, 37.36791840312316], [127.10177924635362, 37.368418867597676], [127.10204434942288, 37.368871155078814], [127.10226220678989, 37.369363643614044], [127.1025439908966, 37.36984437770658], [127.10288346110174, 37.37030075222408], [127.10327734878796, 37.370728371559295], [127.1037218610208, 37.3711231169902], [127.10421271706045, 37.37148118636537], [127.10474518958179, 37.37179913074138], [127.10531415020526, 37.37207388761875], [127.10591411890064, 37.37230281045558], [127.1065393167868, 37.372483694173695], [127.1071837218183, 37.37261479641122], [127.10784112682136, 37.37269485431599], [127.10850519931844, 37.37272309671774], [127.10916954256378, 37.37269925156143], [127.10982775720001, 37.3726235485297], [127.11047350294004, 37.372496716829474], [127.11110055967838, 37.37231997816355], [127.1117028874409, 37.3720950349557], [127.11227468459464, 37.37182405394242], [127.11281044375457, 37.3715096452904], [127.11330500484851, 37.37115483744102], [127.1137536048274, 37.37076304792499], [127.11415192354205, 37.370338050429126], [127.1144961253442, 37.36988393843281], [127.11478289601126, 37.369405085765614], [127.11500947463996, 37.36890610446634], [127.11517368020239, 37.36839180035015], [127.11527393251028, 37.36786712671251], [127.11530926738688, 37.36733713661594], [127.11527934590218, 37.36680693421986], [127.11518445758469, 37.36628162562219], [127.11502551758036, 37.36576626968649], [127.11480405778876, 37.3652658293279], [127.11453889036568, 37.364813569809506], [127.11432096544614, 37.36432110312914], [127.1140391262927, 37.36384039633739], [127.11369961699171, 37.363384053122246], [127.11330570786862, 37.36295646784721], [127.11286119290199, 37.36256175787834], [127.11237035316917, 37.3622037239515]]], [[[127.11960802946165, 37.37504083044596], [127.1191634105202, 37.37464614438977], [127.11867246237891, 37.37428813674357], [127.11813991302265, 37.37397025477722], [127.11757089081392, 37.37369555934674], [127.11697087511851, 37.37346669543663], [127.11634564356046, 37.37328586670571], [127.11570121641319, 37.37315481428106], [127.11504379866119, 37.37307480000361], [127.1143797202889, 37.37304659428593], [127.11371537536961, 37.373070468699524], [127.11305716053957, 37.37314619336161], [127.11241141344735, 37.373273039147705], [127.11178435176959, 37.37344978470774], [127.11118201337828, 37.37367472821904], [127.11061019823397, 37.37394570376297], [127.11007441256318, 37.37426010216816], [127.10957981585594, 37.37461489612014], [127.10913117119318, 37.375006669296276], [127.10873279938177, 37.37543164924625], [127.1083885373383, 37.37588574370203], [127.108101701123, 37.37636457996863], [127.10787505398022, 37.37686354701706], [127.10771077969396, 37.377377839874576], [127.1076104615166, 37.377902505885764], [127.10757506687514, 37.37843249239893], [127.10760493800417, 37.37896269541958], [127.10769978859749, 37.37948800876204], [127.10785870651267, 37.380003373226366], [127.10808016250492, 37.38050382532686], [127.10836202490735, 37.38098454510248], [127.10870158011896, 37.38144090254848], [127.10909555870388, 37.38186850222172], [127.1095401668521, 37.382263225589305], [127.11003112289991, 37.38262127071204], [127.11056369855868, 37.38293918887986], [127.11113276445505, 37.383213917845524], [127.11173283954436, 37.3834428113358], [127.11235814392009, 37.383623664555145], [127.1130026545105, 37.38375473543537], [127.1136601631244, 37.38383476142636], [127.11432433628558, 37.38386297166528], [127.11498877627804, 37.38383909440701], [127.11564708281199, 37.383763359643574], [127.1162929147147, 37.38363649688768], [127.11692005105031, 37.38345972814154], [127.1169767341076, 37.383438559503354], [127.11681294614473, 37.383951489853395], [127.11671268215342, 37.38447616330872], [127.11667734804985, 37.385006152298594], [127.11670728548614, 37.385536352804344], [127.11680220751784, 37.38606165866423], [127.11696120131491, 37.38657701075008], [127.11718273690184, 37.38707744569508], [127.11746468184533, 37.387558143703075], [127.11780432174936, 37.388014474978704], [127.11819838636217, 37.38844204433061], [127.11864308104492, 37.38883673351768], [127.11913412330013, 37.38919474092976], [127.11937860018026, 37.38934063865223], [127.11875564188637, 37.38936304659837], [127.11809728931746, 37.38943879834014], [127.1174514105117, 37.38956567056578], [127.11682422441332, 37.3897424416709], [127.11622177009183, 37.389967409587115], [127.1156498486238, 37.39023840816114], [127.11542423543669, 37.39037078371882], [127.11494549246123, 37.39008505974866], [127.11437636077785, 37.389810349080065], [127.11377622695419, 37.38958146892016], [127.11315086975135, 37.389400623083965], [127.11250631065202, 37.389269552863], [127.11184875591066, 37.38918952026932], [127.11118453682998, 37.38916129589177], [127.11052004883727, 37.38918515148135], [127.10986168994556, 37.389260857336545], [127.10921579918974, 37.389387684513935], [127.10858859562893, 37.38956441184278], [127.10798611850058, 37.389789337676035], [127.10741416910051, 37.39006029626555], [127.10687825494755, 37.39037467860344], [127.10638353676853, 37.39072945753025], [127.10593477881399, 37.391121216868335], [127.10553630298173, 37.391546184301], [127.10519194719028, 37.392000267681055], [127.10490502840308, 37.39247909442055], [127.10467831066023, 37.39297805358251], [127.10451397842634, 37.393492340270456], [127.10441361551277, 37.394017001888585], [127.10437818977834, 37.394546985827766], [127.10440804375818, 37.3950771881184], [127.10450289131225, 37.39560250258189], [127.1046618203286, 37.39611787000752], [127.10488330145651, 37.39661832688102], [127.10516520278802, 37.39709905319526], [127.10550481034807, 37.397555418882334], [127.10589885419726, 37.397983028419546], [127.10634353989761, 37.39837776317869], [127.10660650018336, 37.398569507970805], [127.10663013363636, 37.39859048637654], [127.10712118153064, 37.398948543121044], [127.10765385968595, 37.39926647410484], [127.10822303774181, 37.39954121695693], [127.10882323357295, 37.399770125270045], [127.10944866610949, 37.399950994105524], [127.11009331104465, 37.40008208124457], [127.11075095889258, 37.400162123980195], [127.11141527483517, 37.400190351288195], [127.11207985978025, 37.400166491258865], [127.11273831204093, 37.40009077371831], [127.11338428903993, 37.39996392801335], [127.11401156844298, 37.39978717598202], [127.11461410813027, 37.39956222017719], [127.11518610442677, 37.39929122745718], [127.11544694894917, 37.39913819974059], [127.1156039237381, 37.39923187379484], [127.11617313089347, 37.39950657854001], [127.11677335098562, 37.39973544663275], [127.11739880271068, 37.399916273521924], [127.11804346157686, 37.400047317392826], [127.11824355302643, 37.4000716572988], [127.11824444686845, 37.400071998108494], [127.11886990498608, 37.400252817240805], [127.11951456936144, 37.4003838531137], [127.12017223032116, 37.400463843514245], [127.12083655292068, 37.400492017922474], [127.12150113800367, 37.40046810493847], [127.12215958388187, 37.40039233489858], [127.12280554803968, 37.400265437655506], [127.12333947689304, 37.40011494256766], [127.1234767509021, 37.40023674864204], [127.12396789022911, 37.400594735824434], [127.12450065180462, 37.40091259128008], [127.12506990446377, 37.40118725336548], [127.12567016536205, 37.401416076451376], [127.12629565280211, 37.40159685642024], [127.12694034194784, 37.40172785190944], [127.12759802288694, 37.401807801095124], [127.12826236048231, 37.40183593385451], [127.12892695543306, 37.40181197918898], [127.12958540595584, 37.401736167836525], [127.1302313694903, 37.40160923004797], [127.13085862383218, 37.40143238854866], [127.13146112710346, 37.40120734675353], [127.13203307598047, 37.40093627234937], [127.13256896161703, 37.40062177640307], [127.13306362272324, 37.400266888197436], [127.13351229528783, 37.3998750260377], [127.13391065846376, 37.3994499643108], [127.13425487617616, 37.398995797115035], [127.1345416340511, 37.39851689881181], [127.13476817131053, 37.398017881879504], [127.13493230732719, 37.39750355247634], [127.13503246258482, 37.39697886414099], [127.13506767384348, 37.396448870077144], [127.1350376033658, 37.39591867448184], [127.134942542117, 37.39539338338687], [127.13478340691016, 37.39487805548646], [127.13456173152588, 37.394377653424925], [127.13427965189443, 37.39389699601311], [127.13393988548414, 37.39344071183351], [127.13387431004053, 37.39336959094753], [127.13381033348792, 37.39316240081832], [127.13358866954475, 37.392661996848645], [127.13330660248344, 37.3921813370434], [127.13296684965127, 37.39172505000818], [127.13257268371903, 37.39129752956463], [127.13212790113808, 37.39090289245373], [127.13163678556224, 37.39054493870911], [127.13110406658804, 37.39022711508122], [127.13053487421053, 37.38995248186409], [127.12993468943317, 37.38972368344294], [127.12930929150714, 37.38954292284592], [127.12866470230676, 37.38941194054408], [127.12800712837593, 37.38933199770316], [127.12757767373483, 37.389313808378], [127.12773388742399, 37.38922212609399], [127.12822849579044, 37.38886725714977], [127.1286771249249, 37.388475412350424], [127.12907545439833, 37.38805036591546], [127.12941964845996, 37.38759621179577], [127.12970639296304, 37.38711732422671], [127.12993292725758, 37.386618315583156], [127.13009707074414, 37.386103991943514], [127.1301972438337, 37.38557930679097], [127.13023248311382, 37.38504931329865], [127.13020245057642, 37.38451911565819], [127.13010743682061, 37.383993819921265], [127.12994835820137, 37.38347848482701], [127.12972674795384, 37.38297807308928], [127.12944474138047, 37.38249740361235], [127.12910505524573, 37.38204110509517], [127.12871096157801, 37.38161357147022], [127.12826625613263, 37.38121891960561], [127.12777522182076, 37.38086094967727], [127.12724258745654, 37.380543108591695], [127.12667348222054, 37.38026845681116], [127.1260733862776, 37.38003963889982], [127.12544807802384, 37.37985885807357], [127.12480357847065, 37.3797278549983], [127.12414609329925, 37.37964789103981], [127.12348195314273, 37.3796197361264], [127.12281755266893, 37.37964366134048], [127.12215928904872, 37.3797194363104], [127.12151350040027, 37.379846331427444], [127.1208864048002, 37.38002312486679], [127.12082972540476, 37.38004429541143], [127.12099347732794, 37.379531358961096], [127.12109370464341, 37.37900668123643], [127.12112900449597, 37.37847669020197], [127.12109903829372, 37.377946490026005], [127.12100409599653, 37.377421186784886], [127.12084509327084, 37.37690583929036], [127.12062356262079, 37.37640541037597], [127.1203416385822, 37.37592471911178], [127.12000203712479, 37.375468394406795], [127.11960802946165, 37.37504083044596]]], [[[127.10812708430056, 37.483406696562135], [127.10773258386536, 37.482979098011896], [127.10728739388172, 37.48258437123574], [127.10679580192904, 37.482226317129125], [127.1062625421924, 37.481908383407166], [127.10569274987424, 37.48163363142221], [127.10509191175413, 37.48140470670135], [127.10446581337241, 37.48122381348713], [127.10382048334527, 37.481092693526044], [127.10316213534634, 37.481012609308024], [127.102497108312, 37.48098433191832], [127.10183180544445, 37.481008133617976], [127.10117263259816, 37.48108378522438], [127.10052593664068, 37.48121055831678], [127.09989794437992, 37.4813872322459], [127.09929470264375, 37.48161210587993], [127.09872202008725, 37.48188301397461], [127.09818541128644, 37.482197348009784], [127.09769004365569, 37.48255208129281], [127.09724068769896, 37.48294379808744], [127.09684167107324, 37.48336872648846], [127.09656188708318, 37.48373712270207], [127.09616498673768, 37.48415978646334], [127.09582014481401, 37.48461383262034], [127.09553280729966, 37.48509262669471], [127.09530574227085, 37.48559155806563], [127.09514113754123, 37.486105822105706], [127.09504057955174, 37.48663046643835], [127.0950050380457, 37.48716043862173], [127.09503485667945, 37.487690634799925], [127.09512974965965, 37.48821594885336], [127.09528880444304, 37.48873132157505], [127.09551049047359, 37.48923178939911], [127.0957926738752, 37.489712532212046], [127.0961326379608, 37.49016891978587], [127.09652710936095, 37.49059655638559], [127.09697228952248, 37.49099132312078], [127.09700968380018, 37.491018562201816], [127.09727513417855, 37.49125394920168], [127.09776673909761, 37.49161204245567], [127.09830003108618, 37.4919300141931], [127.09886987387092, 37.492204801648676], [127.09947077892245, 37.49243375798379], [127.1000969583371, 37.49261467779574], [127.10074238061084, 37.49274581837334], [127.10140082876624, 37.492825916493935], [127.10206596027199, 37.492854200599005], [127.10273136817533, 37.492830398231426], [127.10339064285756, 37.49275473866184], [127.10403743381477, 37.49262795067899], [127.10466551086807, 37.49245125556563], [127.10526882421054, 37.49222635532741], [127.10584156271197, 37.49195541628869], [127.10637820991744, 37.49164104821388], [127.10687359719958, 37.491286279155794], [127.10732295355145, 37.49089452627392], [127.10772195153993, 37.49046956290455], [127.10806674897694, 37.4900154822008], [127.10835402590703, 37.48953665769307], [127.10858101655616, 37.489037701150885], [127.10874553593453, 37.48852341815271], [127.10877184855022, 37.48838600691368], [127.10895474023287, 37.48798397455295], [127.10911925467855, 37.48746969091506], [127.10921971549503, 37.486945034120126], [127.10925515650513, 37.486415057069344], [127.1092252377648, 37.485884863796926], [127.10913024878411, 37.48535956031291], [127.10897110568644, 37.48484420543114], [127.10874934233452, 37.48434376205569], [127.1084670955114, 37.48386304939477], [127.10812708430056, 37.483406696562135]]], [[[127.11452452586205, 37.48746082472994], [127.11395185281195, 37.4877318064373], [127.11341526515493, 37.48804620945782], [127.11291993010242, 37.48840100643471], [127.11247061784539, 37.48879278101849], [127.11207165562082, 37.48921776074747], [127.1117268860336, 37.48967185335788], [127.11143963003569, 37.490150686174445], [127.11121265491913, 37.49064964820305], [127.11104814763247, 37.49116393452069], [127.11094769367894, 37.49168859253585], [127.11091226180059, 37.492218569674485], [127.11094219459831, 37.49274876203247], [127.11103720517968, 37.4932740635265], [127.11119637986891, 37.49378941507004], [127.1114181869551, 37.49428985330068], [127.11170049139614, 37.49477055838945], [127.11204057533874, 37.495226900471266], [127.11243516425864, 37.49565448424896], [127.11288045847013, 37.496049191340546], [127.11337216970306, 37.496407219961306], [127.11390556239505, 37.4967251215579], [127.11447549930196, 37.49699983404055], [127.11507649098706, 37.49722871129287], [127.11570274871158, 37.497409548673964], [127.11634824021642, 37.49754060426684], [127.11700674785678, 37.49762061566764], [127.11767192852786, 37.497648812153486], [127.1179904789072, 37.49763737641539], [127.11810119620667, 37.49788710610857], [127.11838355696537, 37.498367795246], [127.11872369786609, 37.49882411812543], [127.11911834383575, 37.49925167963445], [127.11956369463903, 37.49964636160541], [127.12005546146037, 37.50000436249543], [127.12058890820165, 37.50032223401818], [127.12115889709784, 37.50059691437349], [127.1217599382111, 37.50082575775443], [127.12238624232613, 37.50100655984635], [127.1230317767367, 37.50113757907228], [127.1236903233844, 37.501217553378694], [127.12435553878841, 37.501245712400156], [127.12502101518737, 37.50122178488484], [127.12568034230239, 37.5011460013093], [127.12632716912442, 37.501019091657305], [127.12695526512923, 37.50084227838403], [127.12755858032766, 37.50061726463367], [127.12813130357223, 37.500346217824415], [127.12866791855572, 37.500031748759035], [127.12916325696207, 37.49967688646326], [127.12961254825615, 37.49928504899478], [127.13001146563269, 37.49886001050463], [127.13035616768123, 37.49840586486932], [127.13064333536632, 37.497926986244366], [127.13087020396733, 37.49742798692023], [127.13103458967102, 37.49691367288689], [127.13113491056237, 37.496388997536094], [127.13117020181267, 37.495859013947126], [127.13114012492088, 37.4953288262165], [127.13104497092078, 37.49480354030021], [127.13088565752523, 37.49428821484216], [127.13066372023702, 37.493787812462365], [127.13038129751408, 37.49330715197361], [127.13004111013342, 37.492850861986554], [127.12964643495424, 37.492423336349624], [127.12920107333443, 37.49202869185191], [127.1287093145052, 37.491670728596205], [127.12817589425752, 37.4913528934226], [127.12760594933827, 37.49107824673434], [127.12700496799539, 37.490849433044616], [127.12637873714712, 37.490668655526996], [127.12597348021963, 37.49058640499143], [127.12613861481853, 37.49050824618609], [127.12667516734304, 37.49019378531421], [127.12717044974049, 37.489838930484], [127.12761969201517, 37.48944709968101], [127.12801856783365, 37.48902206699192], [127.12836323618544, 37.4885679262372], [127.12865037835923, 37.48808905152522], [127.12887722987952, 37.48759005510865], [127.12904160709704, 37.48707574294938], [127.12914192817776, 37.48655106842107], [127.12917722829059, 37.486021084595116], [127.12914716884842, 37.48549089557034], [127.12905204071626, 37.484965607315246], [127.1288927613573, 37.484450278496425], [127.12867086594598, 37.48394987176638], [127.12850681968024, 37.483670627367594], [127.12879084593712, 37.483590647550734], [127.12939401652162, 37.4833656229957], [127.12996660097015, 37.48309456575613], [127.1305030843129, 37.48278008673501], [127.13099829950198, 37.48242521505367], [127.13144747718918, 37.4820333688598], [127.13184629166331, 37.481608322388176], [127.13219090250465, 37.48115416959179], [127.13247799155573, 37.480675284694826], [127.1327047948525, 37.480176280047814], [127.13286912920985, 37.479661961691775], [127.13296941320623, 37.479137283059835], [127.13300468236714, 37.47860729726274], [127.13297459840318, 37.478077108418184], [127.13287945241501, 37.47755182249284], [127.13272016203715, 37.47703649813076], [127.13249826254966, 37.47653609794149], [127.13221589204545, 37.4760554407169], [127.13187577079778, 37.475599155036456], [127.13148117502833, 37.47517163470734], [127.13134735833309, 37.47505303487333], [127.13180699603748, 37.474723617488635], [127.13225612309446, 37.47433176744168], [127.13246753716903, 37.47410642061853], [127.13273383152533, 37.47418329509683], [127.13337915409979, 37.47431425724462], [127.13403747707213, 37.474394173042334], [127.13470245911721, 37.474422272688436], [127.13536769472286, 37.474398285503334], [127.13602677593099, 37.4743224425385], [127.13667335410268, 37.4741954743498], [127.1373012011102, 37.4740186039562], [127.13790426936424, 37.473793535051946], [127.13847675009704, 37.473522435586155], [127.13901312933832, 37.47320791686842], [127.13950824104344, 37.47285300840224], [127.13995731686127, 37.472461128689446], [127.14035603206209, 37.47203605228739], [127.14070054718252, 37.471581873437074], [127.14098754498704, 37.47110296661327], [127.1412142623903, 37.47060394437739], [127.14137851703418, 37.470089612939496], [127.14147872826447, 37.469564925858386], [127.14151393230699, 37.469034936325876], [127.14148379149881, 37.468504748495334], [127.14138859748739, 37.46797946832343], [127.14131333591236, 37.4677360527171], [127.14163709806654, 37.46767245505119], [127.14226487891044, 37.467495557743646], [127.14286787992444, 37.46727046290874], [127.14344029298887, 37.46699933874531], [127.1439766047856, 37.46668479680074], [127.14447164991986, 37.46632986680219], [127.14492066068202, 37.465937967458686], [127.14531931296906, 37.46551287351653], [127.14566376792366, 37.465058679385486], [127.1459507088897, 37.46457975968728], [127.14617737332924, 37.46408072710712], [127.14634157939398, 37.4635663879545], [127.14644174689732, 37.46304169586231], [127.14647691248587, 37.46251170407043], [127.14644673886662, 37.46198151675381], [127.14635151800252, 37.46145623986404], [127.14634214921468, 37.46142594312108], [127.14676914643299, 37.46163169486767], [127.1473699556468, 37.461860408265224], [127.14799599818426, 37.46204107443144], [127.14864124385944, 37.462171953099414], [127.14929947739623, 37.46225178357042], [127.1499643583314, 37.46227979686521], [127.15062948212717, 37.46225572313625], [127.15128844190319, 37.46217979426898], [127.15193489019104, 37.46205274164692], [127.15256260011495, 37.46187578910251], [127.15316552540692, 37.46165064112136], [127.15373785867722, 37.46137946641427], [127.15427408737679, 37.46106487701547], [127.15476904691184, 37.460709903109084], [127.15521797039769, 37.46031796382696], [127.15561653457236, 37.45989283429988], [127.1559609014275, 37.45943860928007], [127.15624775515585, 37.45895966368654], [127.1564743340597, 37.458460610453564], [127.15663845711462, 37.45794625608922], [127.15673854493338, 37.45742155437258], [127.15677363492979, 37.456891558635846], [127.15676687244421, 37.45677301256791], [127.15681312736025, 37.45679529677563], [127.15741392898818, 37.45702395925556], [127.15803995587942, 37.457204572280055], [127.15868517799856, 37.45733539609431], [127.15934338029646, 37.45741517052818], [127.1600082226108, 37.457443127142405], [127.16067330077607, 37.457418996635674], [127.16133220835168, 37.45734301144051], [127.16197859837247, 37.457215903483196], [127.16260624452428, 37.4570388971293], [127.16320910115392, 37.45681369738284], [127.16378136153354, 37.45654247345327], [127.1643175138167, 37.456227837848935], [127.16481239414614, 37.45587282119895], [127.16526123640054, 37.455480843046736], [127.16565971810078, 37.45505567889728], [127.16600400203322, 37.4546014238361], [127.16629077318944, 37.454122453071264], [127.16651727066726, 37.45362337977919], [127.16668131422647, 37.45310901066082], [127.16678132524542, 37.45258429963699], [127.16681634187742, 37.45205430012923], [127.16678602826337, 37.45152411638615], [127.16669067771363, 37.450998854324276], [127.16653120983055, 37.45048357235698], [127.1663091616012, 37.44998323268482], [127.16602667254836, 37.44950265351634], [127.16568646408444, 37.44904646267901], [127.16529181326855, 37.448619053066565], [127.16484652122122, 37.44822454035124], [127.16435487650138, 37.44786672336741], [127.16382161379937, 37.44754904754746], [127.16325186834385, 37.447274571761106], [127.16298346170643, 37.44717242097792], [127.1632083061206, 37.44667699719772], [127.16337235676939, 37.446162632103665], [127.16347238126049, 37.44563792333019], [127.16350741761691, 37.44510792427719], [127.16347712978913, 37.444577739188986], [127.16338181083879, 37.444052473995185], [127.1632223800634, 37.44353718713946], [127.16300037409239, 37.4430368408696], [127.16271793204136, 37.44255625345787], [127.1623777748698, 37.442100052811284], [127.16198317914284, 37.44167263191822], [127.16153794545049, 37.44127810655971], [127.16104636178977, 37.44092027569205], [127.1605131622633, 37.44060258488144], [127.15994348149154, 37.440328093142064], [127.15934280517855, 37.44009944349625], [127.15871691730585, 37.439918837539125], [127.15807184446251, 37.439788014252564], [127.15741379784644, 37.43970823327123], [127.1567491134933, 37.43968026276194], [127.15608419130763, 37.439704372032075], [127.15542543348067, 37.43978032893859], [127.15477918288676, 37.439907402121925], [127.15429093384215, 37.44004509263906], [127.15426014827064, 37.43987531959394], [127.15410078878037, 37.43936002042559], [127.15387885580176, 37.438859657033156], [127.15359648774758, 37.43837904785407], [127.15325640486489, 37.43792282100524], [127.1528618830037, 37.43749536972757], [127.15241672204297, 37.43710081009489], [127.15192520927982, 37.4367429413937], [127.15139207813453, 37.436425209554585], [127.15082246256964, 37.43615067398689], [127.15022184766175, 37.43592197813493], [127.14959601680155, 37.43574132403875], [127.14895099602968, 37.43561045114363], [127.14829299604298, 37.43553061956181], [127.1476283524285, 37.43550259794713], [127.1471669846096, 37.435519292378046], [127.14713315890447, 37.435443008699835], [127.14685084677805, 37.434962383413186], [127.14651082029245, 37.434506137179795], [127.14611635475471, 37.434078663427464], [127.1456712495017, 37.43368407844655], [127.14517979129435, 37.43332618176773], [127.1446467130279, 37.433008419591154], [127.14407714815611, 37.43273385161829], [127.14347658126778, 37.43250512160551], [127.1428507952916, 37.43232443192175], [127.14220581583629, 37.43219352235491], [127.14154785320123, 37.43211365337025], [127.14088324261412, 37.43208559398162], [127.14021838326961, 37.43210961435191], [127.13955967675427, 37.4321854831937], [127.13891346544844, 37.432312469995054], [127.13828597149644, 37.43248935204916], [127.13768323693112, 37.43271442622021], [127.13711106552691, 37.432985525332654], [127.13657496694063, 37.433300039026534], [127.13651910539922, 37.43334010138243], [127.13645378617439, 37.43297937353266], [127.13629456319782, 37.43246405046918], [127.13607276902056, 37.43196365378495], [127.1357905407188, 37.43148300223851], [127.13575418010146, 37.431434198720815], [127.13572352922019, 37.43126491465902], [127.1355643147919, 37.430749590507965], [127.13534253045079, 37.430249192360726], [127.13506031317822, 37.429768538990025], [127.13472038176963, 37.429312258938864], [127.1343260106168, 37.428884745960964], [127.13388099814811, 37.428490116724646], [127.1333896302315, 37.428132171187], [127.13285663889341, 37.427814356018686], [127.13228715675106, 37.42753973143159], [127.1316866675973, 37.427310941727164], [127.13106095361286, 37.4271301898491], [127.13041603971391, 37.426999216184036], [127.12975813556905, 37.42691928181424], [127.1290935758432, 37.42689115638294], [127.12842875924163, 37.426915110688704], [127.12777008693956, 37.42699091407996], [127.12712390098801, 37.42711783667471], [127.12649642328716, 37.42729465638411], [127.1258936957132, 37.42751967067243], [127.12532152197296, 37.4277907129405], [127.12478541174539, 37.428105173375506], [127.1242905276458, 37.428460024066744], [127.12384163552332, 37.42885184814628], [127.12344305856905, 37.42927687267456], [127.123098635677, 37.429731004955116], [127.12281168445888, 37.43020987192945], [127.12258496926948, 37.43070886227331], [127.12242067455144, 37.43122317079], [127.12232038375748, 37.43174784467333], [127.12228506405465, 37.432277831195734], [127.12231505695956, 37.43280802636224], [127.12241007499676, 37.433333324062254], [127.12256920441462, 37.43384866524577], [127.12279091393427, 37.43434908665035], [127.12307306944962, 37.43482976860957], [127.1231094234239, 37.434878575964284], [127.12314004727274, 37.435047863047316], [127.12329918523295, 37.43556320314575], [127.12335299204747, 37.435684645620675], [127.12302661669366, 37.43591863838366], [127.12257767314594, 37.43631045688923], [127.12217904916675, 37.43673547636342], [127.12183458410303, 37.437189604158576], [127.12154759597281, 37.437668467259556], [127.1213208494866, 37.43816745437957], [127.12115652938883, 37.43868176035306], [127.12105621937701, 37.43920643239844], [127.1210208868038, 37.43973641780593], [127.12105087331018, 37.440266612591365], [127.12114589148287, 37.44079191064782], [127.12130502756943, 37.441307252921874], [127.12152675022726, 37.441807676140556], [127.12180892522417, 37.442288360619884], [127.12214883595084, 37.442744676693884], [127.12254320954892, 37.443172229316524], [127.1229882484048, 37.44356690040681], [127.12347966670654, 37.44392488852772], [127.12365958736201, 37.44403217251869], [127.12351743168932, 37.44408522708889], [127.12294512283974, 37.444356256359214], [127.1224088839887, 37.444670704434], [127.12191387898982, 37.44502554352187], [127.12146487485626, 37.44541735686694], [127.12106619585786, 37.445842371633404], [127.12072168187157, 37.4462964952191], [127.12043465138677, 37.44677535464961], [127.12020786952223, 37.44727433867362], [127.1200435213635, 37.447788642155565], [127.11994319087889, 37.44831331233798], [127.1199078456187, 37.4488432965291], [127.11993782734682, 37.44937349075651], [127.12003284869654, 37.4498987889187], [127.12019199588548, 37.45041413196121], [127.12041373746465, 37.4509145566036], [127.12069593902021, 37.45139524314811], [127.12103588368745, 37.45185156190874], [127.12143029828154, 37.4522791178135], [127.12187538479431, 37.45267379274955], [127.12236685695498, 37.45303178524271], [127.1228999815034, 37.453349647088416], [127.1234696237781, 37.45362431658062], [127.1240702971808, 37.453853148017856], [127.12469621603938, 37.45403393720127], [127.12534135136018, 37.454164942678815], [127.12599948893101, 37.45424490252993], [127.12666428921374, 37.45427304652871], [127.12732934844796, 37.45424910356819], [127.12798826037552, 37.454173304273645], [127.12863467798901, 37.45404637878005], [127.12926237470793, 37.453869549694744], [127.12986530439112, 37.453644520313716], [127.13043765960593, 37.453373458205], [127.13097392759113, 37.45305897431794], [127.13146894337352, 37.45270409782015], [127.1319179395255, 37.45231224690516], [127.13231659208402, 37.45188719585259], [127.1326610621882, 37.45143303865904], [127.13294803303498, 37.450954149590466], [127.13317474179745, 37.450455141037125], [127.13333900619936, 37.44994081907726], [127.13343924549113, 37.44941613717845], [127.13347449562688, 37.44888614848269], [127.13344441849841, 37.4483559571355], [127.1333493051385, 37.447830669127704], [127.13319007286552, 37.44731534312357], [127.13296825639814, 37.446814941748706], [127.13268599302813, 37.446334283806756], [127.1323460019957, 37.44587799788452], [127.13195155826743, 37.445450477792065], [127.13150646097115, 37.445055840265915], [127.13101499679202, 37.44469788534268], [127.13083506395327, 37.44459061249592], [127.13097721549241, 37.444537549106236], [127.13154949708327, 37.444266480802796], [127.13208569513067, 37.443951991014394], [127.13258064533518, 37.44359710896537], [127.13302958090091, 37.443205252902494], [127.13342817844823, 37.44278019715483], [127.13377259964597, 37.442326035763934], [127.13405952816181, 37.4418471430361], [127.13428620157623, 37.44134813139661], [127.13445043795294, 37.4408338069533], [127.13455065681167, 37.44030912319754], [127.13458589430283, 37.43977913328912], [127.13457127837613, 37.439521528910426], [127.13458130539819, 37.43954415022748], [127.13486355578564, 37.44002480412465], [127.13520353597872, 37.440481083197675], [127.13559797244943, 37.44090859275675], [127.13604306697788, 37.44130321513548], [127.13653453321535, 37.441661149366], [127.13706763795791, 37.441978947805104], [127.1376372467344, 37.442253549357744], [127.13823787326879, 37.44248230897711], [127.13886373234021, 37.442663023156506], [127.13950879553092, 37.44279395116666], [127.14016684932362, 37.442873831833566], [127.14083155498754, 37.442901895694426], [127.14129296935205, 37.44288522625616], [127.14132679240366, 37.44296151149625], [127.14160909872798, 37.4434421492989], [127.14194913533268, 37.443898408998564], [127.14234362814622, 37.44432589609185], [127.14278877840593, 37.44472049312856], [127.14328029922589, 37.44507839938483], [127.14381345687626, 37.4453961674868], [127.14438311637586, 37.445670736631584], [127.14498379095977, 37.445899462084526], [127.14560969494389, 37.446080140668016], [127.14625479947759, 37.446211031995745], [127.14691289064501, 37.446290875247136], [127.1475776293551, 37.44631890131986], [127.14824261244091, 37.446294840243326], [127.1489014343782, 37.44621892378097], [127.14954774902714, 37.44609188319674], [127.15003604598873, 37.44595421265719], [127.15006682438882, 37.44612398659216], [127.15022617014823, 37.44663929054206], [127.15044810131585, 37.44713966012736], [127.15073048165067, 37.44762027617986], [127.1510705925649, 37.448076509691845], [127.15146515927108, 37.44850396641195], [127.15191038229446, 37.44889852918232], [127.15240197404796, 37.44925639760897], [127.15293520011807, 37.449574124682314], [127.15350492486415, 37.4498486499946], [127.15377332797749, 37.44995082224105], [127.15354841151496, 37.450446227437695], [127.15338428412527, 37.45096057814002], [127.15328418186131, 37.45148527751569], [127.1532490700763, 37.452015272590806], [127.15325582663888, 37.45213381892558], [127.153209575649, 37.45211153332763], [127.15260882616548, 37.45188284954473], [127.15198285681558, 37.45170220787579], [127.15133769497275, 37.45157134764625], [127.15067955269139, 37.45149152884632], [127.15001476692787, 37.451463520006705], [127.14934973856258, 37.4514875908037], [127.14869087080854, 37.45156350946459], [127.14804450759777, 37.45169054499803], [127.14741687253664, 37.45186747422833], [127.14681400901618, 37.452092593565816], [127.1462417220523, 37.45236373540042], [127.14570552241447, 37.452678288961216], [127.1452105735797, 37.4530332254413], [127.1447616420215, 37.4534251271471], [127.144363051312, 37.45385022039187], [127.14401864047927, 37.454304411817695], [127.14373172702065, 37.45478332779656], [127.14350507492927, 37.45528235653225], [127.143340868042, 37.45579669245814], [127.14324068896781, 37.45632138250373], [127.14320550379972, 37.456851373785305], [127.1432356527605, 37.45738156226147], [127.14333084687338, 37.457906841885354], [127.14334021401686, 37.45793713887658], [127.14291324721933, 37.45773137476835], [127.14231248469574, 37.45750263879311], [127.14168649382293, 37.45732194264508], [127.14104130218168, 37.45719102617404], [127.14038312211332, 37.457111149911476], [127.13971829093792, 37.45708308294118], [127.13905320997291, 37.457107095498955], [127.13839428293743, 37.45718295637261], [127.13774785433388, 37.457309935127064], [127.13712014839783, 37.457486809133194], [127.13651720920221, 37.45771187533299], [127.135944842491, 37.45798296662801], [127.13540855980108, 37.45829747273399], [127.13491352540862, 37.458652365301035], [127.13446450661047, 37.45904422705857], [127.13406582781846, 37.45946928470472], [127.13372132890849, 37.45992344522457], [127.1334343282258, 37.460402335288016], [127.13320759060332, 37.46090134334872], [127.13304330070163, 37.46141566403948], [127.1329430419292, 37.46194034443684], [127.13290778114677, 37.46247033175037], [127.13293785930567, 37.46300052197721], [127.13303298811138, 37.463525809053934], [127.13310821868905, 37.463769229943445], [127.13278446636376, 37.4638328043342], [127.13215669429988, 37.46400965142926], [127.13155368789842, 37.46423469169851], [127.13098125355015, 37.46450575829326], [127.13044490344282, 37.46482024116716], [127.12994980250153, 37.46517511219411], [127.12950071866368, 37.46556695431112], [127.12928931999247, 37.465792296232955], [127.1290230589219, 37.46571541406108], [127.12837781793928, 37.465584428369596], [127.12771957843577, 37.465504481367724], [127.12752680630513, 37.46549632364583], [127.12745996242634, 37.46548820474255], [127.12679506254787, 37.465460064735325], [127.12612990384177, 37.46548400410564], [127.1259608246484, 37.46550344902421], [127.12591722719884, 37.465505017922325], [127.12525821374308, 37.465580804973946], [127.12461169111549, 37.46570771118096], [127.12398388445627, 37.46588451461264], [127.12338083880746, 37.46610951289042], [127.1228083609374, 37.466380539569876], [127.1222719634525, 37.46669498498893], [127.12177681173371, 37.46704982138218], [127.12132767420697, 37.467441632020176], [127.12092887642685, 37.46786664409355], [127.12058425941467, 37.468320765026526], [127.12029714265272, 37.46879962187061], [127.12007029209155, 37.46929860339975], [127.1199058934795, 37.469812904502675], [127.11980553127202, 37.47033757244505], [127.11977017332643, 37.47086755455679], [127.1198001615302, 37.471397746885614], [127.11989520845579, 37.4719230433482], [127.12005440007592, 37.47243838490636], [127.12027620451506, 37.472938808293776], [127.12055848675519, 37.47341949382448], [127.12089852915551, 37.473875811821905], [127.12129305759072, 37.474303367221026], [127.1216350523622, 37.474606539399105], [127.12143952656545, 37.47474664098841], [127.12099034088631, 37.4751384495718], [127.12059149993473, 37.47556345971806], [127.12024684514795, 37.47601757887013], [127.11995969637223, 37.47649643409677], [127.11973281986684, 37.476995414187655], [127.11956840163022, 37.47750971404545], [127.1194680263074, 37.4780343809479], [127.11943266188241, 37.478564362235026], [127.11946265030566, 37.479094553962454], [127.1195577041481, 37.47961985005269], [127.11971690931624, 37.48013519147109], [127.11993873380462, 37.480635614952625], [127.12010274154218, 37.48091487118088], [127.11981871635734, 37.480994830152795], [127.11921553659676, 37.48121980586178], [127.11864292812375, 37.48149081095021], [127.11810640480184, 37.48180523596415], [127.1176111332233, 37.48216005333498], [127.11716188296806, 37.482551846516664], [127.1167629806762, 37.48297684286832], [127.1164182683756, 37.48343094996587], [127.11613106646652, 37.48390979499438], [127.11590414172001, 37.48440876684193], [127.11573968059942, 37.48492306049076], [127.11563926816304, 37.485447723278575], [127.11560387275283, 37.48597770258517], [127.11563383661809, 37.48650789448539], [127.11572887256669, 37.487033192900206], [127.11573839262705, 37.487064011604126], [127.11512776982023, 37.48723587356443], [127.11452452586205, 37.48746082472994]]], [[[127.41048421583226, 37.312178561039794], [127.41003844007682, 37.31178496146027], [127.40954651490824, 37.311428154973264], [127.40901317770538, 37.31111157728292], [127.40844356440425, 37.310838276688145], [127.4078431600513, 37.31061088474572], [127.40721774600394, 37.31043159094535], [127.40657334428624, 37.31030212163973], [127.4059161596341, 37.31022372343204], [127.40525251978642, 37.31019715118042], [127.40458881459581, 37.310222660734325], [127.4039314345433, 37.31030000647272], [127.4032867092466, 37.310428443667654], [127.40266084655299, 37.310606735650474], [127.40205987280075, 37.3108331657119], [127.40148957482307, 37.311105553621935], [127.40095544425115, 37.31142127661062], [127.40046262465177, 37.311777294608554], [127.40001586200749, 37.31217017950462], [127.39961945901555, 37.31259614813994], [127.39927723364562, 37.313051098721154], [127.39899248235562, 37.31353065030296], [127.3987679483205, 37.31403018496076], [127.39860579498063, 37.314544892247646], [127.39850758516636, 37.315069815508366], [127.39847426600059, 37.31559989960471], [127.39850615972739, 37.31613003959315], [127.39860296055618, 37.31665512988606], [127.39876373755412, 37.31717011342319], [127.3989869435614, 37.31767003037984], [127.39927043004433, 37.318150065942355], [127.3996114677463, 37.318605596690446], [127.40000677293835, 37.319032235139254], [127.40045253901832, 37.31942587201144], [127.40094447315482, 37.31978271583164], [127.40147783762437, 37.32009932946104], [127.40204749544314, 37.3203726632196], [127.40264795985387, 37.32060008427606], [127.40327344719115, 37.320779402021905], [127.40391793261443, 37.32090888918422], [127.40457520817111, 37.32098729847358], [127.40523894262881, 37.32101387460602], [127.40590274249908, 37.32098836158293], [127.40656021366252, 37.32091100515864], [127.40720502299997, 37.32078255047179], [127.40783095943456, 37.32060423486323], [127.40843199379415, 37.320377775950156], [127.4090023369165, 37.320105355071306], [127.4095364954355, 37.31978959626364], [127.41002932471037, 37.31943354097305], [127.41047607838672, 37.319040618743784], [127.41087245411194, 37.318614614169405], [127.41121463496427, 37.31815963042442], [127.41149932619648, 37.31768004972858], [127.41172378694168, 37.31718049112529], [127.41188585657594, 37.31666576598172], [127.41198397548571, 37.31614083163934], [127.41201720004148, 37.31561074366218], [127.41198521163494, 37.31508060714292], [127.41188831969528, 37.31455552753589], [127.41172745865657, 37.314040561490664], [127.41150417890834, 37.31354066815977], [127.41122063181803, 37.3130606614489], [127.4108795489714, 37.312605163669616], [127.41048421583226, 37.312178561039794]]], [[[127.35149712167251, 37.34711182424686], [127.35105144845312, 37.34671800496482], [127.35055957570809, 37.3463609554524], [127.3500262403144, 37.346044113753344], [127.34945657819304, 37.345770530707924], [127.34885607486227, 37.3455428405916], [127.34823051263375, 37.345363235763955], [127.34758591495883, 37.34523344557117], [127.34692848845995, 37.34515471970481], [127.34626456320385, 37.345127816176564], [127.34560053178978, 37.34515299402433], [127.34494278783777, 37.34523001081984], [127.34429766446692, 37.34535812500143], [127.34367137335461, 37.34553610300994], [127.34306994496119, 37.345762231158844], [127.34249917049429, 37.34603433212506], [127.34196454617009, 37.346349785901765], [127.3414712203067, 37.34670555501234], [127.34102394375886, 37.34709821374309], [127.34062702417006, 37.347523981114094], [127.34028428448265, 37.347978757271434], [127.33999902610606, 37.34845816295112], [127.3397739970977, 37.34895758163535], [127.3396113656647, 37.349472203995965], [127.33951269924215, 37.34999707419755], [127.33947894935174, 37.3505271376149], [127.33951044238772, 37.35105728950551], [127.33960687642089, 37.35158242416891], [127.33976732405418, 37.35209748411914], [127.33999024130321, 37.352597508796904], [127.34027348241914, 37.353077682352136], [127.34061432051229, 37.353533380036275], [127.34100947377996, 37.353960212757016], [127.34145513708684, 37.35435406936602], [127.34194701859475, 37.35471115627118], [127.34248038109004, 37.35502803399183], [127.34305008761018, 37.35530165030338], [127.34365065093068, 37.35552936965197], [127.34427628643452, 37.35570899855464], [127.34492096785445, 37.35583880674002], [127.3455784853497, 37.35591754382509], [127.34624250535663, 37.35594445136706], [127.34690663163475, 37.35591927017375], [127.34756446691848, 37.35584224280204], [127.34820967457887, 37.35571411121999], [127.34883603969935, 37.35553610965547], [127.34943752897546, 37.35530995270024], [127.3500083488599, 37.35503781878441], [127.35054300139115, 37.35472232918101], [127.35103633716706, 37.3543665227435], [127.35148360495198, 37.353973826619985], [127.35188049743923, 37.353548023227404], [127.35222319272785, 37.353093213803945], [127.3525083911147, 37.35261377889199], [127.35273334684774, 37.35211433613275], [127.35289589453575, 37.35159969577953], [127.35299446996191, 37.351074814359215], [127.35302812510147, 37.350544746928165], [127.35299653720149, 37.35001459838307], [127.35290001183658, 37.349489474295886], [127.35273947991375, 37.348974431746115], [127.35251648865655, 37.348474430624364], [127.35223318665794, 37.347994285875444], [127.35189230314724, 37.347538621140934], [127.35149712167251, 37.34711182424686]]], [[[127.30513052402341, 37.36996903882479], [127.30468495914147, 37.369575046663144], [127.3041931581344, 37.369217805922176], [127.30365985719061, 37.36890075648665], [127.30309019190133, 37.368626951196624], [127.3024896478168, 37.368399026466825], [127.30186400764212, 37.36821917691502], [127.30121929557974, 37.36808913424279], [127.30056171935355, 37.36801015057176], [127.29989761047149, 37.36798298639486], [127.29923336329995, 37.36800790325869], [127.29857537353502, 37.36808466124698], [127.29792997666094, 37.368212521289294], [127.29730338698656, 37.36839025227284], [127.29670163784472, 37.36861614288927], [127.29613052352919, 37.36888801810243], [127.29559554352599, 37.36920326007942], [127.29510184957589, 37.36955883338327], [127.2946541960758, 37.36995131418636], [127.29425689429708, 37.37037692322286], [127.29391377086088, 37.37083156216459], [127.29362813087081, 37.37131085307004], [127.29340272605846, 37.37181018052806], [127.29323972824973, 37.37232473609045], [127.2931407084083, 37.372849564566586], [127.29310662146023, 37.373379611734606], [127.29313779704698, 37.37390977301003], [127.2932339362985, 37.37443494260341], [127.29339411465875, 37.374950062693635], [127.29361679073914, 37.37545017214332], [127.29389982111618, 37.37593045428685], [127.29424048093269, 37.376386283330476], [127.29463549010579, 37.37681326891717], [127.29508104489072, 37.377207298426335], [127.29557285449712, 37.37756457660053], [127.2961061824061, 37.37788166211641], [127.29667589199023, 37.37815550074738], [127.29727649599698, 37.37838345479746], [127.29790220941851, 37.37856332852211], [127.29854700523751, 37.37869338929079], [127.2992046725114, 37.378772384286464], [127.2998688762333, 37.37879955258098], [127.30053321839219, 37.3787746324695], [127.30119129964166, 37.37869786399309], [127.30183678098177, 37.37856998662529], [127.30246344485771, 37.37839223214464], [127.30306525508507, 37.37816631276251], [127.3036364150227, 37.37789440462045], [127.30417142343119, 37.37757912681689], [127.3046651274783, 37.37722351616549], [127.30511277237906, 37.37683099792921], [127.30551004719256, 37.37640535281234], [127.30585312633393, 37.37595068052966], [127.30613870640177, 37.375471360303926], [127.30636403796727, 37.37497200867306], [127.3065269520194, 37.374457435014214], [127.30662588081313, 37.37393259521344], [127.30665987292136, 37.37340254392782], [127.30662860234726, 37.37287238590003], [127.3065323716112, 37.37234722679475], [127.30637210878491, 37.371832124030036], [127.30614935850298, 37.371332038077455], [127.3058662670404, 37.37085178469963], [127.30552556160184, 37.37039598858487], [127.30513052402341, 37.36996903882479]]], [[[127.25847422402761, 37.395554573483615], [127.25802875347911, 37.39516040755936], [127.25753700835824, 37.394802974527025], [127.2570037243176, 37.3944857161226], [127.25643403678744, 37.39421168719772], [127.25583343153367, 37.393983526319715], [127.25520769185142, 37.393803430379265], [127.25456284290166, 37.39367313344938], [127.25390509372629, 37.39359389009878], [127.2532407774979, 37.3935664633197], [127.25257629057833, 37.393591117186254], [127.25191803097061, 37.39366761431356], [127.2512723367553, 37.393795218142124], [127.25064542510214, 37.393972700025586], [127.25004333244179, 37.394198351053745], [127.24947185637328, 37.394469998497286], [127.24893649986349, 37.394785026716534], [127.2484424182762, 37.395140402333254], [127.24799436973878, 37.39553270342393], [127.24759666932464, 37.39595815245414], [127.24725314749212, 37.39641265263753], [127.2469671131801, 37.39689182737007], [127.24674132191693, 37.39739106236068], [127.24657794924988, 37.39790555005315], [127.24647856975308, 37.39843033591202], [127.24644414181715, 37.3989603661274], [127.24647499836897, 37.39949053627955], [127.24657084361284, 37.40001574049499], [127.24673075582663, 37.40053092062044], [127.24695319618753, 37.40103111494139], [127.24723602354514, 37.4015115059757], [127.24757651500053, 37.4019674668815], [127.24797139209528, 37.4023946060321], [127.24841685235954, 37.402788809327966], [127.24890860591593, 37.40314627983764], [127.24944191678772, 37.40346357438485], [127.25001164851344, 37.40373763672905], [127.25061231362882, 37.403965827018574], [127.25123812653835, 37.404145947232536], [127.2518830592669, 37.404276262365066], [127.25254089955304, 37.40435551714795], [127.25320531072279, 37.40438294814959], [127.25386989276582, 37.40435829113362], [127.25452824402355, 37.40428178360597], [127.2551740228933, 37.40415416252578], [127.25580100895223, 37.403976657202385], [127.25640316291017, 37.40375097744679], [127.25697468481258, 37.403479297092275], [127.25751006993112, 37.40316423304326], [127.25800416180265, 37.40280882005492], [127.25845220190455, 37.402416481486924], [127.25884987548754, 37.40199099631391], [127.2591933531245, 37.40153646271122], [127.25947932757487, 37.40105725856716], [127.25970504561079, 37.40055799930303], [127.25986833449905, 37.400043493407914], [127.25996762288509, 37.399518696116765], [127.26000195587966, 37.39898866167883], [127.25997100420437, 37.39845849467607], [127.2598750673105, 37.39793330086099], [127.25971507044225, 37.39741813798718], [127.25949255567559, 37.39691796710615], [127.25920966702036, 37.39643760479927], [127.25886912973111, 37.395981676804446], [127.25847422402761, 37.395554573483615]]], [[[127.208679561078, 37.40530299627264], [127.20823429515768, 37.40490864422934], [127.20774272446107, 37.404551005408734], [127.20720958296361, 37.40423352352838], [127.2066400047252, 37.40395925559146], [127.20603947446136, 37.40373084246622], [127.20541377474659, 37.40355048347149], [127.20476893035823, 37.403419915212325], [127.20411115029492, 37.403340394868984], [127.20344676802698, 37.40331268809979], [127.20278218055181, 37.40333706167371], [127.20212378683993, 37.40341328090369], [127.20147792626209, 37.4035406119051], [127.2008508175882, 37.40371782865777], [127.20024849914431, 37.40394322480373], [127.19967677070125, 37.404214630067486], [127.19914113765374, 37.404529431141086], [127.19864675802599, 37.404884596833554], [127.19819839281293, 37.405276707243104], [127.19780036013515, 37.405701986672], [127.19745649364836, 37.40615633996784], [127.19717010560868, 37.406635391942125], [127.19694395494923, 37.40713452948714], [127.19678022067735, 37.407648945986466], [127.19668048084888, 37.408173687591685], [127.19664569732447, 37.408703700920704], [127.19667620645582, 37.409233881717974], [127.19677171579407, 37.409759124009014], [127.19693130685336, 37.41027436927532], [127.19715344390566, 37.41077465517634], [127.19743598872381, 37.41125516334908], [127.19777622113234, 37.41171126582438], [127.19817086517033, 37.41213856961275], [127.19861612061513, 37.41253295902944], [127.19910769956469, 37.41289063535044], [127.19964086772639, 37.413208153417145], [127.20021049001564, 37.41348245483572], [127.20081108002414, 37.41371089745122], [127.20143685288132, 37.413891280811534], [127.20208178099911, 37.41402186737526], [127.2027396521611, 37.41410139925869], [127.20340412939623, 37.41412911036003], [127.20406881205747, 37.414104733743834], [127.20472729751637, 37.41402850421406], [127.20537324287642, 37.41390115605117], [127.20600042610953, 37.413723915934824], [127.20660280602443, 37.41349849112084], [127.20717458048799, 37.41322705298643], [127.2077102423369, 37.41291221610271], [127.20820463244014, 37.41255701303687], [127.20865298940025, 37.4121648651269], [127.2090509954138, 37.411739549511665], [127.20939481784974, 37.411285162734195], [127.20968114614482, 37.41080608126965], [127.20990722366182, 37.410306919359044], [127.21007087420428, 37.40979248455517], [127.21017052293404, 37.409267731409855], [127.21020521149131, 37.40873771374869], [127.21017460717387, 37.4082075359937], [127.2100790060886, 37.40768230400244], [127.20991933024713, 37.407167075897625], [127.20969711863557, 37.40666681336028], [127.20941451234641, 37.406186333855565], [127.2090742339174, 37.40573026425091], [127.208679561078, 37.40530299627264]]], [[[127.13394289651842, 37.40838959970147], [127.13349800643145, 37.4079949683096], [127.13300677342208, 37.407637020661014], [127.13247392821759, 37.40731920344715], [127.1319046020283, 37.40704457689995], [127.13130427714577, 37.40681578534012], [127.13067873416966, 37.40663503172951], [127.13003399637026, 37.40650405647167], [127.12937627172151, 37.40642412066441], [127.12871189316097, 37.406395993964935], [127.12804725765062, 37.40641994718401], [127.12738876462306, 37.406495749680516], [127.12674275440408, 37.406622671580934], [127.12611544720276, 37.40679949080292], [127.12551288325427, 37.407024504815126], [127.12494086469063, 37.40729554702078], [127.1244048996969, 37.407610007607296], [127.12391014949016, 37.40796485866212], [127.12346137863022, 37.40835668331341], [127.12306290914019, 37.4087817086157], [127.12271857887873, 37.4092358418647], [127.12243170456485, 37.409714709992215], [127.12220504981175, 37.41021370166262], [127.12204079847902, 37.41072801166613], [127.12194053360031, 37.41125268718211], [127.12190522209175, 37.41178267546715], [127.1219352053896, 37.41231287250926], [127.12203019610966, 37.412838172179825], [127.12218928076193, 37.41335351541], [127.12241092849746, 37.413853938917846], [127.12269300580412, 37.41433462301692], [127.12303279701213, 37.41479093804529], [127.12342703041323, 37.41521848896752], [127.12387190974329, 37.415613157719434], [127.12436315072654, 37.41597114288713], [127.12489602232922, 37.41628899633732], [127.12546539232655, 37.41656365644555], [127.12606577674343, 37.41679247760134], [127.12669139269232, 37.41697325570552], [127.12733621409869, 37.41710424941324], [127.12799402977558, 37.41718419691768], [127.12865850328727, 37.417212328112115], [127.12932323402288, 37.417188372013065], [127.12998181889034, 37.417112559372285], [127.13062791403452, 37.416985620453175], [127.13125529598271, 37.41680877799206], [127.13185792162724, 37.416583735413376], [127.13242998646518, 37.416312660411684], [127.13296598053316, 37.41599816405989], [127.13346074149673, 37.41564327564502], [127.13390950438281, 37.41525141347463], [127.13430794747468, 37.41482635193599], [127.1346522339281, 37.41437218512598], [127.13493904870762, 37.413893287402495], [127.13516563048789, 37.41339427123854], [127.13532979821369, 37.41287994278514], [127.13542997206427, 37.41235525557197], [127.1354651886217, 37.41182526279198], [127.13543511009853, 37.41129506862985], [127.13534002753859, 37.410769779103546], [127.13518085796115, 37.41025445289207], [127.13495913547875, 37.40975405262335], [127.13467699647602, 37.40927339709075], [127.13433715899372, 37.40881711485843], [127.13394289651842, 37.40838959970147]]]]}}, {"id": "1", "type": "Feature", "properties": {"minutes": 60, "population": 159115.15238984887, "employment": 192041.66146180453, "core_station": "판교", "region": "pangyo"}, "geometry": {"type": "MultiPolygon", "coordinates": [[[[126.87104341859501, 37.29839939460901], [126.87051245880083, 37.29808040720983], [126.869944922634, 37.29780452969902], [126.86934627516328, 37.2975744184429], [126.86872228084955, 37.29739228910922], [126.86807894806343, 37.29725989534561], [126.8674224712612, 37.29717851190466], [126.86675917137434, 37.2971489223779], [126.86609543498555, 37.29717141165596], [126.86543765287465, 37.29724576318788], [126.8647921585241, 37.297371261065216], [126.86416516717495, 37.29754669691141], [126.8635627160176, 37.297770381510034], [126.8629906060917, 37.29804016106032], [126.8624543464535, 37.298353437903884], [126.86195910114635, 37.29870719552372], [126.86150963948494, 37.29909802757531], [126.86111029013041, 37.29952217067102], [126.86076489939938, 37.2999755406029], [126.86047679420776, 37.30045377165582], [126.86024875000707, 37.30095225863296], [126.86008296402322, 37.301466201189974], [126.859981034056, 37.30199065005106], [126.85996714610677, 37.302189062666145], [126.85994692021974, 37.30229312734645], [126.85990982879079, 37.30282303191693], [126.85993793514456, 37.30335328906111], [126.8600309699665, 37.303878792079956], [126.86018803859996, 37.30439447995477], [126.86040762961116, 37.30489538609284], [126.86068762929844, 37.30537668616746], [126.86102534200663, 37.30583374459151], [126.86141751605335, 37.306262159176086], [126.86186037501854, 37.30665780354404], [126.86234965409679, 37.30701686688878], [126.86288064116331, 37.30733589069504], [126.86344822215815, 37.30761180206694], [126.86404693035122, 37.3078419433418], [126.86467099901367, 37.308024097703495], [126.86531441698695, 37.30815651054813], [126.86597098661329, 37.30823790639565], [126.86663438346848, 37.30826750118381], [126.86729821731936, 37.308245009825896], [126.8679560937176, 37.30817064895907], [126.86860167563412, 37.308045134856805], [126.86922874453901, 37.307869676525385], [126.86983126033633, 37.30764596405149], [126.870403419575, 37.30737615231314], [126.87093971137362, 37.30706284021145], [126.8714349705193, 37.3067090456239], [126.87188442722784, 37.30631817632085], [126.87228375308592, 37.30589399712634], [126.87262910273216, 37.30544059363995], [126.87291715087592, 37.304962332870275], [126.8731451242982, 37.30446382115956], [126.87331082852674, 37.30394985980563], [126.87341266893009, 37.30342539880893], [126.8734265218505, 37.303226984334316], [126.87344672946455, 37.303122917197975], [126.87348372614608, 37.30259300753891], [126.8734555248401, 37.30206275267156], [126.87336239850549, 37.30153725920688], [126.87320524531883, 37.30102158779646], [126.87298557997366, 37.30052070440096], [126.87270551904628, 37.300039432474314], [126.87236776057046, 37.29958240652385], [126.87197555801961, 37.299154027492904], [126.87153268894814, 37.29875842039536], [126.87104341859501, 37.29839939460901]]], [[[126.8581093894477, 37.30553934377642], [126.85757843537587, 37.30522029877222], [126.85701089409062, 37.30494435950582], [126.85641223071035, 37.30471418293798], [126.85578820984942, 37.30453198536506], [126.85514484013426, 37.30439952109148], [126.85448831637665, 37.304318065548486], [126.85382495996008, 37.3042884030215], [126.85316115801126, 37.30431081910383], [126.85250330194079, 37.30438509794898], [126.85185772594282, 37.30451052434821], [126.85123064604393, 37.304685890613], [126.85062810028651, 37.30490950819686], [126.85005589062041, 37.30517922394418], [126.84951952706155, 37.30549244081101], [126.84902417465335, 37.30584614285792], [126.84857460374111, 37.3062369242757], [126.84817514403753, 37.30666102216453], [126.84782964292138, 37.30711435275209], [126.84754142837122, 37.30759255070242], [126.84731327689154, 37.30809101113788], [126.84714738674127, 37.30860493397013], [126.84704535672353, 37.309129370113766], [126.84700817074253, 37.3096592691383], [126.84703618827827, 37.31018952789976], [126.84712914087206, 37.31071503968393], [126.8472861346597, 37.31123074338803], [126.84750565892908, 37.31173167226719], [126.84778560062202, 37.31221300177599], [126.8481232646427, 37.31267009604394], [126.84851539977848, 37.31309855253706], [126.84895822998479, 37.31349424447458], [126.849447490734, 37.313853360591715], [126.84997847007847, 37.31417244186478], [126.85054605403312, 37.31444841484423], [126.85114477583981, 37.31467862127378], [126.85176886863886, 37.31486084370945], [126.85241232103932, 37.31499332689138], [126.85306893505188, 37.315074794661705], [126.85373238582459, 37.31510446226509], [126.85439628260465, 37.315082043913165], [126.85505423033717, 37.31500775553961], [126.8556998913055, 37.314882312719384], [126.85632704621763, 37.314706923771986], [126.85692965414856, 37.31448327811568], [126.85750191075907, 37.314213529984805], [126.85803830422921, 37.31390027766785], [126.8585336683661, 37.313546538466504], [126.85898323237369, 37.31315571961786], [126.85938266680463, 37.31273158546017], [126.85972812525138, 37.312278221159545], [126.86001628137514, 37.31179999334752], [126.86024436091667, 37.3113015080493], [126.86041016838163, 37.31078756630868], [126.86051210814445, 37.31026311793772], [126.8605491997693, 37.309733213836786], [126.86052108740235, 37.30920295734494], [126.8604280431465, 37.30867745508917], [126.86027096438848, 37.30816176780607], [126.86005136510582, 37.30766086160949], [126.85977136123942, 37.30717956017316], [126.85943365027433, 37.30672249828876], [126.85904148522725, 37.306294077245795], [126.85859864329225, 37.305898422462676], [126.8581093894477, 37.30553934377642]]], [[[126.64449673337218, 37.382231119798234], [126.64396616663383, 37.38191112445179], [126.64339885377638, 37.38163416634195], [126.64280025772621, 37.38140291223707], [126.64217614245523, 37.38121958880551], [126.64153251750264, 37.38108596118819], [126.6408755801395, 37.381003316013455], [126.64021165573115, 37.38097244901666], [126.63954713687065, 37.380993657383996], [126.63888842186682, 37.381066736893345], [126.63824185317775, 37.38119098388017], [126.63761365638027, 37.38136520200907], [126.63700988026189, 37.38158771378633], [126.63643633860944, 37.38185637670272], [126.63589855425394, 37.38216860385158], [126.63540170590927, 37.3825213888244], [126.63495057831531, 37.38291133464458], [126.63454951616536, 37.38333468646159], [126.63420238226085, 37.383787367691404], [126.63391252029703, 37.384265019256155], [126.63368272263797, 37.38476304154552], [126.63351520339259, 37.385276638696794], [126.63341157705197, 37.38580086476766], [126.63337284289508, 37.38633067135757], [126.63339937531542, 37.3868609562196], [126.63349092016283, 37.38738661239475], [126.63364659713866, 37.38790257739573], [126.63386490822212, 37.38840388196653], [126.63414375204995, 37.38888569794795], [126.63448044411155, 37.38934338478776], [126.63487174256734, 37.389772534247115], [126.63531387944312, 37.39016901287227], [126.6358025969004, 37.39052900182151], [126.63633318823493, 37.3908490336633], [126.63690054320817, 37.39112602579035], [126.63749919727512, 37.391357310127006], [126.63812338423438, 37.39154065884314], [126.63876709179179, 37.39167430582613], [126.63942411950188, 37.39175696370347], [126.64008813852726, 37.391787836251595], [126.6407527526388, 37.39176662607103], [126.64141155986728, 37.39169353745354], [126.6420582142105, 37.391569274413705], [126.64268648679987, 37.39139503390381], [126.6432903259353, 37.39117249427767], [126.64386391540829, 37.39090379911477], [126.64440173055003, 37.39059153656091], [126.64489859146362, 37.39023871438525], [126.64534971292608, 37.38984873099406], [126.64575075047982, 37.389425342681704], [126.64609784226856, 37.38897262743468], [126.6463876462156, 37.38849494563817], [126.64661737218638, 37.38799689806423], [126.64678480882692, 37.38748328154727], [126.64688834482064, 37.38695904277383], [126.64692698436048, 37.38642923063255], [126.6469003566891, 37.38589894758377], [126.646808719617, 37.385373300516754], [126.6466529569871, 37.38485735156878], [126.64643457011174, 37.38435606937896], [126.64615566326681, 37.383874281246406], [126.64581892338471, 37.38341662665316], [126.64542759414265, 37.38298751259878], [126.64498544469798, 37.38259107117646], [126.64449673337218, 37.382231119798234]]], [[[126.66742878812953, 37.40834662128414], [126.66689793990628, 37.40802672681795], [126.66633034550523, 37.40774987652758], [126.66573147056243, 37.407518736142904], [126.66510708173351, 37.40733553123713], [126.66446319119007, 37.40720202580995], [126.66380599875873, 37.407119505313304], [126.6631418322593, 37.40708876428237], [126.66247708661435, 37.40711009869084], [126.66181816231507, 37.40718330310358], [126.66117140383379, 37.407307672653936], [126.66054303857415, 37.40748200982706], [126.65993911694541, 37.40770463598367], [126.65936545413544, 37.40797340751382], [126.65882757414236, 37.408285736465686], [126.65833065660169, 37.40863861545106], [126.65787948692075, 37.40902864658851], [126.65747841019946, 37.40945207420633], [126.65713128938125, 37.40990482099079], [126.65684146803731, 37.410382527232834], [126.65661173814254, 37.4108805927955], [126.65644431315542, 37.411394221399156], [126.65634080666143, 37.41191846679818], [126.65630221678744, 37.412448280405386], [126.6563289165393, 37.412978559905575], [126.6564206501571, 37.41350419839063], [126.65657653552552, 37.41402013354282], [126.65679507261797, 37.41452139639271], [126.65707415789517, 37.41500315918197], [126.65741110452144, 37.415460781869804], [126.65780266820548, 37.4158898568344], [126.65824507841809, 37.41628625133871], [126.65873407468743, 37.416646147350555], [126.65926494762279, 37.41696607833297], [126.65983258427192, 37.41724296264968], [126.66043151737529, 37.4174741332632], [126.66105597804213, 37.41765736343866], [126.66169995134017, 37.417790888205246], [126.66235723426254, 37.41787342136785], [126.663021495512, 37.417904167904524], [126.66368633652468, 37.417882831629974], [126.66434535314451, 37.4178096180511], [126.66499219735138, 37.417685232386766], [126.66562063844718, 37.417510872771054], [126.66622462310839, 37.41728821870577], [126.66679833372473, 37.41701941487329], [126.667336244461, 37.41670705046686], [126.66783317450023, 37.41635413423718], [126.66828433795476, 37.41596406549692], [126.66868538996397, 37.415540601362906], [126.66903246853404, 37.415087820552095], [126.66932223171746, 37.4146100840812], [126.66955188977431, 37.414111993248845], [126.66971923200683, 37.41359834530578], [126.66982264800977, 37.413074087240815], [126.66986114313376, 37.41254426812788], [126.66983434801416, 37.41201399049374], [126.6697425220758, 37.411488361174825], [126.66958655098182, 37.410972442136625], [126.66936793805318, 37.410471201729315], [126.66908878974355, 37.409989466848735], [126.66875179531085, 37.40953187646321], [126.66836020088361, 37.40910283695318], [126.66791777817247, 37.40870647969319], [126.66742878812953, 37.40834662128414]]], [[[126.88973198635486, 37.413620178041164], [126.88920014086459, 37.41330127274208], [126.88863167274353, 37.413025481856046], [126.88803205603112, 37.41279546091338], [126.88740706451703, 37.412613424710706], [126.88676271616887, 37.4124811259977], [126.88610521521599, 37.412399838611], [126.88544089244527, 37.412370345216964], [126.88477614428251, 37.41239292978073], [126.88411737124368, 37.412467374834456], [126.88347091634725, 37.41259296357024], [126.88284300407832, 37.412768486738074], [126.88223968049076, 37.41299225428245], [126.8816667550219, 37.413262111605874], [126.88112974457913, 37.41357546030325], [126.88063382043511, 37.413929283167896], [126.88018375844207, 37.41432017322927], [126.87978389304439, 37.41474436654329], [126.87943807553152, 37.415197778420406], [126.87914963693395, 37.41567604274323], [126.87892135591974, 37.416174553995965], [126.87875543200201, 37.41668851160147], [126.87865346431626, 37.41721296613962], [126.87861643617398, 37.41774286700246], [126.8786447055425, 37.41827311102758], [126.87873800154509, 37.4187985916415], [126.87889542701687, 37.41931424804011], [126.87911546709412, 37.41981511393223], [126.8793960037559, 37.42029636537693], [126.87973433617994, 37.42075336725326], [126.88012720671858, 37.42118171791469], [126.88057083224562, 37.421577291597345], [126.88106094057316, 37.42193627817304], [126.88159281158866, 37.422255219863644], [126.88216132271614, 37.42253104456209], [126.88276099826341, 37.42276109543869], [126.88338606217984, 37.42294315654649], [126.88403049371547, 37.42307547417869], [126.88468808544405, 37.42315677377159], [126.88535250309026, 37.423186272189795], [126.88601734658229, 37.42316368527507], [126.88667621174072, 37.4230892305856], [126.88732275200698, 37.42296362529959], [126.88795073961522, 37.422788079303054], [126.88855412561637, 37.42256428352881], [126.88912709817457, 37.4222943936592], [126.88966413857278, 37.421981009350056], [126.89016007438721, 37.42162714917659], [126.89061012931712, 37.4212362215431], [126.89100996918955, 37.42081199183755], [126.89135574369604, 37.42035854614802], [126.8916441234587, 37.41988025189125], [126.89187233207056, 37.4193817157334], [126.89203817280087, 37.418867739208714], [126.8921400497109, 37.41834327246435], [126.8921769829777, 37.41781336657734], [126.89214861827992, 37.41728312490318], [126.89205523015774, 37.41675765392501], [126.89189771931615, 37.41624201407663], [126.89167760389954, 37.4157411710132], [126.89139700482421, 37.41525994779838], [126.89105862531085, 37.41480297846823], [126.89066572481671, 37.41437466341858], [126.89022208761928, 37.413979127044755], [126.88973198635486, 37.413620178041164]]], [[[126.7059461089452, 37.45348900007584], [126.70541477823164, 37.45316927540972], [126.70484670063509, 37.45289260656137], [126.70424734644172, 37.45266165751301], [126.7036224869191, 37.452478651995236], [126.70297813876819, 37.45234535208786], [126.70232050621891, 37.45226304126417], [126.70165592132605, 37.452232512040986], [126.70099078303826, 37.45225405835327], [126.70033149562519, 37.452327472726374], [126.69968440705371, 37.45245204827309], [126.69905574790465, 37.452626585496155], [126.69845157141638, 37.4528494038312], [126.69787769523089, 37.453118357819], [126.69733964540143, 37.45343085775192], [126.6968426032002, 37.45378389459629], [126.6963913552367, 37.4541740689515], [126.69599024736713, 37.45459762376731], [126.69564314283775, 37.45505048050559], [126.695353385066, 37.455528278398596], [126.6951237654182, 37.45602641642665], [126.69495649629475, 37.4565400976119], [126.69485318978376, 37.45706437520173], [126.69481484208976, 37.45759420029802], [126.69484182388955, 37.45812447047387], [126.69493387670987, 37.45865007890966], [126.69509011536371, 37.459165963575614], [126.69530903642398, 37.45966715598705], [126.69558853265465, 37.4601488290625], [126.69592591326287, 37.46060634362366], [126.69631792977745, 37.46103529308869], [126.69676080730724, 37.46143154592796], [126.69725028087814, 37.461791285472536], [126.69778163650048, 37.46211104669155], [126.69834975657065, 37.462387749583115], [126.69894916917022, 37.46261872885672], [126.6995741007871, 37.46280175962025], [126.70021853194982, 37.46293507882369], [126.70087625523833, 37.46301740225224], [126.7015409351108, 37.46304793690467], [126.70220616896854, 37.46302638863739], [126.70286554886927, 37.462952965000134], [126.7035127232918, 37.46282837323618], [126.70414145835612, 37.46265381346597], [126.70474569790643, 37.46243096712037], [126.7053196218774, 37.462161980735026], [126.70585770237933, 37.46184944526261], [126.70635475696135, 37.461496371102506], [126.70680599853812, 37.4611061590894], [126.7072070814989, 37.460682567720674], [126.70755414355467, 37.460229676939186], [126.7078438429202, 37.459751848820936], [126.70807339047374, 37.45925368554712], [126.70824057658537, 37.458739985065804], [126.70834379235713, 37.45821569487113], [126.70838204507153, 37.45768586434558], [126.7083549677018, 37.457155596124736], [126.70826282239382, 37.456629996953104], [126.70810649788893, 37.45611412850439], [126.70788750091344, 37.455612958640096], [126.70760794162065, 37.45513131357521], [126.707270513227, 37.45467383141159], [126.70687846603994, 37.45424491748607], [126.7064355761294, 37.45384870196252], [126.7059461089452, 37.45348900007584]]], [[[126.87180659385214, 37.47164455645347], [126.87123775223854, 37.47136868119968], [126.87063772681068, 37.47113857053444], [126.87001229529264, 37.47095644011722], [126.86936747988709, 37.470824043603905], [126.86870948931839, 37.47074265577195], [126.86804465908526, 37.47071306025417], [126.86737939049671, 37.47073554199857], [126.86672008907674, 37.47080988452706], [126.86607310292828, 37.47093537201889], [126.86544466164881, 37.47111079619914], [126.86484081638305, 37.471334467965896], [126.8642673815891, 37.471604233644555], [126.86372987907674, 37.47191749571337], [126.86323348485531, 37.47227123780087], [126.86278297930282, 37.4726620537155], [126.86238270113468, 37.47308618022847], [126.86203650561573, 37.47353953329477], [126.86174772741782, 37.474017747364684], [126.86151914848129, 37.47451621740761], [126.8613529711908, 37.475030143244446], [126.861250797125, 37.47555457576204], [126.86121361158638, 37.476084464565396], [126.86124177406191, 37.47661470660888], [126.86133501470839, 37.47714019533856], [126.8614924368981, 37.477655869872365], [126.86171252580294, 37.478156763744465], [126.86199316293533, 37.478638052744145], [126.8623316465088, 37.47909510138825], [126.86272471742281, 37.47952350757913], [126.86316859062352, 37.4799191450172], [126.8636589915392, 37.480278202959184], [126.86419119724019, 37.4805972229385], [126.8647600819271, 37.48087313209286], [126.86536016630924, 37.4811032727779], [126.86598567039694, 37.48128542818056], [126.86663056919869, 37.48141784368479], [126.86728865078528, 37.48149924378327], [126.86795357616028, 37.48152884437184], [126.8686189403583, 37.481506360307584], [126.86927833418126, 37.481432008157775], [126.86992540597511, 37.4813065041129], [126.87055392285119, 37.481131057083985], [126.87115783075956, 37.48090735705104], [126.87173131283477, 37.48063755877486], [126.8722688454502, 37.480324261029956], [126.8727652514395, 37.479970481558816], [126.87321574997252, 37.47957962798955], [126.87361600260357, 37.479155464998094], [126.8739621550492, 37.47870207803124], [126.87425087429284, 37.478223833941506], [126.87447938065972, 37.47772533891312], [126.87464547455401, 37.4772113940854], [126.8747475576019, 37.47668694930127], [126.87478464799871, 37.47615705542715], [126.87475638991364, 37.4756268157035], [126.87466305686424, 37.475101336595124], [126.87450554902908, 37.474585678614375], [126.87428538452768, 37.47408480759094], [126.87400468475266, 37.47360354685748], [126.8736661538979, 37.473146530810865], [126.87327305288086, 37.47271816029607], [126.87282916791226, 37.472322560241665], [126.87233877401606, 37.471963539954274], [126.87180659385214, 37.47164455645347]]], [[[126.85872961116822, 37.47476076449144], [126.85816079508562, 37.474484826650205], [126.85756078594409, 37.47425464983688], [126.85693536131129, 37.47407245034764], [126.85629054332388, 37.47393998250322], [126.85563254073126, 37.47385852176768], [126.85496768914793, 37.47382885247548], [126.85430239008845, 37.47385126028472], [126.85364304936995, 37.473925529428946], [126.85299601547344, 37.47405094479375], [126.8523675184557, 37.47422629879851], [126.85176360999769, 37.47444990301681], [126.85119010516541, 37.474719604424436], [126.85065252644236, 37.47503280611838], [126.85015605057113, 37.475386492308594], [126.84970545871532, 37.47577725734186], [126.8493050904208, 37.47620133847945], [126.84895880181976, 37.47665465211355], [126.84866992847994, 37.47713283307444], [126.84844125325753, 37.47763127665068], [126.84827497946412, 37.478145182918404], [126.84817270960765, 37.478669602953296], [126.84813542991309, 37.47919948648102], [126.8481635007743, 37.47972973050714], [126.84825665323059, 37.480255228459036], [126.84841399150403, 37.48077091936623], [126.84863400157515, 37.48127183660549], [126.84891456571623, 37.48175315574137], [126.84925298284439, 37.482210241000764], [126.84964599449975, 37.48263868993347], [126.85008981619987, 37.48303437582836], [126.85058017386973, 37.48339348747552], [126.85111234499686, 37.483712565891004], [126.85168120411551, 37.48398853764961], [126.85228127218166, 37.484218744503835], [126.85290676936326, 37.48440096900306], [126.85355167073561, 37.4845334558654], [126.85420976434492, 37.484614928895994], [126.8548747110789, 37.484644603287855], [126.8555401057665, 37.48462219318691], [126.85619953891556, 37.484547914447695], [126.85684665849305, 37.484422482553335], [126.85747523114952, 37.484247105719696], [126.85807920229726, 37.48402347325045], [126.85865275446115, 37.483753739255526], [126.85919036333873, 37.483440501890215], [126.85968685102863, 37.48308677831542], [126.86013743591302, 37.48269597562101], [126.86053777871396, 37.48227185799301], [126.86088402427896, 37.48181851044153], [126.86117283869416, 37.48134029943974], [126.86140144136778, 37.48084183085353], [126.86156763177621, 37.48032790556787], [126.86166981061602, 37.47980347323792], [126.8617069951599, 37.47927358461055], [126.86167882867063, 37.47874334287613], [126.86158558378376, 37.478217854519215], [126.86142815982933, 37.477702180141584], [126.86120807411949, 37.477201285731226], [126.86092744728867, 37.476719994846256], [126.86058898282892, 37.47626294217417], [126.86019594101901, 37.47583452891282], [126.85975210750024, 37.47543888040253], [126.85926175680179, 37.47507980641652], [126.85872961116822, 37.47476076449144]]], [[[126.88682674311082, 37.476244587076735], [126.88629447035215, 37.47592566824304], [126.88572554227657, 37.475649862174926], [126.88512543735136, 37.475419824547785], [126.8844999340654, 37.475237770317875], [126.8838550553118, 37.47510545240765], [126.88319701042437, 37.47502414483796], [126.88253213542438, 37.47499463046902], [126.88186683205167, 37.475017193467814], [126.88120750616493, 37.475091616574154], [126.88056050610268, 37.47521718319178], [126.87993206159646, 37.475392684284145], [126.87932822382236, 37.475616430009076], [126.87875480716677, 37.47588626598007], [126.87821733326525, 37.476199593998714], [126.87772097785233, 37.47655339705861], [126.877270520933, 37.47694426838117], [126.87687030075507, 37.477368444204004], [126.87652417202581, 37.47782184000722], [126.87623546877465, 37.478300089829375], [126.87600697222096, 37.47879858829534], [126.87584088395671, 37.47931253495196], [126.87573880470386, 37.47983698048524], [126.8757017188523, 37.48036687437444], [126.87572998492936, 37.48089711352448], [126.8758233320943, 37.481422591408865], [126.87583127121442, 37.48144857925309], [126.8758252450098, 37.481534683328114], [126.87585351228294, 37.48206492235602], [126.87594686165114, 37.482590400060204], [126.87610439543982, 37.48310605566431], [126.87632459774606, 37.48360692288431], [126.87660534898998, 37.484088177765784], [126.87694394628579, 37.4845451851538], [126.87733712943722, 37.48497354334764], [126.87778111230892, 37.485369126509745], [126.87827161927217, 37.4857281244194], [126.87880392637523, 37.48604707918807], [126.87937290684125, 37.4863229185815], [126.8799730804563, 37.48655298562732], [126.88059866637047, 37.48673506422183], [126.88072889058355, 37.486761784112794], [126.88073475497823, 37.48687164861612], [126.88082814409677, 37.48739712239736], [126.8809857211567, 37.4879127714655], [126.88120596983853, 37.48841362959931], [126.88148677011587, 37.48889487293165], [126.88182541863073, 37.48935186641867], [126.88221865469347, 37.489780208493364], [126.88266269165904, 37.490175773473275], [126.88315325337753, 37.49053475131267], [126.88368561536961, 37.49085368431623], [126.8842546503295, 37.491129500459266], [126.88485487751797, 37.491359542993294], [126.88548051556884, 37.49154159605071], [126.88612553819925, 37.49167390600139], [126.88678373228633, 37.491755198355065], [126.88744875774914, 37.49178469004571], [126.88811420865767, 37.49176209697975], [126.8884712024972, 37.491721789355886], [126.88843056962095, 37.49181045555788], [126.88826453616862, 37.492324419052125], [126.88816252463947, 37.49284887478297], [126.88812551877227, 37.49337877213118], [126.88815387632499, 37.49390900796803], [126.88824732557676, 37.494434475798464], [126.88840496789166, 37.4949501149408], [126.88862528632198, 37.4954509592691], [126.88890616016978, 37.49593218504892], [126.88924488536853, 37.496389157405176], [126.88963820048997, 37.49681747497415], [126.89008231812738, 37.49721301230915], [126.89057296135371, 37.49757195963056], [126.89110540490414, 37.49789085953682], [126.89167452068692, 37.498166640321905], [126.89227482718391, 37.49839664557786], [126.89290054226453, 37.498578659796095], [126.89354563890343, 37.49871092972068], [126.89420390326434, 37.49879218124688], [126.89486899458905, 37.498821631702064], [126.8955345063127, 37.49879899739002], [126.89619402781531, 37.49872449632584], [126.89684120621253, 37.498598846135025], [126.89746980758862, 37.49842325713701], [126.8980737770799, 37.49819942067992], [126.89834574919885, 37.49807141731965], [126.89860963031934, 37.498020179509474], [126.89923822281366, 37.49784458100571], [126.89971495466746, 37.49766789021631], [126.89969645311521, 37.49769213210386], [126.89940781859009, 37.49817043757451], [126.89917941305757, 37.49866898000656], [126.89901343723498, 37.49918295852318], [126.89891149076311, 37.49970742350306], [126.89887455675485, 37.50023732423762], [126.89890299227666, 37.50076755756517], [126.89899652485717, 37.501293017014504], [126.89915425505828, 37.50180864198428], [126.89937466508606, 37.502309466484675], [126.89956189014254, 37.50263011834786], [126.89919226077855, 37.50267188137967], [126.89854505089424, 37.502797544093895], [126.89791641514368, 37.50297313838731], [126.89731240654392, 37.503196973520915], [126.89673884112601, 37.50346689424793], [126.89620124195808, 37.50378030155446], [126.89570478598145, 37.50413417767122], [126.89558647667567, 37.50423683811053], [126.89525045156334, 37.50403561778866], [126.89468127813801, 37.50375985400071], [126.89408092137545, 37.50352986074214], [126.89403167062876, 37.50351553583103], [126.89399032512128, 37.503499696414394], [126.89336456641146, 37.50331768773714], [126.89271943058104, 37.503185416581935], [126.89206112943769, 37.50310415651932], [126.89139600146862, 37.5030746899521], [126.89073045084793, 37.50309730058708], [126.89007088581359, 37.503171770705706], [126.88942365700548, 37.503297383259294], [126.88910294384488, 37.503386938863684], [126.88907467848134, 37.50285860231578], [126.88898121374433, 37.50233313574297], [126.88882355263982, 37.50181749784006], [126.88860321476473, 37.50131665424277], [126.8883223231823, 37.500835428018924], [126.8879835839342, 37.50037845323233], [126.88759025994514, 37.499950130329935], [126.88714613957295, 37.49955458378115], [126.88665550010813, 37.499195622376675], [126.88612306657461, 37.49887670256853], [126.88555396622922, 37.49860089520335], [126.88495367919762, 37.49837085596864], [126.88432798572148, 37.49818879983575], [126.88368291052436, 37.4980564797452], [126.88302466483054, 37.49797516973859], [126.88235958659375, 37.497945652699485], [126.88169407950949, 37.497968212820496], [126.88103455139678, 37.498042632869215], [126.88038735254015, 37.498168196278925], [126.87975871458428, 37.49834369404421], [126.87915469056703, 37.49856743635515], [126.87858109666738, 37.49883726885852], [126.87804345622705, 37.4991505933897], [126.87754694658398, 37.49950439297627], [126.87709634922822, 37.49989526087357], [126.87669600376032, 37.50031943335264], [126.87634976609444, 37.50077282592622], [126.87606097130988, 37.50125107266437], [126.87583240150848, 37.501749568222], [126.87566625898883, 37.50226351217432], [126.87556414499674, 37.50278795523358], [126.87552704425815, 37.50331784690295], [126.87555531544533, 37.50384808410887], [126.87564868766985, 37.50437356034346], [126.87580626303848, 37.504889214844425], [126.87602652524917, 37.50539008133818], [126.87630735414632, 37.505871335877], [126.87664604609722, 37.50632834330895], [126.87703933999485, 37.506756701932545], [126.87748344863772, 37.50715228590564], [126.87797409518606, 37.50751128499932], [126.87850655434377, 37.50783024131317], [126.8790756978693, 37.50810608259769], [126.87967604397757, 37.50833615186189], [126.88030181015665, 37.50851823298038], [126.880946968889, 37.508650572052446], [126.8816053057402, 37.508731894307054], [126.88227047925335, 37.50876141638997], [126.88293608207154, 37.50873885391473], [126.88359570269675, 37.50866442420422], [126.88399308499494, 37.508587328337434], [126.88396755506102, 37.508952514748906], [126.88398004544639, 37.509186269949], [126.88335516950995, 37.509109094411926], [126.8826899924004, 37.50907957840799], [126.88202438650058, 37.50910213946754], [126.88136476058035, 37.50917656034911], [126.88071746586557, 37.509302124478054], [126.8800887349233, 37.50947762284214], [126.87948462168634, 37.50970136562585], [126.87891094319248, 37.50997119847154], [126.87837322359775, 37.510284523211475], [126.87787664100215, 37.51063832287149], [126.87742597759828, 37.511029190706424], [126.87702557362277, 37.511453362988114], [126.87667928555352, 37.51190675523141], [126.87639044895559, 37.51238500150976], [126.87616184633399, 37.51288349648268], [126.87599568030397, 37.5133974397311], [126.87589355233845, 37.513921881974156], [126.87585644729867, 37.514451772722985], [126.87588472389906, 37.51498200891285], [126.87597811119984, 37.515507484045656], [126.87613571116329, 37.516023137369636], [126.87635600725115, 37.516524002622425], [126.87663687898217, 37.517005255868135], [126.87697562231168, 37.51746226196707], [126.87736897563809, 37.5178906192304], [126.87781315118785, 37.51828620182888], [126.87830387147697, 37.51864519954659], [126.87883641049902, 37.51896415449618], [126.87940563924307, 37.51923999444107], [126.8800060751031, 37.51947006240296], [126.88063193470225, 37.519652142268846], [126.88127718962272, 37.519784480149966], [126.88193562450301, 37.519865801286635], [126.88260089694153, 37.51989532233532], [126.88326659862786, 37.51987275891953], [126.88392631711105, 37.51979832837124], [126.88457369760819, 37.519672747636584], [126.8852025042556, 37.519497226365964], [126.88580668021119, 37.51927345525516], [126.88638040602692, 37.519003589750405], [126.8869181557282, 37.518690229274526], [126.88741475005807, 37.51833639217497], [126.88786540637298, 37.51794548663573], [126.88812810562375, 37.51766715226459], [126.88812251562504, 37.51769588061781], [126.88808549476359, 37.51822577562086], [126.88811385898812, 37.518756009324605], [126.88820733651521, 37.51928147525452], [126.8883650284383, 37.51979711274704], [126.88858541733343, 37.520297955691916], [126.88867608983018, 37.52045325663882], [126.88849384347706, 37.520400251190246], [126.88784856997263, 37.52026795259161], [126.88719012468682, 37.52018666433779], [126.886524847494, 37.52015716910283], [126.88585914400417, 37.52017975086947], [126.88519942392641, 37.52025419219697], [126.88455203939257, 37.520379776313966], [126.88392322383419, 37.52055529401592], [126.88331903199854, 37.52077905530131], [126.88274528167999, 37.521048905634586], [126.88220749772607, 37.52136224667982], [126.88171085885662, 37.52171606130608], [126.88139174850168, 37.52199281189731], [126.88105307612894, 37.52153597778277], [126.88065968272363, 37.5211076326938], [126.88021547547864, 37.52071206070526], [126.87972473252157, 37.520353070852444], [126.8791921798733, 37.52003411986092], [126.87862294593782, 37.51975827887717], [126.87802251212695, 37.51952820391198], [126.87739666009536, 37.519346110280374], [126.87675141609273, 37.519213751283544], [126.87609299296797, 37.51913240133742], [126.87542773038226, 37.519102843709845], [126.87476203380514, 37.51912536298405], [126.87410231287903, 37.519199742320836], [126.87345491974393, 37.51932526554545], [126.87282608791399, 37.51950072403951], [126.87222187229287, 37.519724428371404], [126.87164809090356, 37.519994224553784], [126.8711102688924, 37.52030751477211], [126.87061358534508, 37.52066128238474], [126.87016282342601, 37.521052120955325], [126.86976232432019, 37.521476267037784], [126.86941594542148, 37.521929636399534], [126.86919190417498, 37.52230047226471], [126.86877856406392, 37.521998039965204], [126.8682460471274, 37.52167904001945], [126.86767684183582, 37.52140314660579], [126.86707642932566, 37.521173016239764], [126.86645059104681, 37.520990864769665], [126.86580535311681, 37.520858446053424], [126.86514692832633, 37.52077703508181], [126.86448165635258, 37.520747415709984], [126.86381594275554, 37.52076987311553], [126.86315619734134, 37.5208441910547], [126.86250877248558, 37.520969653943716], [126.86187990200752, 37.521145053744966], [126.86127564118254, 37.521368701591825], [126.8612089784787, 37.52140003807896], [126.86103573644445, 37.52124570100347], [126.86054508307724, 37.520886632295834], [126.86001260956581, 37.520567595560614], [126.85969020066874, 37.52041129168451], [126.85970300429427, 37.52022902721979], [126.85967484081068, 37.51969878865876], [126.85958156322597, 37.51917330200863], [126.85942407118772, 37.51865762785458], [126.85920388266639, 37.51815673218211], [126.85892311928875, 37.51767543856109], [126.85858448586379, 37.51721838170475], [126.85819124429898, 37.51678996285055], [126.85774718216031, 37.516394307391934], [126.85725657617913, 37.51603522516828], [126.85672415105843, 37.515716173794736], [126.85615503397523, 37.51544022538441], [126.85555470521729, 37.51521003698242], [126.8549289454287, 37.51502782499586], [126.8542837799718, 37.51489534386528], [126.85362542093988, 37.51481386918222], [126.85296020737755, 37.514784185415174], [126.85229454428269, 37.51480657836151], [126.85163484097545, 37.514880832397864], [126.8509874494261, 37.51500623255554], [126.85035860313323, 37.51518157140065], [126.84975435713926, 37.51540516065326], [126.84918052975893, 37.51567484743381], [126.8486426465806, 37.515988034980886], [126.84814588727798, 37.51634170764141], [126.8476950357438, 37.516732459893234], [126.84729443402495, 37.517156529121564], [126.84694794050216, 37.51760983183406], [126.84665889271795, 37.51808800296694], [126.8464300752101, 37.518586437904055], [126.84626369266257, 37.51910033680532], [126.846161348633, 37.51962475081784], [126.84612403006335, 37.52015462972551], [126.84615209772466, 37.52068487057862], [126.8462452826898, 37.521210366835064], [126.84640268887051, 37.52172605754051], [126.84662280159586, 37.52222697607338], [126.84690350215179, 37.52270829798534], [126.84724208814359, 37.52316538747592], [126.84763529948654, 37.52359384205352], [126.84807934977611, 37.523989534951895], [126.84856996273633, 37.52434865489289], [126.84910241339597, 37.52466774281189], [126.84942481796467, 37.524824075445096], [126.84941198840038, 37.52500633841313], [126.8494400806538, 37.525536578286506], [126.84953329425221, 37.52606207179176], [126.8496543004584, 37.52645842529263], [126.84953132511016, 37.52641127080359], [126.84890548728453, 37.52622902650707], [126.8482602367977, 37.52609651191702], [126.84760178656127, 37.52601500294696], [126.84693647649765, 37.52598528439534], [126.84627071253325, 37.52600764239429], [126.84561090495895, 37.526081861656884], [126.84496340674829, 37.526207227549136], [126.84433445242628, 37.52638253296711], [126.84373009807486, 37.5266060899528], [126.84315616305163, 37.52687574593742], [126.8426181739809, 37.52718890445625], [126.84212131155563, 37.52754255013589], [126.8416703606613, 37.52793327771428], [126.84126966430136, 37.52835732481445], [126.840923081768, 37.52881060815744], [126.84063395146087, 37.52928876286628], [126.84046977629119, 37.529646260525425], [126.84025819507461, 37.52999615925535], [126.84002929760452, 37.53049458004026], [126.83986284360927, 37.531008468223504], [126.83976043733512, 37.53153287505571], [126.83972306632413, 37.53206275039019], [126.83975109185313, 37.532592991311844], [126.83984424540164, 37.533118491278124], [126.84000163118482, 37.53363418929909], [126.84022173472906, 37.53413511868279], [126.84050243740954, 37.53461645487637], [126.84084103681191, 37.535073561941786], [126.84123427272304, 37.53550203721811], [126.84167835850235, 37.535897753739555], [126.84216901753247, 37.53625690000027], [126.84269066711992, 37.536569510265], [126.84243089471687, 37.53649385787017], [126.84178556804282, 37.53636130740324], [126.8411270353085, 37.53627976168427], [126.8404616372302, 37.53625000586534], [126.83979578058137, 37.53627232643727], [126.8391358765447, 37.536346508473386], [126.838488279022, 37.53647183769807], [126.83785922349387, 37.53664710736046], [126.83725476701619, 37.53687062984682], [126.83668072992934, 37.53714025292064], [126.83614263983993, 37.53745338043424], [126.83564567841323, 37.53780699731295], [126.83519463148774, 37.53819769857225], [126.83479384299139, 37.538621722088855], [126.83444717310357, 37.539074984811165], [126.83415796106526, 37.53955312206109], [126.83392899299646, 37.54005152954937], [126.83376247503183, 37.540565407700846], [126.83366001203412, 37.541089807862974], [126.83362259209213, 37.54161967995357], [126.83365057695458, 37.54214992108898], [126.83374369849328, 37.542675424724784], [126.83390106123237, 37.543191129835805], [126.83412115092092, 37.54369206966192], [126.83440184906829, 37.54417341954973], [126.83474045330442, 37.54463054342931], [126.83513370337027, 37.545059038477696], [126.83557781248942, 37.5454547775386], [126.83606850382019, 37.54581394888891], [126.83660105163719, 37.546133092968475], [126.83717032684652, 37.54640913571837], [126.83777084639581, 37.54663941820611], [126.83839682610291, 37.54682172225145], [126.83904223639345, 37.546954291805314], [126.83970086040911, 37.54703584987544], [126.84036635392573, 37.54706561083507], [126.84103230650223, 37.54704328799584], [126.84169230326943, 37.54696909637159], [126.84233998676198, 37.54684375060634], [126.84296911819547, 37.546668458086664], [126.84357363759705, 37.54644490730465], [126.8441477222082, 37.546175251584195], [126.84468584259598, 37.545862088327574], [126.84518281593076, 37.54550843398305], [126.84563385591643, 37.54511769497494], [126.84603461889176, 37.54469363487719], [126.8463812456581, 37.54424033814717], [126.84667039863163, 37.54376217076989], [126.84689929396212, 37.54326373819238], [126.84706572831026, 37.542749840953974], [126.84716810002664, 37.5422254284407], [126.8472054245303, 37.5416955512094], [126.84717734374021, 37.54116531234127], [126.84708412947099, 37.540639818293634], [126.84692668076207, 37.54012412972317], [126.84670651516815, 37.53962321275434], [126.84642575409688, 37.539141891162195], [126.84608710233643, 37.53868479992924], [126.84569382197223, 37.53825634062385], [126.84524970094498, 37.537860639028764], [126.84475901655404, 37.537501505427265], [126.84423735176058, 37.537188904205976], [126.84449712844875, 37.53726455265791], [126.845142467904, 37.53739708840468], [126.8458010151528, 37.53747861184871], [126.84646642671086, 37.53750833769697], [126.847132292927, 37.537485979599424], [126.84779219976443, 37.53741175290963], [126.84843979062455, 37.537286372609486], [126.84906882761585, 37.53711104641819], [126.84967325167564, 37.53688746315219], [126.85024724096435, 37.53661777644815], [126.85078526696762, 37.536304584006714], [126.85128214776532, 37.535950902557076], [126.85173309795297, 37.53556013878438], [126.85213377473433, 37.535136056500924], [126.85248031974106, 37.53468274037746], [126.85276939617674, 37.53420455658557], [126.85293352320154, 37.53384704164537], [126.85314505667971, 37.533497119979664], [126.85337387671066, 37.53299867329327], [126.85354024290484, 37.532484765411844], [126.85364255426877, 37.53196034582361], [126.85367982680218, 37.531430465153306], [126.85365170292388, 37.53090022651503], [126.85355845486269, 37.53037473636368], [126.85343742191655, 37.52997838687333], [126.85356040560724, 37.53002553734397], [126.85418628670715, 37.53020775725609], [126.85483158346395, 37.5303402398023], [126.85549008011337, 37.53042170882886], [126.85615543365861, 37.53045137956715], [126.85682123500767, 37.53042896619817], [126.85748107074893, 37.53035468460812], [126.85812858496917, 37.53022925030782], [126.85875754051557, 37.530053871536765], [126.85936187911055, 37.52983023761788], [126.85942855012563, 37.529798902294324], [126.8596018083397, 37.52995324165676], [126.86009251588524, 37.53031231424024], [126.86062505841028, 37.53063135073239], [126.86119430687091, 37.530907278110945], [126.86179477847172, 37.531137438555135], [126.86242068949191, 37.53131961506074], [126.86306601101857, 37.53145205280773], [126.8637245270485, 37.53153347607406], [126.86438989439813, 37.53156310053199], [126.86505570384233, 37.53154064080855], [126.8657155418915, 37.53146631323655], [126.86636305261024, 37.53134083376993], [126.86699199887958, 37.53116541108341], [126.8675963225115, 37.53094173492304], [126.8681702026346, 37.53067195982046], [126.86870811178689, 37.53035868432776], [126.86920486917464, 37.53000492597402], [126.86965569058285, 37.52961409218502], [126.87005623445651, 37.52918994744713], [126.87040264370805, 37.52873657703235], [126.87062669869934, 37.52836573939325], [126.87104008113322, 37.528668165285794], [126.87157265940773, 37.528987152815], [126.87214193654563, 37.52926302775073], [126.8727424294748, 37.52949313277744], [126.87336835426868, 37.52967525142485], [126.8740136818814, 37.52980762943043], [126.87467219625093, 37.52988899164777], [126.87533755420965, 37.529918554337435], [126.87600334662287, 37.52989603272165], [126.87666316016524, 37.529821643729605], [126.87731063913755, 37.5296961039071], [126.87793954672698, 37.52952062251038], [126.87854382511851, 37.52929688985121], [126.87911765387689, 37.52902706100547], [126.87965550603542, 37.52871373504301], [126.88015220134983, 37.52835992997904], [126.88047134369158, 37.528083183317584], [126.88081004153221, 37.528540018828146], [126.88120347423873, 37.528968363234874], [126.88164773510015, 37.52936393143916], [126.88213854581072, 37.52972291336349], [126.88267117949295, 37.53004185127241], [126.88324050622388, 37.53031767309326], [126.88384104245324, 37.530547722022156], [126.88446700383699, 37.530729782129306], [126.88511236097638, 37.53086209971617], [126.88577089752468, 37.53094340021851], [126.88643627010043, 37.53097290049159], [126.88710206942801, 37.53095031635903], [126.88776188211544, 37.53087586535252], [126.88840935247188, 37.530750264615385], [126.88903824376769, 37.530574723990824], [126.88964249834507, 37.530350934361294], [126.89021629599851, 37.53008105135161], [126.8907541100614, 37.529767674553405], [126.89125076065686, 37.529413822471575], [126.89143218310531, 37.52925646602563], [126.89181210038359, 37.52959466798685], [126.89230296189227, 37.52995360809369], [126.89283564111877, 37.53027250053957], [126.8934050077009, 37.53054827368973], [126.8940055777042, 37.53077827120918], [126.89463156645884, 37.5309602776634], [126.89527694430213, 37.53109253987082], [126.89593549468768, 37.53117378380081], [126.89634012342474, 37.53119168908011], [126.89609958923386, 37.5315900646798], [126.89587105684973, 37.532088596823634], [126.89570498121907, 37.532602566949606], [126.89564087457535, 37.53293212919132], [126.89546797703125, 37.53288186255767], [126.89482258346052, 37.532749601296864], [126.89416402053467, 37.53266835107176], [126.89349862926004, 37.53263889419035], [126.89283281634447, 37.532661514266145], [126.89217299254996, 37.53273599348974], [126.89152551100653, 37.532861614725086], [126.89089660607942, 37.53303716841048], [126.89029233337612, 37.53326096419819], [126.88971851146948, 37.5335308472207], [126.88918066589649, 37.53384421882764], [126.88868397597038, 37.534198061594005], [126.88823322491784, 37.53458896835997], [126.88783275382029, 37.535013175022925], [126.8874864198031, 37.535466596766966], [126.88719755887504, 37.535944867381666], [126.88696895377694, 37.53644338129234], [126.88680280714948, 37.53695733789756], [126.8867007202804, 37.53748178778777], [126.8866636776369, 37.538011680400245], [126.88669203733419, 37.53854191265204], [126.88678552763369, 37.53906737808263], [126.88694324950723, 37.539583016033184], [126.88716368524364, 37.540083860388904], [126.88727919576321, 37.54028165939801], [126.88679697509089, 37.539992977238605], [126.88622756195606, 37.53971717224794], [126.88562694508117, 37.539487135095776], [126.88500090788266, 37.539305080732824], [126.88435547839225, 37.53917276208201], [126.88369687124373, 37.53909145317072], [126.88303142786913, 37.53906193687175], [126.88236555547765, 37.539084497370496], [126.88170566540363, 37.53915891743102], [126.88105811141483, 37.53928448048669], [126.88042912857348, 37.539459977535955], [126.87982477323672, 37.53968371877631], [126.87925086477254, 37.539953549865444], [126.87871292955079, 37.54026687265304], [126.8782161477474, 37.54062067018433], [126.87776530347323, 37.541011535735215], [126.87736473870699, 37.541435705600136], [126.87705883587272, 37.54183605899449], [126.87699475931132, 37.541817420744096], [126.87634932299267, 37.54168505832029], [126.87569070310869, 37.54160370466797], [126.87502524121402, 37.541574143090536], [126.87435934469616, 37.54159665820921], [126.87369942512149, 37.541671033224844], [126.87305183654165, 37.541796552004385], [126.87242281435164, 37.54197200597244], [126.87181841528715, 37.542195705741285], [126.87124445913686, 37.54246549736784], [126.87070647272934, 37.542778783081786], [126.87020963673308, 37.54313254628534], [126.86975873578037, 37.543523380585015], [126.8693581123953, 37.5439475225763], [126.86901162516904, 37.54440088806646], [126.8687226115853, 37.544879111387225], [126.86849385585457, 37.545377587419885], [126.86834116086935, 37.54584948931397], [126.86814302933736, 37.545773574293406], [126.86751698362684, 37.54559142733467], [126.86687153236461, 37.545459013043846], [126.86621289039428, 37.54537760636883], [126.86554739948309, 37.54534799112335], [126.86488146729774, 37.5453704524452], [126.8642215057479, 37.545444774052996], [126.863573869289, 37.5455702403278], [126.86294479377672, 37.54574564319962], [126.86234033645975, 37.545969293772615], [126.86176631768714, 37.54623903857739], [126.86122826489004, 37.546552280294435], [126.86073135937572, 37.54690600274968], [126.86028038644542, 37.547296799942075], [126.85987968931595, 37.54772090882462], [126.85953312728822, 37.54817424552353], [126.85924403856595, 37.54865244464805], [126.85901520808302, 37.54915090131272], [126.85884884065044, 37.549664815468276], [126.85874653968244, 37.55018923811484], [126.85870929170842, 37.550719118953], [126.85873745682171, 37.551249355014086], [126.85883076515874, 37.55177483980174], [126.8589883194449, 37.5522905124715], [126.85920860358449, 37.55279140657486], [126.85922073973337, 37.552812201146345], [126.85874425039664, 37.55290448053362], [126.85811510204383, 37.553079856783356], [126.85751057110151, 37.553303481674014], [126.85693647862739, 37.55357320198358], [126.85639835276186, 37.553886420628494], [126.85590137551544, 37.55424012165694], [126.8554503328799, 37.55463089927441], [126.85504956874314, 37.555054990622494], [126.85470294305127, 37.55550831199651], [126.8544137946211, 37.5559864981535], [126.85437088205593, 37.556079949750895], [126.85434968540451, 37.5560790045055], [126.85368365524575, 37.55610140171322], [126.85302358870351, 37.55617565961369], [126.85237584124353, 37.55630106320124], [126.85174664978952, 37.55647640500936], [126.85114207270578, 37.55669999673013], [126.85056793149394, 37.5569696854609], [126.8500297547633, 37.557282874422164], [126.8495327250139, 37.557636547948015], [126.8490816287428, 37.55802730050883], [126.84868081035401, 37.55845136948763], [126.8483341303159, 37.55890467139523], [126.84804492796846, 37.5593828411763], [126.84781598933986, 37.559881274228346], [126.8476495202827, 37.56039517072992], [126.84754712519032, 37.56091958185157], [126.84750979149906, 37.56144945740528], [126.84753788012841, 37.56197969447362], [126.8476311219522, 37.5625051865509], [126.84778862033724, 37.56302087272272], [126.84800885972712, 37.56352178641077], [126.84828972019007, 37.56400310321281], [126.84862849779319, 37.56446018737694], [126.84872249693878, 37.564562553188466], [126.84875674161088, 37.564608756117494], [126.84915017593515, 37.56503720477875], [126.84959447698094, 37.56543289159288], [126.85008536605753, 37.56579200533952], [126.85061811553429, 37.566111087012885], [126.85118759437412, 37.56638706315482], [126.85178831756232, 37.56661727547417], [126.85241449895409, 37.5667995064664], [126.85306010703123, 37.566932000786046], [126.85371892302896, 37.567013482165606], [126.85438460087283, 37.56704316571719], [126.85505072834503, 37.56702076549833], [126.85571088889081, 37.56694649726849], [126.85635872346637, 37.56682107641005], [126.85698799183146, 37.5666457110333], [126.8575926326939, 37.566422090332594], [126.85816682212509, 37.56615236830575], [126.85870502968262, 37.565839142994214], [126.8592020716977, 37.56548543144436], [126.85965316121342, 37.56509464063184], [126.86005395409231, 37.56467053462989], [126.86040059084893, 37.56421719833821], [126.86068973380452, 37.56373899812298], [126.86080316493671, 37.56349195121239], [126.86129167025072, 37.563475496743685], [126.86195179376806, 37.56340119322486], [126.8625995875865, 37.56327573766519], [126.86322881185863, 37.56310033850934], [126.86383340571729, 37.56287668527704], [126.86440754568704, 37.562606932279536], [126.8649457018022, 37.56229367785653], [126.86544269088976, 37.56193993933475], [126.86589372650293, 37.56154912394958], [126.86629446502366, 37.56112499601081], [126.86664104749029, 37.56067164062927], [126.86693013674707, 37.56019342435486], [126.86715894955898, 37.559694953105314], [126.86732528338297, 37.559181027792164], [126.86742753753929, 37.558656598071394], [126.8674647285805, 37.55812671466505], [126.86743649971217, 37.55759648071322], [126.867343124176, 37.55707100262518], [126.86718550256533, 37.55655534090322], [126.8669651541005, 37.55605446141257], [126.86695301527527, 37.55603366762409], [126.86742951494728, 37.555941355245686], [126.86805866634015, 37.555765929465714], [126.86866318653696, 37.55554225055194], [126.86923725277218, 37.55527247306288], [126.86977533579069, 37.55495919557405], [126.87027225312391, 37.55460543563425], [126.87072321901633, 37.55421460068501], [126.87112389052166, 37.55379045522434], [126.87147040932365, 37.55333708453166], [126.87175943887978, 37.55285885530411], [126.87198819652983, 37.552360373583994], [126.87208718617423, 37.55205442715204], [126.87232122754563, 37.552144084114566], [126.87294733989437, 37.552326205999556], [126.87359286142822, 37.55245858755477], [126.87425157421629, 37.552539953599364], [126.87491713317857, 37.55256952035694], [126.87558312724306, 37.55254700301045], [126.87624314114083, 37.552472618448014], [126.8768908172417, 37.552347083172876], [126.87751991683295, 37.55217160639768], [126.87812438024929, 37.55194787838993], [126.87869838527253, 37.55167805418108], [126.87923640323764, 37.55136473279671], [126.87973325230311, 37.551010932208335], [126.88018414737142, 37.55062006024892], [126.88058474617883, 37.55019588177282], [126.8809311911097, 37.549742482377276], [126.88099382810393, 37.549638811707894], [126.88161804798673, 37.54976678392718], [126.88227674647915, 37.54984810510209], [126.8829422853243, 37.549877626449664], [126.88360825364411, 37.549855063590414], [126.88426823641781, 37.54978063385105], [126.88491587631525, 37.549655054170096], [126.88554493497271, 37.54947953418806], [126.88614935311954, 37.54925576458872], [126.88672330897398, 37.54898590080421], [126.88726127434501, 37.54867254224129], [126.88775806789806, 37.54831870722958], [126.88820890507074, 37.54792780393353], [126.88860944415723, 37.54750359750922], [126.88895582811745, 37.54705017382292], [126.88924472170804, 37.54657190008172], [126.88947334357873, 37.54607338275621], [126.88963949302543, 37.54555942320092], [126.88974157114377, 37.54503497140087], [126.88977859618122, 37.54450507828997], [126.88975021294121, 37.543974847101055], [126.88965669615114, 37.543449384216125], [126.88949894776343, 37.54293374999044], [126.88927848821801, 37.54243291002391], [126.88916296914904, 37.54223511296671], [126.88964521340002, 37.542523785561755], [126.89021466055627, 37.54279957423921], [126.89081531828349, 37.54302958828445], [126.89144140106661, 37.54321161210357], [126.8920868783369, 37.543343892347536], [126.8927455325898, 37.5434251548118], [126.8934110193093, 37.543454616718066], [126.89407692811965, 37.54343199425968], [126.8947368445737, 37.54335750533763], [126.89538441198052, 37.54323186746069], [126.89601339267526, 37.543056290830066], [126.89661772813868, 37.542832466675264], [126.89719159738611, 37.54256255095393], [126.89772947306128, 37.54224914357306], [126.8982261746941, 37.54189526333239], [126.89867691860809, 37.541504318831876], [126.89907736399607, 37.54108007562425], [126.89942365472075, 37.54062661992981], [126.89971245643697, 37.54014831926368], [126.89989686574931, 37.53974603428444], [126.89997815860666, 37.53977715762799], [126.9006042372408, 37.53995913292093], [126.90124970342134, 37.54009136304647], [126.90190833975049, 37.540172574283], [126.90257380188493, 37.54020198434587], [126.90323967968581, 37.54017930992802], [126.9038995590049, 37.540104769431075], [126.90454708350921, 37.539979080860796], [126.90517601594756, 37.53980345490681], [126.90578029826588, 37.53957958327383], [126.90635410999185, 37.539309622376855], [126.90689192432373, 37.538996172558065], [126.90738856138273, 37.53864225302591], [126.90783923811472, 37.53825127275871], [126.9082396143601, 37.53782699765354], [126.90858583464777, 37.5373735142378], [126.90887456531138, 37.53689519029335], [126.90910302657014, 37.53639663277371], [126.90926901926689, 37.53588264341991], [126.90937094600683, 37.53535817250332], [126.90940782649496, 37.534828271141315], [126.90937930692631, 37.534298042645545], [126.9092856633404, 37.53377259337147], [126.90924380715259, 37.53363588524059], [126.90922860092503, 37.53335316082087], [126.90913495949063, 37.532827711362515], [126.90897709800477, 37.53231210127584], [126.90875653799539, 37.53181129592785], [126.90847540466604, 37.53133011801712], [126.90839342664523, 37.5312196250117], [126.90836582573175, 37.531172383716616], [126.9080268288265, 37.530715466525876], [126.90763323246544, 37.53028721020921], [126.9071888276292, 37.52989173859397], [126.90669789434692, 37.52953285974859], [126.9061651604709, 37.52921402932943], [126.90559575614887, 37.52893831732187], [126.90499516443192, 37.5287083784948], [126.90436916849397, 37.528526426852544], [126.90372379596916, 37.528394214329396], [126.90306526094284, 37.52831301393131], [126.90266064582636, 37.528295131806495], [126.90290113448287, 37.52789674222922], [126.90294128271583, 37.52780913590242], [126.90310131350482, 37.52785565339318], [126.90374668025748, 37.52798786928086], [126.90440521322017, 37.52806906586535], [126.90507056904572, 37.528098461003296], [126.90573633861997, 37.52807577153145], [126.90639610883775, 37.5280012159965], [126.9070435244177, 37.52787551254901], [126.90767234915832, 37.527699872021856], [126.90827652604357, 37.527475986260015], [126.90885023561707, 37.52720601181444], [126.9093879520614, 37.52689254915758], [126.9098844964409, 37.52653861762134], [126.91033508659422, 37.52614762629942], [126.91073538319557, 37.52572334119514], [126.91108153154089, 37.525269848931885], [126.91137019865629, 37.5247915173765], [126.91159860537266, 37.524292953555594], [126.91176455305751, 37.52377895927063], [126.91186644474894, 37.523254484840315], [126.91190330048869, 37.522724581415694], [126.91189250554842, 37.5225239851673], [126.9122531738769, 37.522662054244705], [126.91287914071032, 37.5228439640229], [126.91352448237902, 37.52297612636942], [126.91418298268503, 37.523057268215965], [126.91484829859593, 37.5230866079466], [126.91551402138217, 37.52306386293203], [126.91617373838962, 37.52298925225413], [126.91682109484975, 37.52286349459481], [126.9170105306801, 37.522810561343306], [126.91703842867639, 37.522967031332094], [126.91708042749586, 37.52310417481449], [126.91682193328644, 37.523113010376775], [126.91616221578506, 37.52318762467027], [126.9155148554589, 37.52331337867821], [126.91488608550692, 37.52348906156086], [126.91428196023803, 37.523712981726696], [126.91370829680666, 37.52398298311075], [126.91317061922507, 37.52429646592291], [126.91267410519009, 37.524650411667295], [126.9122235362358, 37.52504141219226], [126.91182325169122, 37.525465702491985], [126.91147710688617, 37.52591919694467], [126.91118843600808, 37.526397528639194], [126.91096001996809, 37.526896091412006], [126.9107940595865, 37.52741008419042], [126.91069215435752, 37.52793455721576], [126.91065528699879, 37.52846445970172], [126.91068381393691, 37.528994688469496], [126.91077746182202, 37.52952013709135], [126.91093533010725, 37.5300357450697], [126.91115589967025, 37.530536546577785], [126.91143704739561, 37.531017718292574], [126.91177606657986, 37.531474625858635], [126.91216969296363, 37.5319028685353], [126.91261413614211, 37.53229832159624], [126.9131051160522, 37.53265717607266], [126.91363790418515, 37.53297597545653], [126.9142073691289, 37.53325164900945], [126.91480802600057, 37.53348154135586], [126.91543408929276, 37.533663438074484], [126.91607952862402, 37.533795587041034], [126.91673812685515, 37.53387671531598], [126.91740354000987, 37.533906041414134], [126.91806935842138, 37.53388328283752], [126.91872916851388, 37.53380865879874], [126.91937661462178, 37.53368288810851], [126.92000546024953, 37.53350718224767], [126.92060964818003, 37.53328323369076], [126.9211833588508, 37.53301319959385], [126.92172106643423, 37.53269968100414], [126.92221759208054, 37.53234569779243], [126.9226681538094, 37.53195465955024], [126.92306841256945, 37.53153033273283], [126.92341451402181, 37.531076804365334], [126.92370312564502, 37.53059844266221], [126.9239314688051, 37.53009985494025], [126.92409734548245, 37.529585843230876], [126.9241991593996, 37.5290613580203], [126.92423593134795, 37.528531450563094], [126.9242073085675, 37.52800122422912], [126.92411356809126, 37.527475785352536], [126.92408603269043, 37.52738590522785], [126.92462607734618, 37.527367413419945], [126.9252858239018, 37.527292752134095], [126.92576896392771, 37.5271988623028], [126.9258744383173, 37.527186925310325], [126.92616023466016, 37.527131384455146], [126.92618425486818, 37.52757613907899], [126.92627801000748, 37.528101576424234], [126.92643598240488, 37.52861716466683], [126.9266566519349, 37.52911793816966], [126.92693789451883, 37.52959907387904], [126.92727700253886, 37.53005593778602], [126.92767071087938, 37.53048412957013], [126.92811522834542, 37.530879524995086], [126.92860627415759, 37.53123831564711], [126.92913911917167, 37.53155704563291], [126.929708631427, 37.53183264488258], [126.93030932558435, 37.532062458736405], [126.93093541577662, 37.532244273529344], [126.93158087136285, 37.5323763379265], [126.932239475047, 37.532457379803226], [126.93290488280002, 37.532486618506866], [126.93357068500724, 37.53246377238162], [126.934230468249, 37.53238906148368], [126.93487787711862, 37.53226320546072], [126.9355066754797, 37.53208741661584], [126.93611080657088, 37.5318633882231], [126.93668445137784, 37.53159327820773], [126.93722208470804, 37.53127968834829], [126.93771852842764, 37.53092563920206], [126.9381690013461, 37.53053454099557], [126.93856916526828, 37.53011016076151], [126.93891516676933, 37.52965658603926], [126.93920367429115, 37.529178185489506], [126.9394319102029, 37.52867956680276], [126.9395976775183, 37.528165532308314], [126.93969938101345, 37.52764103271136], [126.93973604254334, 37.52711111940452], [126.93970731041131, 37.52658089581351], [126.93961346270335, 37.526055468245644], [126.93945540455694, 37.525539896714605], [126.93923465939284, 37.525039146215306], [126.93895335419634, 37.52455803891743], [126.93861419899136, 37.524101207738106], [126.93822046070689, 37.52367305174004], [126.93777593168853, 37.52327769378434], [126.93728489315971, 37.522918940844825], [126.9367520739847, 37.52260024736553], [126.9361826051312, 37.522324682013426], [126.93558197027052, 37.52209489814557], [126.93495595299105, 37.52191310827467], [126.93431058113168, 37.52178106277788], [126.93365206877098, 37.521700033053506], [126.93301041419046, 37.52167183887181], [126.93351047188015, 37.5213801501871], [126.93400686673894, 37.52102611565968], [126.93445729866427, 37.5206350306301], [126.93485742985548, 37.52021066200396], [126.93520340720258, 37.51975709720874], [126.93549189937957, 37.519278704809324], [126.9357201289028, 37.51878009241771], [126.93588589884692, 37.51826606230251], [126.93598761396198, 37.51774156512674], [126.93600552243491, 37.517482858265744], [126.93608017799848, 37.51754926390778], [126.93657117583429, 37.51790802184892], [126.93710396111811, 37.51822671611983], [126.93767340246434, 37.51850227699493], [126.93827401521665, 37.5187320501844], [126.93890001429216, 37.51891382241516], [126.93954536992784, 37.519045842762594], [126.93958743437364, 37.519051016917544], [126.94011785586342, 37.519205029095815], [126.94076321623109, 37.519337042819714], [126.94142171605188, 37.51941803282086], [126.94208701229775, 37.51944721894655], [126.94275269642871, 37.519424320047655], [126.94341235616317, 37.51934955668888], [126.94405963728491, 37.51922364902334], [126.94468830488879, 37.51904780985158], [126.94529230347379, 37.51882373293242], [126.94586581530257, 37.518553576658434], [126.94640331646418, 37.518239943253576], [126.94689963009836, 37.51788585369433], [126.94734997626797, 37.51749471859621], [126.94775001799894, 37.51707030534694], [126.94809590304345, 37.5166167018035], [126.94820588463685, 37.516434253550216], [126.94828018168914, 37.51650032397364], [126.94877123176269, 37.51685903167164], [126.94930406222355, 37.51717767131835], [126.94987354125041, 37.517453173714316], [126.9504741838235, 37.51768288513311], [126.95110020457227, 37.51786459289683], [126.95174557352463, 37.517996546701966], [126.95240407421909, 37.518077475489655], [126.95306936361914, 37.518106599697056], [126.95373503325072, 37.51808363877163], [126.954394670972, 37.51800881387582], [126.95504192277903, 37.517882845755686], [126.95567055404933, 37.5177069477943], [126.95627450963228, 37.517482814316914], [126.95684797220513, 37.51721260426096], [126.9573854183319, 37.516898920368504], [126.95788167168288, 37.51654478410236], [126.95833195290216, 37.516153606527816], [126.95873192564176, 37.51572915544163], [126.95907773831883, 37.51527551906507], [126.95936606119423, 37.514797066652015], [126.95959411841565, 37.51429840639186], [126.95975971471763, 37.51378434101361], [126.95977815787019, 37.51368907251985], [126.96025539771985, 37.513919904510374], [126.96085604458088, 37.51414956329662], [126.96148206176896, 37.51433121610701], [126.96212741934612, 37.51446311316756], [126.96278590096031, 37.51454398396623], [126.96345116375889, 37.51457304949895], [126.9641167995241, 37.514550029778604], [126.96477639644061, 37.514475146534174], [126.96542360089782, 37.514349121073934], [126.9660521787297, 37.51417316733344], [126.96665607530078, 37.51394898017535], [126.9672294738573, 37.513678719054205], [126.96776685158035, 37.51336498720397], [126.9682630327996, 37.513010806549346], [126.96871323885443, 37.51261958858308], [126.96911313412122, 37.51219510149082], [126.96945886776372, 37.511741433840456], [126.96974711080438, 37.511262955186794], [126.96997508815998, 37.51076427397173], [126.97014060533442, 37.510250193125756], [126.97024206951255, 37.50972566379942], [126.97027850485344, 37.50919573767066], [126.97024956183775, 37.508665518287664], [126.97015552058099, 37.50814011191628], [126.96999728808305, 37.50762457836527], [126.96977638944192, 37.50712388226305], [126.96949495311894, 37.50664284525491], [126.96915569039881, 37.50618609958068], [126.96876186924392, 37.505758043479496], [126.96831728279597, 37.505362798850406], [126.96782621282969, 37.50500417157609], [126.96729338851053, 37.50468561489079], [126.96672394085446, 37.504410196144676], [126.96612335332782, 37.50418056728367], [126.96549740906248, 37.50399893932853], [126.96485213519412, 37.50386706109808], [126.9641937448578, 37.5037862023807], [126.96352857739848, 37.50375714171624], [126.96286303737006, 37.503780158904675], [126.96220353290876, 37.503855032314355], [126.9615564140722, 37.50398104101492], [126.96092791173602, 37.50415697171492], [126.96032407763444, 37.5043811304371], [126.95975072612057, 37.5046513588197], [126.95921337820552, 37.504965054886874], [126.95871720841404, 37.50531919808907], [126.95826699496769, 37.50571037837278], [126.95786707377404, 37.506134829000494], [126.95752129666572, 37.50658846280567], [126.95723299429069, 37.50706691153407], [126.95700494401234, 37.507565567893884], [126.95683934312912, 37.508079629909766], [126.956820897715, 37.508174898016485], [126.95634370497413, 37.50794405229413], [126.95574312171507, 37.50771437081848], [126.95511717387645, 37.507532687930485], [126.95447188862845, 37.50740075297764], [126.95381347921581, 37.50731983629434], [126.95314828516716, 37.50729071697829], [126.9524827112923, 37.507313675394016], [126.95182316605312, 37.507388490475556], [126.95160115044754, 37.50743169956755], [126.95161376966992, 37.50742575341097], [126.95215116672266, 37.507112092436095], [126.95264737916196, 37.506757977260314], [126.95309762802576, 37.506366818745605], [126.95349757727729, 37.505942384504976], [126.95384337555946, 37.50548876259732], [126.95413169327125, 37.505010322137075], [126.95435975460934, 37.50451167119852], [126.95452536426804, 37.503997612420825], [126.95462692854066, 37.50347309674242], [126.95466347062167, 37.5029431757102], [126.95463463996325, 37.50241295282379], [126.9545407155985, 37.50188753438323], [126.95439341490851, 37.50140723346225], [126.95449291311421, 37.50140379964576], [126.95515240315193, 37.50132896914615], [126.95579950937325, 37.50120299537738], [126.95642799855887, 37.50102709177674], [126.95703181692734, 37.500802952723625], [126.95760514847822, 37.50053273720892], [126.9581424710379, 37.50021904802699], [126.95863860946707, 37.499864906691265], [126.9590887855168, 37.49947372431557], [126.95948866385181, 37.499049268742525], [126.95983439379822, 37.49859562823634], [126.9601226464131, 37.49811717209031], [126.96035064652013, 37.49761850852954], [126.96051619940309, 37.49710444031457], [126.96061771190183, 37.496579918474474], [126.96065420770911, 37.49604999461528], [126.96062533672229, 37.49551977226358], [126.96053137836238, 37.494994357714155], [126.96037323883016, 37.494478810854886], [126.96015244232775, 37.493978096442746], [126.95987111633254, 37.49349703629976], [126.95953197106644, 37.493040262888954], [126.95913827336075, 37.49261217471696], [126.95869381516852, 37.492216893991994], [126.95820287702972, 37.491858226944686], [126.95767018684082, 37.49153962719254], [126.9571008743268, 37.49126416250062], [126.95650042165336, 37.49103448525747], [126.95587461065463, 37.49085280694979], [126.9552294671839, 37.490720876881205], [126.95457120312149, 37.490639965339305], [126.95390615659724, 37.490610851372324], [126.95324073100136, 37.49063381529339], [126.9525813333689, 37.49070863598348], [126.95193431272932, 37.49083459301962], [126.95130589901314, 37.49101047360749], [126.95070214310155, 37.491234584252055], [126.95012885859477, 37.491504767054195], [126.9495915658586, 37.49181842047664], [126.94909543888616, 37.49217252438018], [126.94864525548623, 37.492563669089506], [126.94824535127641, 37.492988088209465], [126.94789957792506, 37.49344169487677], [126.94761126604303, 37.49392012109848], [126.94738319308429, 37.49441875979949], [126.94721755656477, 37.4949328091746], [126.9471159528586, 37.49545731891875], [126.9470793617782, 37.49598723789076], [126.94710813708741, 37.496517462751804], [126.94720200304211, 37.49704288711072], [126.94734924933248, 37.49752319691853], [126.94724975602651, 37.49752662475856], [126.94659029214478, 37.497601411389944], [126.94594320224203, 37.49772733491099], [126.94531471691518, 37.49790318285003], [126.9447108877345, 37.49812726202641], [126.94413752900529, 37.49839741484403], [126.94360016180762, 37.49871104005441], [126.94310396085132, 37.499065117790124], [126.94265370465718, 37.499456238627985], [126.9422537295437, 37.49988063640287], [126.9420739890392, 37.500116375571295], [126.94199211409581, 37.50008504894257], [126.94136626396309, 37.49990329372952], [126.94072106935738, 37.49977128420867], [126.94006274265136, 37.49969029143226], [126.9393976225778, 37.499661095230415], [126.93873211323474, 37.49968397670772], [126.938072622463, 37.499758715538704], [126.9374255001883, 37.49988459208834], [126.93679697731903, 37.500060394337126], [126.93619310578657, 37.50028442954424], [126.93561970030369, 37.50055454053688], [126.93508228240022, 37.50086812646929], [126.93485003032367, 37.50103382185619], [126.93491989680406, 37.50081713047715], [126.93502159342484, 37.500292632449664], [126.93505827215688, 37.49976271830709], [126.93502958113595, 37.499232491483276], [126.93493579805032, 37.49870705831683], [126.93477782741334, 37.498191478875704], [126.93455719180149, 37.49769071823132], [126.9342760171437, 37.49720959865154], [126.9339370122057, 37.49675275317227], [126.93354344246868, 37.4963245809945], [126.93309909865465, 37.495929205135674], [126.9326082602035, 37.495570432742625], [126.93207565405304, 37.495251718447236], [126.93150640912013, 37.494976131117426], [126.93103081542287, 37.49479409573604], [126.9313721180443, 37.494633325842955], [126.9319095062274, 37.494319756220605], [126.93240572774837, 37.493965725398425], [126.9328560035567, 37.49357464342572], [126.93325599735492, 37.49315027717812], [126.93360185735564, 37.49269671405969], [126.93389025336208, 37.49221832261873], [126.93411840881554, 37.49171971045762], [126.9342841275025, 37.49120567984246], [126.93438581466502, 37.49068118144086], [126.93442249231289, 37.49015126663388], [126.9343938085917, 37.489621038861756], [126.93430004111872, 37.48909560447229], [126.93420727448608, 37.48879279017011], [126.93439590395401, 37.48865819566347], [126.93484613726574, 37.488267105409506], [126.93524609120192, 37.487842731720164], [126.93559191435908, 37.48738916207105], [126.93588027689519, 37.48691076507323], [126.9361084025737, 37.48641214838249], [126.93627409546767, 37.48589811430844], [126.93633553383818, 37.4855811498865], [126.93656014545336, 37.485825529479705], [126.93700444851012, 37.48622089265612], [126.93749524761724, 37.48657964702307], [126.93802781600614, 37.4868983370376], [126.9385970243806, 37.48717389301568], [126.93919739032889, 37.487403660715216], [126.93982313114623, 37.48758542691653], [126.94046821955843, 37.487717440753464], [126.94112644180781, 37.487798430588974], [126.94179145754167, 37.487827616272135], [126.94245686092357, 37.48780471665808], [126.94311624237783, 37.4877299523184], [126.94376325037035, 37.48760404341544], [126.94439165262824, 37.487428202761365], [126.94499539620762, 37.48720412412892], [126.9455686658284, 37.48693396592663], [126.94610593991321, 37.486620330396505], [126.94660204378931, 37.48626623853491], [126.9470521995399, 37.48587510097889], [126.94745207202457, 37.485450685139206], [126.94779781062485, 37.484997078897216], [126.94781125246675, 37.484974770720896], [126.94791949908532, 37.48507107245874], [126.94841034350816, 37.48542978190802], [126.94894295078403, 37.48574842308559], [126.94951219124161, 37.48602392677788], [126.9501125821597, 37.48625363924653], [126.95073834059266, 37.486435347803976], [126.95138343909625, 37.486567302139484], [126.95204166381549, 37.48664823118937], [126.95270667437373, 37.4866773553884], [126.95337206498438, 37.48665439418422], [126.95403142619492, 37.48657956874189], [126.95467840666637, 37.48645359981251], [126.9553067743913, 37.48627770078669], [126.95591047675882, 37.48605356599951], [126.95648369888619, 37.48578335440055], [126.95702091965401, 37.485469668746184], [126.95751696490359, 37.48511553051559], [126.95796705728341, 37.484724350792376], [126.95836686226383, 37.48429989739336], [126.95871252987709, 37.4838462585615], [126.95900073178004, 37.48336780357377], [126.95922869328408, 37.4828691406439], [126.95939422004392, 37.48235507252621], [126.95949571915014, 37.48183055024868], [126.95951334685645, 37.48157459047767], [126.95956914500084, 37.481607966389035], [126.96013839388462, 37.48188341913434], [126.9607387850263, 37.48211307775775], [126.96136453547781, 37.48229473009056], [126.9620096178717, 37.482426626363804], [126.96266781850801, 37.4825074960733], [126.96333279724212, 37.48253656022565], [126.96399814859414, 37.48251353884712], [126.9645700151231, 37.48244858631239], [126.96437845625965, 37.48276665353922], [126.96415052918127, 37.48326532668225], [126.96398503284446, 37.48377940162207], [126.96388356227317, 37.48430392780684], [126.96384709599714, 37.48483385393649], [126.96387598657768, 37.48536407660274], [126.96396995715965, 37.48588948943501], [126.96412810408475, 37.486405032279016], [126.96434890554323, 37.48690573993419], [126.96463023618232, 37.48738678998057], [126.96496938753278, 37.487843549234064], [126.96536309405842, 37.48827161838224], [126.96580756457901, 37.48866687437027], [126.96629851876484, 37.48902551012793], [126.96683122835233, 37.48934407125459], [126.96740056268385, 37.48961948930767], [126.96800103813314, 37.48984911137375], [126.96862687093959, 37.4900307256362], [126.9692720329419, 37.49016258269278], [126.96993030967285, 37.490243412417094], [126.97059536025434, 37.49027243620102], [126.97126077851397, 37.49024937445978], [126.97192015473287, 37.49017444932722], [126.97256713742748, 37.490048382515134], [126.97319549456918, 37.48987238835725], [126.97379917364941, 37.489648162105354], [126.97437236001035, 37.48937786359028], [126.97490953287773, 37.48906409640581], [126.97540551855501, 37.488709882816515], [126.97575824968055, 37.48840321941359], [126.9758996832504, 37.48872381166602], [126.9761810949705, 37.4892048346733], [126.97652032513929, 37.48966156122332], [126.97691410746107, 37.49008959231844], [126.97735865002505, 37.490484805270135], [126.97784967180708, 37.49084339342257], [126.97838244389193, 37.491161902833554], [126.97895183501953, 37.49143726555865], [126.97955236101598, 37.4916668292174], [126.98017823763331, 37.49184838255588], [126.98082343628779, 37.491980176758815], [126.98148174215882, 37.492060942305436], [126.98214681408734, 37.49208990120603], [126.98281224569519, 37.492066774501026], [126.98347162713485, 37.49199178495029], [126.98411860687257, 37.49186565488632], [126.98474695290835, 37.49168959925238], [126.9853506128409, 37.4914653138926], [126.98592377219715, 37.49119495920729], [126.98646091046348, 37.49088113933142], [126.9869568542771, 37.49052687703714], [126.98740682726488, 37.49013558460308], [126.98753934618371, 37.4899948152469], [126.98766058419504, 37.49020198041574], [126.98799988908617, 37.49065867447862], [126.98839374253146, 37.49108666776251], [126.98883835193463, 37.491481837942914], [126.98932943562725, 37.491840378775855], [126.98986226409724, 37.492158836774856], [126.9904317055408, 37.49243414449071], [126.99103227529896, 37.492663650072835], [126.99165818870175, 37.49284514282683], [126.99230341681069, 37.4929768745212], [126.99296174452115, 37.493057576237426], [126.99362683046354, 37.493086470600865], [126.9942922681246, 37.49306327927385], [126.99495164759841, 37.492988225638925], [126.99559861737036, 37.49286203264612], [126.99622694553659, 37.49268591584507], [126.99683057986827, 37.492461571669274], [126.99740370613932, 37.49219116108572], [126.99794080415522, 37.49187728876788], [126.99843670094141, 37.49152297799312], [126.99888662057829, 37.491131641507], [126.99928623020215, 37.490707048636075], [126.99963168172883, 37.49025328896624], [126.99991964889841, 37.48977473293775], [127.00014735928491, 37.4892759897367], [127.0003126209632, 37.488761862889525], [127.00041384357823, 37.48823730398881], [127.00045005361451, 37.48770736499623], [127.0004209037213, 37.487177149582905], [127.00032667600485, 37.48665176397551], [127.00026229334313, 37.48644223391718], [127.00076577685795, 37.48625507459305], [127.0013388414869, 37.485984644190346], [127.00187587850785, 37.48567075321373], [127.00237171553404, 37.485316425120146], [127.00282157722161, 37.48492507282188], [127.00322113126514, 37.48450046579761], [127.00356653011579, 37.484046693769415], [127.00385444802099, 37.483568127296365], [127.00408211302904, 37.483069375664996], [127.00424733365172, 37.48255524248275], [127.00434851992904, 37.482030679403046], [127.00438469869516, 37.481500738427656], [127.00435552290004, 37.48097052324665], [127.00426127489902, 37.48044514008437], [127.00410286368059, 37.4799296485252], [127.0038818160615, 37.47942901279241], [127.00360026193512, 37.47894805394945], [127.00326091371807, 37.478491403483076], [127.00286704019354, 37.47806345871549], [127.00242243500527, 37.47766834047371], [127.0019313801064, 37.477309853423684], [127.00139860451559, 37.476991449449834], [127.00082923877827, 37.476716194432456], [127.00022876557104, 37.476486738741656], [126.99960296692454, 37.47630529173158], [126.99895786857232, 37.47617360047959], [126.9982996819599, 37.47609293297458], [126.99763474447147, 37.47606406591611], [126.99696945844784, 37.476087277240744], [126.99631022958107, 37.47616234344823], [126.995663405277, 37.47628854175233], [126.99503521357725, 37.476464657036296], [126.99443170322714, 37.47668899354574], [126.99385868546445, 37.476959391207004], [126.99332167808865, 37.47727324641403], [126.99282585234727, 37.47762753708444], [126.99237598315045, 37.47801885174415], [126.9919764030923, 37.47844342236088], [126.99163096072127, 37.47889716061169], [126.99134298346245, 37.47937569723553], [126.99111524554843, 37.479874424093], [126.99094994126924, 37.48038853852864], [126.99084866379968, 37.48091308960951], [126.99081238981005, 37.48144302579491], [126.99084147000981, 37.48197324357887], [126.99093562571728, 37.482498636637], [126.99099997901551, 37.48270817170189], [126.99049649552356, 37.4828952895161], [126.98992341614603, 37.48316566735492], [126.98938634779842, 37.48347950389767], [126.98889046231513, 37.4838337772418], [126.98844053518141, 37.48422507608018], [126.98830802825995, 37.484365846672375], [126.98826667068329, 37.484295172986016], [126.98825453622251, 37.48422745037646], [126.98809622753929, 37.483711938434666], [126.98787527621599, 37.48321127377783], [126.98759381121941, 37.4827302777482], [126.98725454410862, 37.48227358219101], [126.98686074288658, 37.48184558486284], [126.98641620050165, 37.48145040709701], [126.98592519830301, 37.481091854132664], [126.9857520959463, 37.48098837164719], [126.98592902809155, 37.48088498652278], [126.98642490776164, 37.48053072539105], [126.98687482293987, 37.48013943389804], [126.98727444080473, 37.479714880936804], [126.98761991319182, 37.47926115570879], [126.98790791363946, 37.478782628322534], [126.98813566940017, 37.478283907688365], [126.98830098811086, 37.47776979711553], [126.98840227886623, 37.477245248040106], [126.98843856749372, 37.47671531232945], [126.98840950588479, 37.47618509362342], [126.98831537529486, 37.47565969818081], [126.98815708358163, 37.47514418570474], [126.98793615641102, 37.4746435206205], [126.98765472251677, 37.47416252427459], [126.98731549315796, 37.47370582851536], [126.98692173597377, 37.47327783110153], [126.98647724348822, 37.472882653367364], [126.9859862965699, 37.4725241005519], [126.985895324624, 37.472469710499134], [126.98579337083035, 37.47239524979582], [126.9852606991957, 37.47207677355313], [126.98469143062336, 37.47180144125576], [126.98409104685503, 37.471571904017914], [126.98346532906098, 37.47139037197883], [126.98282030219686, 37.4712585930344], [126.98216217702047, 37.471177836017716], [126.98149729032495, 37.47114887848985], [126.98083204396237, 37.471171999258196], [126.98017284324304, 37.47124697569405], [126.97952603530186, 37.47137308587526], [126.97889784802277, 37.4715491155332], [126.9782943301082, 37.471773369737704], [126.97772129286834, 37.4720436892073], [126.97718425428963, 37.47235747108865], [126.97668838591937, 37.472711694005326], [126.97623846307741, 37.47310294713552], [126.97583881887357, 37.47352746303955], [126.97549330247315, 37.473981153921386], [126.97520524201325, 37.474459650976335], [126.97497741252683, 37.474958346446265], [126.97481200918494, 37.47547243797839], [126.9747106261158, 37.47599697486068], [126.974674241006, 37.47652690568967], [126.97470320563475, 37.47705712701144], [126.97479724243316, 37.47758253246807], [126.9749554471045, 37.478098061976006], [126.97517629728215, 37.47859875046289], [126.97545766714329, 37.479079775693215], [126.97579684784019, 37.47953650472174], [126.97619057355323, 37.47996453852715], [126.97663505291666, 37.480359754394996], [126.97712600551493, 37.48071834564159], [126.97721698095395, 37.480772742397974], [126.97731893743362, 37.48084721041807], [126.97749202769, 37.48095070517173], [126.97731508391365, 37.481054077571464], [126.97681915819835, 37.48140830008675], [126.97636918334871, 37.481799552750495], [126.97629298119003, 37.48188048835095], [126.97590347486783, 37.481457053334104], [126.97545899295945, 37.481061834767225], [126.97496804618267, 37.48070323665768], [126.97443536251636, 37.480384711959324], [126.973866071622, 37.480109327714786], [126.97326565545661, 37.479879735538304], [126.97263989550251, 37.4796981460978], [126.97199481712138, 37.47956630784165], [126.9713366315669, 37.479485490173765], [126.97067167621327, 37.479456471238926], [126.97000635357337, 37.47947953043558], [126.96943451409126, 37.47954450952641], [126.9696260432302, 37.47922643370092], [126.96985392145305, 37.47872774928067], [126.97001936611987, 37.478213665286894], [126.97012078511192, 37.47768913290016], [126.97015720302127, 37.47715920382768], [126.97012827049433, 37.47662898164593], [126.97003426754347, 37.47610357264778], [126.96987610079749, 37.47558803666743], [126.96965529471923, 37.475087338357056], [126.96937397687692, 37.47460629938355], [126.9690348574128, 37.47414955200619], [126.96864120290853, 37.47372149448105], [126.96819680490029, 37.4733262487215], [126.96770594334774, 37.47296762062175], [126.96717334540936, 37.4726490634246], [126.96660413992163, 37.47237364448575], [126.9660038080196, 37.47214401575355], [126.96537813037473, 37.47196238824802], [126.96473313155667, 37.47183051078402], [126.96407502205354, 37.47174965314289], [126.96341013850775, 37.47172059385425], [126.96274488274118, 37.47174361270496], [126.96208566015457, 37.47181848804723], [126.96143881809311, 37.47194449893196], [126.96081058476884, 37.47212043204634], [126.96020700932696, 37.472344593389494], [126.95963390363097, 37.472614824573895], [126.95909678632563, 37.472928523596224], [126.95860082971555, 37.4732826698778], [126.95815080996937, 37.47367385333486], [126.95775106112912, 37.4740983071987], [126.95740543336694, 37.474551944271], [126.95711725589152, 37.47503039626553], [126.95688930486197, 37.47552905585849], [126.95672377661933, 37.476043121043034], [126.95662226649416, 37.47656764136139], [126.95660463031868, 37.47682360084939], [126.9565488370414, 37.476790223549266], [126.95597963995309, 37.47651475367909], [126.9553793082554, 37.476285071120536], [126.95475362261811, 37.476103387411754], [126.95410860768794, 37.47597145190852], [126.95345047410825, 37.47589053495085], [126.95278555875325, 37.47586141563925], [126.95212026375088, 37.47588437433824], [126.95146099487948, 37.47595918997909], [126.95081409992952, 37.47608514218731], [126.95018580762188, 37.4762610182149], [126.94958216766922, 37.476485124610576], [126.94900899255569, 37.47675530351583], [126.94847180159395, 37.47706895343069], [126.9479757677973, 37.477423054249456], [126.94752566807713, 37.477814196326186], [126.94712583724514, 37.47823861329083], [126.94678012626261, 37.47869221830057], [126.94676668526458, 37.4787145263898], [126.94665844920641, 37.47861822357748], [126.94616765739903, 37.478259506860546], [126.94563511482353, 37.477940853288494], [126.94506594978415, 37.47766533114487], [126.94446564302736, 37.4774355933715], [126.94383997498313, 37.47725385203808], [126.94319497012913, 37.477121857055074], [126.94253683901182, 37.477040879334965], [126.94187191848187, 37.47701169856313], [126.941206610717, 37.47703459569566], [126.94054732161842, 37.477109350256356], [126.93990039917104, 37.47723524245867], [126.939735424516, 37.47728140587879], [126.93972097787254, 37.47720047372981], [126.9395630176606, 37.47668489891539], [126.93934241140288, 37.47618414564321], [126.93906128474427, 37.475703036110296], [126.9390067857112, 37.47562958095193], [126.93928526486617, 37.475334020856714], [126.93963100514381, 37.47488043776081], [126.93991929296665, 37.474402029295675], [126.94014735281736, 37.47390340322721], [126.94031298940246, 37.47338936195512], [126.94041460875371, 37.47286485624928], [126.94043529078836, 37.47256561186273], [126.94066855118886, 37.47277319861309], [126.94115928087653, 37.473131938003704], [126.94169177032741, 37.473450611580006], [126.9422608910055, 37.473726149816585], [126.94286116134387, 37.47395589864251], [126.94348679955897, 37.47413764502012], [126.94413177936525, 37.47426963827444], [126.94478988805173, 37.474350606966865], [126.94545478636012, 37.47437977115029], [126.9461200695858, 37.47435684988705], [126.94677932931117, 37.47428206395729], [126.94742621517538, 37.47415613373134], [126.94805449608262, 37.473980272226726], [126.94865812025853, 37.473756173416874], [126.94923127357363, 37.47348599590452], [126.94976843557133, 37.473172342117465], [126.95026443265878, 37.47281823322766], [126.95071448794796, 37.472427080035935], [126.95111426726605, 37.47200265010331], [126.95145992089174, 37.471549031446614], [126.9517481206159, 37.471070593148404], [126.95197609177006, 37.470571943261625], [126.95214163991514, 37.47005788441502], [126.95224317193481, 37.46953336754736], [126.95227971133187, 37.46900344421691], [126.95225090758203, 37.468473217945395], [126.95215703945699, 37.46794779506562], [126.95199901228685, 37.467432235546084], [126.95177834919022, 37.46693150426621], [126.95149717635849, 37.46645042321098], [126.95115820253774, 37.465993625045414], [126.95076469290761, 37.465565508515084], [126.9503204376098, 37.46517019610197], [126.94982971523049, 37.464811494342406], [126.9492972515889, 37.46449285718871], [126.94872817422916, 37.46421735276658], [126.94812796305355, 37.46398763384752], [126.947502397572, 37.46380591231985], [126.94685750127496, 37.4636739379036], [126.9461994836642, 37.46359298131342], [126.94553468049801, 37.46356382203133], [126.9448694928248, 37.463586740806676], [126.94421032539003, 37.46366151695487], [126.94356352500796, 37.46378743048152], [126.94293531948937, 37.46396326901082], [126.94233175771147, 37.464187339452295], [126.94175865140579, 37.464457484293376], [126.94122151922238, 37.46477110236181], [126.94072553360836, 37.46512517385826], [126.94027547101082, 37.465516289418964], [126.93987566588348, 37.46594068292899], [126.93952996893942, 37.46639426777123], [126.93924171005249, 37.46687267616258], [126.93901366616477, 37.4673713011994], [126.93884803451046, 37.46788534120796], [126.93874641141507, 37.46840984597337], [126.93872572400782, 37.46870909022894], [126.938492481515, 37.46850149964679], [126.93800179470294, 37.46814274924928], [126.93746935849529, 37.46782405919127], [126.93690030017248, 37.4675484981078], [126.93630009945396, 37.46731871931582], [126.93567453574926, 37.467136935279996], [126.93502963253201, 37.46700489632195], [126.93437159937072, 37.466923873777624], [126.93370677217342, 37.46689464776383], [126.93304155221979, 37.46691749967214], [126.93238234456595, 37.46699220946163], [126.93173549641307, 37.46711805777661], [126.93110723603142, 37.467293832869], [126.93050361282609, 37.467517842259014], [126.92993043911949, 37.467787929021846], [126.92939323421015, 37.46810149254444], [126.92889717124488, 37.468455513552726], [126.92844702741505, 37.46884658316919], [126.92804713795603, 37.46927093572144], [126.92770135439255, 37.46972448498702], [126.92741300743218, 37.47020286352566], [126.92718487486479, 37.4707014647215], [126.92701915477842, 37.47121548713072], [126.92691744435012, 37.47173998070831], [126.92688072441811, 37.47226989446921], [126.92690934998555, 37.472800125125396], [126.92700304674874, 37.47332556623054], [126.9271609136862, 37.47384115735927], [126.92738143168472, 37.47434193284713], [126.92766247812199, 37.47482306962198], [126.92771696540831, 37.474896529926696], [126.9274384426941, 37.47519206241572], [126.92709262772938, 37.47564560919017], [126.92680425366743, 37.47612398554441], [126.92657609855938, 37.47662258488375], [126.92641036071058, 37.47713660578231], [126.92630863746946, 37.477661098209715], [126.9262719097981, 37.47819101119204], [126.9263005327745, 37.47872124144876], [126.92639423212037, 37.47924668253745], [126.92646805168482, 37.479487765422334], [126.92591149093923, 37.47974995501916], [126.92537418319692, 37.48006349878611], [126.92487802168554, 37.48041750139171], [126.92442778454526, 37.48080855413589], [126.92402780790985, 37.48123289150901], [126.92368194414368, 37.48168642743504], [126.92339352472685, 37.48216479460243], [126.92316532814736, 37.48266338650513], [126.92299955311023, 37.48317740178904], [126.92289779732228, 37.48370189047801], [126.92286104205934, 37.484231801634245], [126.92286826682104, 37.484365743058376], [126.92283965984943, 37.48477817194005], [126.922868260462, 37.48530840225751], [126.92296194335697, 37.48583384535225], [126.92305466097723, 37.486136668228674], [126.9228660177969, 37.48627124456804], [126.92241573473937, 37.48666228887768], [126.92201571516935, 37.48708661866415], [126.92166981186458, 37.4875401479246], [126.92151452400948, 37.487797671391306], [126.92091106880316, 37.487966399271606], [126.92040519859383, 37.488154025164945], [126.92043333742261, 37.48774855780965], [126.92040475332469, 37.487218327257374], [126.92031108676625, 37.48669288239306], [126.92015324113784, 37.48617728339779], [126.91993273781166, 37.48567649553186], [126.91965170144255, 37.4851953413258], [126.91931283946448, 37.48473845414943], [126.91891941598215, 37.48431023360576], [126.91847522030962, 37.4839148031784], [126.91798453046069, 37.483555970539975], [126.91745207194298, 37.48323719090277], [126.91688297225257, 37.48296153376407], [126.91628271150773, 37.48273165336535], [126.91565706969634, 37.48254976314914], [126.91501207104412, 37.48241761445902], [126.91435392603827, 37.48233647968694], [126.91368897166329, 37.48230714002987], [126.91302361042275, 37.48232987797319], [126.91236424873226, 37.482404474572874], [126.91171723527516, 37.48253021156281], [126.91108879991229, 37.48270587826665], [126.91048499373238, 37.48292978324812], [126.90991163081844, 37.483199770587724], [126.90942755918631, 37.4834821347357], [126.90928425932407, 37.483013794938344], [126.90906383783533, 37.482512987215095], [126.90878288309547, 37.48203180759137], [126.90844410175269, 37.48157488968202], [126.90805075713551, 37.481146633386295], [126.90760663779899, 37.48075116253222], [126.90711602102233, 37.48039228518189], [126.90658363161003, 37.48007345697824], [126.90601459639328, 37.47979774788621], [126.90541439487004, 37.479567812647495], [126.90478880645847, 37.47938586523264], [126.90414385487054, 37.479253657535864], [126.90348575014073, 37.479172462517084], [126.90282082886598, 37.4791430619532], [126.90215549323138, 37.47916573891579], [126.90149614940616, 37.47924027504779], [126.9008491459016, 37.47936595266507], [126.90022071248265, 37.47954156166275], [126.89961690021909, 37.47976541115994], [126.89904352325223, 37.48003534577128], [126.89850610283634, 37.48034876634876], [126.89836310094573, 37.48045073729845], [126.89818427570421, 37.48051702884754], [126.89761088789821, 37.48078695637712], [126.89707345616102, 37.481100370299096], [126.89657715582193, 37.48145425278004], [126.89612676635656, 37.48184519627667], [126.89572662536413, 37.48226943633157], [126.8953805867904, 37.48272288780617], [126.8950919837976, 37.48320118420271], [126.89486359664058, 37.483699719697206], [126.89469762585865, 37.48421369347956], [126.89459567104322, 37.484738155974036], [126.89455871538634, 37.485268056496], [126.89458711616199, 37.48579829188593], [126.89468060123241, 37.48632375565295], [126.89483827161612, 37.4868393871543], [126.89505861009448, 37.487340220337536], [126.89518984709042, 37.48756505541791], [126.89475252301645, 37.48764996943256], [126.89412400611378, 37.48782554502422], [126.89401086328826, 37.487867478537154], [126.89414047269516, 37.48746614112305], [126.89424243465791, 37.486941679323124], [126.89427939353483, 37.48641177907652], [126.8942509947627, 37.485881543684485], [126.89415751321445, 37.48535607956948], [126.89399985049923, 37.48484044709877], [126.89377952622827, 37.48433961185581], [126.89349866333275, 37.483858396828005], [126.89315996757712, 37.483401435971516], [126.89276670146634, 37.48297312959935], [126.89232265280032, 37.482577602021955], [126.89183209817847, 37.482218661847696], [126.89129976180752, 37.48189976532445], [126.89073077000863, 37.481623983074975], [126.8901306018623, 37.481393970545255], [126.88950503646579, 37.481211942449846], [126.88937481859759, 37.481185232265176], [126.88936894187295, 37.4810753679773], [126.88927550009193, 37.480549899927254], [126.88926755639343, 37.480523912942076], [126.88927356708437, 37.480437808029194], [126.88924520538188, 37.47990757123106], [126.88915176580934, 37.47938210300011], [126.88899414957132, 37.47886646374343], [126.8887738758312, 37.47836561911001], [126.88849306703337, 37.4778843921779], [126.8881544284212, 37.477427417018085], [126.88776122194943, 37.476999094081506], [126.88731723484368, 37.47660354783831], [126.88682674311082, 37.476244587076735]], [[126.93357367197805, 37.513019393986184], [126.93304093864779, 37.51270068393477], [126.93296059391835, 37.512661796957126], [126.93290056736578, 37.512325493954705], [126.93274258326886, 37.511809912857274], [126.93252192239034, 37.51130914934625], [126.93224071090327, 37.51082802571701], [126.93190165792878, 37.51037117504424], [126.93150802941118, 37.50994299657879], [126.93106361663902, 37.50954761339842], [126.93057269971645, 37.50918883272018], [126.93004000633707, 37.508870109255504], [126.92947066625767, 37.50859451196031], [126.92943215408584, 37.50857977320057], [126.9291873961348, 37.50843332429537], [126.9290198424564, 37.50835221588603], [126.92905253238726, 37.508298008685536], [126.92928077020815, 37.50779940788943], [126.92944655894019, 37.5072853860218], [126.92954830315163, 37.50676089366632], [126.92958502430382, 37.50623098214606], [126.92955637012444, 37.505700754869785], [126.92946261794741, 37.50517531818066], [126.92942577356577, 37.50505504700692], [126.92955440496787, 37.50504048048141], [126.93020158451496, 37.50491464763571], [126.93083016323794, 37.50473888108502], [126.93143408649209, 37.504514873888276], [126.93200753726565, 37.50424478376606], [126.9325449922354, 37.503931212304806], [126.93277725840572, 37.50376552164626], [126.93270738289165, 37.50398221157692], [126.93260566476961, 37.504506707111766], [126.93256896595939, 37.50503661990736], [126.93259764126289, 37.50556684668487], [126.93269141589971, 37.506092281035095], [126.93284938810045, 37.50660786259734], [126.93307003774002, 37.507108625798864], [126.93335124092985, 37.50758974768527], [126.93369029043035, 37.508046594380936], [126.93408392168834, 37.50847476573146], [126.93452834425052, 37.50887013769767], [126.93501927825085, 37.50922890209212], [126.93555199562176, 37.50954760327484], [126.93607021002309, 37.50979841295424], [126.93570808151003, 37.5101128872979], [126.93530800974523, 37.51053726000809], [126.93496207630695, 37.510990826168054], [126.93467361334775, 37.51146921817552], [126.93444539977673, 37.51196782928535], [126.93427963446442, 37.51248185795862], [126.93417791502605, 37.51300635409018], [126.93417009082842, 37.51311935131626], [126.93415719169901, 37.513185862424535], [126.93413927806638, 37.51344456914938], [126.93406462828075, 37.51337816228184], [126.93357367197805, 37.513019393986184]], [[126.88942195779141, 37.51428898827494], [126.89004688353519, 37.514366132083815], [126.89016251019063, 37.51437125555504], [126.89010517352479, 37.51441211442335], [126.88965455027967, 37.514803029032], [126.88939186683952, 37.51508136707129], [126.8893974561435, 37.51505263863932], [126.88943446585431, 37.51452274284571], [126.88942195779141, 37.51428898827494]], [[126.89723571123086, 37.51273564463734], [126.89783615124139, 37.51296562222916], [126.89846200135943, 37.51314760771501], [126.89910723325825, 37.51327984811558], [126.89976563179788, 37.51336106961053], [126.90043085492688, 37.513390489816516], [126.90109649480999, 37.51336782532878], [126.90131986786828, 37.513342587645575], [126.90128792969816, 37.51339550458875], [126.90124741533657, 37.51343844546446], [126.90090126348758, 37.513891909768994], [126.90061257281965, 37.514370216402654], [126.90038412443349, 37.51486875944327], [126.90032623301164, 37.51504800160947], [126.90015057256807, 37.51485680091857], [126.89970629802386, 37.51446130124695], [126.89921550110068, 37.51410239154533], [126.89868290833812, 37.51378352776749], [126.89811364852557, 37.5135077802203], [126.8975132033233, 37.51327780401512], [126.89688735449516, 37.513095813516294], [126.89624212825957, 37.51296356103234], [126.89599380227469, 37.512932919704], [126.8961911180639, 37.51279228896507], [126.89661188694502, 37.51242721208494], [126.89666646474508, 37.512459890181816], [126.89723571123086, 37.51273564463734]], [[126.90361572103527, 37.494922303326646], [126.90385176239431, 37.49506364191353], [126.90373307221527, 37.49508669461638], [126.90310451312591, 37.49526231741055], [126.9026278044422, 37.49543902215198], [126.90264630448729, 37.49541477978312], [126.902934907619, 37.494936465907266], [126.90311136601038, 37.49455124173637], [126.90312503180357, 37.49456340962707], [126.90361572103527, 37.494922303326646]], [[126.9072340635074, 37.5074866254852], [126.9071404659617, 37.506961172546234], [126.90698267032744, 37.5064455581247], [126.90676219749686, 37.50594474762966], [126.90669165016114, 37.505823954189], [126.90733347866471, 37.505751397385424], [126.90798070003642, 37.5056256866721], [126.90860933526383, 37.50545003888365], [126.9086119212264, 37.5054490803093], [126.90906450176442, 37.50550488025126], [126.90972965957037, 37.50553424756004], [126.91039522755088, 37.50551153001868], [126.91105479454384, 37.5054369464443], [126.91170200722655, 37.505311215257514], [126.91233063135307, 37.505135547558275], [126.9129346118407, 37.50491163545306], [126.91350813112572, 37.504641635746296], [126.91404566522422, 37.50432814915339], [126.91454203695737, 37.50397419523638], [126.91497261525238, 37.50360041547476], [126.91519036022265, 37.503837380534065], [126.9156346550298, 37.504232822832044], [126.91612546749512, 37.504591665024144], [126.91628382446305, 37.50468644894126], [126.91614705967243, 37.50511025324691], [126.91604522424366, 37.505634733437525], [126.9160084077839, 37.50616464000153], [126.91603696622808, 37.50669486972063], [126.91613062592134, 37.50722031615779], [126.91628848620157, 37.507735918836445], [126.91650902802199, 37.508236711980885], [126.91679012853305, 37.50871787234881], [126.91712908148473, 37.50917476569428], [126.91752262325451, 37.50960299141387], [126.91796696425176, 37.50999842494494], [126.91845782539686, 37.510357257507195], [126.91899047932483, 37.51067603280409], [126.9191580271249, 37.510757155361645], [126.91912532897852, 37.51081135973247], [126.91889701442675, 37.51130994001032], [126.91883249208497, 37.51150988569493], [126.91821790958564, 37.51148280074552], [126.91755229034425, 37.51150556191714], [126.9168926758531, 37.5115801813019], [126.91624541722835, 37.511705940414565], [126.9156167466902, 37.51188162836612], [126.91501271759086, 37.5121055535161], [126.91464045921457, 37.51228079305659], [126.91426712339765, 37.51229354841933], [126.91360749893457, 37.51236814936145], [126.91296022821479, 37.5124938903503], [126.91294443516352, 37.512498303377846], [126.91272058331657, 37.51225470804433], [126.91227625704407, 37.511859255048066], [126.91178541609526, 37.51150039705439], [126.91125278743309, 37.5111815895192], [126.91068350019202, 37.510905902207874], [126.91008303629597, 37.510675989651865], [126.9094571776884, 37.510494065602856], [126.90881195068158, 37.510361881729764], [126.90815356796047, 37.51028071076294], [126.90748836879719, 37.51025133424755], [126.90682275805081, 37.51027403502369], [126.906599395864, 37.510299283221364], [126.90672944076293, 37.51008377662921], [126.90695783209193, 37.509585220425954], [126.90712377759587, 37.509071231378954], [126.90722568033277, 37.50854675975643], [126.907262560237, 37.50801685668247], [126.9072340635074, 37.5074866254852]], [[126.9478355955948, 37.50831958629527], [126.94850117950047, 37.50829665415153], [126.94916073582505, 37.5082218577206], [126.94938275512591, 37.508178653251164], [126.94937013560205, 37.50818459916622], [126.94883271932575, 37.50849824727793], [126.94833647744348, 37.508852346089405], [126.94788618887037, 37.509243485974686], [126.94748619023707, 37.50966790058543], [126.94714033412144, 37.51012150310207], [126.94703035940314, 37.5103039506109], [126.94695606953643, 37.51023787938988], [126.94646507122776, 37.50987916415944], [126.94593230449487, 37.50956051182293], [126.94536289980012, 37.50928499065144], [126.94476234019693, 37.50905525357692], [126.94451593248498, 37.50898370894386], [126.94421705366962, 37.50883908329332], [126.94457914059268, 37.50852458245792], [126.94497914937904, 37.50810017769277], [126.9451589002635, 37.507864434501826], [126.94524078501306, 37.50789575897307], [126.94586671127767, 37.50807749402194], [126.94651198660085, 37.508209475896265], [126.94717039542358, 37.50829043326678], [126.9478355955948, 37.50831958629527]]], [[[126.71127440078689, 37.47884552506669], [126.71074286939181, 37.47852582341175], [126.71017458146764, 37.478249178938455], [126.70957500932504, 37.478018255394], [126.7089499263293, 37.47783527626298], [126.708305351332, 37.47770200337097], [126.70764749074611, 37.477619719930956], [126.70698267882081, 37.47758921819603], [126.70631731668941, 37.477610791836575], [126.70565781077558, 37.477684233114935], [126.70501051114894, 37.47780883488511], [126.70438165042145, 37.47798339739765], [126.70377728377164, 37.478206239845086], [126.70320323067192, 37.47847521653646], [126.70266501887869, 37.47878773754601], [126.70216783122372, 37.479140793637605], [126.7017164557174, 37.47953098522582], [126.70131523944464, 37.47995455509492], [126.70096804669636, 37.48040742456222], [126.70067822174076, 37.48088523273777], [126.70044855659233, 37.48138337850317], [126.70028126409127, 37.48189706480624], [126.7001779565524, 37.48242134484513], [126.7001396301919, 37.4829511696982], [126.7001666554829, 37.48348143694073], [126.70025877353498, 37.484007039781154], [126.70041509853452, 37.484522916243314], [126.70063412622423, 37.485024097921105], [126.70091374834243, 37.48550575783603], [126.70125127288479, 37.48596325693604], [126.70164344999456, 37.48639218878764], [126.7020865032342, 37.48678842203032], [126.70257616593744, 37.48714814018336], [126.70310772229267, 37.487467878421405], [126.70367605276239, 37.487744556963456], [126.7042756834009, 37.48797551075316], [126.70490083859497, 37.48815851514351], [126.70554549671841, 37.48829180733829], [126.70620344816385, 37.488374103382704], [126.70686835519042, 37.48840461053926], [126.70753381301004, 37.48838303492927], [126.70819341152183, 37.48830958436602], [126.70884079709774, 37.4881849663524], [126.70946973382276, 37.488010381262], [126.71007416359785, 37.48778751076998], [126.71064826452475, 37.487518501645056], [126.711186507009, 37.48720594505938], [126.71168370703951, 37.486852851616206], [126.71213507613021, 37.48646262233645], [126.71253626744283, 37.48603901588424], [126.71288341764554, 37.485586112348145], [126.71317318410527, 37.48510827392738], [126.71340277705535, 37.48461010290264], [126.71356998643026, 37.48409639729682], [126.7136732031096, 37.48357210465353], [126.71371143436886, 37.48304227437881], [126.7136843133896, 37.48251200910574], [126.71359210273955, 37.48198641555018], [126.71343569179076, 37.481470555331505], [126.71321658810352, 37.48096939623155], [126.71293690286002, 37.4804877643612], [126.71259933049052, 37.48003029769477], [126.7122071226897, 37.4796014014193], [126.7117640570745, 37.479205205528174], [126.71127440078689, 37.47884552506669]]], [[[126.84248492474592, 37.48226390581674], [126.84191611309693, 37.48198789014201], [126.84131609536124, 37.481757631025225], [126.84069064918964, 37.481575345554795], [126.84004579692645, 37.481442788878994], [126.83938774765112, 37.48136123731685], [126.83872283742751, 37.48133147607702], [126.83805746833451, 37.48135379170259], [126.83739804686317, 37.48142796931436], [126.83675092227146, 37.481553294679], [126.83612232548872, 37.481728561082235], [126.83551830915576, 37.48195208094103], [126.83494468937646, 37.48222170204332], [126.83440698974032, 37.4825348282594], [126.83391038815341, 37.482888444526104], [126.83345966698904, 37.48327914586366], [126.83305916703763, 37.48370317014701], [126.83271274569853, 37.48415643431613], [126.83242373981729, 37.48463457367804], [126.83219493352613, 37.48513298392235], [126.83202853139878, 37.485646865446675], [126.83192613717908, 37.486171269565546], [126.8318887382899, 37.486701146158396], [126.83191669627344, 37.48723139229813], [126.83200974325662, 37.48775690139225], [126.83216698447806, 37.48827261236343], [126.83238690685377, 37.488773558395614], [126.83266739350154, 37.48925491477636], [126.83300574408581, 37.48971204537408], [126.83339870078854, 37.49014054730208], [126.83384247965755, 37.49053629333886], [126.83433280703125, 37.49089547169525], [126.83486496068974, 37.49121462274462], [126.83543381533622, 37.49149067236204], [126.83603389197035, 37.49172096154976], [126.8366594106779, 37.491903272063844], [126.83730434632703, 37.49203584779357], [126.83796248663388, 37.492117411687666], [126.8386274920362, 37.49214717806359], [126.83867490090812, 37.49214558822316], [126.83854725038718, 37.492356788391874], [126.83831846027482, 37.49285521001174], [126.83815208203909, 37.49336909973052], [126.8380497191944, 37.49389350878374], [126.83801235886203, 37.494423387003145], [126.83804036221349, 37.49495363144584], [126.83813346093923, 37.49547913553547], [126.83829075978, 37.49599483824265], [126.83851074509715, 37.49649577283066], [126.83879129940263, 37.49697711469708], [126.83912972170933, 37.497434227849816], [126.83952275350843, 37.497862709569944], [126.83996661012445, 37.49825843283041], [126.84045701714672, 37.498617586061165], [126.84098925158797, 37.49893670987749], [126.84155818737287, 37.49921273041655], [126.84215834471918, 37.49944298896067], [126.8427839429348, 37.49962526756097], [126.84342895612157, 37.49975781041414], [126.84408717124822, 37.499839340785634], [126.8447522480314, 37.49986907331587], [126.84541778004655, 37.499846721590515], [126.84607735647802, 37.49977250090164], [126.8467246239117, 37.49964712617307], [126.84735334757299, 37.49947180506999], [126.8479574714188, 37.49924822635928], [126.8485311765023, 37.498978543633214], [126.84906893704743, 37.49866535455339], [126.84956557369124, 37.49831167581592], [126.85001630338081, 37.4979209140791], [126.8504167854431, 37.49749683313486], [126.85076316338429, 37.49704351764037], [126.85105210201556, 37.49656533376052], [126.85128081954915, 37.496066887100405], [126.85144711435566, 37.495552978334295], [126.8515493861269, 37.495028556958665], [126.85158665124146, 37.494498673615276], [126.85155855218702, 37.493968431443975], [126.85146536095088, 37.49344293693382], [126.85130797634751, 37.49292725074606], [126.85108791531127, 37.492426338982554], [126.85080729824014, 37.49194502536864], [126.85046882853321, 37.49148794481067], [126.85007576652087, 37.49105949877492], [126.84963189803973, 37.49066381291718], [126.84914149795638, 37.490304697370085], [126.84860928899148, 37.48998561007023], [126.84804039624125, 37.48970962347712], [126.84744029783417, 37.48947939500391], [126.84681477219738, 37.48929714144386], [126.84616984243979, 37.489164617638025], [126.84551171838663, 37.48908309958895], [126.84484673682124, 37.48905337218268], [126.8447993299986, 37.48905496452056], [126.84492695725774, 37.488843757258316], [126.84515569101296, 37.48834532197036], [126.84532200975433, 37.48783142139211], [126.84542431294255, 37.48730700494128], [126.845461616653, 37.486777123212356], [126.84543356300117, 37.48624687932976], [126.84534042353657, 37.48572137979929], [126.84518309657463, 37.48520568533075], [126.84496309849433, 37.48470476210599], [126.84468254908711, 37.484223433960985], [126.84434415110034, 37.48376633594222], [126.84395116417375, 37.483337869684426], [126.84350737342096, 37.48294216103831], [126.84301705296028, 37.48258302035615], [126.84248492474592, 37.48226390581674]]], [[[126.74496969912987, 37.484406864823924], [126.7444379825348, 37.484087313053635], [126.74386952578537, 37.483810829088775], [126.7432698028163, 37.48358007513105], [126.74264458844381, 37.48339727303254], [126.74199990278319, 37.48326418291453], [126.74134195331192, 37.483182086230684], [126.74067707513423, 37.48315177343655], [126.74001167002096, 37.483173536383894], [126.73935214480944, 37.483247165513035], [126.73870484975522, 37.48337195186989], [126.73807601742675, 37.48354669392837], [126.73747170272988, 37.48376970915277], [126.73689772463781, 37.484038850188945], [126.73635961018604, 37.484351525529036], [126.73586254127044, 37.484704724451085], [126.73541130475968, 37.48509504599431], [126.73501024640188, 37.48551873169153], [126.73466322896913, 37.48597170174435], [126.7343735950429, 37.486449594293745], [126.73414413479978, 37.48694780740819], [126.733977059108, 37.48746154338615], [126.73387397819567, 37.487985854946544], [126.73383588609737, 37.48851569286315], [126.73386315103076, 37.48904595458442], [126.73395551179776, 37.489571533370885], [126.73411208024713, 37.49008736747697], [126.73433134977657, 37.49058848890352], [126.73461120979456, 37.491070071251364], [126.73494896600444, 37.49152747621467], [126.735341366317, 37.491956298265976], [126.73578463214356, 37.49235240710171], [126.7362744947687, 37.49271198743908], [126.73680623645357, 37.493031575779916], [126.73737473587407, 37.49330809378701], [126.73797451745551, 37.493538877950364], [126.73859980412938, 37.4937217052572], [126.73924457300178, 37.49385481461744], [126.73990261339748, 37.49393692383796], [126.74056758671804, 37.493967241981444], [126.74123308753644, 37.49394547699055], [126.74189270533734, 37.493871838503466], [126.7425400863071, 37.49374703583393], [126.74316899457551, 37.49357227113491], [126.74377337231849, 37.49334922781216], [126.74434739813995, 37.49308005429964], [126.7448855431702, 37.49276734335326], [126.74538262433822, 37.49241410706329], [126.74583385430454, 37.492023747826565], [126.74623488757248, 37.4916000255588], [126.74658186233422, 37.49114702146376], [126.74687143764801, 37.490669098708715], [126.7471008255898, 37.490170860385945], [126.74726781806979, 37.48965710516575], [126.74737080805768, 37.48913278106868], [126.74740880501308, 37.488602937802746], [126.74738144437461, 37.488072678125036], [126.74728899101824, 37.48754710869651], [126.74713233665332, 37.4870312909031], [126.74691299118392, 37.48653019211711], [126.74663306811985, 37.4860486378676], [126.74629526418057, 37.48559126538063], [126.74590283328953, 37.48516247893561], [126.74545955521054, 37.48476640746779], [126.74496969912987, 37.484406864823924]]], [[[126.72232827598057, 37.484290094481985], [126.72169939931051, 37.48446474882931], [126.72109502996534, 37.484687679618325], [126.72052098744386, 37.484956740307716], [126.71998279940128, 37.48526934016317], [126.71948564844132, 37.48562246918955], [126.71903432222187, 37.486012727099165], [126.71863316735411, 37.4864363560377], [126.71828604753873, 37.48688927675355], [126.71799630634247, 37.487367127863095], [126.7177667349743, 37.48786530783421], [126.71759954537211, 37.48837901928494], [126.71749634886066, 37.48890331517091], [126.71745814058757, 37.489433146417305], [126.71748528988927, 37.48996341053736], [126.71757753668145, 37.49048900076899], [126.71773399391077, 37.491004855256925], [126.71795315604653, 37.49150600580616], [126.71823291353203, 37.49198762573743], [126.71857057305878, 37.49244507638329], [126.71896288346954, 37.49287395177657], [126.7194060670422, 37.49327012110015], [126.71989585585446, 37.4936297684887], [126.72042753287923, 37.49394942979829], [126.72099597741585, 37.49422602598881], [126.72159571441907, 37.494456892797096], [126.72190385519204, 37.49454703788362], [126.72246481597703, 37.49476297182698], [126.7230900735482, 37.494945880886696], [126.72373482388944, 37.495079074686906], [126.72439285650431, 37.49516127022087], [126.72505783286947, 37.495191675719546], [126.72572334752856, 37.49516999828382], [126.72638298983287, 37.49509644670821], [126.72703040573244, 37.49497172946897], [126.72765935902024, 37.4947970478959], [126.72826379143797, 37.49457408459385], [126.72883788106239, 37.49430498722583], [126.72937609840851, 37.49399234781421], [126.72987325970807, 37.49363917776024], [126.73032457684904, 37.49324887882278], [126.73072570349437, 37.492825210336946], [126.73107277693614, 37.49237225298868], [126.73136245528161, 37.4918943694953], [126.7315919496138, 37.4913961625713], [126.73175905081787, 37.49088243058498], [126.73186215081608, 37.49035812133357], [126.7319002580084, 37.48982828438259], [126.73187300677176, 37.489298022428784], [126.73178066092872, 37.48877244215553], [126.73162411115355, 37.48825660505367], [126.73140486634347, 37.48775547868184], [126.73112503903943, 37.487273888835205], [126.7307873250395, 37.48681647308289], [126.73039497740159, 37.4863876361212], [126.72995177508865, 37.48599150737203], [126.72946198655808, 37.48563190123382], [126.72893032864751, 37.48531228036762], [126.72836192115254, 37.48503572237053], [126.72776223753435, 37.48480489015704], [126.727454129266, 37.48471476057295], [126.72689322833557, 37.48449885063701], [126.72626804776863, 37.48431596225635], [126.7256233848619, 37.484182783026405], [126.72496544687417, 37.48410059525859], [126.72430056879924, 37.484070190285124], [126.723635152407, 37.484091860844984], [126.72297560464331, 37.48416539826774], [126.72232827598057, 37.484290094481985]]], [[[126.82273695547893, 37.48667122966627], [126.82207747335215, 37.48674532109394], [126.82143027845304, 37.48687056172892], [126.82080160238732, 37.48704574567251], [126.82019749855853, 37.48726918613551], [126.81962378391233, 37.48753873167023], [126.8190859829509, 37.48785178687461], [126.81858927455526, 37.48820533736926], [126.81813844212648, 37.48859597880794], [126.81773782752568, 37.48901994964256], [126.81739128925567, 37.489473167328065], [126.81710216528751, 37.489951267619475], [126.81687324089025, 37.49044964658304], [126.81670672177478, 37.490963504918035], [126.81660421281148, 37.49148789416283], [126.81656670252838, 37.49201776434056], [126.8165945535407, 37.492548012586404], [126.81668749900604, 37.49307353228811], [126.81684464514117, 37.49358926226655], [126.8170644797786, 37.494090235523046], [126.81734488688188, 37.49457162708328], [126.81768316688233, 37.49502880047709], [126.81807606264265, 37.49545735240577], [126.81851979079843, 37.49585315516636], [126.81901007817736, 37.496212396423324], [126.81904666908488, 37.496234347325654], [126.8190595033326, 37.496245795121894], [126.8195497958697, 37.496605034165626], [126.82008192573335, 37.49692425128401], [126.82065076785648, 37.49720037171549], [126.82125084335996, 37.49743073578014], [126.82187637234078, 37.49761312451248], [126.82252132956849, 37.49774578104808], [126.82317950255133, 37.49782742755701], [126.82384455141236, 37.49785727756063], [126.82451006999622, 37.4978350435126], [126.8251696476166, 37.49776093957104], [126.82581693084776, 37.497635679534795], [126.82644568476262, 37.49746046996388], [126.8270498530261, 37.49723699855056], [126.82762361626284, 37.49696741785328], [126.82816144813579, 37.49665432455069], [126.82865816859406, 37.496300734416295], [126.82910899377643, 37.49591005325497], [126.82950958208907, 37.49548604408265], [126.82985607601377, 37.49503279086548], [126.83014513924365, 37.49455465916883], [126.83037398879003, 37.49405625409562], [126.8305404217513, 37.49354237592009], [126.83064283648811, 37.49301797384468], [126.83068024800166, 37.49248809832588], [126.83065229736955, 37.491957852428854], [126.83055925514961, 37.49143234267916], [126.83040201872137, 37.49091662988548], [126.83018210359255, 37.490415680406514], [126.82990162875659, 37.48993431833137], [126.82956329624355, 37.48947717903353], [126.8291703650635, 37.489048664545344], [126.82872661979411, 37.48865290118208], [126.82823633411643, 37.488293699822904], [126.82819974431389, 37.48827175174924], [126.82818691000163, 37.48826030493035], [126.82769662947999, 37.487901101357515], [126.8271645301071, 37.48758191836276], [126.82659573592491, 37.48730582932704], [126.82599572411377, 37.48707549264984], [126.82537027226783, 37.4868931261661], [126.82472540278629, 37.48676048580389], [126.82406732491455, 37.48667884868771], [126.82340237499179, 37.48664900084963], [126.82273695547893, 37.48667122966627]]], [[[126.86124813056922, 37.489717092363016], [126.86062256834056, 37.48953491159355], [126.85997761104713, 37.48940246292811], [126.85931946877888, 37.489321021645964], [126.85865447849442, 37.48929137189426], [126.85798904304296, 37.48931379914302], [126.85732956955418, 37.489388087438655], [126.85668240778678, 37.489513521482586], [126.85605378902815, 37.48968889351448], [126.85544976613093, 37.489912514934666], [126.85487615526276, 37.490182232553494], [126.85433847992792, 37.49049544931222], [126.85384191779936, 37.49084914927599], [126.85339125087138, 37.49123992665928], [126.85299081941318, 37.491664018604716], [126.85264448016574, 37.49211734140066], [126.85235556918516, 37.4925955297894], [126.85212686969095, 37.49309397898809], [126.85196058522942, 37.493607889018826], [126.85185831841221, 37.494132310921124], [126.85182105543612, 37.49466219440261], [126.8518491565351, 37.49519243646926], [126.85194235245827, 37.49571793056716], [126.85209974701003, 37.49623361576271], [126.85231982562976, 37.49673452548752], [126.85260046993034, 37.49721583537819], [126.8529389780574, 37.49767290975032], [126.85333209067501, 37.49810134625828], [126.8537760223286, 37.498497018310246], [126.85426649788418, 37.4988561148293], [126.85479879369362, 37.499175176976905], [126.85536778308993, 37.499451131484264], [126.8559679857739, 37.4996813202698], [126.8565936206161, 37.49986352605673], [126.85723866136522, 37.49999599374329], [126.85789689472415, 37.50007744731921], [126.8585619802337, 37.500107102164925], [126.85922751138517, 37.50008467261463], [126.8598870773713, 37.50001037471037], [126.86053432487867, 37.49988492411998], [126.86116301932499, 37.49970952923967], [126.86176710494895, 37.499485879547166], [126.8623407631724, 37.49921612931858], [126.8628784686712, 37.49890287686588], [126.86337504261323, 37.49854913949556], [126.86358179822766, 37.498369840485296], [126.86380941627267, 37.4987600793629], [126.86414800002574, 37.4992171221887], [126.86454118519796, 37.499645521946455], [126.86498518563548, 37.500041152398126], [126.86547572554126, 37.500400202867354], [126.86600808064686, 37.50071921495911], [126.8665771237136, 37.50099511588669], [126.86717737392479, 37.50122524808467], [126.8678030496928, 37.501407394821435], [126.86844812437164, 37.501539801564164], [126.86910638433709, 37.5016211928898], [126.8697714888734, 37.501650784778576], [126.8704370312885, 37.501628292171404], [126.87109660066656, 37.501553931717886], [126.87174384366156, 37.501428419688665], [126.87237252573492, 37.50125296507189], [126.87297659124467, 37.501029257920955], [126.87355022180685, 37.50075945306554], [126.87408789236416, 37.50044614934386], [126.87458442442151, 37.500092364556366], [126.8750350359346, 37.499701506382834], [126.87543538736986, 37.49927733954382], [126.87578162349277, 37.49882394952364], [126.8760704104816, 37.49834570320448], [126.87629896801013, 37.49784720679233], [126.87646509599088, 37.49733326144005], [126.87656719572306, 37.49680881699575], [126.87660428524255, 37.496278924322645], [126.8765760087285, 37.49574868664964], [126.87648263987722, 37.49522321042168], [126.87632507921342, 37.494707556123174], [126.87610484536654, 37.49420668954817], [126.87582406039805, 37.49372543398618], [126.87548542932306, 37.49326842378391], [126.87509221402487, 37.492840059729694], [126.8746482018151, 37.492444466689506], [126.87415766894314, 37.49208545390197], [126.87362533940713, 37.491766478314084], [126.87305633946312, 37.491490611309686], [126.87245614827063, 37.49126050915055], [126.87183054514927, 37.49107838741395], [126.87118555395318, 37.49094599967193], [126.87052738509847, 37.49086462061737], [126.86986237579947, 37.49083503379848], [126.86919692908839, 37.4908575240795], [126.86853745220321, 37.49093187490023], [126.86789029493545, 37.49105737036021], [126.86726168852935, 37.491232802108016], [126.86665768571889, 37.49145648096913], [126.86608410247862, 37.491726253201016], [126.86554646204726, 37.49203952121915], [126.86504994176218, 37.49239326859517], [126.86484320630417, 37.4925725705392], [126.86461560116499, 37.49218233336933], [126.86427704568266, 37.491725291606954], [126.86388390290108, 37.49129689079299], [126.86343995943402, 37.49090125614757], [126.86294949086948, 37.49054219731009], [126.86241722058688, 37.490223171671005], [126.86184827427223, 37.48994725109613], [126.86124813056922, 37.489717092363016]]], [[[126.7788224851498, 37.4977931598658], [126.77817760869068, 37.497660265528374], [126.77751949023802, 37.49757836879319], [126.77685446652191, 37.497548258191124], [126.77618894071354, 37.497570223627875], [126.77552932081184, 37.49764405359482], [126.7748819579838, 37.49776903720487], [126.77425308545058, 37.49794397103342], [126.77364875850573, 37.498167170699], [126.77307479624118, 37.49843648707216], [126.77253672554124, 37.498749326957245], [126.77203972788202, 37.49910267804824], [126.77158858944777, 37.499493137919366], [126.77118765504413, 37.49991694677139], [126.77084078625158, 37.50037002361989], [126.77055132422232, 37.50084800557705], [126.77032205747962, 37.50134628984984], [126.77015519503024, 37.50186007805072], [126.77009642511979, 37.50215969666328], [126.77007081957802, 37.50211568489351], [126.76973280083628, 37.50165837838143], [126.76934015209268, 37.50122966864102], [126.76889665520825, 37.50083368386825], [126.7684065814753, 37.500474237074606], [126.76787465047592, 37.50015478938635], [126.76730598463341, 37.49987841673283], [126.76670605989459, 37.49964778024387], [126.76608065301708, 37.4994651006404], [126.76543578596849, 37.499332136864446], [126.76477766797156, 37.49925016915338], [126.76411263575213, 37.499219986721236], [126.7634470925632, 37.49924188016509], [126.76278744657095, 37.49931563866924], [126.76214004919332, 37.499440552034436], [126.76151113398387, 37.49961541751225], [126.76090675664648, 37.49983855137915], [126.7603327367579, 37.50010780513914], [126.75979460175672, 37.50042058619938], [126.75929753373758, 37.50077388282031], [126.75884631956164, 37.50116429310067], [126.7584453047633, 37.501588057718905], [126.75809835169665, 37.502041096116734], [126.7578088023249, 37.50251904577684], [126.75757944601206, 37.5030173042175], [126.75741249262705, 37.5035310733003], [126.75730955122175, 37.50405540542484], [126.75727161448862, 37.50458525116627], [126.75729904915029, 37.50511550789696], [126.75739159237514, 37.50564106892477], [126.75754835425545, 37.50615687267433], [126.7577678263265, 37.50665795143806], [126.75804789604626, 37.50713947922685], [126.75838586709827, 37.5075968182596], [126.75877848532369, 37.50802556364313], [126.75922197003437, 37.50842158581173], [126.75971205040577, 37.50878107031683], [126.76024400660071, 37.50910055458291], [126.76081271522764, 37.50937696127496], [126.76141269869557, 37.50960762795509], [126.76203817798992, 37.509790332742135], [126.76268312836017, 37.50992331572629], [126.76334133738155, 37.510005295932004], [126.76400646483025, 37.510035483665064], [126.76467210379359, 37.51001358812473], [126.76533184242491, 37.50993982020723], [126.7659793257461, 37.50981489047357], [126.76660831690097, 37.50964000230124], [126.76721275726702, 37.50941684028588], [126.76778682484533, 37.509147554005224], [126.76832499036468, 37.50883473730186], [126.76882207055758, 37.50848140328509], [126.76927327809506, 37.50809095529329], [126.76967426769784, 37.507667154097234], [126.77002117798008, 37.50721408166086], [126.7703106686227, 37.50673610180958], [126.77053995251872, 37.50623781818535], [126.77070682258207, 37.50572402989437], [126.77076559308858, 37.505424411161606], [126.77079120013865, 37.50546842277243], [126.77112924218083, 37.505925726211096], [126.77152192540555, 37.50635443003166], [126.77196546849791, 37.50675040506853], [126.77245560007043, 37.50710983732708], [126.77298759979222, 37.507429264735], [126.7735563438518, 37.50770561050502], [126.77415635431643, 37.50793621278615], [126.77478185191109, 37.50811885031769], [126.7754268117086, 37.50825176383788], [126.7760850211932, 37.508333673040525], [126.77675014013649, 37.50836378891557], [126.77741576170774, 37.508341821354726], [126.77807547422793, 37.50826798194822], [126.77872292297077, 37.50814298194593], [126.77935187141341, 37.50796802540237], [126.77995626134526, 37.50774479757196], [126.78053027125372, 37.50747544866651], [126.78106837242356, 37.50716257313186], [126.78154789614663, 37.506821617837865], [126.7818346532596, 37.5071346031447], [126.78227825601219, 37.50753054001672], [126.78276844277553, 37.50788992999948], [126.78330049268659, 37.508209311427855], [126.78386928145007, 37.508485607957425], [126.78446933070214, 37.50871615821157], [126.7850948607937, 37.50889874143085], [126.78573984648432, 37.50903159887676], [126.78639807500845, 37.5091134507834], [126.78706320595417, 37.509143508692844], [126.78772883237498, 37.50912148305536], [126.78838854254522, 37.509047586020806], [126.78903598176129, 37.50892252939433], [126.78966491359229, 37.508747517776115], [126.79026927998788, 37.508524236951224], [126.7908432596626, 37.50825483764205], [126.79133337774698, 37.507969799262135], [126.7914595949087, 37.50825762866714], [126.79173988817578, 37.50873907873107], [126.79207807341933, 37.50919632342741], [126.79247089441627, 37.50962495877094], [126.79291456852381, 37.510020856255345], [126.7934048230917, 37.510380202632646], [126.7939369366033, 37.510699536657654], [126.79450578415022, 37.51097578244251], [126.79510588680186, 37.51120627909941], [126.79573146439435, 37.51138880638521], [126.79637649122928, 37.51152160610036], [126.79703475414445, 37.51160339903518], [126.79769991239633, 37.51163339729998], [126.79836555877526, 37.51161131191976], [126.7990252813632, 37.51153735562006], [126.799672725337, 37.511412240777155], [126.80030165422006, 37.511237172552185], [126.80090600999063, 37.51101383727566], [126.80147997146587, 37.51074438619462], [126.80201801039789, 37.51043141473932], [126.80251494474005, 37.51007793750976], [126.80296598856975, 37.5096873592237], [126.8033667981862, 37.50926344190664], [126.80371351393873, 37.50881026864062], [126.80400279738332, 37.5083322042216], [126.80423186340998, 37.50783385310535], [126.80439850703206, 37.50732001504727], [126.8044750596004, 37.50692883178281], [126.80453162492009, 37.50724889835528], [126.80468871536348, 37.50776464273465], [126.80490850849637, 37.50826563702135], [126.80518888868326, 37.50874705603869], [126.80552715661585, 37.50920426305211], [126.80592005527402, 37.509632854439076], [126.80636380126644, 37.51002870211646], [126.8068541212498, 37.51038799331592], [126.80738629307673, 37.51070726732369], [126.80795519127655, 37.51098344883003], [126.80855533643017, 37.51121387756634], [126.80918094796391, 37.511396333943885], [126.80982599985188, 37.5115290604463], [126.81048427869031, 37.51161077856936], [126.81114944358211, 37.511640701144245], [126.81181508725356, 37.51161853992533], [126.8124747978128, 37.51154450836893], [126.81312222055261, 37.51141931957651], [126.81375111920131, 37.51124417942173], [126.81435543602875, 37.51102077492819], [126.8149293502277, 37.51075125800979], [126.81546733400617, 37.51043822473104], [126.81596420584938, 37.51008469028745], [126.81641518043745, 37.50969405994786], [126.81681591473702, 37.509270096239035], [126.81716254982351, 37.50881688268964], [126.81745174803048, 37.50833878448345], [126.81768072506928, 37.50784040640133], [126.81784727681084, 37.50732654845805], [126.81794980047232, 37.50680215966168], [126.81798731000661, 37.50627229034131], [126.81795944554817, 37.50574204350279], [126.81786647682591, 37.50521652568115], [126.81770930051262, 37.50470079776314], [126.81748943153829, 37.50419982625333], [126.81720898845296, 37.50371843545311], [126.81687067298213, 37.50326126101269], [126.81647774397271, 37.502832705302815], [126.81603398598247, 37.502436895035586], [126.81554367281579, 37.50207764154168], [126.81501152635805, 37.50175840408587], [126.81444267110504, 37.50148225657322], [126.81384258482535, 37.50125185796597], [126.81321704583029, 37.50106942669502], [126.81257207735803, 37.50093671931187], [126.81191388960674, 37.500855013586055], [126.81124881997313, 37.50082509620993], [126.81058327207013, 37.50084725522938], [126.80992365410937, 37.50092127727255], [126.80927631723942, 37.501046449603635], [126.80864749443218, 37.50122156698152], [126.80804324050317, 37.501444943257944], [126.80746937384247, 37.501714427603346], [126.80693142041524, 37.50202742520501], [126.80643456056981, 37.50238092223843], [126.80598357916512, 37.50277151487247], [126.80558281949634, 37.50319544202935], [126.80523614146306, 37.503648621585036], [126.80494688438212, 37.50412668966218], [126.80471783480466, 37.50462504263771], [126.80455119964739, 37.5051388814617], [126.80447464945124, 37.5055300649158], [126.80441808555618, 37.505209998238826], [126.80426100205584, 37.50469425335001], [126.8040412233631, 37.50419325770555], [126.80402049950786, 37.5041576713629], [126.80399913802081, 37.50408753437885], [126.80393851381484, 37.503744473700294], [126.80378143653502, 37.503228728110365], [126.80356166520241, 37.5027277315253], [126.80328131742716, 37.502246308488346], [126.80294309401734, 37.50178909496048], [126.8025502529339, 37.50136049368912], [126.80210657788852, 37.500964631825305], [126.80161634188752, 37.5006053211967], [126.80108426607387, 37.500286021618294], [126.80051547426378, 37.50000980759338], [126.79991544361565, 37.49977933872452], [126.79928995190555, 37.49959683411906], [126.79864502191694, 37.49946405103445], [126.79798686347783, 37.49938226796884], [126.7973218137029, 37.49935227235904], [126.79665627601406, 37.49937435300393], [126.79599665852463, 37.49944829728603], [126.79534931237855, 37.499573393217936], [126.79472047063669, 37.49974843629395], [126.79411618829667, 37.49997174108097], [126.79354228402158, 37.500241157437635], [126.79300428413826, 37.50055409120575], [126.7927555375586, 37.500731016596575], [126.79239413669215, 37.500336622637235], [126.7919505218528, 37.49994072316579], [126.79146034181447, 37.49958137088934], [126.79092831718174, 37.49926202602394], [126.7903595712785, 37.49898576350895], [126.78975958082151, 37.49875524341381], [126.78913412320033, 37.498572685339], [126.78848922087047, 37.498439847056694], [126.78783108339391, 37.49835800759636], [126.78716604768375, 37.498327954937615], [126.78650051702652, 37.49834997842844], [126.78584089946786, 37.49842386600144], [126.78519354615231, 37.49854890621507], [126.7845646902096, 37.498723895099886], [126.7839603867738, 37.49894714774449], [126.78338645471085, 37.49921651450939], [126.78284842061471, 37.499529401713836], [126.7823689499021, 37.49987036325073], [126.78208221782651, 37.49955737912301], [126.78163866260914, 37.49916144148296], [126.7811485377225, 37.49880204693144], [126.78061656324056, 37.498482656091575], [126.78004786200475, 37.49820634434543], [126.77944791030224, 37.49797577223643], [126.7788224851498, 37.4977931598658]]], [[[126.87025531492543, 37.50829389993797], [126.86972288814347, 37.50797490674132], [126.86915378066871, 37.50769902070513], [126.86855347269587, 37.507468898274084], [126.86792774466865, 37.50728675522038], [126.86728262164353, 37.50715434532106], [126.86662431530523, 37.50707294348214], [126.8659591641912, 37.507043333471], [126.86529357269829, 37.507065800375116], [126.86463394945773, 37.507140127859294], [126.86398664566937, 37.50726560024782], [126.86335789398743, 37.50744100941148], [126.862753748544, 37.50766466639338], [126.86218002668637, 37.507934417661815], [126.86164225298752, 37.508247665834396], [126.86114560606767, 37.50860139467416], [126.860694868738, 37.50899219811783], [126.86029438194613, 37.509416313057415], [126.85994800296669, 37.5098696555601], [126.85965906823931, 37.51034786017856], [126.85943036121328, 37.51084632197382], [126.85926408550861, 37.5113602408467], [126.8591618436539, 37.51188466775154], [126.85912462160677, 37.51241455234764], [126.85915277920822, 37.512944791630076], [126.85924604666445, 37.51347027907149], [126.85940352709206, 37.513985953802084], [126.85962370510426, 37.514486849353865], [126.85990446135737, 37.51496814149952], [126.86024309291943, 37.51542519472515], [126.86063633926597, 37.51585360688832], [126.86108041365456, 37.516249251631315], [126.86157103957628, 37.51660831813979], [126.8621034919345, 37.51692734786394], [126.86267264255378, 37.51720326784692], [126.86327300958135, 37.51743342033942], [126.86389881030405, 37.517615588414095], [126.86454401687182, 37.51774801733229], [126.86520241438942, 37.51782943145714], [126.86586766081538, 37.517859046549106], [126.86653334809013, 37.51783657732546], [126.86719306390158, 37.51776224021055], [126.86784045349239, 37.51763675125018], [126.86846928091107, 37.51746131921042], [126.86907348911495, 37.51723763392726], [126.86964725834493, 37.516967850020016], [126.87018506220751, 37.51665456612538], [126.87068172092332, 37.51630079985309], [126.87113245122785, 37.515909958704924], [126.87153291244346, 37.515485807237845], [126.87187924827839, 37.51503243078839], [126.87216812395104, 37.51455419610844], [126.87239675828154, 37.51405570929222], [126.87256295044358, 37.51354177140047], [126.87266510111901, 37.51301733220971], [126.87270222785422, 37.51248744253276], [126.87267397447091, 37.51195720556985], [126.87258061444379, 37.51143172775918], [126.8724230482137, 37.51091606960043], [126.8722027944648, 37.51041519692477], [126.87192197545122, 37.509933933080355], [126.87158329651682, 37.50947691249353], [126.87119002000655, 37.509048536052404], [126.87074593382202, 37.50865292874195], [126.87025531492543, 37.50829389993797]]], [[[126.80567517485198, 37.557680233219266], [126.80510593309278, 37.5574040394368], [126.80450543078682, 37.557173591364055], [126.80387945025002, 37.556991107907294], [126.80323401897027, 37.556858346119675], [126.80257535159974, 37.55677658429383], [126.80190979015063, 37.55674660966183], [126.80124374296865, 37.5567687108205], [126.80058362306984, 37.556842674955064], [126.79993578643293, 37.55696778988738], [126.7993064708392, 37.55714285092941], [126.79870173584662, 37.55736617247587], [126.79812740447537, 37.55763560422491], [126.79758900716361, 37.557948551871206], [126.79709172853298, 37.55830200207228], [126.79664035747442, 37.55869255144908], [126.79623924103562, 37.55911643934153], [126.79589224255253, 37.55956958400492], [126.79560270442937, 37.560047621898995], [126.79537341592584, 37.56054594969244], [126.79520658626221, 37.56105976857877], [126.7951038233032, 37.56158413047748], [126.79506611802718, 37.56211398567612], [126.79509383493188, 37.56264423145502], [126.79518670847128, 37.56316976122616], [126.79534384555978, 37.5636855137138], [126.79556373412177, 37.56418652170236], [126.79584425760605, 37.56466795988278], [126.79618271532712, 37.56512519133527], [126.79657584843945, 37.56555381220111], [126.79701987129545, 37.565949694112334], [126.79751050788639, 37.566309023969836], [126.79804303301609, 37.56662834068645], [126.79861231781075, 37.56690456853995], [126.79921287912698, 37.56713504681429], [126.79983893238115, 37.56731755544262], [126.80048444729086, 37.56745033640444], [126.80114320599009, 37.567532110670236], [126.80180886295693, 37.56756209052991], [126.802475006175, 37.56753998718571], [126.80313521893761, 37.56746601353644], [126.80378314169735, 37.56734088212585], [126.8044125333633, 37.56716579827525], [126.80501733145404, 37.56694244846645], [126.8055917105246, 37.56667298408736], [126.80613013830371, 37.56636000069733], [126.806627428999, 37.56600651301238], [126.8070787932557, 37.5656159258521], [126.80747988428772, 37.56519200132853], [126.80782683973537, 37.56473882259413], [126.80811631884825, 37.56426075449844], [126.80834553463441, 37.563762401533424], [126.8085122806681, 37.56324856347291], [126.80861495229838, 37.56272418913426], [126.80865256205666, 37.562194328707925], [126.80862474911589, 37.56166408511455], [126.80853178271272, 37.56113856485812], [126.80837455950139, 37.560622828848764], [126.80815459486716, 37.56012184366875], [126.80787400828473, 37.559640433750694], [126.80753550286434, 37.55918323492825], [126.80714233928465, 37.55875464980615], [126.80669830436405, 37.55835880537879], [126.80620767457488, 37.557999513304765], [126.80567517485198, 37.557680233219266]]], [[[126.83135799763961, 37.56091072712997], [126.83078863478002, 37.56063465617561], [126.83018802559133, 37.56040433784405], [126.82956195341747, 37.56022198979252], [126.8289164466278, 37.56008936777072], [126.82825772060082, 37.560007748725965], [126.827592117913, 37.55997791851599], [126.82692604730676, 37.56000016434756], [126.82626592202364, 37.56007427201343], [126.82561809809441, 37.56019952795398], [126.82498881317836, 37.560374726123925], [126.82438412653877, 37.56059817959804], [126.82380986073102, 37.560867736804546], [126.82327154556299, 37.56118080223027], [126.82277436486646, 37.56153436139884], [126.82232310659066, 37.56192500988192], [126.82192211669846, 37.56234898606497], [126.8215752573085, 37.56280220735286], [126.82128586948687, 37.56328030946706], [126.82124892098095, 37.56336067693026], [126.82076376224643, 37.56306989953906], [126.82019442295696, 37.56279377781166], [126.81959382998126, 37.56256340581483], [126.81896776650753, 37.56238100172238], [126.8183222608216, 37.56224832182345], [126.81766352829145, 37.562166643622405], [126.81699791155627, 37.562136753546355], [126.81633181949366, 37.56215893937831], [126.81567166555158, 37.562232987488485], [126.81502380603659, 37.56235818489052], [126.81439447895018, 37.5625333261026], [126.81378974396138, 37.56275672474782], [126.8132154240906, 37.563026229782224], [126.81267704966584, 37.56333924619499], [126.81217980508893, 37.563692759981684], [126.81172847892377, 37.564083367151014], [126.81132741778637, 37.56450730648644], [126.81098048448108, 37.564960495747734], [126.81069102078534, 37.56543857096507], [126.8104618152429, 37.56593692844747], [126.8102950762759, 37.56645076910222], [126.8101924108764, 37.5669751446388], [126.81015480908373, 37.56750500521307], [126.81018263439947, 37.56803524805304], [126.81027562023394, 37.56856076659857], [126.81043287242015, 37.56907649968149], [126.81065287777402, 37.56957748027269], [126.81093351861934, 37.57005888332647], [126.81127209313996, 37.570516072260936], [126.81166534136503, 37.57094464362657], [126.81210947653767, 37.57134046953182], [126.81260022156668, 37.57169973741681], [126.81313285021074, 37.5720189867911], [126.81370223259822, 37.57229514258109], [126.81430288464499, 37.572525544764844], [126.81492902089276, 37.57270797400849], [126.81557461025903, 37.57284067305636], [126.81623343416, 37.572922363668184], [126.81689914644521, 37.57295225893992], [126.8175653345651, 37.57293007088891], [126.81822558138026, 37.57285601323017], [126.81887352701511, 37.57273079931705], [126.81950293015858, 37.57255563526586], [126.82010772821884, 37.57233220833121], [126.82068209575166, 37.57206267064417], [126.82122050059743, 37.57174961847043], [126.82171775718525, 37.57139606718867], [126.8221690764897, 37.57100542223109], [126.82249031190051, 37.57066581180806], [126.8224964481591, 37.570671279408224], [126.82298723941041, 37.571030504596415], [126.82351990839483, 37.57134970752543], [126.82408932485178, 37.57162581356902], [126.8246900043685, 37.57185616318452], [126.82531616122174, 37.572038537544536], [126.8259617641302, 37.572171179922215], [126.82662059437946, 37.57225281262334], [126.82728630575777, 37.572282649301904], [126.82795248572428, 37.57226040253983], [126.82861271721819, 37.57218628661792], [126.8292606405117, 37.57206101545092], [126.82989001450915, 37.571885795706805], [126.83049477689984, 37.5716623151768], [126.8310691025835, 37.57139272650834], [126.83160745980403, 37.57107962645821], [126.83210466344975, 37.57072603086629], [126.8325559250057, 37.57033534559151], [126.83295689867614, 37.569911333690875], [126.8333037232331, 37.569458079158196], [126.83359305918815, 37.568979947572714], [126.8338221209293, 37.56848154403742], [126.83398870351543, 37.56796766881256], [126.83409120387073, 37.567443271072804], [126.8341286361768, 37.566913401233236], [126.83411848401798, 37.56672111419753], [126.83419714341969, 37.56647845678482], [126.83429964011793, 37.56595405869884], [126.83433707004386, 37.565424188638815], [126.83430907410272, 37.56489394961736], [126.83421592329357, 37.564368448093596], [126.83405851604657, 37.563852744796485], [126.83383836951882, 37.563351805992475], [126.83355760493605, 37.5628704556669], [126.83321892712186, 37.56241332907892], [126.832825598414, 37.561984828137184], [126.8323814072199, 37.56158907902504], [126.83189063151556, 37.56122989248303], [126.83135799763961, 37.56091072712997]]], [[[126.84582954318375, 37.563577017514625], [126.84526010573335, 37.563301015781676], [126.84465942960848, 37.563070770553296], [126.84403329879703, 37.56288849878289], [126.8433877422324, 37.56275595548589], [126.8427289757719, 37.56267441685177], [126.84206334238097, 37.56264466796432], [126.84139725109743, 37.56266699524755], [126.84073711536189, 37.56274118371027], [126.84008929130577, 37.56286651901518], [126.8394600165898, 37.56304179435311], [126.83885535037935, 37.56326532205605], [126.83828111503354, 37.563534949837695], [126.83774284006752, 37.56384808150548], [126.83724570892657, 37.564201701945244], [126.83679450908342, 37.5645924061387], [126.83639358593902, 37.56501643193484], [126.83604680096998, 37.565469696260585], [126.8357574945265, 37.565947834422815], [126.83552845363897, 37.5664462421239], [126.83536188514474, 37.5669601197869], [126.83525939439477, 37.56748451876419], [126.83522196974693, 37.56801438898512], [126.835249972997, 37.56854462758405], [126.8353431358416, 37.569070128040856], [126.83550056240873, 37.56958582936085], [126.83572073783431, 37.57008676482007], [126.8360015428034, 37.57056810980685], [126.83634027391832, 37.571025228298005], [126.8367336696989, 37.57145371752202], [126.83717794196588, 37.571849450378146], [126.83766881230653, 37.57220861520253], [126.83820155327126, 37.57252775249734], [126.83877103390545, 37.572803788268516], [126.83937176917752, 37.573034063650354], [126.83999797282658, 37.57321636053063], [126.84064361312015, 37.573348922929], [126.84130247098324, 37.57343047392188], [126.84196819993785, 37.57346022795061], [126.8426343872737, 37.573437898393536], [126.84329461585902, 37.57336370032926], [126.84394252599411, 37.57323834846407], [126.84457187671036, 37.57306305024353], [126.84517660592171, 37.57283949421502], [126.84575088884793, 37.57256983375337], [126.84628919414544, 37.57225666630703], [126.84678633720331, 37.5719030083651], [126.84723753009082, 37.57151226638705], [126.8476384276744, 37.57108820397598], [126.84798516945962, 37.570634905612], [126.84827441675591, 37.57015673729632], [126.84850338480582, 37.56965830448536], [126.84866986957113, 37.569144407721], [126.84877226891852, 37.56861999638493], [126.84880959800267, 37.56809012102274], [126.84878149870025, 37.56755988469765], [126.84868824300591, 37.56703439384239], [126.84853073035981, 37.56651870908269], [126.84831047893397, 37.56601779650607], [126.84802961096396, 37.565536479844866], [126.84769083226861, 37.56507939403371], [126.84729740615654, 37.56465094058826], [126.84685312197264, 37.56425524523428], [126.8463622585876, 37.56389611819447], [126.84582954318375, 37.563577017514625]]], [[[126.87204332699037, 37.59857565606046], [126.87147352616104, 37.59829977911195], [126.8708724876688, 37.59806966534302], [126.87024599898876, 37.59788753044106], [126.869600092498, 37.59775512810351], [126.86894098742104, 37.597673733162765], [126.86827502998163, 37.59764412931931], [126.86760863233584, 37.59766660160109], [126.86694821087242, 37.59774093362134], [126.86630012447259, 37.597866409661236], [126.86567061332205, 37.59804182155729], [126.86506573886224, 37.59826548032745], [126.86449132545732, 37.59853523242422], [126.86395290433734, 37.59884848045884], [126.86345566035571, 37.59920220819737], [126.86300438207306, 37.59959300958895], [126.86260341564731, 37.60001712154712], [126.86225662297399, 37.60047046016947], [126.86196734447981, 37.60094866004761], [126.8617383669286, 37.601447116289556], [126.86157189655053, 37.60196102885072], [126.8614695377544, 37.60248544874699], [126.86143227763007, 37.603015325705705], [126.86146047639144, 37.60354555679556], [126.86155386385441, 37.60407103556789], [126.86171154198583, 37.60458670123584], [126.86193199350035, 37.60508758741774], [126.86221309642518, 37.605568869975436], [126.8625521444936, 37.60602591348588], [126.86294587317293, 37.60645431589865], [126.86339049107733, 37.60684995094815], [126.86388171646423, 37.60720900791165], [126.86441481846315, 37.60752802832947], [126.86498466264047, 37.60780393933269], [126.86558576046113, 37.60803408325697], [126.86621232217011, 37.608216243256045], [126.86685831258383, 37.608348664668014], [126.86751750925268, 37.608430071927444], [126.86818356243305, 37.608459680860484], [126.86885005628962, 37.60843720624357], [126.86951057073635, 37.608362864553236], [126.87015874331867, 37.60823737187989], [126.87078833053893, 37.60806193702625], [126.87139326803242, 37.607838249856606], [126.87196772901258, 37.60756846500984], [126.87250618042114, 37.60725518113328], [126.87300343624064, 37.60690141583825], [126.87345470745561, 37.60651057661886], [126.87385564817964, 37.606086428015296], [126.87420239750496, 37.60563305533823], [126.8744916166707, 37.60515482530475], [126.87472052119297, 37.604656343965694], [126.8748869076481, 37.60414241233013], [126.87498917485232, 37.60361798011514], [126.87502633923567, 37.60308809806685], [126.87499804426353, 37.60255786931212], [126.87490456381725, 37.602032400209886], [126.87474679950337, 37.6015167511754], [126.87452627191911, 37.60101588795106], [126.87424510596063, 37.60053463379285], [126.87390601031693, 37.6000776230324], [126.87351225134906, 37.59964925646158], [126.87306762160675, 37.599253658968586], [126.87257640328757, 37.598894639832885], [126.87204332699037, 37.59857565606046]]], [[[126.83436496120686, 37.60669450922897], [126.8336984754405, 37.606716789132754], [126.8330379429244, 37.60679093019556], [126.83238972360829, 37.6069162185366], [126.83176005895643, 37.60709144779914], [126.83115501188696, 37.607314930759294], [126.8305804084246, 37.60758451556216], [126.83004178162776, 37.607897606429695], [126.82954431832874, 37.608251188641475], [126.82909280919834, 37.60864185754815], [126.82869160261595, 37.60906585133942], [126.82834456278827, 37.609519087251385], [126.82805503252088, 37.60999720086543], [126.82782580100127, 37.61049558812117], [126.8276590769047, 37.61100944963928], [126.82755646708311, 37.611533836928295], [126.82751896104384, 37.612063700030596], [126.82754692136946, 37.61259393614945], [126.82764008017298, 37.613119438788786], [126.82779754162438, 37.613635146932864], [126.82801779052653, 37.61413609379187], [126.82829870685951, 37.61461745464397], [126.82863758615537, 37.615074593312684], [126.82903116550875, 37.61550310683152], [126.82947565497385, 37.61589886786501], [126.82996677404695, 37.61625806447712], [126.83049979288322, 37.61657723686297], [126.83106957785158, 37.61685331068966], [126.83167064098852, 37.61708362672412], [126.83229719287415, 37.617265966461794], [126.83294319842024, 37.617398573508815], [126.83360243503176, 37.61748017051101], [126.83426855258044, 37.61750997146612], [126.83493513461066, 37.617487689300205], [126.83559576018645, 37.61741353863534], [126.8362440657819, 37.61728823372129], [126.836873806617, 37.617112981551664], [126.83747891684598, 37.61688947023069], [126.83805356801697, 37.61661985270317], [126.83859222523809, 37.61630672600468], [126.83908970050787, 37.61595310623269], [126.8393430437372, 37.61573387676783], [126.83975151989371, 37.616097491252106], [126.84024269033544, 37.616456645563964], [126.84077575519962, 37.616775771950124], [126.8413455804113, 37.617051796520784], [126.84194667761894, 37.617282060517326], [126.84257325707408, 37.617464345936575], [126.84321928342254, 37.61759689690805], [126.84387853386872, 37.617678436617865], [126.84454465815094, 37.617708179615825], [126.84521123974861, 37.61768583938648], [126.84587185772999, 37.61761163111141], [126.84652014864241, 37.61748626959552], [126.84714986784755, 37.61731096237781], [126.84775494970827, 37.61708739809289], [126.8483295660463, 37.61681773019586], [126.84886818230574, 37.61650455620755], [126.84936561088008, 37.61615089268096], [126.84981706108877, 37.6157601461302], [126.85021818532043, 37.61533608020325], [126.85056512089885, 37.61488277941492], [126.85085452726865, 37.614404609790505], [126.85108361814238, 37.61390617679966], [126.85125018830136, 37.61339228098651], [126.85135263479263, 37.61286787172391], [126.85138997231974, 37.612337999537694], [126.8513618426811, 37.611807767460505], [126.85126851816655, 37.611282281883994], [126.85111089888186, 37.610766603382736], [126.85089050402871, 37.61026569798354], [126.85060945722627, 37.60978438934897], [126.85027046601743, 37.609327312335644], [126.84987679575889, 37.60889886837371], [126.84943223814751, 37.608503183096715], [126.84894107468753, 37.60814406662946], [126.8484080354507, 37.607824976915005], [126.84783825352707, 37.60754898643395], [126.84723721560472, 37.60731875263478], [126.84661070915381, 37.60713649236026], [126.84596476672293, 37.60700396051456], [126.84530560788284, 37.60692243317654], [126.84463957937483, 37.60689269532102], [126.84397309403893, 37.606915033265764], [126.84331256910762, 37.60698923191704], [126.84266436445768, 37.60711457683974], [126.84203472141242, 37.60728986113256], [126.8414297026822, 37.60751339704184], [126.84085513401924, 37.607783032202995], [126.84031654814733, 37.608096170353164], [126.8398191315051, 37.60844979631665], [126.83956581468874, 37.60866902732031], [126.83915737953656, 37.60830541213076], [126.83866626740627, 37.60794625336479], [126.83813327415956, 37.60762711765654], [126.8375635324441, 37.607351077929415], [126.83696252856119, 37.60712079210609], [126.8363360496537, 37.60693847753011], [126.8356901280053, 37.60680588962837], [126.83503098298691, 37.60672430501931], [126.83436496120686, 37.60669450922897]]], [[[126.82088846287076, 37.61353376843885], [126.82022238726766, 37.613503892326726], [126.81955583770419, 37.61352609169626], [126.81889523203084, 37.613600152787505], [126.8182469309011, 37.61372536248945], [126.81761717656653, 37.61390051520239], [126.81701203280805, 37.61412392443936], [126.81643732658061, 37.61439343905525], [126.81589859193147, 37.614706463947904], [126.81540101673066, 37.61505998503221], [126.81494939272594, 37.615450598247634], [126.81454806940216, 37.61587454232037], [126.81420091208975, 37.61632773496557], [126.81391126472522, 37.61680581218164], [126.81368191762346, 37.617304170259075], [126.81351508057271, 37.61781801010004], [126.81341236151275, 37.61834238342224], [126.81337475100314, 37.61887224040306], [126.81340261263294, 37.61940247830514], [126.81349567946617, 37.61992799061571], [126.8136530565592, 37.62044371622627], [126.81387322952808, 37.62094468817911], [126.81415407908499, 37.62142608151101], [126.81449290140604, 37.621883259732876], [126.81488643413536, 37.62231181949739], [126.81505810787124, 37.62246470629677], [126.81507796408128, 37.622486329550775], [126.81552241977455, 37.62288214236417], [126.81601351624009, 37.623241396423204], [126.81654652385153, 37.62356063136963], [126.8171163090865, 37.62383677226777], [126.81771738397944, 37.624067159238294], [126.81834395899747, 37.624249573093124], [126.81898999882971, 37.62438225672421], [126.81964928055093, 37.62446393203933], [126.82031545359824, 37.62449381228159], [126.8209821009811, 37.62447160961302], [126.8216428011336, 37.62439753788965], [126.82229118981103, 37.62427231060064], [126.82292102143238, 37.62409713399168], [126.8235262292768, 37.623873695439045], [126.82410098395138, 37.62360414718656], [126.82463974956656, 37.62329108560258], [126.82513733707613, 37.6229375261574], [126.82558895426746, 37.62254687436292], [126.82599025191972, 37.622122892954685], [126.82633736568555, 37.62166966563394], [126.8266269532924, 37.621191557718866], [126.82685622670677, 37.62069317408542], [126.82702297895145, 37.62017931480305], [126.82712560531968, 37.61965492889355], [126.82716311878275, 37.619125066658604], [126.82713515944496, 37.61859483103581], [126.82704199795667, 37.61806932845167], [126.8268845328544, 37.61755361964531], [126.82666428185604, 37.61705267093597], [126.82638336719646, 37.61657130640385], [126.82604449514733, 37.616114161444266], [126.8256509299191, 37.615685638142], [126.82547924962954, 37.61553276652059], [126.82545939219852, 37.6155111449803], [126.82501492652884, 37.61511536901985], [126.82452383902434, 37.61475615203121], [126.8239908590266, 37.6144369529254], [126.82342111905635, 37.61416084523612], [126.82282010539852, 37.613930487540195], [126.82219360529047, 37.613748097872985], [126.82154765122019, 37.61361543238415], [126.82088846287076, 37.61353376843885]]], [[[126.81569874297914, 37.626915451133634], [126.81512893976874, 37.62663930335416], [126.81452785247915, 37.626408903172155], [126.81390126905656, 37.62622646903177], [126.81325522279103, 37.626093757510596], [126.81259593425301, 37.626012046416776], [126.81192975143219, 37.62598212249369], [126.81126308865359, 37.62600427384998], [126.81060236485715, 37.626078287187845], [126.81030426260166, 37.62613582924632], [126.80976695635962, 37.6261116841212], [126.8091002919723, 37.626133823238625], [126.80843956507175, 37.626207824430566], [126.80779113747809, 37.62633297516261], [126.80716125265964, 37.62650807040282], [126.80655597565296, 37.62673142421758], [126.80598113469526, 37.627000885995535], [126.80544226513042, 37.62731386114343], [126.80494455612697, 37.627667336055346], [126.80449280072054, 37.62805790711565], [126.804091349661, 37.628481813456766], [126.80374406950858, 37.62893497315756], [126.80345430538273, 37.629413022534074], [126.8032248487229, 37.62991135814534], [126.80305791037271, 37.630425181110255], [126.80295509924797, 37.630949543309484], [126.80291740679552, 37.63147939502792], [126.8029451973944, 37.63200963357922], [126.80303820479358, 37.632535152444696], [126.8031955346228, 37.63305089045296], [126.80330701009895, 37.633304586846954], [126.80335127382621, 37.63344968387059], [126.80357141434229, 37.633950673642566], [126.80385224469396, 37.63443209026678], [126.80419106124327, 37.63488929702984], [126.80458460169093, 37.63531789030948], [126.80502907646755, 37.635713742002004], [126.80552020521229, 37.636073039297926], [126.80605325798847, 37.636392321422306], [126.80662310083906, 37.63666851298482], [126.80722424524369, 37.63689895361783], [126.80785090100002, 37.637081423616024], [126.80849703201926, 37.63721416533025], [126.8091564144976, 37.63729590010854], [126.809822696901, 37.637325840620896], [126.81048946118506, 37.63730369844861], [126.81115028465715, 37.63722968686476], [126.8117988018838, 37.63710451877906], [126.8120272874626, 37.63704100430932], [126.81233311422136, 37.63700674829158], [126.8129816276211, 37.63688157366044], [126.81361158721366, 37.63670644837978], [126.81421692504466, 37.6364830593315], [126.8143276454796, 37.636431154972676], [126.81443606487183, 37.63640101370173], [126.81504139780758, 37.63617762036295], [126.815616277945, 37.635908115230365], [126.81615516818543, 37.63559509425711], [126.81665287828174, 37.63524157252259], [126.81710461484018, 37.63485095517567], [126.81750602748996, 37.63442700462046], [126.81785325077595, 37.63397380426135], [126.81814294137091, 37.63349571915722], [126.81837231024963, 37.6329973539647], [126.81853914951586, 37.632483508576], [126.8186418536253, 37.631959131879455], [126.81867943480118, 37.63142927408836], [126.81865153249652, 37.630899038097795], [126.81855841681325, 37.63037353033808], [126.81840098584775, 37.62985781159835], [126.81818075699006, 37.62935684829363], [126.81789985226284, 37.628875464644764], [126.81756097784296, 37.62841829623116], [126.81716739796455, 37.627989745363365], [126.81672290345617, 37.62759393870448], [126.81623177521627, 37.62723468754797], [126.81569874297914, 37.626915451133634]]], [[[126.83653624927359, 37.63012401836242], [126.83596634312094, 37.629847970395495], [126.83536516420274, 37.629617675634286], [126.83473850134659, 37.62943535150804], [126.83409238860665, 37.629302753535335], [126.83343304719277, 37.62922115843133], [126.83276682560334, 37.62919135182292], [126.83210013853638, 37.62921362068962], [126.83143940516555, 37.6292877506026], [126.8307909873734, 37.62941302778854], [126.83016112853426, 37.629588245998306], [126.82955589343509, 37.62981171811465], [126.82898110991034, 37.63008129238744], [126.82844231275178, 37.63039437314042], [126.82794469043172, 37.63074794575091], [126.82749303515222, 37.631138605662564], [126.82709169670017, 37.63156259115209], [126.82674454055257, 37.63201581953601], [126.82645491063586, 37.6324939264686], [126.82622559709809, 37.632992307954204], [126.82605880940552, 37.63350616466943], [126.82595615502389, 37.63403054816927], [126.82591862389106, 37.63456040853283], [126.82594657883284, 37.635090642989795], [126.8260397520156, 37.635616145060176], [126.8261972474724, 37.6361318537336], [126.82641754967997, 37.63663280221502], [126.82669853810634, 37.6371141657667], [126.82703750759036, 37.637571308185876], [126.82743119435888, 37.637999826469574], [126.82787580743226, 37.63839559323606], [126.8283670651166, 37.63875479649359], [126.82890023623212, 37.63907397637288], [126.8294701856809, 37.63935005846843], [126.83007142391479, 37.63958038346708], [126.8306981598267, 37.63976273277759], [126.83134435655501, 37.63989534991357], [126.8320037896622, 37.63997695742345], [126.83267010712619, 37.64000676920354], [126.83333689056455, 37.6399844980756], [126.8339977171001, 37.639910358555355], [126.83464622127006, 37.63978506478534], [126.83527615638059, 37.639609823651995], [126.83588145471371, 37.639386323153495], [126.83645628600492, 37.63911671613072], [126.83699511362684, 37.63880359951846], [126.8374927479364, 37.63844998931744], [126.83794439627081, 37.63805929152861], [126.83834570911013, 37.63763526933084], [126.8386928219616, 37.637182006818335], [126.83898239256263, 37.6367038696483], [126.83921163304461, 37.636205462978424], [126.83937833674882, 37.63569158709992], [126.83948089943715, 37.63516719119422], [126.83951833469541, 37.63463732565899], [126.83949028338225, 37.63410709346324], [126.83939701703476, 37.63358160100013], [126.83923943520017, 37.63306590891078], [126.83901905672118, 37.63256498335295], [126.83873800506085, 37.63208364818342], [126.83839898781036, 37.63162653851422], [126.8380052705785, 37.631198056089815], [126.83756064551562, 37.630802326913845], [126.83706939477636, 37.63044316153349], [126.83653624927359, 37.63012401836242]]], [[[126.79181702791942, 37.63858667491612], [126.79124722648483, 37.63831041233122], [126.79064612142646, 37.63807989072435], [126.79001950086214, 37.637897329708416], [126.78937339843993, 37.63776448708215], [126.78871403527098, 37.63768264191558], [126.7880477600634, 37.63765258224243], [126.78738098803127, 37.63767459747797], [126.78672013916581, 37.637748475634545], [126.78607157646056, 37.63787350536209], [126.78544154468388, 37.63804848279347], [126.78483611028621, 37.63827172312926], [126.78426110301909, 37.63854107685067], [126.78372205982666, 37.638853950404986], [126.78322417154818, 37.63920733116468], [126.78277223294454, 37.639597816420995], [126.78237059652876, 37.640021646132986], [126.78202313064527, 37.640474739117906], [126.78173318220142, 37.64095273233482], [126.78150354441136, 37.6414510228842], [126.78133642986292, 37.64196481231961], [126.7812334491689, 37.64248915284527], [126.78119559540956, 37.64301899495559], [126.78122323451805, 37.64354923605745], [126.78131610170318, 37.64407476960824], [126.78147330394611, 37.64459053429574], [126.78169332854904, 37.645091562786604], [126.78197405765543, 37.645573029573626], [126.78231278860379, 37.64603029746059], [126.78270625992059, 37.646458962236736], [126.7831506827036, 37.64685489510978], [126.78364177709406, 37.64721428248833], [126.78417481348718, 37.647533662729614], [126.78474465808468, 37.64780995949798], [126.78534582235011, 37.648040511412084], [126.78597251589032, 37.64822309769435], [126.78661870225285, 37.64835595957504], [126.78727815710076, 37.648437817244236], [126.78794452820277, 37.648467882187695], [126.78861139665962, 37.64844586478766], [126.78927233877457, 37.64837197711492], [126.78992098797053, 37.64824693088527], [126.79055109615535, 37.648071930600004], [126.79115659394229, 37.64784866193683], [126.79173164914376, 37.64757927550308], [126.79227072297356, 37.647266366108674], [126.79276862341506, 37.64691294775839], [126.79322055523993, 37.646522424605585], [126.79362216619563, 37.64609855814755], [126.79396958891623, 37.64564543097917], [126.79425947815301, 37.64516740745502], [126.79448904296717, 37.64466909163931], [126.7946560735753, 37.64415528294948], [126.79475896259038, 37.64363092992118], [126.79479672045528, 37.64310108254055], [126.79476898492206, 37.64257084360319], [126.79467602448746, 37.642045319568574], [126.79451873575383, 37.641529571383174], [126.79429863474273, 37.64102856574618], [126.79401784224707, 37.640547127286574], [126.79367906336438, 37.640089892111924], [126.7932855614102, 37.639661263175896], [126.79284112646415, 37.63926536789342], [126.79235003885249, 37.63890601841136], [126.79181702791942, 37.63858667491612]]], [[[126.79823310440227, 37.640999666755846], [126.79765812328115, 37.64126908592851], [126.79711911540421, 37.64158202092253], [126.79662127127133, 37.64193545851892], [126.79616938521896, 37.64232599546161], [126.79576780925474, 37.642749871211954], [126.79542041114163, 37.64320300414375], [126.79513053713518, 37.643681030831196], [126.79490097973324, 37.64417934805222], [126.79473395075011, 37.6446931571032], [126.7946310599751, 37.6452175099992], [126.7945932996229, 37.645747357115006], [126.79462103472736, 37.64627759580891], [126.79471399957293, 37.6468031195611], [126.79487130020021, 37.64731886715327], [126.79509142296381, 37.64781987141631], [126.79537224906147, 37.648301307075975], [126.79571107489718, 37.648758537235516], [126.79610463808315, 37.649187158047255], [126.79654914883166, 37.64958304114214], [126.7970403264361, 37.64994237340803], [126.7975734404896, 37.65026169373292], [126.79814335644514, 37.65053792635824], [126.79874458507835, 37.650768410520534], [126.79937133537548, 37.65095092609493], [126.79958039714947, 37.650993884720485], [126.7997361038074, 37.651039226970454], [126.80038234021272, 37.65117201388227], [126.80104183624454, 37.65125379496834], [126.80170823927459, 37.65128378245241], [126.80237513009575, 37.6512616874631], [126.80303608479585, 37.651187722818854], [126.80368473667656, 37.651062600977184], [126.80431483762008, 37.65088752716801], [126.8049203183097, 37.65066418777743], [126.80549534672292, 37.65039473409433], [126.80603438433211, 37.65008176157646], [126.80653223947012, 37.649728284836726], [126.8069841173456, 37.649337708590934], [126.80738566622642, 37.64891379484769], [126.80773301934519, 37.6484606266572], [126.80802283212424, 37.64798256876896], [126.80825231436184, 37.6474842255779], [126.80841925707045, 37.64697039676481], [126.8085220537101, 37.646446031058765], [126.80855971561378, 37.64591617856762], [126.8085318814579, 37.64538594213576], [126.80843882068919, 37.644860428198086], [126.8082814308762, 37.64434469760342], [126.80806122901382, 37.64384371688113], [126.8077803368659, 37.64336231041984], [126.80744146048916, 37.64290511401868], [126.8070478641376, 37.64247653025762], [126.80660333879922, 37.64208068611636], [126.80611216567007, 37.64172139324911], [126.80557907491723, 37.64140211129705], [126.80500920012848, 37.641125914591065], [126.80440802888722, 37.64089546256452], [126.803781349948, 37.64071297416048], [126.80357231435939, 37.64067002316884], [126.80341662683595, 37.640624686095805], [126.80277047585119, 37.640491916428424], [126.80211107273827, 37.64041014578937], [126.80144476658947, 37.640380161495024], [126.80077797291666, 37.6404022522351], [126.80011711191932, 37.640476205295265], [126.79946854670781, 37.64060130860448], [126.79883852207483, 37.64077635758739], [126.79823310440227, 37.640999666755846]]], [[[126.87748498336934, 37.64650375078578], [126.87695154856497, 37.64618478852732], [126.87638136823038, 37.64590893408495], [126.87577993288795, 37.64567884359683], [126.87515303383236, 37.645496732525494], [126.87450670739027, 37.64536435433843], [126.87384717682751, 37.64528298363511], [126.87318079246229, 37.64525340388246], [126.872513970559, 37.64527589987646], [126.87185313158888, 37.64535025500225], [126.87120463845096, 37.64547575331884], [126.87057473524527, 37.645651186448816], [126.86996948718648, 37.645874865206345], [126.86939472223486, 37.64614463585224], [126.86885597500464, 37.646457900819996], [126.8683584334891, 37.646811643713576], [126.8679068891142, 37.647202458337105], [126.86750569060096, 37.647626581477624], [126.8671587020812, 37.64807992912587], [126.86686926586944, 37.64855813578731], [126.8666401702507, 37.64905659650527], [126.86647362259482, 37.64957051119253], [126.86637122805786, 37.65009493084488], [126.86633397407704, 37.65062480519207], [126.86636222081036, 37.65115503132793], [126.86645569761502, 37.651680502851285], [126.8666135056005, 37.65219615904465], [126.8668341262337, 37.65269703361706], [126.86711543591552, 37.65317830254143], [126.86745472639, 37.65363533052522], [126.86784873079128, 37.65406371566661], [126.86829365507897, 37.654459331865404], [126.86878521455992, 37.65481836857947], [126.86931867514568, 37.65513736754319], [126.86988889894806, 37.655413256093425], [126.8704903937743, 37.65564337678127], [126.87111736604376, 37.655825512983654], [126.87176377661626, 37.65595791026731], [126.87242339899284, 37.65603929329889], [126.87308987932691, 37.656068878137695], [126.87375679766613, 37.65604637979229], [126.87441772983324, 37.65597201496792], [126.8750663093477, 37.65584649997827], [126.8756962887901, 37.65567104384145], [126.87630160001596, 37.6554473366275], [126.87687641263761, 37.65517753316914], [126.87741519020891, 37.65486423229383], [126.87791274357049, 37.65451045177753], [126.87836428084127, 37.65411959926194], [126.87876545357312, 37.6536954394162], [126.87911239862507, 37.653242057660066], [126.87940177535302, 37.652763820798896], [126.87963079775788, 37.652265334949895], [126.87979726128336, 37.65175140116603], [126.87989956400652, 37.65122696918544], [126.87993672201846, 37.650697089752086], [126.87990837884921, 37.65016686596763], [126.87981480884757, 37.64964140414286], [126.87965691448557, 37.64912576462257], [126.87943621761569, 37.64862491305698], [126.87915484476676, 37.648143672589036], [126.87881550662225, 37.64768667741772], [126.87842147187993, 37.647258328183874], [126.87797653574617, 37.64686274960779], [126.87748498336934, 37.64650375078578]]], [[[126.7813646398526, 37.647924223989044], [126.78079480717645, 37.64764791101764], [126.78019366050205, 37.64741733607224], [126.77956698834812, 37.64723471927908], [126.77892082485941, 37.6471018189737], [126.7782613917349, 37.647019914781204], [126.77759503835594, 37.64698979530344], [126.77692818068896, 37.647011750531234], [126.77626723954913, 37.64708556905458], [126.77561857881788, 37.647210540097404], [126.77498844420681, 37.64738546035755], [126.77438290315581, 37.64760864558601], [126.77380778644277, 37.64787794679467], [126.77326863206498, 37.648190770936516], [126.77277063193178, 37.64854410585998], [126.77231858188058, 37.64893454929786], [126.77191683549721, 37.649358341612185], [126.77156926218473, 37.649811401980614], [126.77127920988495, 37.65028936767662], [126.77104947281212, 37.65078763606611], [126.7708822645103, 37.65130140891638], [126.77077919649548, 37.651825738591825], [126.77074126268931, 37.65235557569163], [126.77076882979642, 37.65288581767134], [126.77086163371969, 37.65341135798017], [126.77101878205032, 37.65392713524111], [126.77120915933185, 37.65436075542105], [126.77084460631805, 37.65446192737589], [126.77023899539887, 37.65468509033744], [126.76966380905176, 37.65495437029539], [126.76912458594417, 37.65526717440744], [126.76862651864698, 37.65562049071503], [126.76817440364418, 37.65601091713036], [126.76777259514691, 37.65643469417954], [126.76742496315636, 37.65688774118739], [126.76713485617941, 37.65736569555629], [126.766905068957, 37.657863954761375], [126.76673781551641, 37.658377720658606], [126.76663470780868, 37.65890204567952], [126.76659674013806, 37.65943188046827], [126.7666242795358, 37.65996212250283], [126.76671706217213, 37.660487665232], [126.76687419584376, 37.66100344725554], [126.76709416851467, 37.66150450107341], [126.76737486282983, 37.66198600093463], [126.7677135764641, 37.66244330932454], [126.76810704811201, 37.66287202164222], [126.76855148886924, 37.663268008637424], [126.76904261870482, 37.66362745619722], [126.76957570767334, 37.66394690209889], [126.77014562147068, 37.664223269374055], [126.77074687089411, 37.6644538959618], [126.77137366473035, 37.66463656036487], [126.77201996556065, 37.664769503060654], [126.7726795479451, 37.66485144346037], [126.77334605842339, 37.66488159225247], [126.77401307675291, 37.66485965901121], [126.7746741777924, 37.66478585499645], [126.77532299343292, 37.66466089111798], [126.77595327397808, 37.66448597108372], [126.7765589483797, 37.66426277979834], [126.77713418274804, 37.663993467124], [126.77767343657017, 37.66368062716026], [126.77817151609486, 37.66332727324344], [126.77862362436825, 37.66293680890665], [126.77902540743783, 37.6625129950811], [126.77937299627953, 37.66205991385522], [126.77966304404467, 37.66158192914164], [126.7798927582678, 37.66108364463135], [126.78005992772694, 37.66056985944085], [126.78016294369847, 37.66004552188004], [126.78020081540342, 37.65951568178664], [126.78017317949852, 37.658985441886564], [126.78008030352223, 37.658459908648986], [126.77992308326483, 37.65794414310936], [126.77973264626333, 37.65751053663826], [126.78009720263903, 37.65740933729473], [126.78070280713847, 37.657186123743955], [126.78127797184239, 37.65691678982296], [126.78181715690918, 37.656603929835875], [126.78231516925024, 37.656250557311786], [126.78276721255887, 37.655860075962835], [126.78316893350846, 37.65543624688394], [126.78351646367328, 37.65498315231026], [126.78380645676972, 37.65450515628278], [126.78403612085869, 37.65400686260128], [126.78420324520083, 37.65349307047036], [126.78430622150665, 37.652968728266615], [126.78434405937885, 37.652438885872286], [126.78431639579952, 37.651908646035324], [126.7842234985731, 37.651383115224135], [126.78406626369402, 37.65086735445076], [126.78384620666606, 37.65036633053582], [126.7835654478593, 37.64988486828445], [126.78322669204776, 37.64942760403344], [126.78283320232558, 37.64899894101646], [126.78238876865537, 37.648603006976614], [126.78189767135166, 37.64824361443384], [126.7813646398526, 37.647924223989044]]], [[[126.84669007815924, 37.64852923058397], [126.8461199940987, 37.648253230853705], [126.84551863557792, 37.64802298686214], [126.84489179315295, 37.64784071554948], [126.84424550260604, 37.64770817192564], [126.843585986858, 37.647626632182515], [126.84291959608477, 37.64759688141404], [126.84225274661236, 37.64761920606222], [126.84159185917734, 37.64769339116138], [126.8409432971448, 37.64781872240713], [126.84031330527743, 37.64799399303016], [126.83970794964262, 37.64821751540895], [126.83913305923524, 37.648487137309786], [126.83859416987623, 37.64880026259819], [126.83809647092603, 37.64915387622306], [126.83764475532509, 37.64954457323343], [126.83724337344181, 37.649968591549076], [126.83689619117241, 37.65042184817062], [126.83660655269594, 37.65089997848062], [126.83637724824412, 37.65139837825835], [126.83621048719701, 37.65191224800423], [126.83610787676508, 37.65243663914769], [126.83607040646439, 37.65296650169398], [126.83609843853617, 37.653496732851536], [126.83619170440521, 37.65402222617176], [126.83634930721303, 37.65453792072817], [126.83656973040341, 37.655038849861164], [126.83685085227987, 37.65552018901893], [126.83718996639642, 37.65597730223313], [126.83758380758727, 37.656405786781534], [126.8380285833854, 37.65680151560689], [126.83852001052936, 37.65716067708243], [126.8390533562068, 37.657479811740934], [126.83962348363775, 37.65775584561212], [126.84022490155893, 37.657986119847095], [126.84085181713155, 37.658168416343415], [126.8414981917624, 37.65830097912331], [126.84215779929933, 37.658382531258795], [126.84282428603903, 37.65841228717967], [126.84349123196753, 37.65838996024593], [126.8441522126415, 37.658315765511105], [126.84480086111273, 37.658190417649855], [126.84543092929678, 37.65801512407001], [126.84603634819341, 37.65779157327532], [126.84661128637664, 37.65752191859152], [126.84715020618955, 37.65720875741289], [126.84764791710137, 37.65685510616978], [126.84809962571198, 37.656464371258835], [126.84850098192155, 37.65604031621672], [126.84884812082056, 37.655587025454224], [126.84913769989664, 37.65510886490081], [126.8493669312008, 37.65461043993945], [126.84953360816397, 37.6540965510375], [126.84963612680701, 37.65357214750169], [126.84967350114125, 37.65304227980299], [126.8496453726134, 37.65251205093098], [126.84955201350537, 37.651986567246425], [126.84939432425887, 37.65147088930553], [126.84917382475183, 37.650969983129336], [126.84889263961355, 37.65048867238747], [126.8485534777211, 37.65003159195626], [126.84815960607636, 37.649603143298066], [126.8477148183166, 37.64920745209095], [126.84722339816301, 37.648848328515996], [126.84669007815924, 37.64852923058397]]], [[[126.7944085686426, 37.65249713656964], [126.79374166512348, 37.65251918637921], [126.79308069021148, 37.65259309871543], [126.79243200811311, 37.652718161899294], [126.79180186474579, 37.65289317174179], [126.79119632763407, 37.65311644313169], [126.79062122751832, 37.65338582625151], [126.79008210223661, 37.65369872726574], [126.78958414341881, 37.65405213328277], [126.78913214650534, 37.65444264135089], [126.7887304645712, 37.654866491209766], [126.7883829663998, 37.655319601482844], [126.78809299921025, 37.65579760896285], [126.78786335639809, 37.656295910613025], [126.78769625060053, 37.65680970788003], [126.78759329234714, 37.65733405289269], [126.7875554745032, 37.65786389610202], [126.78758316265696, 37.658394134904206], [126.78767609154593, 37.65891966277855], [126.78783336755791, 37.65943541846722], [126.78805347728544, 37.659936434723214], [126.78833430205273, 37.660417886156836], [126.78867313827743, 37.66087513571932], [126.7890667234724, 37.66130377937611], [126.78951126763864, 37.66169968853793], [126.78975386176785, 37.661877162795996], [126.78979061242138, 37.6619098922639], [126.79028183726528, 37.662269252418945], [126.7908150091891, 37.662588603225444], [126.79138499308864, 37.662864868630976], [126.79198629908511, 37.6630953875561], [126.7926131354195, 37.66327793954079], [126.79325946426312, 37.66341076614565], [126.79391905990578, 37.66349258790047], [126.79458556875922, 37.66352261663701], [126.79525257059643, 37.66350056308637], [126.79591364043515, 37.663426639667726], [126.79656241046735, 37.663301558441404], [126.79719263143643, 37.6631265242461], [126.79779823286881, 37.662903223086374], [126.79837338157837, 37.662633805882955], [126.79891253787824, 37.662320867742395], [126.79941050895751, 37.66196742294669], [126.79986249890783, 37.66157687590421], [126.80026415491734, 37.66115298834257], [126.80061160918683, 37.660699843060144], [126.80090151616452, 37.66022180458611], [126.8011310847417, 37.65972347712879], [126.80129810509978, 37.65920966021772], [126.80140096995146, 37.658685302467724], [126.8014386899735, 37.6581554539103], [126.80141090328338, 37.657625217352205], [126.8013178788716, 37.65709969922974], [126.80116051395751, 37.656583960432194], [126.8009403252971, 37.656082967568004], [126.80065943452797, 37.6556015451428], [126.80032054769448, 37.65514432910936], [126.799926929152, 37.65471572223664], [126.79948237010292, 37.65431985172677], [126.79923977680124, 37.65414239726589], [126.79920302572724, 37.65410967069603], [126.79871181042598, 37.65375034730827], [126.79817866671083, 37.65343103201691], [126.79760872867972, 37.653154799473626], [126.79700748452517, 37.652924309456616], [126.7963807237037, 37.652741781274464], [126.79573448121306, 37.65260897240963], [126.79507497951231, 37.65252716160706], [126.7944085686426, 37.65249713656964]]], [[[126.75165614314564, 37.66376996745938], [126.75098965343692, 37.663739696288914], [126.75032264055316, 37.663761499362224], [126.74966152680317, 37.66383516673382], [126.7490126777292, 37.66395998908259], [126.74838234085495, 37.664134764537756], [126.74777658556647, 37.664357810244454], [126.74720124470298, 37.66462697855792], [126.7466618584186, 37.66493967771087], [126.74616362085438, 37.66529289675551], [126.7457113301327, 37.66568323454084], [126.74530934215583, 37.66610693244679], [126.74496152865241, 37.66655991056073], [126.74467123987665, 37.66703780694904], [126.7444412723197, 37.66753601964579], [126.74427384174528, 37.66804975095554], [126.74417056181028, 37.66857405364361], [126.7441324284779, 37.66910387856999], [126.74415981037524, 37.669634123308334], [126.74425244519013, 37.670159681282115], [126.7444094421439, 37.67067549094488], [126.74462929051829, 37.67117658453096], [126.74466489888562, 37.671237697732], [126.74435357437086, 37.67135230800666], [126.74377816699534, 37.67162145858832], [126.74323871548563, 37.67193414101568], [126.74274041461052, 37.67228734450213], [126.74228806310194, 37.67267766804663], [126.74188601744738, 37.67310135316638], [126.74153814993092, 37.67355432007207], [126.74124781132696, 37.67403220693817], [126.7410177986067, 37.67453041189067], [126.74085032796908, 37.67504413730885], [126.74074701345708, 37.67556843601494], [126.74070885136734, 37.67609825890743], [126.74073621060435, 37.67662850357967], [126.7408288290747, 37.67715406345588], [126.74098581615759, 37.67766987697134], [126.74120566123035, 37.67817097632334], [126.74148624816861, 37.678652535322804], [126.74182487568314, 37.6791099158858], [126.74221828329964, 37.67953871271652], [126.74266268273215, 37.67993479575067], [126.74315379434924, 37.68029434995021], [126.74368688838229, 37.68061391206506], [126.74425683047943, 37.68089040400705], [126.74485813116618, 37.68112116251404], [126.7454849987359, 37.68130396481754], [126.7461313950599, 37.681437050066044], [126.74679109377826, 37.68151913629702], [126.74745774030967, 37.681549432793666], [126.74812491310027, 37.68152764770685], [126.74878618552002, 37.681453990868874], [126.749435187808, 37.68132917177141], [126.75006566846858, 37.68115439272751], [126.75067155452473, 37.680931337283575], [126.75124701004638, 37.680662153993254], [126.75178649238907, 37.680349435709985], [126.75228480559906, 37.679996194598274], [126.7527371504704, 37.67960583310509], [126.7531391707707, 37.67918211117159], [126.75348699519022, 37.67872911000178], [126.75377727461073, 37.678251192737974], [126.75400721433539, 37.67775296242235], [126.75417460097053, 37.67723921765032], [126.75427782370127, 37.67671490634338], [126.7543158897581, 37.676185078087315], [126.75428843392699, 37.67565483549488], [126.75419572201345, 37.675129285061935], [126.7540386482292, 37.67461348799028], [126.75381872652882, 37.674112411450736], [126.75378310927285, 37.67405130094829], [126.7540944310516, 37.67393666579898], [126.75466982003343, 37.6736674647816], [126.75520923712793, 37.67335472977956], [126.75569495650814, 37.67301035724885], [126.75573260232912, 37.67306119152884], [126.75612605942436, 37.67348994291401], [126.75657049814507, 37.67388597434584], [126.75706163848064, 37.674245471283314], [126.75759475038514, 37.67456497102797], [126.758164699334, 37.674841396092525], [126.7587659957862, 37.67507208385921], [126.75939284807563, 37.675254812241185], [126.76003921822048, 37.67538782109924], [126.76069888011298, 37.67546982920699], [126.76136547952662, 37.67550004660039], [126.76203259536166, 37.67547818219266], [126.762693801537, 37.675404446580366], [126.76334272893037, 37.675279550014224], [126.76397312676806, 37.675104695553706], [126.7645789228715, 37.674881567471786], [126.76515428217778, 37.67461231502183], [126.76569366296982, 37.674299531723435], [126.76619187027286, 37.67394623036727], [126.76664410590162, 37.67355581398043], [126.76704601467651, 37.67313204303256], [126.76739372636246, 37.672678999199476], [126.76768389292745, 37.67220104603405], [126.76791372076183, 37.67170278692385], [126.76808099754962, 37.67118902074118], [126.76818411353392, 37.67066469561331], [126.76822207697303, 37.67013486125865], [126.76819452364091, 37.66960462034827], [126.76810172028154, 37.66907907936137], [126.76794456198678, 37.668563299408405], [126.7677245635243, 37.66806224749498], [126.76744384470173, 37.66758074869608], [126.76710510990944, 37.66712343970051], [126.76671162204055, 37.66669472417279], [126.76626717104094, 37.666298730361575], [126.7657760373932, 37.66593927136213], [126.76524295088615, 37.665619808414995], [126.76467304506842, 37.66534341759334], [126.76407180782346, 37.665112760199], [126.76344502854215, 37.66493005715163], [126.76279874240062, 37.66479706761681], [126.76213917227837, 37.66471507207841], [126.76147266887533, 37.66468486001735], [126.76080564960154, 37.664706722315586], [126.76014453682731, 37.66478044845755], [126.75949569608562, 37.66490532855648], [126.75886537482012, 37.66508016018577], [126.7582596422668, 37.66530325994977], [126.75768433104639, 37.66557247968343], [126.75714498102798, 37.665885227124384], [126.75665931524175, 37.66622960660482], [126.75662167215634, 37.66617877259204], [126.75622825007544, 37.66575002271178], [126.75578386098925, 37.665353989982094], [126.75529278478453, 37.664994487873166], [126.75475975069759, 37.66467497804069], [126.75418989177273, 37.66439853700927], [126.75358869544235, 37.66416782656417], [126.75296195070383, 37.663985068135766], [126.75231569240097, 37.66385202142276], [126.75165614314564, 37.66376996745938]]], [[[126.78334096264854, 37.66725727647833], [126.78273528350968, 37.667480502437726], [126.7821600418179, 37.667749842203214], [126.7816207767738, 37.668062702356885], [126.78112268135256, 37.66841607040086], [126.78067055230953, 37.668806543749376], [126.78026874399183, 37.66923036247677], [126.77992112639981, 37.66968344550665], [126.77963104790274, 37.67016142989448], [126.77940130296831, 37.67065971282626], [126.77923410521771, 37.671173495929345], [126.77913106606665, 37.67169783146931], [126.77909317916034, 37.67222766998876], [126.77912081075308, 37.6727579089293], [126.7792136961281, 37.673283441769186], [126.77937094209331, 37.67379920720292], [126.77959103553172, 37.67430023788979], [126.77987185792549, 37.67478170830109], [126.78021070571614, 37.67523898120534], [126.78060431630598, 37.67566765234298], [126.78104889945226, 37.67606359285994], [126.7815401737521, 37.67642298909062], [126.78207340786815, 37.676742379306425], [126.78264346609748, 37.67701868707507], [126.78324485784545, 37.677249250908744], [126.7834875778289, 37.67731994548653], [126.7835932816252, 37.67736046983743], [126.78422021612222, 37.67754306700586], [126.78486665259449, 37.677675940394955], [126.78552636429463, 37.67775781008364], [126.78619299651591, 37.67778788744168], [126.7868601278423, 37.67776588273165], [126.78752133204344, 37.67769200790211], [126.7881702400163, 37.677566974545286], [126.7888006011747, 37.67739198703871], [126.78940634369397, 37.67716873093732], [126.78998163302822, 37.67689935672793], [126.79052092813536, 37.67658645910316], [126.791019034867, 37.676233051955], [126.7914711560078, 37.67584253932953], [126.7918729374821, 37.675418682623175], [126.79222051028219, 37.674965564337505], [126.79251052771481, 37.6744875487421], [126.79274019760778, 37.6739892398253], [126.79290730916716, 37.67347543693851], [126.79301025422807, 37.67295108856183], [126.7930480426955, 37.67242124463682], [126.79302031202879, 37.671891007925936], [126.79292733067983, 37.671365484867195], [126.79276999545434, 37.670849736397585], [126.79254982282349, 37.67034872921881], [126.79226893427159, 37.66986728797437], [126.79193003582256, 37.66941004879828], [126.79153639194458, 37.66898141468221], [126.79109179408475, 37.668585513090505], [126.79060052413863, 37.668226156230155], [126.79006731320635, 37.66790680435809], [126.78949729603343, 37.667630532477894], [126.78889596157445, 37.66740000074627], [126.78865326844067, 37.667329317457586], [126.7885475759609, 37.6672887976901], [126.7879207163561, 37.667106223980014], [126.7872743655561, 37.66697336797261], [126.78661474706242, 37.666891508866414], [126.78594821204021, 37.66686143482921], [126.78528117820372, 37.666883435414405], [126.78462006806349, 37.66695729877549], [126.7839712471273, 37.667082313704945], [126.78334096264854, 37.66725727647833]]], [[[126.77181794052764, 37.67655432006049], [126.77117153820143, 37.67642137546174], [126.77051185540475, 37.67633942573897], [126.76984524392162, 37.6763092599321], [126.7691781222022, 37.6763311684778], [126.7685169136026, 37.676404940415466], [126.76786798457798, 37.67652986541759], [126.7672375834217, 37.676704740625425], [126.76663178013885, 37.676927882224064], [126.7660564080311, 37.67719714164584], [126.76551700755392, 37.67750992624652], [126.76501877298573, 37.67786322425585], [126.76456650242102, 37.67825363376269], [126.764164551569, 37.6786773954564], [126.76381679180199, 37.67913042881018], [126.76352657285805, 37.67960837135832], [126.76329669055713, 37.68010662069021], [126.76312935984326, 37.68062037875728], [126.7630261934128, 37.68114469806678], [126.76298818613704, 37.681674529318116], [126.76301570543008, 37.682204770023475], [126.7631084876573, 37.68273031364456], [126.76326564062094, 37.68324609877252], [126.76348565210064, 37.683747157877306], [126.76351001796316, 37.68378894708947], [126.76362764241586, 37.68405682440816], [126.76390839674168, 37.68453833134641], [126.76424718917207, 37.68499564880646], [126.76464075764365, 37.685424372099725], [126.76508531232025, 37.68582037186981], [126.7655765720742, 37.68617983388038], [126.766109805709, 37.68649929576909], [126.76667987752703, 37.6867756804131], [126.76728129680325, 37.6870063255838], [126.76790827068773, 37.687189009604566], [126.76855476002679, 37.68732197276346], [126.76921453756377, 37.68740393427432], [126.76988124795749, 37.68743410462207], [126.77054846903857, 37.6874121931732], [126.77120977371155, 37.687338410977645], [126.7718587919049, 37.68721346873504], [126.77248927196995, 37.68703856994506], [126.7730951409358, 37.68681539930801], [126.77367056303773, 37.68654610648741], [126.77420999595394, 37.686233285391985], [126.77470824420774, 37.685879949176766], [126.77516050921996, 37.68548950120476], [126.77556243552847, 37.68506570225004], [126.77591015273009, 37.684612634258315], [126.77620031274041, 37.68413466101517], [126.77643012201382, 37.68363638610156], [126.77659736841402, 37.68312260854195], [126.77670044247763, 37.68259827657305], [126.77673835286771, 37.68206843997897], [126.7767107358699, 37.68153820145208], [126.77661785884213, 37.681012667448364], [126.7764606175864, 37.68049689901071], [126.77624052766981, 37.67999586303347], [126.77621615582774, 37.67995407636381], [126.77609849213282, 37.67968621101412], [126.77581767630237, 37.67920473207661], [126.77547883804218, 37.67874744694795], [126.77508524124187, 37.678318759062506], [126.77464067689628, 37.67792279640239], [126.77414942657911, 37.677563371762616], [126.77361622120236, 37.67724394605261], [126.77304619545869, 37.67696759498679], [126.77244483838577, 37.676736979484005], [126.77181794052764, 37.67655432006049]]], [[[126.73281872159163, 37.71207088101915], [126.73228545209147, 37.711751269511346], [126.73171532112862, 37.71147471904626], [126.73111381875495, 37.711243892461916], [126.73048673691419, 37.71106101230599], [126.72984011369496, 37.71092783944836], [126.72918017522126, 37.710845656137025], [126.72851327573784, 37.710815253659995], [126.72784583646637, 37.710836924731886], [126.72718428381864, 37.7109104606778], [126.72653498756029, 37.711035153441934], [126.72590419951817, 37.71120980240126], [126.72529799342003, 37.711432725919146], [126.7247222064436, 37.71170177752784], [126.72418238303662, 37.712014366584455], [126.72368372154764, 37.712367483202144], [126.72323102418014, 37.71275772721719], [126.72282865075152, 37.713181340913536], [126.72248047670232, 37.71363424519066], [126.72218985575927, 37.71411207882714], [126.72195958761355, 37.7146102404626], [126.72179189092539, 37.71512393289444], [126.72168838191666, 37.7156482092635], [126.72165005875941, 37.71617802068419], [126.72167729191194, 37.716708264861026], [126.72176982049787, 37.717233835223524], [126.72192675476502, 37.71774967010638], [126.72214658460233, 37.71825080150121], [126.7224271940349, 37.7187324029104], [126.72276588155958, 37.719189835841334], [126.72315938612631, 37.71961869449345], [126.72360391851737, 37.72001484820656], [126.7240951978222, 37.720374481261224], [126.72462849265811, 37.720694129647065], [126.72519866673966, 37.72097071444419], [126.72580022835791, 37.72120157149523], [126.72642738329243, 37.721384477081656], [126.72707409064562, 37.72151766935633], [126.72773412106031, 37.721599865325096], [126.72840111675846, 37.72163027321346], [126.72906865282091, 37.721608600098904], [126.72973029911631, 37.72153505473478], [126.73037968228014, 37.72141034553887], [126.73101054714586, 37.721235673765676], [126.73161681703338, 37.721012721928496], [126.73219265231364, 37.72074363758341], [126.73273250668255, 37.72043101263137], [126.73323118060175, 37.72007785833862], [126.73368387139008, 37.719687576316744], [126.73408621948293, 37.71926392574236], [126.73443435041347, 37.71881098713318], [126.73472491211193, 37.718333123030014], [126.73495510716388, 37.71783493596406], [126.73512271971808, 37.71732122411516], [126.73522613678581, 37.7167969350887], [126.73526436372833, 37.716267118256674], [126.73523703378481, 37.71573687612252], [126.73514441155122, 37.7152113151782], [126.73498739037859, 37.71469549672712], [126.73476748371769, 37.71419438814617], [126.73448681049572, 37.71371281505626], [126.73414807466726, 37.71325541486171], [126.73375453913856, 37.71282659210503], [126.73330999431728, 37.71243047606697], [126.73281872159163, 37.71207088101915]]], [[[126.90830448321982, 37.308365922383786], [126.90777329423672, 37.308047100702865], [126.90720554508772, 37.30777140049529], [126.90660670289056, 37.30754147642021], [126.90598253397947, 37.3073595423433], [126.90533904840474, 37.30722735003252], [126.90468244209248, 37.30714617230131], [126.90401903722018, 37.30711679076109], [126.90335522138074, 37.30713948830069], [126.90269738611852, 37.3072140463646], [126.90205186542788, 37.30733974705658], [126.90142487480378, 37.30751538004797], [126.90082245143034, 37.30773925422476], [126.9002503960808, 37.30800921396138], [126.89971421728713, 37.30832265986485], [126.89921907831592, 37.30867657379058], [126.89876974745965, 37.30906754788908], [126.89837055212182, 37.309491817404826], [126.89802533713785, 37.30994529691225], [126.89773742773326, 37.310423619640574], [126.89750959747602, 37.31092217950952], [126.89734404153344, 37.31143617547198], [126.89724235549151, 37.31196065773693], [126.89720551994284, 37.312490575428214], [126.89723389099301, 37.31302082522053], [126.89732719677879, 37.31354630048446], [126.89748454003403, 37.31406194046742], [126.89770440667996, 37.314562779036784], [126.89798468035961, 37.315043992515534], [126.89832266277803, 37.315500946149605], [126.8987150996539, 37.31592923875857], [126.8991582120343, 37.31632474513941], [126.89964773267135, 37.31668365581411], [126.9001789471119, 37.317002513737584], [126.90074673910404, 37.317278247611675], [126.90134563988367, 37.317508201483435], [126.90196988086522, 37.31769016034211], [126.9026134492288, 37.317822371467415], [126.90327014586673, 37.317903561322865], [126.90393364513035, 37.31793294783109], [126.90459755579944, 37.31791024791236], [126.90525548268529, 37.317835680213626], [126.90590108827257, 37.31770996300139], [126.90652815380375, 37.31753430723915], [126.90713063921606, 37.317310404915986], [126.90770274135217, 37.31704041273918], [126.90823894988212, 37.316726931348306], [126.90873410039657, 37.31637298025171], [126.90918342415945, 37.31598196872737], [126.90958259403988, 37.315557662969056], [126.90992776618064, 37.31510414979512], [126.9102156170028, 37.31462579727012], [126.91044337518957, 37.3141272126194], [126.91060884834333, 37.31361319784241], [126.91071044405957, 37.31308870345324], [126.9107471852169, 37.312558780793935], [126.91071871933713, 37.31202853338073], [126.91062532192768, 37.31150306775164], [126.9104678937758, 37.31098744428893], [126.91024795222279, 37.31048662849045], [126.90996761650426, 37.31000544315803], [126.90962958729929, 37.309548521964174], [126.90923712068712, 37.30912026484263], [126.90879399676348, 37.308724795632635], [126.90830448321982, 37.308365922383786]]], [[[126.92106161424398, 37.323711724851435], [126.92053026347723, 37.32339295988676], [126.91996235223131, 37.323117320221996], [126.91936334918395, 37.32288745993313], [126.91873902221734, 37.32270559227157], [126.91809538290262, 37.322573468365775], [126.9174386286453, 37.32249236037061], [126.91677508304643, 37.32246304922619], [126.9161111350531, 37.32248581714376], [126.91545317748142, 37.322560444890456], [126.91480754550275, 37.32268621389941], [126.91418045568335, 37.32286191318457], [126.91357794616216, 37.32308585099394], [126.91300581854192, 37.32335587108962], [126.91246958205078, 37.323669373497836], [126.91197440051124, 37.32402333953022], [126.91152504262632, 37.3244143608358], [126.91112583606059, 37.32483867220469], [126.9107806257586, 37.32529218780846], [126.9104927369018, 37.32577054052874], [126.91026494286149, 37.32626912399643], [126.91009943845744, 37.32678313693705], [126.90999781878048, 37.327307629395854], [126.90996106378536, 37.32783755039819], [126.90998952880291, 37.32836779658655], [126.91008294106604, 37.32889326136577], [126.9102404022839, 37.32940888408379], [126.91046039724228, 37.329909698773726], [126.9107408083489, 37.330390881988066], [126.91107893598544, 37.33084779926372], [126.91147152447202, 37.33127604976992], [126.91191479339523, 37.33167150870873], [126.91240447399903, 37.332030367058685], [126.91293585028895, 37.332349168278355], [126.91350380445347, 37.33262484161548], [126.91410286616555, 37.33285473170002], [126.91472726528858, 37.33303662413557], [126.9153709874784, 37.333168766841624], [126.9160278321447, 37.33324988694083], [126.91669147221211, 37.333279203027885], [126.91735551510311, 37.33325643270167], [126.91801356435475, 37.33318179528754], [126.91865928127244, 37.33305600972392], [126.9192864460258, 37.33288028763306], [126.91988901759616, 37.33265632164332], [126.92046119199631, 37.332386269075585], [126.92099745820039, 37.33207273115153], [126.92149265124401, 37.33171872792433], [126.92194200198206, 37.33132766917437], [126.92234118302463, 37.330903321550494], [126.922686350408, 37.33044977227439], [126.92297418060008, 37.32997138975842], [126.923201902484, 37.32947278151673], [126.92336732401296, 37.328958749775865], [126.92346885328088, 37.32843424521304], [126.9235055138075, 37.327904319268036], [126.92347695389226, 37.32737407548834], [126.92338344994918, 37.32684862037654], [126.9232259037923, 37.32633301421318], [126.92300583389998, 37.32583222232896], [126.92272536074417, 37.32535106729497], [126.9223871863277, 37.32489418249138], [126.9219945681282, 37.32446596750102], [126.92155128770091, 37.32407054575702], [126.92106161424398, 37.323711724851435]]], [[[126.92975252318804, 37.34599692228504], [126.92922097941523, 37.345678195932926], [126.92865286913008, 37.345402597353036], [126.92805366292605, 37.34517278022543], [126.92742913064052, 37.34499095738566], [126.92678528582057, 37.34485887953046], [126.92612832784924, 37.34477781837124], [126.9254645822879, 37.3447485543972], [126.92480044000783, 37.34477136936549], [126.92414229569472, 37.34484604359048], [126.92349648631713, 37.344971858058024], [126.92286923014854, 37.34514760134475], [126.92226656692908, 37.345371581275415], [126.92169429974108, 37.345641641206925], [126.92115793915642, 37.345955180782404], [126.92066265019272, 37.34630918095607], [126.92021320258782, 37.34670023304858], [126.91981392487097, 37.347124571554], [126.9194686626728, 37.347578110382855], [126.91918074167559, 37.34805648219342], [126.91895293556155, 37.34855508043291], [126.91878743926812, 37.34906910368463], [126.91868584780963, 37.3495936018945], [126.9186491408706, 37.350123524032405], [126.91867767332063, 37.35065376672962], [126.91877117174468, 37.35117922342432], [126.91892873702345, 37.35169483354191], [126.91914885294172, 37.35219563123645], [126.91942940074314, 37.35267679322357], [126.91976767949359, 37.35313368524408], [126.92016043205821, 37.35356190670998], [126.92060387644345, 37.35395733310248], [126.92109374220318, 37.354316155713065], [126.92162531155918, 37.35463491834412], [126.92219346483971, 37.354910550614626], [126.92279272979907, 37.3551403975498], [126.92341733434196, 37.35532224516864], [126.92406126214446, 37.35545434182213], [126.92471831063457, 37.355535415076474], [126.9253821507723, 37.35556468397767], [126.9260463880519, 37.35554186657918], [126.92670462413685, 37.355467182660085], [126.92726720367341, 37.35535758296018], [126.92716113861269, 37.35549692046975], [126.92687323527713, 37.355975310521046], [126.92664545522736, 37.356473923135276], [126.92647999315052, 37.356987956757216], [126.9263784437321, 37.357512461232794], [126.92634178625234, 37.358042385471364], [126.92637037510517, 37.358572626083735], [126.92646393633278, 37.35909807652793], [126.92662157021151, 37.35961367628927], [126.92684175986572, 37.360114459621194], [126.92712238582914, 37.360595603377476], [126.92746074641494, 37.361052473474196], [126.92785358370003, 37.36148066953417], [126.9282971148747, 37.36187606728311], [126.92878706865667, 37.362234858288176], [126.92931872641955, 37.362553586655984], [126.92988696763966, 37.3628291823354], [126.93048631922377, 37.363058990704054], [126.93111100824164, 37.363240798152304], [126.93175501755519, 37.363372853418156], [126.9324121438067, 37.36345388446651], [126.93307605720672, 37.36348311074999], [126.9337403625433, 37.36346025073278], [126.93439866082403, 37.363385524604574], [126.93504461095426, 37.36325965215882], [126.93567199085629, 37.36308384585521], [126.93627475743838, 37.362859799133915], [126.93684710483454, 37.3625896700941], [126.93738352035271, 37.36227606069463], [126.9378788375907, 37.36192199167782], [126.93832828620803, 37.36153087345825], [126.93872753787316, 37.36110647325802], [126.93907274794368, 37.360652878805624], [126.93936059247811, 37.36017445894877], [126.9395883002234, 37.35967582156135], [126.93975367927106, 37.35916176915061], [126.93985513812638, 37.358637252592644], [126.93989170098939, 37.35810732344245], [126.93986301710224, 37.357577085277924], [126.93976936407478, 37.35705164454702], [126.9396116451586, 37.35653606139113], [126.93939138049724, 37.356035300918634], [126.93911069243941, 37.35555418539733], [126.93877228505825, 37.35509734782611], [126.93837941807513, 37.35466918733214], [126.93793587544108, 37.354273826822975], [126.93744592887872, 37.35391507330036], [126.936914296737, 37.35359638121724], [126.936346098555, 37.35332081923032], [126.93574680577201, 37.35309104066723], [126.93512218905862, 37.352909257992174], [126.93447826277423, 37.35277722151513], [126.93382122708584, 37.35269620254917], [126.93315740830259, 37.35266698117732], [126.93249319800034, 37.352689838746684], [126.93183499151944, 37.35276455516159], [126.93127243774285, 37.35287417684994], [126.93137849149839, 37.35273483549854], [126.93166635374024, 37.352256433880385], [126.93189408759693, 37.351757810861834], [126.93205950090784, 37.35124376881181], [126.93216100184753, 37.35071925850682], [126.93219761421017, 37.35018933144178], [126.93216898676062, 37.34965909117474], [126.93207539656471, 37.34913364417417], [126.93191774626847, 37.348618050642095], [126.93169755535432, 37.348117275787125], [126.93141694546064, 37.347636142015865], [126.93107861990772, 37.3471792825032], [126.930685837629, 37.346751096587894], [126.93024238175998, 37.34635570742256], [126.92975252318804, 37.34599692228504]]], [[[126.92715988502566, 37.397368050407685], [126.92662799261876, 37.3970493122336], [126.9260595069043, 37.39677370043138], [126.92545990208981, 37.39654386880752], [126.92483495184948, 37.396362030336356], [126.92419067375295, 37.3962299358644], [126.92353327135298, 37.39614885726255], [126.92286907448776, 37.39611957518763], [126.92220447837144, 37.39614237157089], [126.92154588205692, 37.39621702690571], [126.92089962686235, 37.39634282236007], [126.92027193535151, 37.39651854669409], [126.91966885145436, 37.396742507915604], [126.91909618230216, 37.39701254956245], [126.91855944233612, 37.397326071454664], [126.91806380022634, 37.39768005471768], [126.91761402911104, 37.398071090836055], [126.91721446063522, 37.39849541445868], [126.91686894323048, 37.39894893964039], [126.9165808050384, 37.39942729917186], [126.91635282183486, 37.39992588661936], [126.91618719026542, 37.40043990067085], [126.9160855066501, 37.400964391361406], [126.91604875156422, 37.40149430773372], [126.91607728034458, 37.40202454647479], [126.91617081961486, 37.40255000106088], [126.91632846986585, 37.4030656109375], [126.9165487140671, 37.40356641026061], [126.91682943222972, 37.404047575729635], [126.91716792178127, 37.40450447305113], [126.91756092355857, 37.40493270158515], [126.9180046531692, 37.40532813674395], [126.91849483742072, 37.40568696973357], [126.91902675546754, 37.406005744255424], [126.91959528427901, 37.406281389813024], [126.92019494799139, 37.40651125130267], [126.9208199706671, 37.40669311460232], [126.92146433195282, 37.40682522791128], [126.9221218250989, 37.40690631863478], [126.92278611677978, 37.406935605650176], [126.92345080813772, 37.40691280683634], [126.92410949645961, 37.40683814179331], [126.92475583689156, 37.406712329726176], [126.92538360359413, 37.40653658251325], [126.92598674974785, 37.40631259302591], [126.92655946582893, 37.40604251881257], [126.92709623559273, 37.40572896130468], [126.92759188922402, 37.405374940745524], [126.92804165314182, 37.40498386708382], [126.9284411959777, 37.40455950711343], [126.92878667028543, 37.404105948176316], [126.92907474957964, 37.40362755877908], [126.92930266034779, 37.4031289465031], [126.92946820872805, 37.40261491361461], [126.92956980159725, 37.4020904108024], [126.92960646186744, 37.401560489489604], [126.92957783784553, 37.401030253179115], [126.92948420656785, 37.40050480830123], [126.9293264710795, 37.39998921503739], [126.9291061516865, 37.399488438593195], [126.9288253712673, 37.39900730138999], [126.92848683478687, 37.398550436634984], [126.92809380321182, 37.39812224371662], [126.92765006207968, 37.39772684585396], [126.92715988502566, 37.397368050407685]]], [[[126.91285192892175, 37.41539002733683], [126.91231997158435, 37.41507122519531], [126.91175140389606, 37.41479554472118], [126.91115170085406, 37.41456564038172], [126.91052663707835, 37.414383725850996], [126.90988223123152, 37.41425155270749], [126.90922468809596, 37.41417039357915], [126.90856033886433, 37.41414102989778], [126.90789558021697, 37.41416374438009], [126.9072368127708, 37.414238318307746], [126.90659037949065, 37.414364033632424], [126.90596250465394, 37.41453967988568], [126.9053592339547, 37.414763565827194], [126.9047863763218, 37.41503353571975], [126.90424944801033, 37.41534699007455], [126.90375361950319, 37.41570091066762], [126.90330366573282, 37.41609188958734], [126.90290392010259, 37.41651616203388], [126.90255823274971, 37.4169696425554], [126.9022699334524, 37.41744796437315], [126.90204179953821, 37.41794652141721], [126.90187602910453, 37.41846051266888], [126.90177421980944, 37.418984988383414], [126.90173735343951, 37.419514897748236], [126.90176578640441, 37.4200451375183], [126.90185924625189, 37.42057060116042], [126.90201683423899, 37.42108622803319], [126.90223703393634, 37.421587052129155], [126.9025177257851, 37.42206824990927], [126.9028562074676, 37.42252518676896], [126.90324921989775, 37.422953461687406], [126.90369297858163, 37.42334894962992], [126.90418321004775, 37.42370784129396], [126.90471519299645, 37.42402667981546], [126.90528380377249, 37.42430239408111], [126.90588356572289, 37.42453232832501], [126.90650870196384, 37.42471426772389], [126.90715319104788, 37.4248464597436], [126.90781082499392, 37.42492763103078], [126.90847526911949, 37.424956999686394], [126.90914012309754, 37.42493428280256], [126.90979898264764, 37.424859699189895], [126.91044550126544, 37.424733967268914], [126.91107345139405, 37.42455829814587], [126.91167678444606, 37.42433438393993], [126.91224968909634, 37.424064381474494], [126.91278664728294, 37.423750891490144], [126.91328248737496, 37.423396933580065], [126.91373243399474, 37.42300591708993], [126.9141321540137, 37.422581608263414], [126.91447779827878, 37.422128093950384], [126.9147660386677, 37.42164974222819], [126.91499410011669, 37.42115116031599], [126.91515978731314, 37.420637150188114], [126.91526150579774, 37.42011266231473], [126.9152982772737, 37.419582747975674], [126.91526974897815, 37.41905251060712], [126.91517619702674, 37.41852705665002], [126.915018523702, 37.41801144637355], [126.91479824871274, 37.41751064514738], [126.91451749451126, 37.417029475631686], [126.91417896581139, 37.41657257134489], [126.91378592350605, 37.41614433205598], [126.91334215323727, 37.415748881430474], [126.91285192892175, 37.41539002733683]]], [[[126.90663636245154, 37.43109923613897], [126.90610432159467, 37.430780406142595], [126.90553565907963, 37.4305046956768], [126.90493585081661, 37.43027475949738], [126.90431067243853, 37.43009281158465], [126.90366614371113, 37.429960603838246], [126.9030084705994, 37.42987940921904], [126.90234398554685, 37.42985000950032], [126.90167908654077, 37.429872687745664], [126.90102017554877, 37.429947225585536], [126.90037359691698, 37.430072905319065], [126.89974557632152, 37.43024851682053], [126.89914216085911, 37.430472369184315], [126.89856916085184, 37.430742306996734], [126.89803209392514, 37.43105573107805], [126.89753613189612, 37.431409623496094], [126.89708605098271, 37.43180057661092], [126.89668618581248, 37.43222482587147], [126.89634038767387, 37.43267828604959], [126.89605198741214, 37.433156590562795], [126.89582376332764, 37.43365513350817], [126.89565791438669, 37.434169114003176], [126.89555603900429, 37.43469358240694], [126.89551911960434, 37.435223487977595], [126.8955475131082, 37.43575372750686], [126.89564094744478, 37.436279194464035], [126.89579852411791, 37.43679482817589], [126.8960187268083, 37.43729566256913], [126.89629943592931, 37.43777687400553], [126.89663794899793, 37.438233827748846], [126.89703100662656, 37.43866212261552], [126.8974748238867, 37.43905763337851], [126.89796512674316, 37.439416550515205], [126.89849719320901, 37.43973541691589], [126.89906589882474, 37.44001116119843], [126.89966576602379, 37.44024112730747], [126.90029101690838, 37.44042310011253], [126.90093562892639, 37.44055532675736], [126.90159339291199, 37.44063653355485], [126.9022579729295, 37.44066593826365], [126.90292296734212, 37.440643257628494], [126.90358197051583, 37.440568710110696], [126.90422863456203, 37.44044301378307], [126.90485673052213, 37.44026737940906], [126.90546020840323, 37.44004349877321], [126.90603325548453, 37.43977352837575], [126.90657035233154, 37.439460068648586], [126.90706632597734, 37.43910613889375], [126.90751639975758, 37.43871514818604], [126.90791623931882, 37.43829086252117], [126.90826199435675, 37.437837368526296], [126.90855033568245, 37.43735903408347], [126.90877848726042, 37.43686046624576], [126.90894425291073, 37.436346466852335], [126.90904603741926, 37.43582198627031], [126.90908286185429, 37.435292075709555], [126.9090543729439, 37.43476183857011], [126.9089608464256, 37.43423638129086], [126.9088031843381, 37.43372076417309], [126.90858290628303, 37.43321995265241], [126.90830213474331, 37.432738769488054], [126.9079635746007, 37.432281848329815], [126.90757048705173, 37.43185358910897], [126.90712665817483, 37.43145811568277], [126.90663636245154, 37.43109923613897]]], [[[126.90431287465917, 37.45025221538092], [126.90374407242824, 37.4499764959858], [126.90314411513438, 37.44974655017348], [126.90251877984498, 37.449564592016756], [126.90187408783598, 37.44943237351359], [126.90121624664374, 37.449351167728224], [126.90055159032923, 37.44932175654136], [126.89988651852782, 37.44934442312687], [126.8992274348699, 37.44941894922748], [126.89858068536316, 37.449544617255455], [126.89795249732808, 37.44972021719792], [126.89734891947288, 37.44994405826079], [126.89677576368257, 37.450213985139435], [126.89623854908221, 37.45052739875975], [126.89574244891054, 37.450881281290684], [126.89565116854578, 37.45096054620631], [126.89564587785807, 37.45095900639988], [126.89500118652808, 37.450826750435844], [126.89434334110173, 37.45074550636996], [126.89367867568073, 37.450716056451384], [126.89301358998816, 37.450738684226764], [126.89235448778803, 37.45081317181242], [126.89170771526639, 37.45093880199129], [126.89107949996517, 37.45111436511483], [126.8904758908548, 37.45133817074342], [126.88990270012104, 37.45160806391354], [126.889365447225, 37.45192144587563], [126.8888693057739, 37.45227529910348], [126.88841905371298, 37.45266621633492], [126.88801902731765, 37.45309043336489], [126.88767307942902, 37.45354386527613], [126.88738454233473, 37.45402214575886], [126.88715619565345, 37.454520669142084], [126.88699023953292, 37.455034634732115], [126.8868882734213, 37.45555909303207], [126.88685128061752, 37.456088993397785], [126.88687961875127, 37.45661923267141], [126.88697301628603, 37.45714470432492], [126.88713057508166, 37.45766034764004], [126.88735077899247, 37.45816119645103], [126.88763150842148, 37.45864242698077], [126.88797006069136, 37.45909940430899], [126.88836317603814, 37.45952772702479], [126.88880706897828, 37.45992326963261], [126.88929746474844, 37.46028222230278], [126.88982964046721, 37.46060112758296], [126.88996250156762, 37.46066554310433], [126.88947767879513, 37.460644046284216], [126.88881250419729, 37.46066664959031], [126.8881533108839, 37.46074111281251], [126.8875064459178, 37.460866718968326], [126.88687813773048, 37.46104225864055], [126.88627443618626, 37.46126604161542], [126.8857011543604, 37.46153591314764], [126.88516381259086, 37.461849274696185], [126.88466758534031, 37.46220310893154], [126.88421725137992, 37.462594008774616], [126.88381714777371, 37.463018210188054], [126.88347112810634, 37.46347162840518], [126.8831825253568, 37.46394989724835], [126.88295411977627, 37.46444841115889], [126.88278811208015, 37.464962369534575], [126.88268610221377, 37.46548682294821], [126.88264907389798, 37.46601672080285], [126.88267738510513, 37.466546959965], [126.88277076455874, 37.467072433907845], [126.88292831429342, 37.46758808189111], [126.88314851825159, 37.46808893770411], [126.88342925683638, 37.46857017750229], [126.88376782728294, 37.46902716627609], [126.88416096965277, 37.46945550250423], [126.8846048982025, 37.46985106056089], [126.88509533782617, 37.470210030467435], [126.88562756522019, 37.47052895460532], [126.88619645437538, 37.47080476103565], [126.88679652595724, 37.471034793103875], [126.88742200009885, 37.471216835043506], [126.88806685209697, 37.47134913333185], [126.88872487047307, 37.47143041359114], [126.8893897168398, 37.47145989287201], [126.89005498699325, 37.471437287200544], [126.89071427264172, 37.47136281431576], [126.891361223174, 37.4712371915715], [126.89156118052985, 37.4711813264398], [126.89172835718055, 37.47156144239486], [126.8920091637346, 37.4720426621254], [126.89234780212927, 37.472499626644876], [126.8927410117713, 37.47292793466539], [126.89318500626918, 37.47332346083265], [126.89367550988133, 37.473682395475066], [126.8942077986875, 37.47400128131358], [126.89477674608648, 37.47427704677822], [126.89537687218234, 37.47450703560899], [126.89600239658276, 37.47468903245592], [126.89664729409985, 37.47482128423075], [126.89730535281642, 37.47490251700386], [126.89797023395609, 37.47493194828345], [126.89863553297987, 37.47490929455812], [126.89929484131781, 37.474834774029965], [126.89994180814013, 37.474709104511945], [126.90057020157013, 37.47453349650948], [126.90117396874815, 37.47430964155347], [126.90174729416559, 37.47403969589725], [126.9022846557061, 37.47372625973501], [126.90278087785265, 37.473372352142405], [126.90323118154726, 37.47298138198147], [126.90363123022219, 37.47255711505073], [126.90397717155965, 37.47210363779761], [126.90426567457742, 37.471625317943555], [126.90449396168411, 37.471126762401795], [126.90465983539622, 37.470612772893595], [126.90476169946078, 37.47008829969131], [126.90479857418211, 37.469558393934065], [126.90477010580626, 37.46902815897586], [126.90467656987539, 37.46850270123464], [126.90451886852108, 37.467987081016105], [126.90429852172541, 37.46748626378551], [126.90401765263519, 37.46700507235677], [126.90367896707336, 37.46654814045884], [126.90328572744569, 37.46611986812593], [126.9028417212961, 37.465724379340905], [126.90235122481387, 37.465365482338825], [126.90181896164532, 37.465046632952145], [126.90125005740637, 37.464770901350114], [126.90064999033434, 37.46454094249136], [126.90002453855334, 37.464358970574054], [126.89937972446049, 37.46422673772843], [126.89872175676709, 37.46414551715666], [126.89805697075144, 37.464116090881646], [126.89739176729707, 37.46413874222249], [126.89673255130121, 37.46421325306869], [126.89608567004503, 37.464338905979396], [126.89588573424606, 37.46439477902122], [126.89571855192246, 37.46401466844403], [126.89543775078754, 37.46353345693188], [126.89509913315355, 37.46307650076633], [126.89470596077237, 37.462648200215526], [126.89426202054067, 37.462252679534245], [126.89377158801337, 37.46189374726481], [126.8932393862213, 37.46157485957937], [126.89310652066052, 37.4615104477134], [126.89359135026868, 37.4615319297], [126.89425653146876, 37.46150929955123], [126.89491572595445, 37.461434802297944], [126.89556258399323, 37.461309155528724], [126.89619087475677, 37.46113356952964], [126.89679454637474, 37.46090973561947], [126.89736778425917, 37.460639809848516], [126.89790506713702, 37.4603263922192], [126.89840122024881, 37.45997250162841], [126.89849250882466, 37.45989323477925], [126.89849780019937, 37.45989477446191], [126.8991425755761, 37.46002701187976], [126.89980050772773, 37.46010822985515], [126.90046525909786, 37.460137646038945], [126.90113042639813, 37.46011497706525], [126.9017896023282, 37.46004044128307], [126.90243643733442, 37.459914756652246], [126.90306470081056, 37.45973913382366], [126.90366834114934, 37.45951526447092], [126.90424154406446, 37.45924530498581], [126.90477878861994, 37.45893185569548], [126.90527490042581, 37.458577935801785], [126.90572510148698, 37.45818695428494], [126.90612505622421, 37.45776267705251], [126.9064709132242, 37.457309190650854], [126.90675934231665, 37.45683086288922], [126.90698756662155, 37.45633230075672], [126.90715338925955, 37.45581830603785], [126.90725521446875, 37.4552938290549], [126.90729206292671, 37.454763920983304], [126.90726358113152, 37.454233685199206], [126.90717004475343, 37.45370822812844], [126.90701235592744, 37.453192610070275], [126.90679203451391, 37.45269179646922], [126.9065112034144, 37.45221061010436], [126.90617256808521, 37.451753684656026], [126.90577939044773, 37.45132542009657], [126.90533545744844, 37.450929940334234], [126.90484504457187, 37.45057105351746], [126.90431287465917, 37.45025221538092]]], [[[126.92629322219125, 37.54326297041427], [126.92572363632688, 37.54298735461027], [126.92512286933736, 37.54275751724522], [126.92449670608305, 37.54257567134654], [126.92385117580801, 37.542443567830446], [126.92319249411545, 37.542362478653516], [126.92252700315441, 37.542333184573494], [126.92186111059193, 37.54235596763699], [126.92120122795652, 37.54243060846583], [126.92055370894467, 37.542556388368546], [126.91992478828254, 37.542732096256316], [126.91932052172965, 37.54295604029716], [126.9187467278004, 37.54322606419656], [126.91820893176337, 37.54353956794801], [126.91771231245608, 37.54389353285437], [126.91726165242657, 37.544284550579825], [126.9168707794732, 37.54469880099831], [126.91660975499538, 37.54457246883207], [126.91600900394312, 37.54434258528599], [126.91538285025932, 37.54416069117998], [126.91473732309606, 37.544028537894306], [126.9140786380268, 37.54394739786457], [126.9134131372331, 37.543918052337986], [126.91274722847663, 37.54394078385633], [126.91208732344175, 37.544015373537555], [126.91143977604041, 37.54414110318252], [126.91081082127185, 37.54431676218613], [126.91020651522369, 37.54454065918701], [126.90963267679022, 37.544810638343506], [126.90909483166813, 37.545124100079875], [126.90859815916714, 37.54547802610356], [126.90814744234709, 37.545869008453245], [126.9077470219609, 37.54629328229852], [126.90740075464679, 37.546746762176525], [126.90711197577247, 37.54722508131692], [126.90688346728984, 37.547723633677435], [126.90671743091048, 37.54823761828604], [126.90661546686151, 37.54876208546304], [126.90657855842844, 37.54929198447871], [126.90660706243479, 37.54982221218782], [126.90670070575297, 37.55034766217295], [126.90685858788153, 37.55086327392337], [126.90697874366558, 37.55113605120919], [126.90652845293774, 37.55134786815512], [126.90599054766105, 37.551661314892904], [126.90549381686012, 37.55201522697144], [126.90504304415599, 37.55240619656385], [126.90464257083964, 37.55283045896274], [126.904296254059, 37.55328392881559], [126.90400742965824, 37.553762239448794], [126.90377888002784, 37.55426078490218], [126.90361280727589, 37.55477476427037], [126.90351081198013, 37.555299227924316], [126.90347387772731, 37.55582912516832], [126.90350236159009, 37.556359352874374], [126.90359599063527, 37.55688480462511], [126.9037538644994, 37.55740041989289], [126.9039744640082, 37.55790123278072], [126.9041959105464, 37.5582801684442], [126.9040156475728, 37.55825795066137], [126.903350024304, 37.55822854743065], [126.90268398585974, 37.558251221021685], [126.90202394517226, 37.55832575311004], [126.90137625745889, 37.55845142605097], [126.90074715906903, 37.55862702978535], [126.90014270747227, 37.558850873484], [126.89956872296364, 37.55912080181859], [126.89903073264561, 37.559434215702915], [126.89853391722542, 37.559788097305464], [126.89808306113864, 37.56017903909291], [126.89768250647892, 37.560603276625834], [126.89733611117732, 37.561056724791435], [126.89704721183418, 37.561535017125145], [126.89681859156168, 37.562033547843306], [126.89665245314839, 37.56254751618273], [126.89655039780475, 37.563071972620826], [126.89651340969613, 37.563601866531656], [126.89654184641434, 37.56413209481952], [126.8966165648544, 37.564551602423776], [126.89650479606566, 37.56458279365003], [126.8959002837077, 37.5648066148753], [126.89532623818432, 37.56507652178252], [126.89478818718518, 37.56538991549188], [126.89429131200158, 37.565743778366205], [126.89384039764435, 37.56613470305267], [126.89343978676814, 37.56655892527664], [126.8930933378453, 37.56701236007292], [126.89280438799247, 37.56749064110587], [126.89257572080844, 37.567989162700805], [126.8924095395337, 37.56850312418261], [126.89230744579167, 37.56902757609488], [126.89227042411787, 37.56955746785546], [126.89229883242773, 37.57008769638948], [126.89239239851669, 37.570613155271985], [126.89255022262866, 37.571128783906886], [126.89277078606959, 37.57162961626863], [126.89305196578596, 37.57211082873701], [126.89339105476874, 37.57256778656388], [126.89378478808857, 37.572996088524064], [126.89393675399891, 37.573131283828154], [126.89370733587293, 37.57326489251229], [126.89321040280592, 37.573618749866014], [126.89275943480838, 37.574009669440336], [126.89235877505152, 37.57443388701004], [126.89201228247848, 37.57488731765487], [126.89172329462654, 37.57536559507934], [126.8914945954607, 37.575864113643675], [126.8913283885298, 37.576378072702056], [126.89122627570481, 37.57690252282151], [126.89118924170556, 37.57743241343726], [126.89121764456662, 37.577962641485485], [126.89131121213657, 37.57848810054593], [126.89146904464548, 37.5790037300208], [126.89168962331901, 37.5795045638764], [126.89197082495735, 37.579985778478054], [126.89230994234076, 37.58044273905699], [126.89270371026673, 37.58087104436142], [126.89314833696939, 37.581266569061164], [126.89363954061957, 37.5816255034966], [126.89417259055469, 37.58194439038864], [126.89474235284142, 37.582220158155046], [126.8953433397327, 37.58245015051178], [126.89596976254168, 37.582632152073266], [126.89661558742269, 37.582764409704446], [126.89727459352102, 37.5828456494183], [126.89794043292959, 37.58287508865553], [126.89860669187331, 37.58285244382785], [126.89902901355511, 37.58280478503883], [126.89915777876621, 37.582831151399226], [126.89981678840799, 37.58291237694761], [126.9004826296068, 37.5829418018576], [126.90114888857039, 37.58291914267896], [126.90180914747673, 37.582844617666616], [126.90245704633439, 37.5827189446773], [126.90290379585345, 37.5825942762251], [126.90287380898646, 37.5826870425362], [126.90277176779492, 37.583211502707975], [126.90273481184342, 37.583741397059406], [126.90276329841545, 37.584271622490405], [126.90285695455371, 37.584797072605504], [126.9030148796356, 37.58531268689268], [126.90323555399539, 37.58581349946415], [126.90351685351165, 37.586294686889836], [126.90385607002185, 37.58675161466235], [126.90424993736845, 37.58717988184555], [126.90469466282771, 37.58757536347617], [126.90518596361878, 37.5879342503092], [126.90571910814282, 37.588253085523895], [126.90628896155496, 37.58852879803568], [126.90689003522972, 37.588758732092714], [126.90726708191043, 37.58886822929726], [126.90709904738787, 37.589234630707615], [126.90693291647047, 37.58974861124247], [126.90683089340463, 37.590273074458544], [126.90679396204689, 37.59080296966448], [126.90682247944437, 37.59133319375183], [126.90691617234336, 37.59185864033798], [126.90707413976767, 37.59237424894469], [126.90729486164405, 37.59287505373871], [126.9075762133938, 37.59335623136467], [126.90791548635141, 37.59381314740939], [126.90830941381584, 37.59424140104949], [126.90875420248425, 37.594636867451925], [126.90924556896692, 37.59499573751823], [126.90977878103216, 37.595314554588974], [126.90987633608503, 37.59536174604182], [126.90953495796883, 37.59580854178157], [126.90924599895779, 37.596286860684934], [126.90901735029864, 37.59678541189124], [126.9088512150555, 37.597299394440135], [126.90874919441073, 37.59782385867217], [126.90871227219796, 37.59835375388622], [126.9087408053769, 37.598883976973724], [126.90883452054229, 37.59940942156156], [126.90899251650397, 37.59992502719069], [126.9092132729143, 37.600425828056395], [126.90949466486231, 37.60090700084102], [126.90983398329567, 37.60136391117782], [126.91022796107549, 37.601792158298245], [126.91067280441445, 37.60218761743188], [126.91116422939628, 37.60254647955011], [126.91169750322574, 37.60286528806988], [126.91226748981201, 37.603140972163516], [126.9128686992464, 37.603370876352656], [126.91349534069715, 37.603552786100856], [126.91414137821128, 37.60368494915744], [126.91480058888463, 37.60376609244645], [126.91546662283818, 37.60379543433762], [126.91613306442186, 37.603772692180684], [126.91679349405348, 37.60369808503016], [126.91696245912324, 37.60366529820727], [126.91693196458735, 37.603705211910835], [126.91664302148061, 37.60418354842835], [126.91641439712588, 37.604682113512176], [126.91624829435389, 37.60519610606823], [126.91614631403492, 37.605720576340545], [126.91613134213263, 37.605935728373446], [126.91602924260899, 37.605947261602886], [126.91538116363343, 37.606073007099944], [126.91475169478026, 37.60624868095666], [126.91414689708473, 37.6064725916695], [126.91357259417343, 37.60674258326572], [126.91303431621436, 37.607056056050936], [126.91253724668458, 37.60740999162739], [126.91208617246728, 37.60780098194297], [126.9116854377578, 37.608225262091786], [126.91133890222285, 37.60867874655142], [126.91104990381542, 37.60915706850841], [126.9108212266044, 37.609655621894255], [126.91065507392966, 37.61016960572773], [126.91055304714223, 37.61069407033709], [126.9105161301358, 37.6112239650176], [126.91054467982077, 37.6117541866658], [126.91063842263387, 37.61227962892237], [126.91079645711943, 37.61279523135058], [126.9110172625596, 37.61329602817638], [126.91129871357181, 37.61377719612081], [126.91163810053541, 37.6142341008635], [126.91203215565193, 37.61466234168955], [126.9124770843894, 37.61505779388889], [126.91296860200907, 37.6154166484994], [126.91350197482346, 37.61573544901014], [126.91407206578808, 37.61601112467028], [126.9142586198515, 37.61608244832364], [126.91408197307696, 37.61637481080246], [126.91385329328652, 37.616873369440405], [126.91368714470393, 37.61738735695672], [126.9135851286413, 37.61791182364418], [126.91354822888958, 37.61844171877798], [126.91357680219353, 37.618971939250216], [126.91359265719689, 37.61906078071177], [126.91358684312112, 37.619078766158765], [126.91348482388605, 37.61960323258424], [126.91344792242741, 37.620133127522195], [126.91347649550644, 37.6206633478666], [126.91357026933515, 37.621188787270626], [126.91372834215983, 37.621704385324854], [126.91394919289375, 37.62220517629717], [126.91423069571863, 37.62268633696484], [126.91457014051502, 37.623143233077364], [126.91496425892768, 37.623571464002744], [126.9154092558151, 37.623966905126096], [126.91590084578215, 37.624325747591755], [126.91643429444431, 37.624644535005565], [126.91700446402642, 37.624920196742714], [126.91760586285649, 37.62515007753985], [126.91823269827765, 37.625331963085564], [126.9188789324676, 37.62546410136207], [126.91953834062659, 37.62554521953199], [126.92020457097225, 37.62557453620702], [126.9208712059616, 37.625551768979776], [126.92153182414843, 37.62547713714646], [126.92218006207874, 37.62535135959341], [126.9228096756258, 37.62517564786849], [126.92341460017222, 37.624951694503906], [126.9239890090575, 37.62468165670346], [126.92452736972697, 37.62436813555168], [126.92502449703942, 37.624014150945776], [126.92547560321958, 37.62362311249249], [126.92587634397347, 37.623198786650924], [126.9260443955734, 37.622978838821325], [126.92632303692737, 37.622737292343274], [126.9267237680807, 37.62231296348136], [126.92707027513143, 37.621859434636335], [126.927359221655, 37.621381074028804], [126.92737268815505, 37.62135170382672], [126.92738030381295, 37.62136195155523], [126.92777448699808, 37.62179014034885], [126.92821954187909, 37.62218553374968], [126.92871118250162, 37.62254432336166], [126.92924467399267, 37.62286305329972], [126.9298148781639, 37.62313865349268], [126.93041630300968, 37.62336846927014], [126.93104315562212, 37.62355028694712], [126.93168939801296, 37.6236823551598], [126.93234880530328, 37.62376340174594], [126.93301502571899, 37.623792646006976], [126.93368164181275, 37.62376980623336], [126.9343422323205, 37.623695102420314], [126.93499043405514, 37.62356925414778], [126.93562000323892, 37.62339347364505], [126.93622487568224, 37.62316945410697], [126.93679922522702, 37.622899353374876], [126.93733751989069, 37.622585773139505], [126.93783457516845, 37.62223173386718], [126.93828560397948, 37.62184064569112], [126.93868626277556, 37.62141627554924], [126.9390326933677, 37.62096271088544], [126.93932156006821, 37.62048432026511], [126.93955008179105, 37.61998571128457], [126.93971605880229, 37.619471686180816], [126.93981789386393, 37.61894719556941], [126.93985460756988, 37.618417290757016], [126.93982584772722, 37.61788707508774], [126.93973189269508, 37.617361654792404], [126.9395736486505, 37.616846089814196], [126.93935264081014, 37.61634534508407], [126.9390709986939, 37.61586424271502], [126.93873143557445, 37.61540741557531], [126.93833722231228, 37.614979262687186], [126.93789215582919, 37.61458390688005], [126.93740052252541, 37.614225155105274], [126.93686705699271, 37.61390646179386], [126.93629689642181, 37.61363089560945], [126.93569553114285, 37.61340110991551], [126.93563145875048, 37.613382526389636], [126.93598646627085, 37.613006487631715], [126.93633287349287, 37.61255293006671], [126.93662172418628, 37.61207454525252], [126.9368502374187, 37.61157594072943], [126.93701621353738, 37.61106191869144], [126.93711805531235, 37.61053742972465], [126.93715478327233, 37.610007525119876], [126.93712604508653, 37.6094773082193], [126.93703211890484, 37.608951885265704], [126.93687391062608, 37.608436316228], [126.93665294512193, 37.60793556607638], [126.93637135150423, 37.60745445697622], [126.93603184257834, 37.606997621860806], [126.93563768868268, 37.6065694598294], [126.93519268616726, 37.60617409379963], [126.93514192431493, 37.60613704613435], [126.93516124807712, 37.60613942118719], [126.93582731265904, 37.606168648392575], [126.93649377070643, 37.60614579138445], [126.93715420247858, 37.606071070324084], [126.93780224631827, 37.60594520495749], [126.93843165996955, 37.6057694076785], [126.93903638074165, 37.60554537184339], [126.93961058393813, 37.60527525545022], [126.94014873898658, 37.604961660340315], [126.94064566272723, 37.60460760712294], [126.94109656934636, 37.604216506065235], [126.94149711647256, 37.60379212422885], [126.94184344699211, 37.60333854916998], [126.94213222618065, 37.60286014955374], [126.94236067379434, 37.60236153306276], [126.94252659081205, 37.60184750200605], [126.94262838057266, 37.6013230070563], [126.9426650641052, 37.60079309956176], [126.94263628950615, 37.60026288289221], [126.94254233527558, 37.59973746328807], [126.94238410758153, 37.5992219006859], [126.94216313148209, 37.59872115999381], [126.94188153619042, 37.598240063286084], [126.94154203452737, 37.597783243376654], [126.94114789676082, 37.597355099218426], [126.94070291908503, 37.596959753557016], [126.94021138704464, 37.596601013246406], [126.93967803425612, 37.59628233260759], [126.93910799682462, 37.596006780182485], [126.9385067638948, 37.59577700920241], [126.93788012481141, 37.59559523205486], [126.9372341133978, 37.595463198993635], [126.93657494988729, 37.5953821812966], [126.9359089810654, 37.595352959033264], [126.93524261919747, 37.59537581355887], [126.93458228032819, 37.59545052480754], [126.9339343225445, 37.59557637341032], [126.93330498479533, 37.59575214761762], [126.93270032685452, 37.59597615495976], [126.93212617100394, 37.59624623853368], [126.9315880459966, 37.59655979775927], [126.93109113383773, 37.5969138134063], [126.93064021989598, 37.597304876651386], [126.93023964682416, 37.59772922188603], [126.9298932727331, 37.598182762960654], [126.92960443402157, 37.5986611325161], [126.92937591322082, 37.599159724024936], [126.92920991216455, 37.599673736138236], [126.92910803074345, 37.600198218911274], [126.92907125145092, 37.600728121463774], [126.92909992987047, 37.60125834061583], [126.92919379119823, 37.601783770031666], [126.92935193283625, 37.602299349397654], [126.92957283303359, 37.60280011316145], [126.92985436549395, 37.60328123836214], [126.93019381981107, 37.603738091090804], [126.93058792753654, 37.60416627113335], [126.93103289363056, 37.604561654365114], [126.93108365236158, 37.604598703782386], [126.93106432913558, 37.60459632806556], [126.93039828077598, 37.604567074099286], [126.92973183539891, 37.604589896789534], [126.92937269649903, 37.60463050796896], [126.92920261902512, 37.60424496266231], [126.92892108723073, 37.60376383598981], [126.92858164062977, 37.60330697966504], [126.92818754896064, 37.60287879299165], [126.9277426079744, 37.60248339912474], [126.92725110286315, 37.60212460538252], [126.92671776698467, 37.60180586660035], [126.92614773628186, 37.601530251879886], [126.92554649983502, 37.60130041505215], [126.92491984702309, 37.60111856913844], [126.92427381180183, 37.60098646505439], [126.92361461463378, 37.600905374761474], [126.9229486026285, 37.60087607902791], [126.92228218846695, 37.60089885991607], [126.92162178869694, 37.60097349806886], [126.92145283168827, 37.601006291645206], [126.92148332270338, 37.60096637672601], [126.92177222225902, 37.60048802773664], [126.92200079778979, 37.59998945151628], [126.92216684904186, 37.59947544998655], [126.92226877806065, 37.59895097353633], [126.92230560453355, 37.598421073336276], [126.92227697518024, 37.59789085268659], [126.92218316710176, 37.597365417866655], [126.92202508505896, 37.59684982896018], [126.92180425270746, 37.596349051129216], [126.92152279787668, 37.59586790680622], [126.92118343203546, 37.59541102926417], [126.92078942414456, 37.594982818011324], [126.92034456914841, 37.59458739643973], [126.91985315141132, 37.59422857213453], [126.91931990345009, 37.59390980022561], [126.91922234421357, 37.59386261653306], [126.91956365573313, 37.59341579206724], [126.91985253768851, 37.59293744702599], [126.9200811022211, 37.59243887380182], [126.92024714918242, 37.59192487428744], [126.92034908065871, 37.591400398852315], [126.92038591631324, 37.59087049865736], [126.92035730277662, 37.59034027700271], [126.9202635169972, 37.58981484017755], [126.9201054635205, 37.58929924828497], [126.91988466572667, 37.58879846651594], [126.91960325111194, 37.58831731734095], [126.91926393075765, 37.587860434079865], [126.91886997318628, 37.587432216296186], [126.91842517285762, 37.58703678744501], [126.91793381360957, 37.586677955181756], [126.91740062739575, 37.58635917471309], [126.91683074871845, 37.58608351554233], [126.91622966519483, 37.58585363192869], [126.91585262015217, 37.585744163316804], [126.91602060385554, 37.58537774880137], [126.91618666233738, 37.58486375448859], [126.91628861197614, 37.58433928209222], [126.91632547225964, 37.58380938274398], [126.91629688958076, 37.583279159736016], [126.91620314059026, 37.58275371937066], [126.91604512947889, 37.582238121785245], [126.91582437921852, 37.58173733222573], [126.91554301684738, 37.58125617323787], [126.91520375294346, 37.580799278236185], [126.9148098554856, 37.580371046897454], [126.91436511835475, 37.57997560280746], [126.91387382478025, 37.57961675376854], [126.91334070608362, 37.579297955149045], [126.91277089611721, 37.57902227662723], [126.91216988183687, 37.5787923726487], [126.91154345048355, 37.57861045688158], [126.91089763388183, 37.57847828091417], [126.91023865039058, 37.57839711740007], [126.90957284506315, 37.5783677478124], [126.9089066285918, 37.57839045492442], [126.90824641562189, 37.57846502008907], [126.9075985630287, 37.57859072534339], [126.9072034072253, 37.5787010201639], [126.90726285354023, 37.578623203167474], [126.90755175538078, 37.578144887219274], [126.90778035509331, 37.577646336880605], [126.90794645218938, 37.5771323538239], [126.9080484482712, 37.57660788826029], [126.90808536237864, 37.576077991255914], [126.90805684038577, 37.57554776608057], [126.90796315835827, 37.575022319057716], [126.9078052198417, 37.57450671038912], [126.90758454710851, 37.57400590542779], [126.90730326645017, 37.57352472686808], [126.90696408765774, 37.57306780831328], [126.90657027789048, 37.572639549667294], [126.90612563018514, 37.57224407477908], [126.90563442691024, 37.571885191747775], [126.9053219778448, 37.571698298294706], [126.90532486114748, 37.57169352442548], [126.90555345534797, 37.57119497781443], [126.90571955278182, 37.57068099733937], [126.90582155504754, 37.57015653318655], [126.90585848112501, 37.56962663640856], [126.90582997677248, 37.569096410273055], [126.90575520238605, 37.568676908340436], [126.90586697357672, 37.56864570839707], [126.90647148798415, 37.568421836290554], [126.90704551986035, 37.568151875215946], [126.90758354028253, 37.56783842551764], [126.90808036738659, 37.56748450640347], [126.90833801053601, 37.567261077048045], [126.90833571877592, 37.567266075973876], [126.90816964716996, 37.56778006064403], [126.90806766480726, 37.56830452720406], [126.90803075515092, 37.56883442493027], [126.9080592750376, 37.569364650689835], [126.90815295118813, 37.569890098084024], [126.90831088278605, 37.570405706626914], [126.9085315501019, 37.570906510486026], [126.90881282908111, 37.57138768631526], [126.90915201175802, 37.57184459971902], [126.90954583230022, 37.5722728498997], [126.90999049843404, 37.57266831205802], [126.91000496602352, 37.572678881355884], [126.91001214133071, 37.572685262637684], [126.91050337106162, 37.5730441276272], [126.91103643325981, 37.57336293891862], [126.91160619387321, 37.573638625658106], [126.91220716517024, 37.57386853234236], [126.9128335586139, 37.574050444411334], [126.9134793406412, 37.57418260959235], [126.9141382908102, 37.574263754789264], [126.91480406175266, 37.57429309835359], [126.91547024035341, 37.57427035761901], [126.91613040956504, 37.57419575162623], [126.91677821026072, 37.57406999901235], [126.91740740252753, 37.573894311084416], [126.91801192580778, 37.57367038014471], [126.91858595730749, 37.57340036318017], [126.91912396810785, 37.573086861073676], [126.9196207764379, 37.572732893538024], [126.92007159759444, 37.57234187001451], [126.92047209002784, 37.57191755681751], [126.92081839714938, 37.57146404084172], [126.921107184458, 37.57098569018303], [126.92133567162944, 37.570487112052525], [126.92150165925916, 37.56997310838987], [126.92160355000357, 37.569448629604196], [126.92164036391671, 37.568918726888526], [126.92161174783716, 37.568388503567235], [126.92151797873618, 37.567863065945474], [126.92135996099724, 37.567347474134166], [126.921139217655, 37.5668466933236], [126.92085787567999, 37.56636554597531], [126.92051864545294, 37.56590866539188], [126.92012479462763, 37.56548045111136], [126.91968011663532, 37.565085026555536], [126.91966564911759, 37.565074458430715], [126.91965847370055, 37.56506807772667], [126.91916725141586, 37.56470925042071], [126.91863421525845, 37.56439047560484], [126.91806449828584, 37.56411482272838], [126.9174635865585, 37.563884945990345], [126.91683726633009, 37.563703058796776], [126.91619156835563, 37.56357091246117], [126.91553270985226, 37.56348977935203], [126.91486703467059, 37.56346044064991], [126.9142009522504, 37.563483178830815], [126.91354087594715, 37.56355777494862], [126.91289316132098, 37.56368351074234], [126.91226404498042, 37.5638591755479], [126.9116595845681, 37.56408307794833], [126.91108560046413, 37.56435306205029], [126.91054761976754, 37.56466652823075], [126.91005082309331, 37.565020458154784], [126.90979319281702, 37.56524389144182], [126.90979548441634, 37.565238892484636], [126.90996153900562, 37.564724905164], [126.91006350289497, 37.564200436496684], [126.91010039543353, 37.56367053757856], [126.9100718627022, 37.56314031169778], [126.90997818086925, 37.56261486518455], [126.90982025347756, 37.56209925823575], [126.90959960269159, 37.561598456187845], [126.90937811905326, 37.56121953055602], [126.90955839085298, 37.56124174021415], [126.91022404382274, 37.56127110867571], [126.91089010744835, 37.56124839276774], [126.9115501657905, 37.56117381129174], [126.9121978607909, 37.561048082648455], [126.91282695355522, 37.56087241791384], [126.91343138448461, 37.56064850916653], [126.91400533167482, 37.56037851317949], [126.91454326701921, 37.560065030633226], [126.91504000947354, 37.55971108105189], [126.91549077496894, 37.559320073703624], [126.91589122249141, 37.55889577474673], [126.9162374958843, 37.558442270938606], [126.91652626097081, 37.557963930257785], [126.91675473763988, 37.55746535981911], [126.91692072658729, 37.55695136148817], [126.9170226304558, 37.55642688562272], [126.91705946917224, 37.55589698338773], [126.91703088933531, 37.55536675810305], [126.91696312386652, 37.55498683829559], [126.91701854976469, 37.55497135778742], [126.91762292053413, 37.55474742685239], [126.91767258543587, 37.55472405941022], [126.91762334657493, 37.55480563051838], [126.91739488402644, 37.55530420297856], [126.91722890213072, 37.5558182021771], [126.91712700059101, 37.55634267829358], [126.91709016209136, 37.55687258051192], [126.9171187427824, 37.55740280565575], [126.91721246879858, 37.557928247331965], [126.9173704388423, 37.55844384510952], [126.9175911328128, 37.55894463325948], [126.9178724263979, 37.55942578858692], [126.9182116114904, 37.55988267689371], [126.91860542223375, 37.56031089762402], [126.91905006644798, 37.56070632626232], [126.91954126213369, 37.56106515407441], [126.9200742787037, 37.56138392480854], [126.92064398254506, 37.561659568001716], [126.92124488647293, 37.561889428570375], [126.92187120259918, 37.562071292398926], [126.92251689810578, 37.56220340767966], [126.92317575338448, 37.56228450179736], [126.92384142198154, 37.56231379359581], [126.92402715913322, 37.56230743811119], [126.92447878326237, 37.56248017848731], [126.92510511240111, 37.56266202524734], [126.92575081893447, 37.56279412291693], [126.92640968314795, 37.562875199050545], [126.92707535850164, 37.562904472665295], [126.92774143280162, 37.562881661768856], [126.9284014900058, 37.56280698607807], [126.92904917206697, 37.56268116490153], [126.92967824021571, 37.56250541020683], [126.93028263509073, 37.5622814149394], [126.93085653513562, 37.56201133670578], [126.93139441269852, 37.5616977769789], [126.93189108729256, 37.561343756026396], [126.93234177550319, 37.560952683803784], [126.93274213706175, 37.560528327094175], [126.9330883166403, 37.56007477321104], [126.93325634956469, 37.5597963051927], [126.93356520574045, 37.5599456974181], [126.93416613651829, 37.5601754924981], [126.9347924706433, 37.560357287969836], [126.93498587801862, 37.56039683964207], [126.93504168060001, 37.560709239493974], [126.93519977944163, 37.56122481422565], [126.93542060114478, 37.561725569853685], [126.9357020201667, 37.562206683495894], [126.93604132719149, 37.56266352135516], [126.9364352551876, 37.5630916833612], [126.936880010845, 37.56348704556379], [126.93737131109009, 37.56384579986843], [126.9379044243277, 37.564164490731265], [126.93847421601298, 37.56444004845864], [126.93907519811412, 37.56466981879024], [126.9397015819893, 37.56485158847986], [126.94034733416719, 37.56498360662675], [126.94100623449313, 37.56506460155163], [126.94167193607913, 37.565093793054096], [126.94233802647835, 37.56507089993308], [126.94299808949357, 37.56499614269775], [126.94364576702174, 37.564870241442456], [126.94427482033726, 37.56469440890644], [126.94487919022208, 37.56447033878518], [126.94545305536099, 37.56420018940642], [126.94599088843893, 37.563886562928516], [126.94648750939811, 37.563532480262126], [126.94693813534133, 37.56314135195722], [126.94733842660037, 37.562716945337016], [126.94768452852516, 37.562263348195536], [126.94789365470815, 37.56191665171074], [126.94846343974407, 37.561757356381676], [126.9490677735145, 37.561533264418514], [126.94964160112063, 37.56126309424685], [126.95017939560913, 37.56094944822528], [126.95067597729411, 37.56059534745266], [126.9507309094015, 37.56054766232906], [126.95092929072247, 37.56076321995992], [126.95137410997185, 37.56115852821309], [126.95186546532514, 37.56151722277103], [126.95239862465563, 37.56183584866531], [126.95296845297388, 37.56211133682815], [126.95356946189469, 37.56234103366944], [126.95419586251734, 37.562522726651025], [126.95484162120887, 37.56265466561131], [126.95550051775169, 37.56273557963402], [126.95616620529408, 37.56276468929832], [126.95683227152458, 37.56274171419177], [126.95691631789354, 37.562732184655715], [126.95713161143418, 37.56310002608816], [126.9574710540695, 37.563556803349094], [126.95786511024336, 37.56398489478549], [126.95830998541024, 37.5643801771265], [126.95880139534438, 37.56473884304668], [126.95933460739315, 37.56505743785337], [126.95984540510021, 37.56530433579629], [126.95981850259034, 37.56569447320935], [126.95984738882855, 37.566224689636115], [126.95994142565102, 37.56675009906293], [126.96009970876692, 37.56726564136796], [126.96032071505986, 37.5677663513552], [126.96060231720891, 37.56824740658135], [126.96094180413378, 37.568704173811255], [126.96133590706944, 37.569132253654395], [126.96178083101987, 37.56952752295142], [126.96227229128941, 37.56988617450237], [126.96280555474043, 37.5702047537529], [126.96337548537997, 37.57048019208436], [126.96397659383669, 37.57070983638651], [126.96460309025048, 37.570891474627295], [126.96524894006508, 37.571023357172415], [126.96590792218451, 37.571104213649136], [126.96657368893221, 37.57113326519108], [126.96723982723326, 37.571110231945866], [126.96789992042882, 37.57103533577291], [126.96854761012509, 37.570909298105406], [126.96917665747965, 37.57073333299707], [126.96961562858073, 37.57057048586508], [126.96951739737243, 37.571077835703946], [126.96949111088466, 37.57145972293495], [126.96923364489075, 37.57160992272141], [126.96873707634744, 37.57196410100883], [126.96828650966422, 37.57235531240957], [126.96788628415158, 37.57277978988772], [126.96754025457456, 37.5732334460193], [126.96725175401518, 37.57371191233612], [126.96702356174865, 37.57421058137777], [126.96685787644475, 37.574724651047404], [126.96675629495275, 37.57524917084473], [126.96671979687662, 37.575779089531636], [126.9667487350901, 37.576309303771595], [126.96684283228556, 37.57683470727497], [126.96700118359122, 37.57735023997672], [126.96722226523453, 37.57785093677303], [126.9675039491691, 37.578331975347346], [126.96784352352725, 37.5787887226246], [126.96823771870187, 37.57921677940612], [126.96868273880847, 37.57961202275439], [126.96917429822516, 37.57997064571916], [126.9697076628589, 37.5802891940212], [126.97027769574186, 37.580564599339745], [126.97087890651727, 37.580794208882445], [126.97150550433899, 37.58097581095198], [126.97215145367332, 37.58110765626242], [126.97281053246513, 37.58118847479971], [126.97347639210605, 37.58121748806302], [126.9741426186258, 37.581194416568785], [126.9748027945153, 37.581119482545034], [126.97545056058382, 37.58099340778974], [126.97607967725294, 37.58081740671408], [126.9766840846947, 37.58059317463764], [126.97725796123274, 37.58032287144878], [126.97779577944327, 37.5800091007879], [126.97829235941292, 37.5796548849548], [126.97874291864089, 37.57926363578239], [126.97914311810327, 37.578839121758115], [126.97920276671773, 37.57876090522689], [126.9793227543074, 37.578965741124186], [126.97966240410092, 37.579422454916575], [126.98005667070747, 37.579850472716], [126.9805017575541, 37.580245671960256], [126.98099337837542, 37.580604246123805], [126.98152679848651, 37.58092274139738], [126.98209688038452, 37.58119808997104], [126.98269813324012, 37.58142763959906], [126.98332476580137, 37.58160917916133], [126.98397074219955, 37.58174095997421], [126.98462984011853, 37.58182171264511], [126.98529571076546, 37.58185065930786], [126.98596194006406, 37.58182752112068], [126.98662211047836, 37.58175252095425], [126.98726986287059, 37.5816263812439], [126.98789895779431, 37.5814503170267], [126.98850333563126, 37.5812260242306], [126.98907717499074, 37.580955663329014], [126.98961494880747, 37.580641838518304], [126.99011147759629, 37.58028757261992], [126.9905619793499, 37.57989627794896], [126.99096211559856, 37.57947172343101], [126.99130803318764, 37.57901799828442], [126.99159640137121, 37.57853947261858], [126.99182444386464, 37.57804075532872], [126.99188956593511, 37.57783848892583], [126.99218284084051, 37.577781361672585], [126.9928118920405, 37.577605270836486], [126.99341622421532, 37.5773809524057], [126.99399001641434, 37.57711056710054], [126.99452774202685, 37.5767967193524], [126.99502422203224, 37.576442432203585], [126.99503214648988, 37.576435548179], [126.99557138640341, 37.576181431624384], [126.99610909873472, 37.57586757652679], [126.99660556510426, 37.575513282572395], [126.9970560041063, 37.57512196234646], [126.99724116796625, 37.57492545842259], [126.99757218463525, 37.57516682383665], [126.99810563770079, 37.57548524471622], [126.99867574034182, 37.575760513617716], [126.99927700152863, 37.5759899790631], [126.99990362992855, 37.57617143074338], [127.00054958971269, 37.576303120821706], [127.00120865872474, 37.576383780779864], [127.00187448845037, 37.57641263364506], [127.00254066520762, 37.57638940147936], [127.003200771967, 37.576314308059054], [127.00384845020437, 37.576188076718], [127.00447746118817, 37.57601192337615], [127.00508174610938, 37.57578754482013], [127.0056554844731, 37.57551710234948], [127.00578584143189, 37.57544099747971], [127.00610276482755, 37.575593993545624], [127.00611013682179, 37.57559680645783], [127.00643251661604, 37.575831827561174], [127.00696601257317, 37.576150208666526], [127.00753615335357, 37.57642543501314], [127.00813744755976, 37.576654855532865], [127.0087641035407, 37.57683626034955], [127.00929272468149, 37.57694398599657], [127.00902719831953, 37.57738483028788], [127.00879927224469, 37.577883581696234], [127.00863386505539, 37.57839771168715], [127.00853257092385, 37.57892226917828], [127.00849636668752, 37.579452202567275], [127.00852560239086, 37.57998240837473], [127.00861999786122, 37.580507780390874], [127.00877864535397, 37.58102325885264], [127.00900001824326, 37.581523879177354], [127.00928198567667, 37.58200481978386], [127.00962183305461, 37.582461448539675], [127.01001628813881, 37.58288936738681], [127.01046155253965, 37.58328445471573], [127.01095333828025, 37.58364290507846], [127.01148690908572, 37.58396126585808], [127.01205712600034, 37.58423647054008], [127.01265849689298, 37.58446586826488], [127.01277850807041, 37.5845006007308], [127.01277465744833, 37.58452054565691], [127.01273848011705, 37.58505048003681], [127.01276774766804, 37.58558068451757], [127.01286217962235, 37.58610605290205], [127.0130208678843, 37.58662152546197], [127.01315832889519, 37.58693231764723], [127.0131745322732, 37.58698495068587], [127.01339595190653, 37.58748556259093], [127.01347001538007, 37.58761186496917], [127.0133658190445, 37.58765055736975], [127.01292165641543, 37.587859926370726], [127.01285073759855, 37.587465383638786], [127.01269204878517, 37.58694991091942], [127.01247063542786, 37.586449297692596], [127.01218863094776, 37.58596836480344], [127.011848752103, 37.58551174348699], [127.01145427279016, 37.585083830782715], [127.01100899248878, 37.584688747206776], [127.01051719965413, 37.584330297089124], [127.00998363041049, 37.58401193195645], [127.00941342294414, 37.583736717312995], [127.00881206803423, 37.58350730313834], [127.00850690364122, 37.58341897236295], [127.00857614020636, 37.583203783803484], [127.00867744016838, 37.58267922669377], [127.00871364493946, 37.58214929354058], [127.00868440722593, 37.581619087958714], [127.00859000998629, 37.58109371607978], [127.00843136365286, 37.58057823737875], [127.00820999731262, 37.58007761595412], [127.0079280439337, 37.57959667273011], [127.00758821978202, 37.5791400390415], [127.00719379822733, 37.57871211204707], [127.00674857819317, 37.57831701240077], [127.00625684755445, 37.577958544587446], [127.00572334183686, 37.57764016030432], [127.00515319861512, 37.577364925240154], [127.0045519080501, 37.577135489571255], [127.00392526003964, 37.57695406245743], [127.00327928849165, 37.57682239078327], [127.00262021325491, 37.57674174234833], [127.00195438026488, 37.57671289366799], [127.00128820047975, 37.57673612250179], [127.00062808819207, 37.57681120518113], [126.99998039930901, 37.57693741876183], [126.99935137019254, 37.5771135479811], [126.99874705764748, 37.57733789695165], [126.99817328063295, 37.57760830548145], [126.9976355642573, 37.577922169861544], [126.99713908659422, 37.578276467923196], [126.99668862883169, 37.57866778812308], [126.99628852923279, 37.57909236237755], [126.9959426413516, 37.579546102330504], [126.99565429690702, 37.580024638706206], [126.99542627367238, 37.58052336336908], [126.9952607686908, 37.581037473685996], [126.99515937707619, 37.581562018764494], [126.99512307660471, 37.582091947122166], [126.99515221824774, 37.582622155328494], [126.99524652273871, 37.58314753715102], [126.99540508320956, 37.5836630327326], [126.99562637387298, 37.5841636773261], [126.99590826466901, 37.5846446491169], [126.99624804173685, 37.58510131567242], [126.99664243351606, 37.58552927857082], [126.99708764222744, 37.58592441577836], [126.99757938043113, 37.58628292136677], [126.99811291231082, 37.58660134218714], [126.99868309928628, 37.586876611146565], [126.99928444951526, 37.58710607676624], [126.99958961774425, 37.58719443135977], [126.99952035154261, 37.58740961429094], [126.99941898062445, 37.587934162615895], [126.99938270672705, 37.58846409190744], [126.99941188056629, 37.58899429872595], [126.999506222566, 37.589519676852206], [126.9996648254972, 37.59003516646447], [126.99988616316398, 37.590535802872935], [127.00016810505392, 37.5910167643416], [127.00050793681424, 37.59147341853711], [127.00090238635777, 37.591901367156524], [127.00134765534894, 37.59229648830343], [127.00183945576721, 37.59265497620408], [127.00237305119678, 37.59297337787981], [127.00294330244512, 37.593248626422024], [127.00354471705054, 37.593478070548436], [127.00417150220197, 37.593659500155205], [127.0048176205598, 37.593791167617965], [127.00547684843946, 37.593871804636215], [127.0061428357954, 37.59390063445815], [127.00680916742635, 37.59387737936784], [127.00746942481021, 37.59380226336249], [127.00811724797107, 37.59367600999373], [127.00874639678075, 37.59349983539389], [127.00935081110211, 37.59327543655469], [127.00979501593925, 37.593066081479726], [127.00986592359095, 37.59346062559774], [127.01002460619642, 37.59397610150899], [127.01024602485899, 37.59447671872823], [127.01052804828598, 37.59495765570397], [127.0108679613392, 37.59541428033847], [127.01124611601516, 37.59582443396672], [127.0113081790285, 37.595907804834425], [127.01170271394932, 37.5963357176378], [127.01214806666364, 37.59673079832977], [127.01263994834412, 37.59708924152605], [127.01283442525931, 37.59720525377213], [127.01225148970377, 37.59727159703595], [127.01160364203612, 37.597397872850635], [127.01097446687082, 37.597574062382115], [127.01037002241853, 37.59779846916288], [127.00979612890826, 37.59806893244461], [127.00925831257014, 37.59838284799168], [127.00876175244076, 37.59873719314302], [127.00831123050277, 37.59912855590227], [127.00791108563801, 37.599553167776286], [127.00756517183751, 37.60000694004695], [127.00727682107102, 37.60048550312749], [127.00704881117406, 37.6009842486252], [127.00688333906285, 37.60149837370632], [127.00678199953623, 37.60202292733607], [127.00674576987028, 37.60255285794944], [127.00677500035593, 37.60308306209388], [127.00686941087237, 37.603608433575666], [127.00702809353163, 37.60412391263676], [127.0072495213706, 37.6046245346886], [127.00753156300898, 37.605105478133126], [127.00787150313369, 37.605562110810205], [127.00826606861408, 37.60599003462372], [127.0087114599979, 37.6063851279159], [127.00920338808568, 37.606743585180894], [127.00931911183572, 37.60681261490002], [127.0089030153241, 37.606761740526984], [127.0082369121277, 37.606732925526565], [127.00757046613988, 37.60675618782014], [127.00691009421493, 37.606831303417096], [127.00626215475853, 37.60695754905664], [127.00563288654412, 37.60713370916762], [127.0050283486778, 37.60735808756585], [127.00445436228759, 37.607628523776405], [127.0039164544975, 37.60794241382441], [127.00341980522438, 37.60829673529453], [127.00296919730901, 37.60868807641864], [127.00256897046101, 37.60911266891215], [127.0022229794609, 37.6095664242438], [127.00193455702187, 37.610044972990195], [127.00170648166988, 37.61054370689696], [127.0015409509519, 37.611057823242184], [127.00143956023153, 37.611582371075464], [127.00140328727848, 37.612112298887816], [127.0014324828011, 37.61264250325388], [127.00152686701601, 37.61316787797793], [127.0016855322893, 37.613683363270816], [127.00190695182597, 37.61418399448402], [127.00218899432636, 37.61466494993128], [127.00252894446972, 37.61512159733682], [127.00292352902954, 37.61554953846261], [127.00336894837028, 37.61594465148399], [127.00386091302354, 37.61630313070497], [127.00439468499167, 37.61662152323003], [127.00496512338135, 37.61689676223823], [127.00556673392784, 37.61712619653876], [127.00619372193187, 37.617307616122076], [127.00684004809901, 37.61743927346008], [127.00749948674184, 37.61751990034961], [127.00769765660846, 37.61752847357801], [127.00758186486502, 37.61768033225151], [127.00729344469943, 37.61815889346002], [127.00706537963298, 37.61865763711742], [127.00689986711413, 37.619171760407845], [127.00679850233192, 37.61969631231394], [127.0067622628068, 37.620226241287384], [127.00679149892588, 37.62075644389149], [127.0068859305153, 37.6212818139473], [127.0070446494853, 37.62179729171044], [127.00726612852417, 37.62229791260467], [127.00754823575949, 37.62277885504287], [127.00788825524721, 37.623235486874314], [127.00828291309294, 37.62366341001076], [127.0087284089553, 37.624058502800565], [127.00922045262874, 37.62441695974241], [127.00975430535422, 37.624735328155175], [127.01032482546024, 37.62501054145006], [127.01092651789462, 37.62523994868382], [127.01155358716886, 37.625421340107515], [127.01219999320523, 37.62555296846432], [127.0128595095465, 37.62563356583021], [127.01352578336696, 37.62566235583532], [127.01419239670427, 37.62563906114732], [127.01485292832118, 37.625563906145054], [127.01550101559883, 37.62543761475612], [127.01599630660102, 37.625298949994246], [127.01618806358921, 37.62543862280209], [127.01672195363813, 37.62575695989209], [127.01729250757128, 37.626032139681385], [127.01789423001028, 37.62626151154947], [127.01852132517739, 37.626442866088155], [127.01916775274516, 37.62657445639594], [127.01939753474059, 37.62660252349428], [127.0194119786753, 37.62686364660093], [127.01950650645615, 37.62738900668141], [127.0196653252917, 37.6279044676277], [127.0198869069085, 37.628405065025106], [127.02016911844613, 37.628885977512404], [127.02050924295582, 37.62934257322699], [127.02090400553136, 37.629770454428105], [127.02134960482225, 37.63016549986777], [127.02184174962619, 37.6305239045005], [127.02237570020948, 37.630842216148835], [127.02294631395749, 37.63111736877066], [127.0235480949153, 37.63134671200711], [127.02417524674115, 37.63152803672574], [127.0248217285615, 37.63165959631233], [127.02548131318862, 37.6317401235055], [127.0261476471385, 37.631768842611464], [127.02681431186924, 37.63174547698111], [127.02747488564832, 37.6316702516769], [127.02812300545058, 37.63154389130388], [127.02875242828918, 37.631367613025816], [127.02935709138661, 37.63114311483382], [127.02993117060444, 37.63087255918095], [127.03046913656773, 37.630558552140634], [127.03096580794188, 37.63020411829061], [127.03141640134828, 37.62981267156456], [127.03181657743703, 37.62938798235336], [127.03216248267287, 37.62893414117305], [127.03245078643243, 37.628455519250835], [127.03267871305539, 37.62795672640889], [127.03284406854264, 37.62744256665272], [127.03294526164483, 37.6269179918922], [127.03298131914026, 37.62638805424164], [127.03295189515688, 37.625857857358476], [127.03285727444995, 37.62533250728969], [127.03269836960648, 37.624817063299275], [127.0324767122051, 37.6243164891503], [127.03219443801859, 37.62383560531059], [127.03185426640336, 37.62337904254185], [127.03145947407575, 37.62295119731873], [127.03101386352971, 37.622556189506575], [127.0305217264, 37.622197822704926], [127.02998780212542, 37.62187954763735], [127.02941723230961, 37.62160442894021], [127.0288155112192, 37.621375115668684], [127.02818843289519, 37.62119381580365], [127.02754203538659, 37.62106227500422], [127.02731226718977, 37.621034223835316], [127.02729779651762, 37.62077310125793], [127.02720322171285, 37.62024774651512], [127.02704436643857, 37.61973229480353], [127.02682276179591, 37.61923170996084], [127.02654054304945, 37.61875081255802], [127.02620042902161, 37.6182942334876], [127.02580569587437, 37.617866369381396], [127.0253601455318, 37.61747134028678], [127.02486806904926, 37.61711295000834], [127.02433420528173, 37.61679464949584], [127.02376369525055, 37.61651950363074], [127.02316203264704, 37.616290161729864], [127.02253501094941, 37.61610883204977], [127.02188866766173, 37.61597726053663], [127.02122922620997, 37.61589671402558], [127.02056303605362, 37.61586796805071], [127.01989651158773, 37.61589129938296], [127.01923607042177, 37.61596648336727], [127.01858807162785, 37.61609279608462], [127.01809284658083, 37.61623147239685], [127.01790110945467, 37.616091802605595], [127.01736728298386, 37.61577347077323], [127.01679680675404, 37.61549829140832], [127.01619517413143, 37.61526891415021], [127.01556817830586, 37.61508754759586], [127.01492185653251, 37.61495593804643], [127.0142624320304, 37.61487535270312], [127.01406426832635, 37.614866790539565], [127.0141800425299, 37.61471492531022], [127.01446840519722, 37.61423634658955], [127.01469640714319, 37.613737587811606], [127.01486185364189, 37.61322345265409], [127.01496315256611, 37.612698892790355], [127.01499932967391, 37.612168960191696], [127.01497003794015, 37.61163875846742], [127.01487556084552, 37.61111339371174], [127.01471680959335, 37.610597925330694], [127.0144953142827, 37.610097317322904], [127.01421320912516, 37.60961639048289], [127.0138732118494, 37.609159775987024], [127.0134785974932, 37.60873187080866], [127.01303316683713, 37.608336795391004], [127.01254120978443, 37.60797835398496], [127.01242548122733, 37.6079093274056], [127.01284158665997, 37.60796018941039], [127.0135077028596, 37.607988978503066], [127.0141741583725, 37.60796568274881], [127.01483453348251, 37.60789052653668], [127.01548246707925, 37.60776423380581], [127.01611171797022, 37.60758802106797], [127.01671622503476, 37.60736358568249], [127.01729016563758, 37.60709308949692], [127.01782801173889, 37.60677913801141], [127.01832458315832, 37.606424755268065], [127.01877509747929, 37.60603335470793], [127.01903030975312, 37.605762497033794], [127.01914028954991, 37.60594997352683], [127.01948030479446, 37.60640657321743], [127.01987494161392, 37.606834458647754], [127.0203203998685, 37.607229508529514], [127.020812389714, 37.60758791777491], [127.02134617290928, 37.6079062341625], [127.02191660845214, 37.60818139160495], [127.02251820210478, 37.60841073969736], [127.02314515933026, 37.60859206926088], [127.02379144113033, 37.60872363363488], [127.02379429110212, 37.60872398171741], [127.02380776622824, 37.60896737836143], [127.0239023036832, 37.609492736568804], [127.02406111620128, 37.610008193107674], [127.02428267556868, 37.610508783605816], [127.02430646863291, 37.610549333946324], [127.02416610225275, 37.61073351294075], [127.023877815247, 37.61121211616146], [127.02364988232387, 37.611710893365505], [127.02348449965946, 37.61222504141348], [127.0233832611922, 37.612749609049075], [127.02334714322596, 37.613279544571974], [127.0233764949767, 37.61380974448183], [127.0234710351565, 37.61433510262516], [127.02362985462908, 37.61485055937184], [127.023851425114, 37.61535115034763], [127.0241336138572, 37.6158320542532], [127.02447370412867, 37.6162886393087], [127.02486842135133, 37.61671650787624], [127.02531396461097, 37.617111538829676], [127.02580604324457, 37.617469927263265], [127.0263399181556, 37.61778822115584], [127.02691044745812, 37.618063354636575], [127.0275121360108, 37.6182926775312], [127.02813918836212, 37.61847398090351], [127.02878556459713, 37.61860551834508], [127.02944503854557, 37.61868602280803], [127.03011125779014, 37.61871471881767], [127.03077780489448, 37.6186913299475], [127.03143825925979, 37.61861608148388], [127.03208625901182, 37.61848969825494], [127.03271556232086, 37.61831339764455], [127.03332010756128, 37.61808887785885], [127.03389407173046, 37.61781830155872], [127.03418910991644, 37.617646044149936], [127.03434848118289, 37.61772288587859], [127.03495019024928, 37.617952170993945], [127.03557725822873, 37.618133434952334], [127.03622364505551, 37.61826493172511], [127.03688312445719, 37.618345394656245], [127.03754934396387, 37.6183740486713], [127.03810898082081, 37.61835437604009], [127.03806859862127, 37.6184799873382], [127.0379674535351, 37.61900456755678], [127.03793143553622, 37.6195345076521], [127.0379608928784, 37.62006470407933], [127.03805554325714, 37.62059005071807], [127.0382144764751, 37.621105488048514], [127.0384361631564, 37.62160605188295], [127.03871846942782, 37.62208692118298], [127.03905867742714, 37.62254346450167], [127.03945351144303, 37.62297128460266], [127.03989916943583, 37.62336626082641], [127.04039135963684, 37.623724588794005], [127.04092534187424, 37.624042817066595], [127.04149597322767, 37.62431788040525], [127.04209775757198, 37.62454712931134], [127.04272489853228, 37.624728355561366], [127.04337135533945, 37.62485981348994], [127.04354034816781, 37.62488042041289], [127.04355461517342, 37.62513684744796], [127.04364931102592, 37.62566218944857], [127.04380829338287, 37.62617761912554], [127.04403003239537, 37.62667817236465], [127.0443123936862, 37.62715902822936], [127.04465265886334, 37.6276155554019], [127.04504755166468, 37.62804335680128], [127.04549326948425, 37.62843831194787], [127.04598551997697, 37.628796616665674], [127.04651956238996, 37.629114819739605], [127.04709025322295, 37.6293898561734], [127.04769209577759, 37.62961907672752], [127.04831929311794, 37.62980027345154], [127.04896580393137, 37.62993170096452], [127.04962540075036, 37.63001209327765], [127.05029172997322, 37.630040675996895], [127.05095837310357, 37.63001717378736], [127.05161890861709, 37.62994181302761], [127.05226697385764, 37.6298153196279], [127.05289632636459, 37.62963891203381], [127.0535009040386, 37.62941428948239], [127.05407488356508, 37.62914361562482], [127.05461273653033, 37.62882949767322], [127.05510928268932, 37.628474961273696], [127.05555973987062, 37.62808342134756], [127.05595977003755, 37.62765864918317], [127.05630552106142, 37.627204736095216], [127.05639396533681, 37.62705780725921], [127.05647071177748, 37.62714092870701], [127.05667739833476, 37.62732403388377], [127.05623388101672, 37.62764072336162], [127.0557834300413, 37.62803226593032], [127.05538339685289, 37.628457037450836], [127.05517516698659, 37.6287303983347], [127.05512253062619, 37.62875522128148], [127.05458468032155, 37.62906934157802], [127.05408812770982, 37.62942387569298], [127.05363765470344, 37.62981540981091], [127.05323759971566, 37.630240173788884], [127.05289181587489, 37.63069407744412], [127.0526036339025, 37.6311727499244], [127.05237583001168, 37.63167158178308], [127.0522105991379, 37.632185769353946], [127.05210953375978, 37.632710360999425], [127.05207360851595, 37.63324030478726], [127.052103170768, 37.633770497136645], [127.05219793720191, 37.63429583196598], [127.05235699650336, 37.63481124986866], [127.05257881808276, 37.635311786843566], [127.05286126676793, 37.635792622110465], [127.05320162332515, 37.636249124549664], [127.0535966106122, 37.6366768973181], [127.0540424251129, 37.63707182021157], [127.05453477355061, 37.63743008936454], [127.05506891422877, 37.6377482539043], [127.05563970270009, 37.63802324920557], [127.05624164132522, 37.63825242642492], [127.0568689322423, 37.638433578029314], [127.05751553323671, 37.63856495907241], [127.05817521597174, 37.6386453040131], [127.05884162601754, 37.638673838913775], [127.05950834409875, 37.63865028890031], [127.06016894796863, 37.63857488081193], [127.06081707431234, 37.63844834101501], [127.06144648008046, 37.63827188840225], [127.06157907239225, 37.63822262011224], [127.06170750760039, 37.63851232912609], [127.06199002724416, 37.638993142724594], [127.06233045432347, 37.63944961902421], [127.06272551101651, 37.639877361433435], [127.0629728368874, 37.64009640249039], [127.06266929573538, 37.64013105887117], [127.0620211577855, 37.64025760873545], [127.06139173654694, 37.64043406425811], [127.06078709259955, 37.640658726411736], [127.06021304809384, 37.64092943199036], [127.05967513071509, 37.64124357442635], [127.05917852047469, 37.641598128874925], [127.0587279998403, 37.64198968132506], [127.05832790768416, 37.64241446145753], [127.05798209749321, 37.642868378934125], [127.0579294023246, 37.64295590397134], [127.05771557798509, 37.64247354931564], [127.05743307303591, 37.641992725855424], [127.05709266461442, 37.64153623573696], [127.05669763171707, 37.641108474734565], [127.05625177915356, 37.64071356190191], [127.05575940088823, 37.640355299923364], [127.05522523868072, 37.64003713851273], [127.05465443642433, 37.63976214121164], [127.05405249062244, 37.63953295590624], [127.05342519747836, 37.639351789345206], [127.05277859710803, 37.639220385904274], [127.05211891541097, 37.63914001080054], [127.0514525041584, 37.63911143791817], [127.05078577987283, 37.639134942362034], [127.05012516208666, 37.63921029781092], [127.04947701157191, 37.63933677869561], [127.04884756913373, 37.639513167180915], [127.04824289555579, 37.63973776488476], [127.04766881327348, 37.64000840922153], [127.04713085033528, 37.64032249421323], [127.04663418719072, 37.64067699556812], [127.04618360681629, 37.641068499786456], [127.0457834486589, 37.64149323701352], [127.04543756684035, 37.64194711732442], [127.04514929302562, 37.64242577009205], [127.04492140431248, 37.64292458605993], [127.04475609645367, 37.64343876171522], [127.0446549626697, 37.64396334553541], [127.04461897825863, 37.6444932856639], [127.04464849115249, 37.64502347855539], [127.04474321851349, 37.64554881812322], [127.04490224940442, 37.64606424491539], [127.04512405351021, 37.64656479484522], [127.04540649582778, 37.6470456470078], [127.04574685718558, 37.647502170120674], [127.04614186039589, 37.64792996714159], [127.04621688490538, 37.64799642833185], [127.04596681501161, 37.648045212946094], [127.04533729076523, 37.64822158191157], [127.04473253593615, 37.6484461607643], [127.04415837374171, 37.64871678710035], [127.04392390250639, 37.64885365453344], [127.04386714186359, 37.648880407703494], [127.04332909872113, 37.64919447436556], [127.04283235816017, 37.64954895867862], [127.04238170390246, 37.64994044730723], [127.04198147610632, 37.650365170546976], [127.0416355295642, 37.650819038607864], [127.0413471965644, 37.65129768098102], [127.04111925477504, 37.65179648851022], [127.04095390046021, 37.652310657764154], [127.04085272728832, 37.65283523728212], [127.04081671093726, 37.653365175249114], [127.04084619964723, 37.65389536814078], [127.040940910814, 37.65442070987061], [127.04109993365697, 37.6549361409658], [127.04132173793913, 37.655436697298306], [127.04160418865642, 37.65591755790147], [127.04194456655691, 37.656374091411514], [127.04209945539051, 37.65654183449937], [127.04224373359814, 37.656735345205554], [127.04263876495476, 37.65716315347574], [127.04308464236087, 37.65755811682809], [127.04357707193485, 37.65791643100704], [127.04411131119912, 37.6582346447058], [127.04468221475722, 37.65850969282522], [127.0452842838613, 37.658738926012674], [127.04591171939254, 37.65892013619559], [127.04655847774289, 37.65905157786294], [127.04721832905928, 37.6591319848893], [127.04788491728718, 37.65916058273867], [127.04855182143385, 37.65913709593032], [127.04921261745925, 37.659061750694455], [127.04986094019644, 37.658935272791936], [127.05049054470302, 37.65875888051928], [127.05109536645124, 37.6585342729663], [127.05166957977445, 37.65826361364008], [127.0522076540063, 37.65794950961333], [127.0527044067701, 37.657594986398514], [127.05315505390439, 37.657203458790605], [127.05355525554313, 37.65677869795984], [127.05390115790675, 37.656324795112376], [127.05403093825421, 37.65610929725205], [127.0542506953827, 37.65660500790744], [127.05453323414667, 37.65708583801995], [127.05487369685294, 37.65754233467304], [127.05526880533756, 37.657970101078966], [127.05571475491753, 37.65836501709442], [127.05620725101545, 37.65872327891965], [127.05674155051244, 37.65904143575208], [127.0573125074312, 37.65931642304031], [127.05779737370189, 37.65950096669783], [127.05801529851848, 37.65973688339551], [127.05836081555911, 37.66004283542644], [127.05830081879287, 37.66003553048942], [127.05763421815803, 37.66000699143113], [127.05696730857169, 37.66003052955512], [127.05630651134943, 37.66010591821603], [127.05565818898998, 37.6602324315251], [127.05502858395238, 37.660408851335234], [127.05442375858529, 37.66063347896309], [127.05384953678524, 37.660904151535334], [127.05331144794393, 37.66121826280249], [127.0528146737233, 37.661572788220234], [127.05236399816978, 37.6619643140575], [127.05196376164729, 37.66238907025179], [127.05161781903315, 37.66284296669584], [127.05132950257868, 37.663321632607506], [127.05110158979355, 37.663820458603894], [127.0509362766636, 37.664334641075705], [127.05083515646152, 37.664859228434814], [127.05079920435605, 37.665389168790455], [127.05082876796959, 37.66591935859501], [127.05083975822065, 37.66598026389474], [127.0506186409495, 37.665481489152725], [127.0503360962575, 37.665000650305416], [127.04999562786988, 37.664544141091696], [127.04960051536166, 37.664116357469474], [127.04915456431014, 37.66372141870995], [127.04866206962876, 37.66336312774667], [127.04812777419845, 37.663044934572156], [127.04755682319554, 37.662769903033464], [127.0469547145555, 37.662540681345895], [127.04632724604917, 37.662359476608074], [127.04568045948038, 37.66222803356291], [127.04502058254066, 37.66214761780848], [127.0443539688801, 37.66211900362012], [127.04368703696902, 37.66214246650021], [127.04302620833772, 37.66221778052764], [127.04237784578717, 37.66234422053201], [127.04174819216293, 37.66252056907186], [127.04114331028104, 37.66274512814989], [127.04056902458164, 37.663015735552726], [127.04003086507116, 37.663329785658306], [127.03953401409133, 37.663684254511274], [127.03908325642708, 37.664075728925305], [127.0386829332324, 37.66450043933317], [127.03833690021865, 37.66495429606876], [127.03804849050715, 37.66543292873256], [127.03782048250525, 37.66593172826215], [127.03765507311537, 37.666445891303496], [127.03755385653707, 37.666970466455965], [127.03751780886711, 37.66750040194678], [127.03754727864832, 37.66803059427557], [127.03764198345966, 37.66855593736131], [127.0378010125828, 37.669071371718175], [127.03802283572121, 37.66957193318663], [127.03830531769002, 37.67005280075054], [127.03864573893712, 37.670509342978896], [127.03904082169913, 37.6709371626451], [127.03948676154185, 37.6713321390928], [127.03997926398266, 37.671690467940074], [127.04051358584235, 37.67200869773858], [127.04108458092892, 37.67228376323382], [127.04168674961286, 37.67251301490554], [127.04231429181581, 37.67269424450285], [127.04296116290186, 37.67282570632752], [127.04362113193153, 37.67290613405975], [127.04428784171574, 37.67293475296396], [127.04495487009025, 37.672911287356484], [127.04561579181761, 37.67283596326328], [127.04626424051936, 37.67270950624157], [127.0468939700391, 37.672533134386754], [127.04749891464417, 37.67230854659214], [127.04807324748404, 37.672037906174666], [127.04861143674076, 37.67172382002509], [127.04910829892934, 37.671369313483964], [127.04955904883421, 37.67097780118594], [127.0499593455995, 37.67055305415408], [127.0503053345296, 37.670099163461934], [127.05059368419717, 37.669620500813984], [127.05082161850244, 37.6691216764249], [127.05098694337505, 37.66860749460407], [127.0510880678634, 37.668082907473774], [127.05112401940971, 37.667552967267135], [127.0510944531651, 37.667022777665714], [127.0510834625606, 37.66696187239816], [127.05130458724263, 37.66746064619177], [127.05158714737111, 37.667941482618474], [127.05192764086199, 37.668397987137226], [127.05232278925541, 37.66882576288441], [127.05276878748444, 37.66922068962657], [127.05326134050334, 37.66957896346045], [127.05379570464515, 37.669897133467614], [127.05436673331, 37.67017213496951], [127.05496892654442, 37.67040131906246], [127.05559648403315, 37.67058247814665], [127.05624336099271, 37.670713867203276], [127.05690332642679, 37.670794220613736], [127.0575700231809, 37.67082276435861], [127.0582370292163, 37.6707992234785], [127.05889791951098, 37.67072382472466], [127.05954632798942, 37.67059729437374], [127.06017600888313, 37.670420851227725], [127.06078089692829, 37.670196194866755], [127.06135516581975, 37.669925489268365], [127.06189328435606, 37.669611341951196], [127.0623900697341, 37.66925677884497], [127.06284073747877, 37.66886521512905], [127.06324094752614, 37.66844042232168], [127.06358684601639, 37.667986491937064], [127.06387510239378, 37.66750779606169], [127.0641029414574, 37.66700894522996], [127.0642681700545, 37.66649474400555], [127.06436919816093, 37.66597014469725], [127.06440505414713, 37.66544019965501], [127.06437539408452, 37.66491001260659], [127.06428050500446, 37.66438468950318], [127.06412130208064, 37.663869289347915], [127.06389931976399, 37.663368775480485], [127.06361669695742, 37.662887967786894], [127.06327615637517, 37.66243149629429], [127.06288097828671, 37.66200375659711], [127.06253543355464, 37.661697817735316], [127.0625954320934, 37.661705120527344], [127.06326205008351, 37.66173363164692], [127.06392897327603, 37.661710058022486], [127.06458977744737, 37.661634626720804], [127.06523809735215, 37.661508064332075], [127.0658676880756, 37.6613315899669], [127.06616304072365, 37.66122186490765], [127.06618125753648, 37.6612808365035], [127.06640324913727, 37.661781346310015], [127.06668588585725, 37.66226214750246], [127.0670264466525, 37.662718609288625], [127.06704619651794, 37.66273998445245], [127.06708422406759, 37.66282571898243], [127.06736686908977, 37.6633065185097], [127.06770743878322, 37.66376297830414], [127.06810265395328, 37.66419070193269], [127.06854870888894, 37.66458556966375], [127.06904130799752, 37.664943778162424], [127.06957570716733, 37.6652618771396], [127.07014675946048, 37.665536802601046], [127.07074896469523, 37.66576590637566], [127.07137652244029, 37.66594698163757], [127.07202338790945, 37.66607828417564], [127.0726833302169, 37.666158549204965], [127.07334999243092, 37.66618700355779], [127.07401695284562, 37.66616337313614], [127.07463033234832, 37.666093306450385], [127.0742547041336, 37.66636148051591], [127.07380411120096, 37.666753088469434], [127.07340397016722, 37.6671779176645], [127.07305813499129, 37.66763187729078], [127.07276993689098, 37.66811059595738], [127.07254215223729, 37.66860946377299], [127.07237697578307, 37.669123676725135], [127.07227599948564, 37.669648282931604], [127.07224019712848, 37.670178230319486], [127.07226991489236, 37.67070841527278], [127.07236486796799, 37.67123373178038], [127.07252414324581, 37.67174912061136], [127.07274620805795, 37.67224961804365], [127.07302892489108, 37.672730403676866], [127.07336957192992, 37.67318684686835], [127.07376486923492, 37.673614551344684], [127.074211010304, 37.674009397558486], [127.07470369871474, 37.67436758238186], [127.07523818949507, 37.674685655753564], [127.0758093348243, 37.67496055392581], [127.07641163362416, 37.675189628990225], [127.07703928456169, 37.675370674397385], [127.07768624195239, 37.675501946223704], [127.07834627402454, 37.67558217998014], [127.07901302298121, 37.67561060280017], [127.07968006628043, 37.675586940889694], [127.08034097854112, 37.67551142216622], [127.08098939347619, 37.675384774062415], [127.08161906525525, 37.675208216514946], [127.08222392870275, 37.67498345020633], [127.08279815775106, 37.67471264017341], [127.08333622158334, 37.674398394941036], [127.08383293792436, 37.674043741382185], [127.08428352296491, 37.67365209554752], [127.08468363743883, 37.67322722974614], [127.08502942840789, 37.67277323619513], [127.08531756635311, 37.67229448758909], [127.08554527721522, 37.671795594969865], [127.0857103690771, 37.671281363303166], [127.08581125323236, 37.67075674519036], [127.08584695943838, 37.67022679316191], [127.08581714520956, 37.66969661101216], [127.08572209906211, 37.669171304644486], [127.08556273768242, 37.66865593290013], [127.08534059704719, 37.668155458844545], [127.08505781758352, 37.66767470197975], [127.08471712351364, 37.667218291842836], [127.08432179658442, 37.66679062343699], [127.08387564443635, 37.66639581492339], [127.08338296391767, 37.666037667981136], [127.08284849969718, 37.66571963121576], [127.08227739857483, 37.66544476696825], [127.08167515993003, 37.66521572184328], [127.08104758278411, 37.66503470123972], [127.0804007099857, 37.66490344812795], [127.07974077005575, 37.66482322627787], [127.07907411725019, 37.6647948080984], [127.07840717041594, 37.664818467205336], [127.07779380477841, 37.664888553631826], [127.0781694128938, 37.66462036810691], [127.07861997005057, 37.664228743119324], [127.07902006553088, 37.663803895742035], [127.079365846579, 37.66334991801464], [127.07965398377081, 37.66287118247921], [127.07988170305377, 37.6623723000517], [127.08004681242892, 37.66185807559967], [127.08014601634915, 37.6613423343613], [127.08072241856851, 37.661180686620426], [127.08132717044126, 37.660955923710986], [127.08190129415644, 37.66068511677407], [127.08243925991209, 37.66037087430443], [127.08293588637767, 37.66001622314816], [127.0833863906097, 37.65962457933253], [127.08378643412003, 37.659199715146904], [127.08413216465357, 37.65874572279254], [127.08442025327284, 37.658266974952305], [127.08464792639298, 37.657768082660446], [127.08481299245962, 37.65725385087938], [127.08491386301384, 37.656729232211454], [127.08494956794316, 37.656199279192435], [127.08491976477322, 37.6556690956262], [127.08482474191285, 37.65514378742981], [127.08466541582321, 37.65462841346225], [127.08444332214029, 37.65412793681051], [127.08416060083835, 37.653647177001815], [127.08381997557886, 37.653190763601856], [127.08342472744556, 37.65276309164546], [127.08313265549957, 37.65250457880037], [127.08323836073095, 37.65227294282959], [127.08340342397881, 37.6517587125274], [127.08350429664152, 37.65123409459093], [127.0835400085859, 37.6507041415489], [127.08351021726963, 37.65017395720541], [127.08341521098706, 37.64964864748509], [127.08325590603933, 37.649133271261654], [127.0830338378585, 37.64863279164392], [127.08275114617302, 37.64815202818776], [127.08241055435892, 37.64769561049413], [127.08201534317774, 37.64726793363935], [127.08156931915505, 37.64687311586634], [127.08107677790511, 37.64651495894378], [127.08054246275569, 37.64619691157368], [127.0799715190716, 37.64592203619953], [127.07936944471686, 37.64569297953345], [127.07874203713142, 37.64551194708573], [127.07809533753212, 37.64538068194099], [127.07743557277314, 37.64530044798514], [127.07676909542471, 37.64527201774373], [127.07610232264541, 37.645295664948705], [127.0754416744343, 37.64537116190477], [127.07479351185637, 37.64549778168074], [127.07416407583321, 37.645674305104585], [127.07355942708729, 37.64589903249539], [127.07298538781559, 37.6461698000192], [127.07244748565338, 37.64648400051217], [127.07195090046616, 37.64683860857054], [127.07150041448084, 37.647230209667214], [127.07110036623683, 37.64765503301447], [127.07075460879884, 37.648108987857974], [127.07046647263536, 37.64858770285256], [127.07023873351993, 37.64908656814206], [127.07007358576575, 37.649600779738094], [127.06997262105249, 37.65012538577142], [127.06993681305075, 37.65065533417075], [127.06996650799432, 37.651185521310346], [127.07006142129238, 37.651710841158184], [127.07022064021714, 37.65222623445133], [127.07044263264233, 37.65272673742497], [127.07072526175077, 37.65320752962569], [127.07106580657121, 37.653663980347915], [127.07146098814806, 37.65409169324606], [127.07175302551568, 37.65435023471158], [127.071735793523, 37.654387980443786], [127.07140330343383, 37.654425959422994], [127.07075505536393, 37.65455255629199], [127.070125533355, 37.654729057369494], [127.06983021225538, 37.65483879266543], [127.06981199407514, 37.65477982156064], [127.06958999991625, 37.654279317562796], [127.06930737415904, 37.65379852274946], [127.06896683954547, 37.65334206702375], [127.06857167628705, 37.65291434582835], [127.0681256904486, 37.65251947783327], [127.06763317727744, 37.65216126529078], [127.06709887983163, 37.65184315743836], [127.06652794330613, 37.65156821730177], [127.06604310646274, 37.65138370946909], [127.06582518025202, 37.65114780726221], [127.06537921953151, 37.650752928921136], [127.06534978270676, 37.65073151744726], [127.0659091693497, 37.65062229595457], [127.06653866635462, 37.650445817102366], [127.06714337290002, 37.65022112622772], [127.06771746442978, 37.64995038764031], [127.06825541145149, 37.64963620917627], [127.06875203281466, 37.64928161706497], [127.06920254562414, 37.64889002676474], [127.0696026113084, 37.6484652100494], [127.06994837739784, 37.648011258663004], [127.07023651461151, 37.64753254489384], [127.07046424889549, 37.647033679448185], [127.07062938810533, 37.646519467030075], [127.07073034307669, 37.64599486005573], [127.07076614288312, 37.64546491094862], [127.07073644413573, 37.644934723475394], [127.07064153423705, 37.64440940359118], [127.07048232855988, 37.64389401026804], [127.07026036158025, 37.643393506779866], [127.06997777205211, 37.642912712912775], [127.06963728236799, 37.64245625856095], [127.06924217230629, 37.64202853915401], [127.06899482154896, 37.64180951115836], [127.0692983667586, 37.64177483853653], [127.06971928022467, 37.64169262925389], [127.0697421830314, 37.64172333280215], [127.07013729437676, 37.642151050564316], [127.07058322947763, 37.642545911332526], [127.07107569389505, 37.64290411183935], [127.0716099448146, 37.643222201873094], [127.0721808367263, 37.64349711752607], [127.07278287099366, 37.64372621072207], [127.07341024883276, 37.64390727473746], [127.07405692719104, 37.64403856546978], [127.07471667698593, 37.644118818248074], [127.07538314314117, 37.64414726002274], [127.07604990584048, 37.64412361681705], [127.07671054240721, 37.64404811636822], [127.07735868921151, 37.64392148593266], [127.07798810300692, 37.64374494527649], [127.07859272110404, 37.64352019491901], [127.07916671979936, 37.64324939974298], [127.07970457049534, 37.64293516812952], [127.08020109296976, 37.64258052681981], [127.08065150528061, 37.642188891745946], [127.08105146982473, 37.64176403511276], [127.0813971351071, 37.64131004904851], [127.08168517281788, 37.640831306175166], [127.08191280986168, 37.64033241747897], [127.08207785503053, 37.63981818788752], [127.08217872006564, 37.639293569982], [127.08221443490649, 37.63876361629083], [127.08218465698204, 37.6382334306244], [127.08208967445685, 37.637708118920095], [127.08193040340251, 37.63719274007088], [127.081708378924, 37.636692257210996], [127.08142574032821, 37.63621148992773], [127.08108521047949, 37.635755067859094], [127.08069006954229, 37.63532738612373], [127.08024412336545, 37.63493256301188], [127.07975166681354, 37.63457440034381], [127.07921744239879, 37.63425634687712], [127.07864659461254, 37.63398146511425], [127.0780446203956, 37.633752401829], [127.07741731622416, 37.633571362595575], [127.07677072231981, 37.63344009056408], [127.07611106451954, 37.63335984968681], [127.07544469436438, 37.63333141255598], [127.07477802798135, 37.63335505296992], [127.0741174843457, 37.63343054329865], [127.07404825962271, 37.633444068108545], [127.07394759831867, 37.63327280051716], [127.07360712765674, 37.63281635699712], [127.07321204521985, 37.63238865035946], [127.07276615629374, 37.63199379913432], [127.07227375519201, 37.631635605412846], [127.07173958389329, 37.63131751825172], [127.07116878637787, 37.63104260047783], [127.07056685910284, 37.630813499211776], [127.0699395980928, 37.63063242039341], [127.06929304315403, 37.63050110755393], [127.06863341974872, 37.63042082503845], [127.0679670790869, 37.630392345839994], [127.06767928129449, 37.630402533997206], [127.06753548567167, 37.629936878606784], [127.06731357911552, 37.629436368769746], [127.06703106062012, 37.62895556715202], [127.06669065189345, 37.628499103722646], [127.06636403346832, 37.62814543999102], [127.06652824765875, 37.62804950819047], [127.0668279474965, 37.62783546472574], [127.06700451043416, 37.6281359537821], [127.06734491945468, 37.628592416335685], [127.06773994819055, 37.62902014256298], [127.06818579272546, 37.62941501270806], [127.06867815949275, 37.62977322341346], [127.06921230661857, 37.6300913243695], [127.06978308959302, 37.63036625156357], [127.07038501082913, 37.6305953568085], [127.07101227263227, 37.630776433264764], [127.07165883306816, 37.630907736710185], [127.07231846419073, 37.63098800235145], [127.07298481206745, 37.63101645701508], [127.0736514580221, 37.63099282660017], [127.07431198050321, 37.63091733872066], [127.07496001698046, 37.630790720511754], [127.07558932527067, 37.63061419162164], [127.0761938437011, 37.63038945245611], [127.0767677495286, 37.63011866778983], [127.07730551505028, 37.62980444590249], [127.07780196086439, 37.629449813441326], [127.07825230576715, 37.629058186252955], [127.07865221280437, 37.628633336465995], [127.07899783103443, 37.62817935614253], [127.07928583260019, 37.627700617849094], [127.07951344475362, 37.62720173252763], [127.0796784765257, 37.62668750507314], [127.0797793397858, 37.62616288804619], [127.07981506448962, 37.62563293396669], [127.07978530797021, 37.62510274664885], [127.07969035818506, 37.62457743204605], [127.07953113088968, 37.62406204907931], [127.07953075455173, 37.62406120053556], [127.07998938959135, 37.62433428704503], [127.08056016893886, 37.624609162346786], [127.08116207752197, 37.62483821275612], [127.08178931776764, 37.62501923196192], [127.0824358479491, 37.625150476293705], [127.08309544041174, 37.625230681527796], [127.08376174159555, 37.625259075072826], [127.0844283332743, 37.62523538341685], [127.08508879441972, 37.625159834763906], [127.08573676309261, 37.6250331568348], [127.08636599776352, 37.62485656985311], [127.08697043746938, 37.62463177478424], [127.08754426022583, 37.62436093694141], [127.08808193913076, 37.62404666511647], [127.08857829561725, 37.62369198643756], [127.08902854934243, 37.62330031719634], [127.08942836423074, 37.62287542992628], [127.0897738902285, 37.622421417050255], [127.08982815194689, 37.622331185801066], [127.09039517878838, 37.62244625425129], [127.09105475634946, 37.62252641493913], [127.0917210368499, 37.622554763427964], [127.09238760226275, 37.62253102664003], [127.0930480318129, 37.622455433214256], [127.09369596386584, 37.62232871130284], [127.09432515724504, 37.62215208155313], [127.09492955138552, 37.6219272453426], [127.09550332474225, 37.62165636838078], [127.09604095088929, 37.62134205983632], [127.09653725176834, 37.6209873471911], [127.09698744757242, 37.62059564706376], [127.0973872027843, 37.6201707322852], [127.09773266792531, 37.61971669554308], [127.09802051661323, 37.61923790994684], [127.09824797757287, 37.61873898689349], [127.0984128612914, 37.61822473164084], [127.09850428879741, 37.61774849940189], [127.09902651205154, 37.61799990142349], [127.0996284250546, 37.61822885791145], [127.10025565559162, 37.618409779095835], [127.10090216202907, 37.61854092225068], [127.10156171694084, 37.61862102412727], [127.10222796712875, 37.61864931313026], [127.10289449485802, 37.618625516755046], [127.10355487971674, 37.61854986421477], [127.10420276050117, 37.618423084231246], [127.1048318965291, 37.61824639801131], [127.10543622778845, 37.61802150747651], [127.10600993334032, 37.6177505788597], [127.10654748741244, 37.6174362218271], [127.10704371264123, 37.617081464327526], [127.10749382994892, 37.61668972341161], [127.10789350457472, 37.616264772302955], [127.10823888781655, 37.61581070403892], [127.10852665408139, 37.61533189203228], [127.10875403288797, 37.614832947934154], [127.1089188355149, 37.61431867720471], [127.10901947603843, 37.61379403282034], [127.10905498655892, 37.613264067563485], [127.10902502647153, 37.612733885355055], [127.1089298856932, 37.61220859209831], [127.10887016516179, 37.61201551914611], [127.10944606009608, 37.611949509862164], [127.11009387380068, 37.61182269701522], [127.1107229404209, 37.61164597880009], [127.11132720061367, 37.6114210574465], [127.11190083412505, 37.61115009948413], [127.11243831587707, 37.6108357148618], [127.11293446920301, 37.61048093179393], [127.11338451571801, 37.61008916757732], [127.11378412134331, 37.6096641956598], [127.11412943804152, 37.609210109278955], [127.1144171408605, 37.60873128202184], [127.11464445993003, 37.60823232568621], [127.11480920710392, 37.607718045849886], [127.1149097969921, 37.60719339557673], [127.11494526218233, 37.60666342770566], [127.11491526250586, 37.60613324618259], [127.11482008826047, 37.605607956904], [127.11466065736153, 37.60509261854608], [127.11443850645058, 37.604592193852476], [127.11415577604936, 37.60411150184993], [127.11381518990349, 37.60365517145126], [127.11342002871699, 37.60322759689234], [127.11297409853138, 37.602832895431526], [127.11248169405515, 37.60247486771808], [127.11194755729743, 37.60215696121059], [127.11137683190425, 37.60188223699709], [127.1107750136372, 37.60165334033519], [127.11014789747053, 37.6014724751955], [127.10950152181574, 37.60134138305274], [127.10884211040913, 37.601261326127975], [127.10817601242026, 37.60123307524305], [127.1075096413571, 37.6012569024037], [127.10684941335317, 37.601332578182465], [127.10620168543, 37.6014593739267], [127.10557269432667, 37.60163606877019], [127.10496849648426, 37.601860961381355], [127.1043949097606, 37.602131886335094], [127.10385745743564, 37.60244623495108], [127.10336131504518, 37.60280098039857], [127.10291126055394, 37.60319270682653], [127.10251162834709, 37.60361764223933], [127.1021662674836, 37.6040716948022], [127.10187850461284, 37.60455049222773], [127.10165111191277, 37.60504942386456], [127.10148628035924, 37.605563685084036], [127.10138559858486, 37.606088323537726], [127.10135003753307, 37.60661828684091], [127.10137994105654, 37.60714847122326], [127.10147502255256, 37.60767377067838], [127.10153472056209, 37.60786684738648], [127.1009588504957, 37.607932818247946], [127.1003110555309, 37.60805958113602], [127.09968199505843, 37.608236243988685], [127.09907772618683, 37.6084611057824], [127.09850406745745, 37.60873200138884], [127.09796654284318, 37.60904632241032], [127.0974703285756, 37.60940104228193], [127.09702020331122, 37.60979274539904], [127.09662050211656, 37.61021765999067], [127.09627507471478, 37.610671694422756], [127.09598724839597, 37.61115047658268], [127.09575979594916, 37.61164939596631], [127.09559490892573, 37.61216364806326], [127.09550347004874, 37.612639878431004], [127.09498129611802, 37.612388460875835], [127.09437944449358, 37.61215948081291], [127.09375228084106, 37.61197852859029], [127.09310584402934, 37.6118473465208], [127.09244635838341, 37.611767197690995], [127.09178017378748, 37.61173885380725], [127.0911137045829, 37.61176258777042], [127.09045336784756, 37.61183817105009], [127.08980552164918, 37.611964875883956], [127.08917640386493, 37.61214148228099], [127.08857207215469, 37.61236628976114], [127.08799834566435, 37.61263713371895], [127.08746074901882, 37.612951406254076], [127.08696445914265, 37.61330608126854], [127.08651425541998, 37.613697743589746], [127.08611447367238, 37.61412262183969], [127.0857689643983, 37.61457662473449], [127.08571470351491, 37.61466685423999], [127.08514774306322, 37.61455176354012], [127.08448824251892, 37.6144715701818], [127.08382203724906, 37.61444318125962], [127.08315554179401, 37.614466870107854], [127.08249517348425, 37.61454240863037], [127.08218424061961, 37.61460319639822], [127.0825716735888, 37.614326350064225], [127.08302190166887, 37.613934702972074], [127.08342169989739, 37.6135098352846], [127.08376721838052, 37.61305583923593], [127.08405513022149, 37.612577087543706], [127.08428266353599, 37.612078191278584], [127.08444762811355, 37.61156395544065], [127.08454843646996, 37.61103933267094], [127.08458411908869, 37.61050937554441], [127.08455433370713, 37.609979187904464], [127.08445936855965, 37.60945387570743], [127.08430013954866, 37.608938497851156], [127.08407818137238, 37.60843801746044], [127.08379563269767, 37.60795725409915], [127.08345521552144, 37.60750083736786], [127.08306020892203, 37.6070731623343], [127.08287355063378, 37.60690784917714], [127.08311247541232, 37.60679506362052], [127.0836500456126, 37.60648081041117], [127.08414630544048, 37.60612614874894], [127.08459647548383, 37.605734494761215], [127.0849962204727, 37.60530962083428], [127.08534169102597, 37.60485561926216], [127.08562956070823, 37.60437686281552], [127.08585705804089, 37.60387796261066], [127.08602199315965, 37.603363723685476], [127.08608259647472, 37.60304826307374], [127.08639991123357, 37.60339181664783], [127.08684570339376, 37.60378661768028], [127.08733799260632, 37.604144751607556], [127.08787203774342, 37.60446276885999], [127.08844269527687, 37.604737606231694], [127.08904446882772, 37.60496661640125], [127.08967156212388, 37.60514759344555], [127.09031793485457, 37.60527879410056], [127.0909773608825, 37.605358954563684], [127.09164348825172, 37.60538730267506], [127.0923099004112, 37.605363565360584], [127.0929701780629, 37.60528797126423], [127.09361796103626, 37.60516124854457], [127.09424700959161, 37.60498461785654], [127.09485126455958, 37.60475978058647], [127.09542490573621, 37.60448890245382], [127.09596240796908, 37.60417459263823], [127.09645859439358, 37.603819878633445], [127.09690868630517, 37.603428177070924], [127.09730834918702, 37.60300326079504], [127.09743247106053, 37.60284009280193], [127.09756440134026, 37.602725274486446], [127.09796405671582, 37.60230035589617], [127.09830943472181, 37.60184631559391], [127.09859720981471, 37.60136752672307], [127.09882461142725, 37.60086860071191], [127.09898945061732, 37.600354342846494], [127.0990901411079, 37.59982970597946], [127.09912571451711, 37.59929974282108], [127.09909582963343, 37.59876955727231], [127.09900077564863, 37.598244255268966], [127.09884146931968, 37.59772889561026], [127.09861944608843, 37.597228441245534], [127.0983368452471, 37.59674771148771], [127.09799638929397, 37.59629133561365], [127.09760135767966, 37.595863708297586], [127.09715555519857, 37.59546894730621], [127.0966632753301, 37.595110853862295], [127.09612925888429, 37.594792876057575], [127.09555864834945, 37.594518075666706], [127.09495693838196, 37.5942890986808], [127.09432992291414, 37.594108149843855], [127.09368363938869, 37.593976971436355], [127.09302431065537, 37.59389682650977], [127.09301918226434, 37.59389660830817], [127.0929408574507, 37.593827242971415], [127.09244860868338, 37.593469132029675], [127.09191462201471, 37.593151135240475], [127.0916428966484, 37.59302025946504], [127.0917884798468, 37.59293512248915], [127.09228461079836, 37.59258042503666], [127.09273465620213, 37.592188738378844], [127.09313428198882, 37.591763835216305], [127.09347963992549, 37.59130980812435], [127.0937674046613, 37.590831030119006], [127.09399480572806, 37.59033211252387], [127.0941596541882, 37.58981786054391], [127.09426036367465, 37.58929322697512], [127.09429596562184, 37.588763264496116], [127.0942661185426, 37.58823307700141], [127.09417111126406, 37.58770777044574], [127.09401186009264, 37.587192403672375], [127.09378989993851, 37.58669193969939], [127.09350736948603, 37.586211197932506], [127.09316699055535, 37.58575480776449], [127.09277204185516, 37.58532716400747], [127.09267269476952, 37.58523917054647], [127.0927952493811, 37.58516749138271], [127.09329132369604, 37.58481278890247], [127.09374131671639, 37.58442109758695], [127.09414089487743, 37.583996190181466], [127.0944862104047, 37.58354215930201], [127.09477393835559, 37.583063378000986], [127.09500130861592, 37.582564457633545], [127.09516613254443, 37.582050203431244], [127.09526682400983, 37.581525568211404], [127.09530241461964, 37.5809956046684], [127.09527256299536, 37.580465416707014], [127.0951775580073, 37.57994011028643], [127.09501831593936, 37.579424744248605], [127.09479637161351, 37.57892428160461], [127.09451386356122, 37.57844354174741], [127.09417351338651, 37.57798715405151], [127.0937785995209, 37.577559513305346], [127.09333292562457, 37.577164737405326], [127.09284078393871, 37.57680662771818], [127.09258126840099, 37.57665205008406], [127.09282130797621, 37.576336419701796], [127.09310901839697, 37.57585764177482], [127.09333637738293, 37.57535872394218], [127.0935011964009, 37.574844471411005], [127.09360188936641, 37.57431983698246], [127.09363748787209, 37.57378987334335], [127.09360765046284, 37.57325968439938], [127.09351266587161, 37.572734376119264], [127.09335345018543, 37.572219007363], [127.09313153797181, 37.571718541167904], [127.09284906745259, 37.57123779696131], [127.09250875987011, 37.57078140415972], [127.09211389324551, 37.57035375760089], [127.09166827078401, 37.56995897523739], [127.09117618423147, 37.56960085849832], [127.09064237253654, 37.56928285570027], [127.0900719762165, 37.569008028858995], [127.09005908014434, 37.56900311898471], [127.09034798616149, 37.568623216275554], [127.09063568223065, 37.56814444366962], [127.09086303374804, 37.56764552990781], [127.09102785225194, 37.567131280157966], [127.09112855166236, 37.56660664719449], [127.09116416350919, 37.5660766836901], [127.0911343462084, 37.56554649354926], [127.09103938829875, 37.565021182752304], [127.09088020560984, 37.56450581018359], [127.09065833239096, 37.5640053389173], [127.09037590648812, 37.56352458842973], [127.09003564871371, 37.56306818819806], [127.08964083660912, 37.562640533131784], [127.0891952728544, 37.562245741265556], [127.08870324863011, 37.56188761412015], [127.08816950228491, 37.56156960011253], [127.08759917370696, 37.56129476136653], [127.08699775483866, 37.56106574424313], [127.08637103681066, 37.560884753873225], [127.08572505420311, 37.560753532937504], [127.0850660269701, 37.56067334489709], [127.08483436690508, 37.5606634685622], [127.08502152741939, 37.56050053291716], [127.08542102578966, 37.560075652840524], [127.08576628222795, 37.55962164528733], [127.08605397235951, 37.559142883085045], [127.08628132643298, 37.5586439774047], [127.0864461559614, 37.55812973333632], [127.08654687475794, 37.557605103599634], [127.08658251416517, 37.55707514083635], [127.08656227573336, 37.556714846348996], [127.08707208481438, 37.55690899276442], [127.08769877136312, 37.557089979347296], [127.08834472596494, 37.55722118939838], [127.08900372651226, 37.55730135902497], [127.08966942514996, 37.55732971597919], [127.0903354094592, 37.55730598710183], [127.09099526426567, 37.55723040095543], [127.09164263347417, 37.557103685621684], [127.09227128133266, 37.556927061683915], [127.09287515253325, 37.55670223046279], [127.09344843056984, 37.55643135761875], [127.09398559378882, 37.55611705227964], [127.09448146859131, 37.55576234189516], [127.09493127927416, 37.55537064306096], [127.09533069402849, 37.5549457285942], [127.09567586665311, 37.55449169117828], [127.09596347358075, 37.55401290392805], [127.09619074586155, 37.553513978255474], [127.09635549579633, 37.5529997194428], [127.0964561379648, 37.55247508035146], [127.09649170444722, 37.551945113712904], [127.09646185409558, 37.55141492346162], [127.0963668757659, 37.55088961557884], [127.09620768548342, 37.55037424892078], [127.0959858175696, 37.549873786504676], [127.09570340981843, 37.54939304772163], [127.09536318286662, 37.54893666193624], [127.09496841395797, 37.548509023919], [127.09452290535603, 37.54811425154061], [127.0940309477098, 37.547756146134425], [127.09349727872647, 37.54743815590832], [127.09292703754923, 37.547163342757415], [127.09232571527895, 37.54693435279655], [127.09169910211632, 37.54675339089533], [127.09105323163219, 37.546622199460586], [127.09039432270151, 37.54654204166962], [127.08972871965864, 37.546513689315454], [127.08906283124874, 37.546537415380534], [127.08840306896082, 37.54661299141038], [127.08775578533458, 37.54673968971207], [127.08712721283322, 37.54691629035683], [127.0865234038687, 37.54714109291912], [127.08595017255537, 37.54741193283986], [127.08541303875135, 37.5477262022564], [127.0849171749251, 37.54808087509953], [127.08446735635796, 37.5484725362163], [127.0840679151618, 37.548897414239036], [127.08372269855394, 37.5493514178848], [127.08343503179194, 37.549830175336574], [127.08320768612502, 37.5503290763275], [127.08304285207257, 37.55084331652381], [127.08294211828746, 37.551367943779546], [127.08290645621018, 37.551897905818045], [127.08292667595171, 37.55225820111272], [127.08241690936228, 37.55206403689944], [127.08179027782444, 37.55188302245675], [127.08114438104117, 37.55175177677359], [127.08048543814056, 37.551671563549405], [127.08038105524831, 37.551667108934964], [127.08009916863415, 37.55163279340099], [127.07962474240308, 37.551612544609796], [127.07983887783834, 37.55142612299445], [127.08023835653644, 37.55100125968644], [127.08058360188697, 37.55054726652798], [127.08087128962143, 37.550068516207816], [127.08109865001096, 37.5495696197825], [127.08126349450708, 37.549055382252945], [127.08136423677816, 37.54853075627597], [127.08139990793998, 37.548000794457174], [127.08137016583603, 37.54747060068508], [127.0812752982796, 37.546945280975315], [127.08111622022916, 37.54642989429848], [127.0808944649254, 37.54592940386504], [127.08061216907815, 37.54544862933637], [127.08027205224684, 37.54499220042165], [127.07987739061541, 37.544564512307055], [127.07943198541487, 37.54416968334596], [127.07894012629929, 37.54381151541676], [127.07840655002776, 37.54349345732952], [127.07783639485146, 37.54321857163283], [127.07724071691506, 37.5429916256889], [127.07730821220794, 37.54287930379988], [127.07753557398505, 37.54238041363957], [127.07770042660658, 37.541866180510745], [127.07780118366213, 37.541341557027856], [127.07783687612458, 37.540811595772546], [127.07780716163171, 37.54028140062804], [127.07771232773054, 37.53975607762328], [127.07755328905489, 37.53924068576074], [127.07733157846597, 37.53874018830101], [127.07704933224267, 37.5382594049733], [127.0767092694664, 37.53780296557173], [127.07631466580041, 37.53737526538362], [127.07586932191757, 37.53698042287879], [127.07537752688145, 37.53662224006626], [127.07484401683438, 37.536304165899494], [127.07427392939002, 37.5360292630821], [127.07367275416998, 37.53580017859235], [127.07304627996005, 37.53561911821004], [127.07240053899413, 37.5354878252901], [127.07179990075922, 37.53541464886234], [127.07178892782022, 37.53541046722548], [127.0715204387555, 37.53533286515187], [127.07192310537901, 37.53498229362006], [127.07232254010401, 37.53455745564604], [127.07266775644706, 37.53410348419702], [127.07295543041809, 37.53362475175248], [127.07318279241974, 37.53312586919674], [127.07334765388688, 37.532611641397125], [127.07344842832327, 37.5320870209168], [127.07348414653367, 37.531557060308586], [127.07345446590729, 37.53102686344954], [127.07335967366434, 37.53050153638533], [127.07320068403695, 37.52998613815766], [127.07297902941347, 37.52948563208867], [127.07269684553353, 37.529004837990676], [127.07235685087788, 37.52854838576172], [127.0719623204536, 37.528120670812946], [127.07151705422825, 37.527725811756525], [127.07102534051774, 37.527367610761026], [127.07049191468141, 37.527049516955266], [127.06992191352235, 37.52677459323208], [127.0693208258317, 37.526545486771184], [127.0686944395529, 37.52636440356402], [127.06804878607363, 37.52623308718534], [127.06739008218076, 37.526152802015304], [127.0667246702358, 37.526124321073084], [127.06605895714505, 37.52614791857883], [127.06539935271032, 37.52622336731538], [127.06475220795214, 37.526349940814924], [127.06412375399698, 37.526526420349754], [127.06352004211544, 37.52675110665991], [127.06294688548691, 37.527021836305046], [127.06240980324974, 37.52733600248387], [127.06191396737503, 37.5276905801208], [127.0614641528739, 37.52808215497928], [127.06106469181758, 37.528506956522], [127.06071943161321, 37.52896089420243], [127.0604316979363, 37.529439596838756], [127.06020426267875, 37.52993845469219], [127.06003931722083, 37.53045266384472], [127.05993845128656, 37.53097727244975], [127.0599026375873, 37.531507228410845], [127.05993222240346, 37.53203742802951], [127.0600269221968, 37.53256276515405], [127.06018582628796, 37.53307818035612], [127.06040740557565, 37.5335787096613], [127.06068952721542, 37.53405953236429], [127.06102947511836, 37.53451601746777], [127.06142397607402, 37.53494376829728], [127.06186923124734, 37.535338664861754], [127.06236095274717, 37.5356969035512], [127.06289440491477, 37.536015033788246], [127.06346444993518, 37.536289991280036], [127.06406559733166, 37.536519127549134], [127.064334082745, 37.53659674653483], [127.06393137209366, 37.5369472918168], [127.06353187716311, 37.53737210085815], [127.06318659043622, 37.537826044907334], [127.06289883784437, 37.53830475272135], [127.06267139146212, 37.53880361451161], [127.06250644277735, 37.53931782632223], [127.06240558154583, 37.53984243628107], [127.06236978043421, 37.540372392278584], [127.06239938560233, 37.5409025906159], [127.06249411331652, 37.54142792515358], [127.06265305262902, 37.54194333648803], [127.06287467409989, 37.54244386068196], [127.06315684447878, 37.542924677079114], [127.06349684720773, 37.543381154742725], [127.0638914085484, 37.54380889706976], [127.06433672908433, 37.544203784150895], [127.06482852029472, 37.54456201246724], [127.06536204584937, 37.5448801315412], [127.06593216722622, 37.54515507718723], [127.06653339321284, 37.545384201041884], [127.067159932814, 37.54556529608768], [127.06780575105515, 37.545696617924406], [127.06840646757763, 37.54576981502869], [127.06841187601403, 37.54577187601728], [127.06834436477267, 37.54588419266738], [127.06811693104821, 37.546383064389204], [127.06795200247842, 37.54689728327605], [127.06785116862586, 37.54742189738753], [127.06781540189417, 37.54795185457401], [127.06784504811262, 37.548482051124985], [127.06793982315264, 37.54900738091806], [127.06809881561121, 37.549522784595126], [127.06832049553684, 37.5500232982924], [127.06860272911644, 37.5505041014545], [127.06894279918347, 37.55096056327188], [127.06933743135119, 37.551388287293925], [127.06978282552076, 37.551783153787355], [127.07027469246212, 37.552141359431445], [127.07080829511537, 37.55245945396678], [127.07137849421554, 37.55273437344403], [127.07197979780112, 37.55296346975175], [127.07260641412904, 37.55314453613772], [127.07325230748526, 37.553275828477766], [127.07391125635273, 37.553356082086275], [127.07438569186478, 37.55337635388702], [127.07417153731457, 37.55356276543379], [127.07377201056073, 37.55398760773714], [127.07342670801025, 37.55444158036395], [127.07313895574795, 37.5549203117962], [127.07291152584631, 37.555419192017894], [127.07274660963583, 37.55593341689559], [127.07264579656066, 37.55645803443118], [127.07261005882506, 37.55698799244195], [127.07263974197963, 37.55751818720934], [127.07273456154076, 37.55804351262794], [127.0728936056771, 37.558558909381595], [127.07311534393995, 37.559059413673], [127.07339764195474, 37.559540205037074], [127.07373778193457, 37.55999665277772], [127.07413248881943, 37.560424360579596], [127.07457796179092, 37.56081920886548], [127.07506991085987, 37.56117739448976], [127.07560359817506, 37.56149546738565], [127.07617388365584, 37.56177036381213], [127.07677527450828, 37.56199943587964], [127.07740197814823, 37.56218047706935], [127.07804795802022, 37.562311743499734], [127.07870699177329, 37.562391970734794], [127.07881138950746, 37.562396426911164], [127.07909331600506, 37.56243074569903], [127.07932498067498, 37.56244063332444], [127.07913780294706, 37.56260355978119], [127.07873825546177, 37.56302841811778], [127.07839294065255, 37.56348240450385], [127.07810518472277, 37.56396114728894], [127.07787775978086, 37.56446003634776], [127.07771285711014, 37.56497426746175], [127.07761206602511, 37.565498888572705], [127.07757635851888, 37.566028847463386], [127.0776060798516, 37.566559040406624], [127.07770094517254, 37.56708436131439], [127.07786004221023, 37.56759975091378], [127.07808184000686, 37.56810024547614], [127.07836420361491, 37.56858102462989], [127.07870441461591, 37.56903745779626], [127.07909919726598, 37.569465148800084], [127.07954475001694, 37.56985997822563], [127.08003678211114, 37.570218143108754], [127.08057055489748, 37.570536193582264], [127.08114092747167, 37.570811066120946], [127.0811538232598, 37.57081597696631], [127.08086486217984, 37.57119585670306], [127.08057709186821, 37.57167460480436], [127.08034965942363, 37.572173497931345], [127.08018475620219, 37.572687731826356], [127.0800839715242, 37.57321235440439], [127.08004827732161, 37.573742313434046], [127.080078018727, 37.574272505186755], [127.08017291069685, 37.574797823585875], [127.0803320407035, 37.575313209382514], [127.08055387747207, 37.575813698884524], [127.08083628567998, 37.57629447176892], [127.08117654647955, 37.57675089751711], [127.08157138364743, 37.57717858002519], [127.08201699511044, 37.577573399959114], [127.08250908954537, 37.57793155444598], [127.08276858846845, 37.578086154092], [127.08252850096513, 37.57840176365219], [127.08224071309704, 37.57888051512211], [127.08201326934774, 37.57937941078038], [127.08184836118265, 37.57989364634498], [127.08174757797019, 37.58041826971483], [127.08171189162867, 37.58094822865093], [127.08174164721545, 37.58147841942557], [127.08183655955091, 37.582003735971455], [127.08199571591175, 37.58251911905748], [127.08221758476968, 37.58301960501745], [127.08250003049339, 37.583500373562366], [127.08284033387416, 37.58395679421529], [127.0832352182787, 37.58438447092125], [127.0833345530542, 37.584472472265226], [127.0832119906091, 37.58454414156737], [127.08271587066149, 37.58489880142885], [127.08226581736679, 37.58529045031856], [127.08186616509751, 37.58571531698728], [127.08152076310436, 37.586169310262164], [127.08123293843126, 37.58664805842673], [127.08100546384969, 37.58714695130418], [127.0808405311224, 37.58766118463938], [127.08073972985478, 37.5881858063529], [127.0807040321395, 37.58871576422169], [127.08073378314404, 37.589245954528394], [127.0808286977334, 37.589771271210246], [127.08098786316312, 37.590286655034795], [127.08120974781802, 37.59078714232872], [127.08149221591516, 37.591267912790094], [127.08161383048379, 37.591431012173466], [127.08142484291868, 37.59154150912466], [127.0814061765491, 37.59155485140433], [127.08133933060999, 37.59148245879731], [127.08089364052886, 37.59108763675803], [127.0804014678855, 37.590729475859796], [127.07986755245811, 37.590411424844035], [127.0792970357632, 37.59013654619037], [127.07869541155429, 37.589907486643476], [127.07806847293871, 37.58972645174223], [127.07742225661974, 37.5895951845956], [127.07676298480072, 37.589514949109244], [127.07609700530828, 37.58948651782377], [127.07543073051016, 37.58951016448129], [127.07477057561341, 37.58958566139167], [127.0741228969358, 37.589712281623804], [127.0734939307421, 37.58988880600077], [127.07288973323303, 37.59011353483174], [127.07231612226234, 37.59038430426805], [127.07177862134239, 37.59069850712641], [127.07128240647552, 37.591053117979314], [127.07083225632277, 37.59144472227156], [127.07043250618888, 37.59186954918361], [127.07008700626648, 37.59232350792572], [127.0697990845423, 37.59280222711423], [127.06957151472224, 37.59330109685172], [127.06946225302123, 37.59364155557088], [127.06942344009632, 37.59358948916514], [127.06902858704659, 37.59316176710484], [127.06858295252677, 37.59276689902983], [127.06809082840024, 37.59240868719433], [127.0675569539787, 37.59209058083023], [127.0669864703843, 37.59181564295005], [127.06638487105234, 37.59158652086868], [127.06575794885102, 37.591405420726915], [127.06511174032592, 37.59127408626171], [127.06473245402947, 37.5912278868897], [127.06481543905984, 37.59096935197957], [127.06491635591473, 37.59044474482926], [127.06492577129201, 37.59030540960447], [127.06493712802454, 37.59024637201844], [127.06497293832597, 37.58971641975316], [127.06494329900734, 37.58918622620799], [127.06484849689505, 37.58866089739682], [127.06468944632027, 37.58814549237814], [127.06446768026204, 37.587644974539145], [127.06418533553655, 37.58716416380504], [127.06384513217652, 37.586707690233375], [127.0634503472013, 37.586279949439934], [127.06300478303157, 37.58588506028476], [127.0625127308535, 37.58552682522522], [127.0619789292862, 37.585208693717], [127.06140851875058, 37.58493372901484], [127.0608069919789, 37.584704578692], [127.06018014114102, 37.58452344916123], [127.05953400209586, 37.58439208444249], [127.05887479630333, 37.5843117493807], [127.05820887095483, 37.58428321747491], [127.05754263789704, 37.58430676343567], [127.05688251193544, 37.5843821605421], [127.05623484910913, 37.584508682823646], [127.05560588553013, 37.58468511204617], [127.05500167737358, 37.58490974943473], [127.05442804259532, 37.58518043202086], [127.05389050493629, 37.58549455345735], [127.05339424075183, 37.58584908910049], [127.05294402917701, 37.5862406251193], [127.05254420610706, 37.58666539135167], [127.05219862243602, 37.58711929759229], [127.05191060695611, 37.58759797296329], [127.0516829342752, 37.588096807989494], [127.05168198522156, 37.58809976311573], [127.05166156347931, 37.58814450717186], [127.0514964270115, 37.58865869812039], [127.05139541861436, 37.58918329336784], [127.05135951237489, 37.58971324094702], [127.05136437356529, 37.5898004829657], [127.0513600759319, 37.58986391205148], [127.05138961907831, 37.59039410833175], [127.05148432855695, 37.59091944720752], [127.05164329359916, 37.59143486923351], [127.05186498452039, 37.59193541036928], [127.05214726740458, 37.5924162497951], [127.05248742461285, 37.59287275635188], [127.05288218092136, 37.59330053315768], [127.05332773503753, 37.59369545997025], [127.05381979619209, 37.594053732887176], [127.05435362545543, 37.59437190100027], [127.05492408138026, 37.59464689965074], [127.05552566953124, 37.59487607996364], [127.05615259542358, 37.595057234376775], [127.05679882036047, 37.59518861791726], [127.05717812157548, 37.59523484284963], [127.05709510529259, 37.59549337200583], [127.05699412642673, 37.596017971629145], [127.05695825610073, 37.596547920530405], [127.05698784114476, 37.59707811507935], [127.0570825980228, 37.59760344917308], [127.0572416155101, 37.598118863412175], [127.05746336341731, 37.59861939383096], [127.0577457072797, 37.59910021971271], [127.05808592887117, 37.599556710028544], [127.05848075234788, 37.59998446805272], [127.05892637577016, 37.60037937372368], [127.05941850770108, 37.600737623342496], [127.05995240852901, 37.60105576622524], [127.0605229361171, 37.601330737955976], [127.06070698471271, 37.60140083641169], [127.06070222321775, 37.60142557750511], [127.06066637620316, 37.60195552719772], [127.06069598932943, 37.60248572051122], [127.06079077879052, 37.603011051354486], [127.06094983304813, 37.60352646035927], [127.06117162155904, 37.604026983610126], [127.06145400946765, 37.60450780045922], [127.06179427812381, 37.6049642799645], [127.06218915123036, 37.605392025504166], [127.0626348263696, 37.60578691713682], [127.06312701160635, 37.60614515129851], [127.06366096681548, 37.606463277454175], [127.06423154933601, 37.60673823134884], [127.06483326351258, 37.60696736453855], [127.06546031364584, 37.60714846991493], [127.06610665984144, 37.60727980297745], [127.06676607621812, 37.60736009864762], [127.06743221091317, 37.60738858346276], [127.06809864730504, 37.60736498303143], [127.06875896586205, 37.60728952467865], [127.06940680601922, 37.60716293525492], [127.0700359274854, 37.60698643413086], [127.07064027038815, 37.60676172144442], [127.07121401367552, 37.60649096171479], [127.07175163121053, 37.606176762981015], [127.07224794501677, 37.60582215166686], [127.0726981751617, 37.605430543414755], [127.07309798579587, 37.60500571017055], [127.0733053429186, 37.60473328852199], [127.07335210613255, 37.604812884315024], [127.07369244920231, 37.60526932994698], [127.07408739242433, 37.60569703608213], [127.0742740281338, 37.60586236303336], [127.07403509317854, 37.60597513065089], [127.07349748660756, 37.60628933986551], [127.07300117555684, 37.606643956423966], [127.0725509396137, 37.607035565716444], [127.07215111490923, 37.60746039687553], [127.07180555235466, 37.60791435907086], [127.07151758054042, 37.6083930808858], [127.0712899736556, 37.6088919523978], [127.07112492473786, 37.609406169558056], [127.07102402451262, 37.60993078044331], [127.07098824602687, 37.61046073293528], [127.0710179352273, 37.61099092336871], [127.07106835577808, 37.61127011037148], [127.07102279169291, 37.61122974871089], [127.07053053499438, 37.61087154734734], [127.06999651888943, 37.61055345213557], [127.06942588586415, 37.61027852598043], [127.06882413079231, 37.610049416083555], [127.06819704804104, 37.60986832846822], [127.06755067570107, 37.60973700675053], [127.06689123747732, 37.60965671536127], [127.06622508279781, 37.60962822737898], [127.06555862571615, 37.60965181709146], [127.06489828319347, 37.60972725735669], [127.06425041335295, 37.609853821788924], [127.06362125429897, 37.61003029174852], [127.06322906387132, 37.61017608532398], [127.06322208317441, 37.610051190290115], [127.06312726815084, 37.60952586186285], [127.06296818647434, 37.60901045614209], [127.0627463714248, 37.60850993652167], [127.0624639602914, 37.608029122943734], [127.0621236737474, 37.60757264549294], [127.06172878961405, 37.60714489982209], [127.06128311126746, 37.60675000483781], [127.06079093099362, 37.606391763053225], [127.06025698864532, 37.60607362398834], [127.05968642599893, 37.60579865097028], [127.05908473725103, 37.605569491652], [127.0584577161306, 37.60538835253254], [127.0578114001354, 37.60525697772388], [127.05715201242833, 37.60517663216786], [127.05648590195132, 37.60514808946443], [127.05581948233257, 37.60517162442805], [127.0556425145187, 37.60519182873246], [127.05562990933697, 37.60515097332428], [127.0554081548008, 37.60465043996898], [127.05512580542229, 37.60416960890911], [127.0547855812801, 37.603713110397884], [127.05439075959474, 37.603285340291116], [127.05394514314123, 37.60289041773093], [127.05345302360989, 37.60253214549609], [127.05291914026887, 37.602213973399934], [127.05234863432678, 37.60193896508773], [127.05174699943454, 37.60170976855222], [127.05112002880304, 37.60152859065083], [127.05047375944422, 37.60139717586891], [127.04981441407217, 37.601316789533065], [127.04914834122164, 37.601288205635804], [127.0484819541587, 37.60131169938808], [127.04809432881395, 37.601355931820265], [127.04808093996778, 37.60111548821855], [127.04798624225357, 37.60059014759002], [127.04782728365522, 37.600074721474726], [127.04760559626719, 37.599574173463424], [127.0473233161492, 37.59909332377214], [127.04698316271302, 37.59863680283377], [127.04658841249841, 37.59820900672029], [127.0461428675924, 37.59781405482448], [127.0456508189966, 37.59745575020775], [127.04511700529656, 37.59713754299536], [127.04454656703064, 37.59686249717076], [127.04394499719858, 37.59663326108801], [127.04331808838519, 37.59645204198526], [127.04267187700769, 37.596320584744554], [127.0420125852223, 37.596240155101235], [127.04134656104806, 37.596211527464654], [127.04068021728273, 37.596234977466786], [127.04001996979703, 37.59631027931034], [127.0393721757994, 37.596436707941756], [127.03874307266392, 37.596613046028445], [127.0381387179086, 37.596837595672866], [127.03756493089978, 37.59710819475146], [127.0370272368433, 37.59742223772115], [127.03653081359958, 37.59777670069396], [127.0360804418345, 37.598168170538976], [127.03568045898514, 37.59859287773163], [127.0353347174837, 37.59904673263558], [127.03504654764188, 37.59952536486781], [127.03481872555399, 37.600024165369135], [127.03465344632845, 37.600538330775365], [127.03455230290717, 37.601062909662566], [127.03451627067804, 37.601592850221685], [127.03454569803066, 37.60212304890351], [127.0346403029481, 37.60264839956603], [127.03479917566972, 37.60316384265091], [127.03502078740128, 37.60366441391526], [127.03530300499045, 37.604145292249456], [127.03564311142848, 37.604601846119884], [127.03603783198164, 37.60502967818897], [127.03648336570282, 37.60542466768222], [127.0369754220202, 37.60578301009337], [127.03750926205156, 37.60610125384472], [127.03807974424659, 37.606376333548646], [127.03868137391734, 37.60660559954918], [127.03930835617953, 37.606786843458366], [127.03995465179327, 37.60691831944093], [127.04061403536525, 37.606998761041254], [127.04128015534906, 37.60702739339049], [127.04194659526506, 37.607003940675554], [127.0423342533847, 37.60695972869382], [127.04234762457983, 37.60720017259529], [127.04244229049199, 37.60772551695558], [127.04260122759476, 37.60824094951966], [127.04282290647399, 37.608741506145726], [127.0431051933307, 37.60922236586487], [127.0434453704889, 37.60967889732252], [127.04384016253366, 37.61010670339671], [127.04428576782904, 37.610501663563156], [127.0447778951135, 37.61085997359788], [127.04531180482095, 37.61117818223492], [127.04588235472957, 37.61145322442478], [127.04648404949874, 37.611682450872806], [127.04711109361664, 37.61186365357204], [127.04775744724724, 37.61199508708419], [127.04841688443787, 37.61207548536282], [127.04908305312536, 37.612104073956495], [127.04974953636061, 37.61208057747378], [127.0499265220207, 37.61206038214534], [127.0499391252041, 37.612101238102326], [127.05016086459968, 37.61260178100937], [127.05044321322067, 37.61308262326099], [127.05078345279615, 37.613539133670606], [127.05117830730987, 37.61396691531883], [127.05162397452393, 37.61436184791638], [127.05211616258016, 37.61472012750477], [127.05265013132676, 37.615038303111156], [127.05322073797285, 37.615313310004126], [127.05382248663098, 37.615542499229015], [127.05444958126982, 37.61572366313742], [127.05509598156632, 37.615855056664756], [127.05575546111803, 37.61593541414984], [127.0564216674534, 37.615963961534284], [127.05708818326045, 37.61594042382374], [127.05774858824205, 37.61586502773879], [127.05839652100018, 37.61573849953007], [127.05879809099174, 37.61562589439981], [127.05880629302646, 37.615772787799536], [127.0589010851123, 37.616298119000945], [127.05906015368767, 37.616813529489065], [127.05928196807231, 37.61731405533414], [127.05956439316225, 37.61779487586319], [127.05990470994986, 37.61825136009858], [127.06012085829055, 37.618485471531585], [127.05980372349906, 37.618547404592015], [127.05917448071627, 37.61872385005559], [127.0585700067238, 37.618948502741006], [127.05799612203633, 37.61921919953309], [127.05745835280054, 37.61953333394844], [127.0569618776015, 37.61988788121906], [127.05651147760639, 37.620279427402636], [127.0561114905254, 37.62070420223985], [127.05576576883297, 37.62115811544312], [127.0556773304325, 37.62130504399169], [127.05560059081495, 37.621221921989495], [127.05515486183221, 37.62082700447394], [127.0546626191044, 37.620468737580325], [127.05412860308596, 37.62015057107018], [127.05355795626282, 37.61987556853464], [127.0529561736421, 37.61964637791055], [127.0523290498565, 37.619465205998154], [127.05168262339197, 37.619333797224876], [127.05151364073718, 37.61931320201033], [127.0514993472919, 37.619056775515574], [127.05140460403773, 37.618531438924926], [127.05124558487299, 37.61801601858212], [127.05102382247637, 37.617515478022035], [127.05074145363082, 37.61703463738863], [127.05040119860327, 37.61657812702721], [127.05000633491228, 37.61615034290758], [127.04956066573793, 37.615755404306604], [127.0490684832786, 37.615397114157275], [127.04853452740865, 37.615078922445214], [127.04796394003512, 37.61480389300429], [127.04736221559303, 37.614574674030465], [127.04673514815522, 37.61439347259696], [127.04608877566552, 37.614262033415486], [127.04542932183055, 37.6141816220474], [127.04476313622877, 37.61415301272606], [127.04420353229823, 37.61417271714699], [127.0442439017945, 37.61404710357494], [127.0443449957655, 37.6135225172034], [127.04438096492426, 37.61299257429387], [127.04435146424856, 37.612462378554056], [127.04425677923126, 37.611937036019604], [127.0440978230777, 37.61142160588168], [127.04387612785953, 37.61092105176975], [127.04359382971265, 37.61044019395855], [127.0432536482231, 37.60998366295908], [127.04285886020136, 37.60955585494008], [127.04241326809901, 37.60916088940881], [127.04192116337249, 37.60880256955776], [127.04138728514802, 37.60848434565869], [127.04081677458537, 37.60820928185552], [127.04021512538036, 37.607980026675165], [127.0395881308819, 37.60779878753947], [127.03894182833187, 37.60766730952318], [127.03828244076401, 37.607586858561476], [127.03761631711912, 37.60755820926888], [127.03727398407175, 37.60757024410429], [127.03724975099463, 37.60743571140402], [127.03709085255214, 37.606920271818204], [127.03686921747735, 37.60641970456063], [127.03658698132686, 37.60593883003284], [127.0362468630898, 37.60548227890703], [127.03585213896767, 37.60505444754598], [127.03540661079691, 37.604659455681876], [127.03491456941867, 37.604301106760914], [127.03438075334941, 37.60398285133491], [127.03381030315082, 37.603707753851424], [127.03320871193787, 37.603478463161665], [127.03258177250143, 37.60329718702945], [127.03193552155362, 37.60316567088565], [127.0319326717536, 37.60316532300058], [127.03191917098793, 37.60292192687391], [127.03182458490348, 37.602396574180425], [127.03166573432367, 37.601881127172874], [127.03144415030326, 37.601380549643636], [127.03116196790708, 37.600899662093376], [127.03082190560656, 37.600443095319896], [127.03042723906461, 37.60001524583684], [127.0299817695633, 37.59962023355107], [127.029489787379, 37.59926186210558], [127.0289560304585, 37.59894358226915], [127.02838563879416, 37.59866845872452], [127.02778410493767, 37.59843914057389], [127.02715722112801, 37.59825783584549], [127.02651102354199, 37.59812629024553], [127.02585173420341, 37.59804577035985], [127.02518570110787, 37.598017051466414], [127.02451933713901, 37.5980404100755], [127.02385905836196, 37.598115621269486], [127.02321122228611, 37.598241960867355], [127.02258206669028, 37.59841821239351], [127.02197764959702, 37.598642678783676], [127.02140379097233, 37.59891319871575], [127.02086601671088, 37.599227167408664], [127.02036950544463, 37.5995815616897], [127.01991903868628, 37.59997296908939], [127.01966384962066, 37.60024382910937], [127.01955387674909, 37.600056352972004], [127.01921388953178, 37.599599753198746], [127.01881929428822, 37.59917186532368], [127.01837389161435, 37.5987768096235], [127.0178819711436, 37.598418390159416], [127.0176874831631, 37.59830238617828], [127.01827042223796, 37.5982360160987], [127.01891826632149, 37.59810970367868], [127.01954742774186, 37.597933471716175], [127.0201518462406, 37.59770901775561], [127.02072570003602, 37.59743850382336], [127.02126346192478, 37.597124535590375], [127.02175995253788, 37.596770137259874], [127.02221039023729, 37.596378722422855], [127.0226104371719, 37.59595406116238], [127.02295624104924, 37.595500243724814], [127.02324447222055, 37.595021641108225], [127.02347235572275, 37.59452286294852], [127.02363769796989, 37.59400871310964], [127.0237389078379, 37.593484143405846], [127.02377501194132, 37.59295420590287], [127.02374566395686, 37.592424004256905], [127.02365114790558, 37.59189864456117], [127.02349237536461, 37.591383186172834], [127.02327087663659, 37.590882592994184], [127.0229887859647, 37.59040168567698], [127.02285747032107, 37.59022532280814], [127.02286072186442, 37.590224115102515], [127.02343450822788, 37.589953587195886], [127.0239568338711, 37.58964858144205], [127.02401897277109, 37.589715964324284], [127.02446435203339, 37.59011099916161], [127.02495625011866, 37.590469391536715], [127.0254899296693, 37.59078768939097], [127.02606025068143, 37.59106282681591], [127.0266617200205, 37.59129215359974], [127.02728854434739, 37.591473460769166], [127.02793468594449, 37.591605001879586], [127.02859392090299, 37.59168550984795], [127.02925989910892, 37.59171420916601], [127.02969675006739, 37.59169887714784], [127.02978132056526, 37.59197335838938], [127.03000286618786, 37.59247393957465], [127.03028500985353, 37.59295483031753], [127.03062503526512, 37.59341139896517], [127.0310196684691, 37.593839248037966], [127.03146510935966, 37.59423425659789], [127.03195706825912, 37.594592619955336], [127.03249080722382, 37.59491088633108], [127.03306118567723, 37.59518599011976], [127.03366270993112, 37.59541528143358], [127.03428958611704, 37.59559655164091], [127.03493577601756, 37.595728054653215], [127.03559505525814, 37.59580852375451], [127.03626107329804, 37.59583718381105], [127.0369274146401, 37.595813758742764], [127.03758766066872, 37.59573847418479], [127.0382354515177, 37.595612055312934], [127.03886454737066, 37.595435719854294], [127.03946888860138, 37.59521116635047], [127.04004265417323, 37.59494055778684], [127.04058031773349, 37.59462650074595], [127.04107670086117, 37.59427202028648], [127.04152702295447, 37.593880530790315], [127.04192694727668, 37.593455803059484], [127.04227262271709, 37.59300192798025], [127.04256072086474, 37.59252327710548], [127.04278846803835, 37.59202446053544], [127.04295367196544, 37.59151028250344], [127.0430547428544, 37.59098569509475], [127.04309070865835, 37.59045575054498], [127.04308569405204, 37.59036557637589], [127.04311080957665, 37.589995502215515], [127.04308132530927, 37.5894653042121], [127.04298667670159, 37.58893995886235], [127.04282777660677, 37.588424525384724], [127.04260615655525, 37.587923967441114], [127.04232395195781, 37.58744310534345], [127.04198388149864, 37.58698656964439], [127.04158922091821, 37.58655875655838], [127.0411437714403, 37.586163785641894], [127.04065182314783, 37.585805460139746], [127.0401181136605, 37.585487230378575], [127.03954778251371, 37.58521216055918], [127.03894632167608, 37.58498289926679], [127.03831952268354, 37.58480165398246], [127.03767342089638, 37.58467016984038], [127.03701423741626, 37.584589712834955], [127.03634831922005, 37.58456105763897], [127.03572742103466, 37.58458288618337], [127.03558521997076, 37.58426161348737], [127.03530307429342, 37.58378073469787], [127.03511885526945, 37.58353337209817], [127.03573543544849, 37.583463063913236], [127.03588473191972, 37.583433925952576], [127.03636377640824, 37.5835724605892], [127.03700986634952, 37.583703951846], [127.03766904202409, 37.583784408836], [127.03833495388933, 37.58381305654218], [127.03900118747147, 37.58378961900354], [127.03966132519349, 37.583714321975336], [127.03992754208852, 37.58366235548509], [127.04020470820707, 37.58390812827776], [127.04069664194536, 37.58426645566199], [127.04123034526093, 37.58458468283184], [127.04180067792035, 37.58485974455981], [127.04240214667631, 37.585088991363456], [127.04302895819487, 37.585270215040154], [127.04367507488159, 37.5854016699498], [127.04385152753333, 37.585423196938194], [127.0438560618573, 37.58542649946693], [127.0443897870019, 37.58574471243128], [127.04496014025148, 37.58601975897323], [127.04556162816027, 37.586248989756626], [127.04618845720972, 37.58643019673317], [127.0468345896364, 37.58656163442363], [127.04749380161952, 37.58664203674159], [127.04815974326645, 37.58667062919684], [127.04882599981632, 37.58664713636074], [127.04948615347081, 37.58657178452143], [127.05013384525407, 37.586445299503], [127.05076283630464, 37.58626889966978], [127.05136706800657, 37.58604428418357], [127.05178906434624, 37.58584517326341], [127.05234960270991, 37.585636793214334], [127.05292324843083, 37.58536612082075], [127.05346078918083, 37.58505200380249], [127.05395704772258, 37.58469746779577], [127.05440724465478, 37.58430592771732], [127.05480704444682, 37.58388115485605], [127.05515259718774, 37.58342724053258], [127.05544057564853, 37.582948556677366], [127.0556682073008, 37.58244971370787], [127.05583330098449, 37.58193551611123], [127.05593426796943, 37.5814109161607], [127.05597013720903, 37.58088096621218], [127.05594056464126, 37.580350770040766], [127.05584583644908, 37.579825433685905], [127.05568686625129, 37.579310016279116], [127.05546518625262, 37.578809481327205], [127.0551829324402, 37.5783286489205], [127.05484282397126, 37.57787214932559], [127.05444813695142, 37.57744437840918], [127.05400267285829, 37.577049455321664], [127.05361501054146, 37.57676713344761], [127.0535874796191, 37.57674272561404], [127.05309553268539, 37.576384451416565], [127.05256183649759, 37.57606627750346], [127.05199153046242, 37.575791267537966], [127.05139010630644, 37.575562069529205], [127.05076335521213, 37.575380890349216], [127.05011731207861, 37.57524947449594], [127.04945819744289, 37.57516908730658], [127.04879235761922, 37.57514050278197], [127.0483304113676, 37.57515679471419], [127.04836290574968, 37.57515308533082], [127.04901050025822, 37.57502660560283], [127.04963939756504, 37.574850210810325], [127.05024353995758, 37.57462560006635], [127.05081710831543, 37.57435493690743], [127.05135457818642, 37.5740408284417], [127.05185077301583, 37.5736863002228], [127.05230091401599, 37.57329476709224], [127.05270066619475, 37.57287000027179], [127.05304618009941, 37.572416091023705], [127.05309195427392, 37.572339997492854], [127.05322493989165, 37.57233530195278], [127.05388496286291, 37.57225992448955], [127.05453252323625, 37.572133414185636], [127.05516138341677, 37.57195698964893], [127.05576548604971, 37.571732350279014], [127.05633901239797, 37.57146165988818], [127.05687643841426, 37.571147525846854], [127.05737258796665, 37.57079297395495], [127.05782268270377, 37.57040141928194], [127.0582223880793, 37.56997663325701], [127.05856785509148, 37.569522707327245], [127.05885575733667, 37.56904401353457], [127.05908332301995, 37.568545162391906], [127.05924836161603, 37.56803095846482], [127.05934928492452, 37.567506354087286], [127.05938512231863, 37.56697640165771], [127.05935553004201, 37.56644620497488], [127.05926079446651, 37.565920870083154], [127.05919978177238, 37.565723049034716], [127.05925538103385, 37.56576354150648], [127.05978903292561, 37.56608168542783], [127.06035929433284, 37.56635665788778], [127.0609606726941, 37.56658581026422], [127.06158737554605, 37.56676693526452], [127.06223336634108, 37.56689828819958], [127.0628924226232, 37.566978603799825], [127.06355819600026, 37.56700710841075], [127.0642242733332, 37.56698352745023], [127.06488423855103, 37.56690808805558], [127.06553173449419, 37.56678151689439], [127.06616052418892, 37.56660503316088], [127.06676455095986, 37.56638033682498], [127.0673379968013, 37.56610959224771], [127.06787533844191, 37.56579540732141], [127.06837140056301, 37.565440808336085], [127.06882140565594, 37.56504921081464], [127.06922102003821, 37.56462438659879], [127.0695663955849, 37.564170427503214], [127.06985420677353, 37.563691705889], [127.07008168268642, 37.563192832536686], [127.07024663366292, 37.562678612225426], [127.07034747234637, 37.562153997446636], [127.07038322892483, 37.561624040698476], [127.07035356041997, 37.56109384582102], [127.07025875393732, 37.560568518840874], [127.07009972384822, 37.56005311879888], [127.06987800293258, 37.559552609034434], [127.06959572757013, 37.55907180939518], [127.06925561712411, 37.558615349832124], [127.06886094771792, 37.55818762582655], [127.06841552065835, 37.557792756077305], [127.06792362581058, 37.557434542855404], [127.06739000027848, 37.55711643540677], [127.06681978278785, 37.556841496755055], [127.06621846421245, 37.55661237422316], [127.06559183471808, 37.55643127395677], [127.06494592803331, 37.5562999396945], [127.06428696338176, 37.55621963598833], [127.0636212856343, 37.55619113603571], [127.06295530425498, 37.55621471423969], [127.06229543162738, 37.55629014356895], [127.06164802135281, 37.55641669774267], [127.0610193071129, 37.55659315821944], [127.06041534268324, 37.55681782592312], [127.0598419436739, 37.55708853759297], [127.05930463155644, 37.55740268660128], [127.05880858051495, 37.55775724803835], [127.05835856763233, 37.55814880782422], [127.05795892689042, 37.55857359556736], [127.05761350742715, 37.5590275208547], [127.05732563645265, 37.55950621262438], [127.05709808718217, 37.56000506124278], [127.0570701647606, 37.56009205996371], [127.05686676282784, 37.55974548549145], [127.05652672738096, 37.55928898978475], [127.05613212764948, 37.55886122371673], [127.05568676426986, 37.558466306391445], [127.05519492649472, 37.55810804053812], [127.05466135087896, 37.557789875909485], [127.05409117566832, 37.557514876079765], [127.05348989132999, 37.55728568896082], [127.05286328770052, 37.55710452132009], [127.05221739825981, 37.55697311754473], [127.05155844206577, 37.55689274285582], [127.05089276390791, 37.55686417113398], [127.05022677325431, 37.55688767747311], [127.0501746287272, 37.55689363240305], [127.05027978464368, 37.55656607940979], [127.05038075448056, 37.55604148198609], [127.05041664905794, 37.55551153162395], [127.05038712406795, 37.554981332102514], [127.05029246523372, 37.55445598949378], [127.05013358550447, 37.553940562989744], [127.04991201621225, 37.55344001618524], [127.0496298922769, 37.55295916928518], [127.04928993160391, 37.55250265269626], [127.04924342266294, 37.55245222228316], [127.04960517909508, 37.552350723779746], [127.05020913922931, 37.55212611118072], [127.05078253440573, 37.55185544604443], [127.05131984184067, 37.55154133549763], [127.05181588654433, 37.55118680511361], [127.05226589117497, 37.55079526975425], [127.05266552205359, 37.550370500662375], [127.05301093089525, 37.54991658912167], [127.05329879185557, 37.549437907035234], [127.05333490947726, 37.549358726441255], [127.0537758955858, 37.54952683267501], [127.05440243821604, 37.549707995311984], [127.05504826904475, 37.54983938691858], [127.05570716715769, 37.54991974185275], [127.0563727856872, 37.54994828608108], [127.0570387129867, 37.54992474463973], [127.05769853443121, 37.549849344285136], [127.05834589424687, 37.54972281130863], [127.05897455677164, 37.54954636453632], [127.05957846655572, 37.54932170358179], [127.06015180672031, 37.54905099246491], [127.06068905501213, 37.54873683875539], [127.0611850370115, 37.548382268442204], [127.06163497598105, 37.54799069677176], [127.06203453887466, 37.547565895336504], [127.0623798780625, 37.547111955731474], [127.06266766837147, 37.54663325012984], [127.06289513908385, 37.54613438915784], [127.06306010058796, 37.545620177475314], [127.06316096542456, 37.545095567490634], [127.06319676352857, 37.544565611655926], [127.06316715152055, 37.54403541380264], [127.06307241596082, 37.54351007998629], [127.06291347053669, 37.54299466931388], [127.06289100590229, 37.5429439344949], [127.06288935990325, 37.54293859698408], [127.06266773690228, 37.542438072849784], [127.06238557147904, 37.54195725527559], [127.06204558193754, 37.54150077438562], [127.06165104323657, 37.54107302586696], [127.0612057554242, 37.54067812865494], [127.06071400702484, 37.54031988528538], [127.06018053373242, 37.5400017452949], [127.05961047280739, 37.53972677202077], [127.05900931361649, 37.53949761311953], [127.05838284479168, 37.53931647508727], [127.05773709851526, 37.53918510202631], [127.05707829246732, 37.53910475886228], [127.05641276999249, 37.539076219172486], [127.05574693906065, 37.53909975774251], [127.05508721060768, 37.53917514792246], [127.05443993684737, 37.539301663808224], [127.05381135014754, 37.53947808722677], [127.05320750305614, 37.53970271945846], [127.0526342100537, 37.53997339758377], [127.05209699159103, 37.540287515297635], [127.05160102095034, 37.540642047991334], [127.05115107443993, 37.541033581861385], [127.05084980847657, 37.54135382948401], [127.05068685798335, 37.54107606322442], [127.05034694405634, 37.54061954906813], [127.04995247717966, 37.540191761859184], [127.04950725671023, 37.539796820905664], [127.04901557052455, 37.539438529164684], [127.04848215371806, 37.539120336638724], [127.04791214300779, 37.53884530717089], [127.04731102727754, 37.53861608895876], [127.04668459474124, 37.538434889069386], [127.04603887723216, 37.538303452200545], [127.0453800921537, 37.53822304389207], [127.0447145826488, 37.53819443834827], [127.04404875656257, 37.538217910988585], [127.0433890247842, 37.53829323579771], [127.04274173955943, 37.538419687500706], [127.04211313336626, 37.538596048542324], [127.04150925893997, 37.53882062080337], [127.0409359310239, 37.539091241941605], [127.04039867040463, 37.53940530620057], [127.03990265076969, 37.53975978948627], [127.03945264889863, 37.54015127847095], [127.03905299866611, 37.5405760034446], [127.03870754930013, 37.5410298745985], [127.0384196282973, 37.5415085213921], [127.03819200935314, 37.542007334625005], [127.03802688561674, 37.54252151080957], [127.03792584852921, 37.543046098417484], [127.03788987245063, 37.543576045555206], [127.03791930522596, 37.544106248609964], [127.038013864782, 37.54463160139762], [127.03817264179114, 37.545147044339586], [127.03839410837725, 37.545647613194795], [127.03840664883185, 37.54566899579628], [127.03788199518243, 37.54541581203428], [127.03728085814856, 37.54518654287093], [127.03665439563385, 37.545005289768795], [127.03600863976028, 37.544873797937804], [127.03534980830067, 37.54479333344676], [127.0346842448443, 37.544764671040696], [127.03401835775556, 37.54478808668634], [127.03335855851053, 37.544863354916956], [127.03271120000416, 37.54498975100225], [127.03208251541952, 37.54516605792238], [127.0314785582462, 37.545390578079164], [127.0309051440237, 37.54566114963211], [127.03036779436907, 37.545975167302224], [127.02987168382667, 37.5463296074442], [127.02942159005092, 37.546721057145895], [127.02902184780108, 37.547145747075774], [127.02867630719089, 37.54759958776282], [127.02838829659548, 37.548078208960135], [127.028160590573, 37.54857700171414], [127.02799538311115, 37.54909116273477], [127.0278942664575, 37.54961574064002], [127.02785821573865, 37.5501456836302], [127.02788757951875, 37.55067588813276], [127.02798207638959, 37.551201247949955], [127.02814079762781, 37.55171670343576], [127.02828023020005, 37.552031936173044], [127.0282006101058, 37.552041014344425], [127.02755318098271, 37.55216738151708], [127.02692442407267, 37.55234366026744], [127.02673228834689, 37.55241506960373], [127.02646303543585, 37.551955858489166], [127.02612322127803, 37.55149927610336], [127.02572883701973, 37.55107140930525], [127.02528368122363, 37.5506763781694], [127.02479204114485, 37.55031798652138], [127.02425865143604, 37.549999685325446], [127.02368864855433, 37.54972453947094], [127.02308752130895, 37.54949519827567], [127.0224744178286, 37.54931773699712], [127.02257293153971, 37.54880685712044], [127.0226090189142, 37.54827691587604], [127.02257969329693, 37.54774671010833], [127.02248523849055, 37.547221345950284], [127.02232656547939, 37.54670588280237], [127.02210520360491, 37.546205284613166], [127.02182328578994, 37.5457243720832], [127.02181508791497, 37.54571335514982], [127.02212770593832, 37.54549004625319], [127.02257783008365, 37.54509862448374], [127.02297759759936, 37.54467395639795], [127.02327743632543, 37.544280179916605], [127.02336470464785, 37.54421783956232], [127.02381481465504, 37.54382641289625], [127.0242145683275, 37.54340174043647], [127.02456011619607, 37.54294791253617], [127.02484813107594, 37.542469300293234], [127.02507584008487, 37.541970513435466], [127.02524105131468, 37.541456355909816], [127.02534217489993, 37.540931779604094], [127.02537823828276, 37.54040183664719], [127.02534889552841, 37.539871630747705], [127.02525443060405, 37.53934626803986], [127.02509575459085, 37.538830807910045], [127.02487439685866, 37.538330214277785], [127.02459249028996, 37.537849307799796], [127.02425275069719, 37.53739271945721], [127.02385845063374, 37.53696484597261], [127.02341338785124, 37.53656980748524], [127.02292184870905, 37.53621140789169], [127.02238856688786, 37.53589309823308], [127.0218186778062, 37.535617943480446], [127.02121766917789, 37.53538859303755], [127.02059132818658, 37.53520725524449], [127.01994568578509, 37.5350756761265], [127.01928695865433, 37.534995122592676], [127.01862148937981, 37.53496637024518], [127.01795568541962, 37.534989695916416], [127.01729595744992, 37.53506487500564], [127.01664865767961, 37.53519118364049], [127.01602001872627, 37.5353674056428], [127.01541609364006, 37.53559184423167], [127.0148426976512, 37.53586233835164], [127.0143053522007, 37.536176283469075], [127.01380923179178, 37.53653065663702], [127.01335911417314, 37.536922045588085], [127.01295933433272, 37.53734668157567], [127.01265946979561, 37.53774043213383], [127.01257220025582, 37.537802764635266], [127.0121220685032, 37.53819414868777], [127.01172227482235, 37.53861878029894], [127.01137666982123, 37.53907257055939], [127.01108858249395, 37.539551149707975], [127.01086078813657, 37.54004990919626], [127.01069548158645, 37.540564046054875], [127.01059425604444, 37.54108860913488], [127.010558087685, 37.54161854677985], [127.01058732620447, 37.54214875546924], [127.01068169140053, 37.54267412896552], [127.0108402758176, 37.54318960749151], [127.01102918500814, 37.54361699650439], [127.0107139743813, 37.54342882051979], [127.01014407177344, 37.543153609673645], [127.00954303932984, 37.54292419992994], [127.00891666446373, 37.54274280019947], [127.0082709784541, 37.542611157103636], [127.00761219840179, 37.542530538167256], [127.00752140777132, 37.54252660701147], [127.00773471850036, 37.542246563320276], [127.00802283773766, 37.54176799279738], [127.00825065629375, 37.54126923909944], [127.00841598120489, 37.54075510585446], [127.00851722151032, 37.540230544716884], [127.00855340352776, 37.53970060767], [127.00852418017978, 37.539170398366046], [127.00842983428365, 37.538645022972524], [127.00827127577445, 37.53812954099855], [127.00805003289074, 37.53762891657445], [127.00776823740946, 37.537147970653926], [127.00742860407402, 37.536691334598366], [127.0070344044151, 37.53626340559005], [127.00658943521833, 37.53586830430312], [127.0060979819427, 37.5355098352391], [127.00556477744288, 37.53519145010806], [127.0049949563936, 37.53491621460775], [127.00439400585434, 37.53468677891939], [127.0037677124501, 37.534505352203624], [127.003122106676, 37.53437368134178], [127.00246340486072, 37.534293034125966], [127.00179794934628, 37.53426418706007], [127.00113214745843, 37.53428741788815], [127.00106771185321, 37.534294751502735], [127.00105144555533, 37.53399907273756], [127.00095715825934, 37.53347369133655], [127.00079866184922, 37.53295819932524], [127.00057748396542, 37.53245756093093], [127.00029575575881, 37.53197659724204], [126.99995619132494, 37.531519939791316], [126.99956206153121, 37.53109198596733], [126.99911716249068, 37.53069685668338], [126.99862577898699, 37.53033835671069], [126.99809264320336, 37.53001993805712], [126.99752288915323, 37.529744666743305], [126.99692200325134, 37.52951519329531], [126.99629577150078, 37.52933372723741], [126.99565022380341, 37.52920201582965], [126.99499157592912, 37.52912132725448], [126.99432616970091, 37.529092438413905], [126.99366041197024, 37.52911562745411], [126.99300071296835, 37.52919067108938], [126.9923534246252, 37.5293168467511], [126.99172477944806, 37.52949293954096], [126.9911208305465, 37.52971725392178], [126.99054739337939, 37.5299876300337], [126.990177961268, 37.5302033725745], [126.98969791099609, 37.52997139766143], [126.989097047717, 37.52974188456993], [126.98847083351568, 37.529560377150254], [126.98782529812523, 37.52942862306059], [126.98716665719724, 37.52934789089422], [126.98650125248793, 37.52931895797272], [126.98583549083415, 37.52934210286655], [126.98517578250487, 37.529417102714895], [126.98452847951974, 37.5295432353706], [126.98389981452686, 37.52971928634933], [126.98329584082633, 37.52994356051636], [126.98272237411554, 37.530213898398955], [126.98218493651517, 37.53052769696756], [126.98168870341442, 37.530881934686164], [126.98123845364552, 37.53127320059158], [126.98083852346734, 37.531697727122186], [126.98049276480063, 37.53215142638069], [126.98020450811771, 37.532629929482695], [126.98011610755795, 37.53282330569173], [126.97990181555542, 37.53253498163607], [126.97950779586304, 37.532106961767354], [126.97906299754169, 37.53171175774226], [126.97857170440611, 37.53135317505188], [126.97839048071988, 37.53124489202053], [126.97817032476559, 37.53100572730024], [126.97772554003237, 37.5306105182662], [126.97723426052701, 37.5302519300475], [126.9767012174323, 37.5299334155018], [126.97613154387021, 37.529658041573015], [126.97553072548133, 37.52942845977517], [126.9749045476195, 37.52924688067557], [126.97468542476943, 37.52920213103277], [126.97465970510324, 37.52873156951066], [126.9745656093783, 37.52820616800681], [126.9744459331458, 37.52781643496308], [126.97500550017676, 37.527797035711544], [126.97566520372743, 37.52772209262536], [126.97631250528741, 37.5275960085059], [126.97694116975501, 37.52741999785405], [126.97754514166007, 37.527195756081], [126.9781186035232, 37.52692544316767], [126.97865603191586, 37.52661166284722], [126.97915225068007, 37.5262574375115], [126.97960248079406, 37.52586617908386], [126.98000238640324, 37.52544165613984], [126.98034811657256, 37.52498795759273], [126.9806363423588, 37.524509453295025], [126.980864288846, 37.52401075193552], [126.98102976183644, 37.52349665663864], [126.98113116894147, 37.52297211869394], [126.9811675348709, 37.522442189862076], [126.98113851077483, 37.52191197371699], [126.98104437755052, 37.52138657649296], [126.98088604308415, 37.52087105791025], [126.98066503345636, 37.52037038245272], [126.98038347819762, 37.519889371566386], [126.98004408973824, 37.51943265723911], [126.97965013725143, 37.51900463740772], [126.9792054151434, 37.51860943362162], [126.97871420649491, 37.51825085136987], [126.9781812418063, 37.51793234345288], [126.97761165344458, 37.51765697675097], [126.97701092623016, 37.51742740270882], [126.97638484463926, 37.517245831819245], [126.97573943712891, 37.51711401235155], [126.97508091812016, 37.51703321352844], [126.97488450854908, 37.51702465236009], [126.9743995154622, 37.5169651414945], [126.97373422645182, 37.516936137447196], [126.97306857178596, 37.51695921122077], [126.97240896070397, 37.51703414063896], [126.97176174428965, 37.51716020423242], [126.97113315435773, 37.51733618818141], [126.97052924348576, 37.517560397996334], [126.96995582676594, 37.517830674823735], [126.96941842583745, 37.51814441622163], [126.96892221573586, 37.51849860120424], [126.9684719750713, 37.518889819315994], [126.96807204001418, 37.5193143034553], [126.96772626253139, 37.51976796613303], [126.96743797327541, 37.520246438817004], [126.9672099494843, 37.52074511398469], [126.96704438820242, 37.52125918947952], [126.96694288508156, 37.52178371474463], [126.96690641896737, 37.52231363848887], [126.96693534242222, 37.522843857326954], [126.96702937827685, 37.52336926492501], [126.96717906259099, 37.52385691522684], [126.96661125026884, 37.52392138156001], [126.96596396484915, 37.524047412703084], [126.96542517516573, 37.52419821169047], [126.9647703366511, 37.52416961567364], [126.96410461554449, 37.524192638381045], [126.96394074648371, 37.52421123903523], [126.96369399973726, 37.52421977100266], [126.9630343159071, 37.524294647406634], [126.96238702147632, 37.52442065886568], [126.96175834901042, 37.524596592061975], [126.96115435188099, 37.52482075299455], [126.96058084601034, 37.52509098328062], [126.96004335389541, 37.52540468092643], [126.95954705144939, 37.525758825367575], [126.95909671817115, 37.52615000653903], [126.95894899003329, 37.52630675511401], [126.95894498721994, 37.526310232105644], [126.95854495845116, 37.52673468272293], [126.95819908881953, 37.52718831622282], [126.95791070986479, 37.52766676435439], [126.95768259968868, 37.52816541983188], [126.95751695616765, 37.52867948068868], [126.95741537574561, 37.52920399650921], [126.95737883801306, 37.52973391609362], [126.95740769622245, 37.530264136096996], [126.95750167383349, 37.53078955017454], [126.95765986712327, 37.5313050981599], [126.95788075383835, 37.53180581480277], [126.95816220780755, 37.53228687759627], [126.95850151937613, 37.532743653232934], [126.95889542146672, 37.53317174224194], [126.95934012101701, 37.53356702137637], [126.95967555557192, 37.53381194068095], [126.95965202137728, 37.533820673369014], [126.95907844086292, 37.53409089536928], [126.95875131858351, 37.534281784942316], [126.95817755017315, 37.53449468085771], [126.95760395923433, 37.53476489558354], [126.95706638489372, 37.535078578527596], [126.95657000385594, 37.53543270926723], [126.95611959637658, 37.535823877869554], [126.95571950023201, 37.53624831771013], [126.95537356894006, 37.53670194172691], [126.95508513463447, 37.5371803817605], [126.95487291516163, 37.53764419513023], [126.95469022499461, 37.53757435381644], [126.95406403115163, 37.53739266432216], [126.9534184912506, 37.53726072226979], [126.95275982098697, 37.53717979806177], [126.95209436239958, 37.53715067086808], [126.95196175561729, 37.53715524187985], [126.95192190275522, 37.53708711818279], [126.95158261220232, 37.5366303241369], [126.95118873427141, 37.53620221117124], [126.9507440626526, 37.5358069017321], [126.95025287994203, 37.535448202325796], [126.94971991639171, 37.5351295668806], [126.94915030435887, 37.53485406350442], [126.94854952889268, 37.53462434495747], [126.94792337493458, 37.5344426231234], [126.9472778716386, 37.534310647724304], [126.94661923434809, 37.534229689483645], [126.94595380478452, 37.53420052789895], [126.94528799002408, 37.534223443741546], [126.94462820084665, 37.53429821635529], [126.94398079004961, 37.53442412578016], [126.94335199131797, 37.534599959680584], [126.94274785923824, 37.53482402501148], [126.94217421103109, 37.5350941643106], [126.9416365705631, 37.535407776460275], [126.941140115175, 37.53576184171953], [126.9406896258375, 37.536152950786025], [126.94028944111447, 37.536577337608755], [126.93994341537609, 37.53703091563637], [126.93965488166482, 37.53750931715261], [126.9394266195725, 37.53800793532115], [126.93926082843846, 37.538521968535235], [126.93915910612832, 37.539046466646106], [126.93912243359935, 37.5395763786251], [126.93915116540275, 37.5401066012011], [126.93924502621633, 37.540632028005106], [126.93940311344292, 37.54114759874871], [126.93962390585159, 37.541648347962834], [126.93990527818049, 37.54212945282726], [126.94021721814879, 37.54254951296019], [126.93989886176072, 37.54263851546367], [126.93929465440462, 37.54286256221725], [126.93872093199397, 37.543132683776136], [126.93818321910946, 37.543446279193624], [126.93768669378892, 37.54380032888998], [126.93730919767225, 37.54412800607052], [126.93722139726586, 37.54403255386061], [126.936776754079, 37.54363719256654], [126.93628558812881, 37.543278435661385], [126.93575262950664, 37.54295973762698], [126.93518301052283, 37.542684167173725], [126.93458221629398, 37.54245437770749], [126.93395603194234, 37.54227258179453], [126.9333104869149, 37.54214052986989], [126.93265179695672, 37.54205949339358], [126.93198630429625, 37.54203025261613], [126.93132041661683, 37.54205308907107], [126.93066054540007, 37.542127782866345], [126.93001304423265, 37.54225361480067], [126.92938414766914, 37.542429373284385], [126.92877991123724, 37.54265336599851], [126.92820615316177, 37.54292343617992], [126.92766839836642, 37.54323698337655], [126.927171825292, 37.54359098847295], [126.9270196317612, 37.54372306793333], [126.92682614213236, 37.54358171081484], [126.92629322219125, 37.54326297041427]], [[127.02086155035911, 37.560172410545306], [127.02084505531893, 37.55987409434132], [127.02108755979962, 37.55986559638734], [127.02174750308131, 37.55979039791028], [127.02239500776008, 37.55966406325589], [127.02302383677733, 37.55948780933943], [127.0232159942105, 37.559416406272156], [127.02348525346645, 37.559875624259284], [127.02382508893461, 37.56033221374057], [127.02421951047812, 37.56076008648679], [127.02426390752893, 37.56079948029317], [127.02410343938297, 37.56093899673581], [127.02372610615346, 37.56133975355145], [127.02349104309764, 37.561199497147996], [127.02292095820785, 37.560924347543185], [127.02231974375556, 37.56069500227215], [127.0216931889055, 37.56051366962475], [127.02104732666865, 37.560382095576436], [127.02084891635903, 37.560357842774685], [127.02086155035911, 37.560172410545306]], [[126.92637575621904, 37.61587592461539], [126.92616164812809, 37.615685685055766], [126.92609645406579, 37.61559794977224], [126.92659791917175, 37.615789607897646], [126.92701679720527, 37.61591113077489], [126.92679098590081, 37.61628499448153], [126.92677752011251, 37.616314364648005], [126.92676990504374, 37.61630411687676], [126.92637575621904, 37.61587592461539]], [[126.92342960387609, 37.613604360574826], [126.9234884502738, 37.61368356069054], [126.92340177615196, 37.61365043064844], [126.92342960387609, 37.613604360574826]], [[126.92765846117702, 37.551938441728396], [126.92699288304743, 37.55190917214931], [126.92679946023527, 37.55191579663476], [126.92725874955678, 37.55158841141945], [126.92741095884325, 37.55145633195471], [126.92760446975228, 37.55159768810366], [126.92813745423634, 37.551916422671965], [126.92837491465514, 37.55203130730847], [126.92831723216732, 37.55201950659515], [126.92765846117702, 37.551938441728396]], [[126.97934344118154, 37.55238897391974], [126.97924928477674, 37.55186357777917], [126.9790909007237, 37.55134805905528], [126.9788698155824, 37.550847382233044], [126.97858815961237, 37.5503663687713], [126.97824864621514, 37.549909650682274], [126.97785454576828, 37.54948162593855], [126.9774096541037, 37.54908641613626], [126.97698600894653, 37.54877726873504], [126.97722837351668, 37.548566725171355], [126.97762841526662, 37.548142212909376], [126.97797426618988, 37.54768852394955], [126.97826259618087, 37.547210028052426], [126.97849062932096, 37.54671133382633], [126.97865617057897, 37.54619724432732], [126.97875762691017, 37.54567271078937], [126.97879402255167, 37.54514278493094], [126.97876500836897, 37.544612570297446], [126.97867086516543, 37.54408717310862], [126.97851250092488, 37.543571653084385], [126.97829144201609, 37.5430709747223], [126.97800981844553, 37.54258995949614], [126.97777746603427, 37.54227735997188], [126.9778177237211, 37.54218931482007], [126.9779832592217, 37.541675225830964], [126.97808471375726, 37.54115069245955], [126.97812111158188, 37.540620766422656], [126.97809210353978, 37.5400905512674], [126.97807091966338, 37.539972315490914], [126.97851348641443, 37.539713967744255], [126.97900979339951, 37.53935974444894], [126.97946010383367, 37.53896848802751], [126.97986008108882, 37.538543967036404], [126.98020587354017, 37.53809027037038], [126.98049415164509, 37.53761176786404], [126.98058255703067, 37.53741839156354], [126.98079686542145, 37.53770671427001], [126.98119092161932, 37.538134729707785], [126.98163576901707, 37.538529925657706], [126.982127123655, 37.53888849562668], [126.98266025341181, 37.53920698584675], [126.98323002358168, 37.539482328557376], [126.98383094633864, 37.53971187157007], [126.9844572336115, 37.539893403829105], [126.98510285285899, 37.54002517672172], [126.98576158520699, 37.54010592093202], [126.98642708538607, 37.540134858675614], [126.98709294289048, 37.54011171119673], [126.98775274376781, 37.54003670145552], [126.98840013244183, 37.53991055197931], [126.98902887297143, 37.539734477898854], [126.98963290915373, 37.53951017523666], [126.99020642289021, 37.53923980456047], [126.99057589980232, 37.53902406258689], [126.99105601054391, 37.53925603402139], [126.99165695594618, 37.53948553737968], [126.99228326078659, 37.53966702826366], [126.99292889235443, 37.53979875845923], [126.99358763165677, 37.53987945906192], [126.99425313335703, 37.53990835270753], [126.99491898693483, 37.53988516106524], [126.9949834279208, 37.539877830852], [126.9949996712603, 37.54017350999448], [126.99509392460175, 37.54069889531494], [126.99525239742765, 37.5412143941423], [126.99547356479223, 37.54171504169854], [126.9957552978207, 37.542196016141034], [126.99609488416974, 37.54265268501232], [126.99648905411424, 37.543080649869], [126.99693401201048, 37.54347578865928], [126.99742547283384, 37.54383429544047], [126.99795870343952, 37.544152717052995], [126.99852856814955, 37.544427986397146], [126.99912957822663, 37.54465745199113], [126.99975594475772, 37.54483890352502], [127.00040163443752, 37.544970593163754], [127.00106042771286, 37.545051252393655], [127.00115122100826, 37.54505518853506], [127.00093787766498, 37.545335219966326], [127.00064969934506, 37.545813772489836], [127.00042181614349, 37.546312510677176], [127.00025642375324, 37.54682663176442], [127.000155116202, 37.5473511847549], [127.00011887045414, 37.54788111808969], [127.00014803695177, 37.5484113282901], [127.00024233618659, 37.54893670910437], [127.00040086133886, 37.54945220068512], [127.00062208695914, 37.54995283832387], [127.00090388361193, 37.550433800273304], [127.00124353834128, 37.550890454196036], [127.00163778076366, 37.551318401792415], [127.00208281453718, 37.55171352117666], [127.00257435390625, 37.55207200659278], [127.00310766496936, 37.55239040508684], [127.00363039176364, 37.55264284620145], [127.0035377311725, 37.55293089724053], [127.00343643784059, 37.553455452610265], [127.00340021187036, 37.5539853865503], [127.00340326806395, 37.554040896639115], [127.00325236864362, 37.55408316750348], [127.00264825437786, 37.55430753873263], [127.00207466881967, 37.55457796864392], [127.00153713523447, 37.55489185332219], [127.00104082993633, 37.555246170402796], [127.00059053245364, 37.555637508158796], [127.0001905795059, 37.556062098337044], [126.99984482323471, 37.55651585242759], [126.99955659409096, 37.556994401018066], [126.99934413017994, 37.55745930412806], [126.99903156167095, 37.55723134548206], [126.99849823389329, 37.556912928713416], [126.99792827475261, 37.55663765911821], [126.99732717263794, 37.5564081872055], [126.9967007156334, 37.55622672248432], [126.99605493580881, 37.55609501220154], [126.9953960511679, 37.55601432452855], [126.99473040581215, 37.555985436358476], [126.99432736262035, 37.55599947044626], [126.99414455829407, 37.555991535683674], [126.99347856117816, 37.55601472184978], [126.99281862462706, 37.556089762395764], [126.99217110285667, 37.556215934782884], [126.99154223062068, 37.5563920241446], [126.99093806321395, 37.556616334977086], [126.99036441819837, 37.556886707455085], [126.99033023264187, 37.556906663901174], [126.99007917060561, 37.55672352597718], [126.98954588498425, 37.556405069046356], [126.98897596312212, 37.556129756479734], [126.98837489304968, 37.555900239200085], [126.98774846254287, 37.55571872715324], [126.98710270341664, 37.55558696804157], [126.98644383347572, 37.555506230506495], [126.98577819668012, 37.55547729192111], [126.9851122021001, 37.55550043091031], [126.98445226224598, 37.5555754246702], [126.98406963756052, 37.55564995301136], [126.98403674362261, 37.55561423514899], [126.98359178296113, 37.55521904853661], [126.98310031494721, 37.55486048480248], [126.98256707257856, 37.554541996568], [126.98199719089551, 37.55426665052326], [126.98139615754195, 37.55403709791342], [126.9807697599406, 37.55385554902443], [126.98012402958982, 37.55372375191334], [126.97946518401751, 37.55364297558736], [126.97929995744062, 37.553635782761795], [126.97933606584579, 37.55344911310956], [126.97937246182659, 37.55291918776726], [126.97934344118154, 37.55238897391974]], [[126.94877494728654, 37.549627162438036], [126.94894749582961, 37.54969312683483], [126.94957377943956, 37.54987484380119], [126.95021942080491, 37.550006807397885], [126.9508782008388, 37.550087746471405], [126.9513101467198, 37.550106654962946], [126.95104688581021, 37.550385849790615], [126.9507008599758, 37.5508394582951], [126.9504123403486, 37.55131788510523], [126.95018410638589, 37.55181652314105], [126.95001835715716, 37.552330570604425], [126.9499966121975, 37.552442754867556], [126.94970773908115, 37.55227008888642], [126.94913799745098, 37.55199458521564], [126.94853708511542, 37.551764866179774], [126.94791078833322, 37.55158314366692], [126.94728047168695, 37.55145430185722], [126.94768574191002, 37.55110247647164], [126.94808596370748, 37.55067806590798], [126.94843200453565, 37.550224465174274], [126.94872053245867, 37.549746043181855], [126.94877494728654, 37.549627162438036]], [[126.95823709475643, 37.54579475554444], [126.95833869337068, 37.545270240618486], [126.95834499370518, 37.54517887079493], [126.95836334994505, 37.54513875241858], [126.95852902547344, 37.544624692043236], [126.95854034139495, 37.54456627044702], [126.95864753224375, 37.544331995918576], [126.95867409422026, 37.54424957757507], [126.95870940268637, 37.54426307316001], [126.95933566536488, 37.54444473834485], [126.95998127787976, 37.54457664845261], [126.96064002142208, 37.544657532845214], [126.96130555061474, 37.544686612387444], [126.96197145467245, 37.54466360695713], [126.96263131919396, 37.54458873814562], [126.96327878798952, 37.544462727122315], [126.96390762434547, 37.5442867876839], [126.96451177113497, 37.54406261455564], [126.96508540919304, 37.5437923670574], [126.96541255738605, 37.54360146044024], [126.96549548890648, 37.543570686772206], [126.96534827806899, 37.5440276024025], [126.96524673028752, 37.544552123862076], [126.96521023913344, 37.5450820448654], [126.96523915741183, 37.54561226205366], [126.96533320800482, 37.54613766910891], [126.96549148648756, 37.546653205932095], [126.96571246978691, 37.54715390738007], [126.96599403080207, 37.547634951091865], [126.96633345884776, 37.54809170394346], [126.96667713812234, 37.54846507042241], [126.96653923227349, 37.54851624175366], [126.96596556297035, 37.54878649586107], [126.96542792179555, 37.54910021562195], [126.9649314860975, 37.54945438025942], [126.96448103665857, 37.54984557951446], [126.96408091165964, 37.5502700464677], [126.96373496489726, 37.550723693796144], [126.96344652865493, 37.551202153116016], [126.9632183815874, 37.551700817034046], [126.96317122719377, 37.551847144865675], [126.96296313363597, 37.55137563731396], [126.96268157840916, 37.55089458672051], [126.96234216027405, 37.55043782366111], [126.9619481486915, 37.55000974654167], [126.9615033386385, 37.54961447746288], [126.96101201404385, 37.54925582254203], [126.96047890652541, 37.54893723527876], [126.95990914982599, 37.548661783316774], [126.95930823038712, 37.54843211892107], [126.95868193453563, 37.548250453453775], [126.95803629279104, 37.54811853609423], [126.95737752182887, 37.54803763700709], [126.95694558607443, 37.5480187507868], [126.95720881670896, 37.54773954245789], [126.95755478877577, 37.54728591422252], [126.95784324710458, 37.54680746915438], [126.95807141453989, 37.54630881537267], [126.95823709475643, 37.54579475554444]], [[127.068831239107, 37.62009496289067], [127.06905312871018, 37.62059547055692], [127.06933024512266, 37.62106710467746], [127.06926420437779, 37.62109826303873], [127.06872646843763, 37.62141244891805], [127.06842679996404, 37.6216264976311], [127.06825024642028, 37.621326010431474], [127.06790986453902, 37.620869550098675], [127.06752172906685, 37.620449243632635], [127.06814776984554, 37.62027365047046], [127.06875222626785, 37.62004894865914], [127.06876903175028, 37.62004101973631], [127.06880989231918, 37.6200258299785], [127.068831239107, 37.62009496289067]], [[127.05620627980281, 37.648361493997186], [127.0566568524002, 37.64796995192766], [127.05705698413274, 37.64754517811128], [127.05740282189413, 37.64709126387903], [127.05745552064838, 37.64700373916075], [127.05766935599515, 37.64748609398912], [127.05795188292527, 37.647966916577225], [127.05829232558534, 37.64842340393785], [127.05868740600403, 37.648851159372825], [127.05913331976828, 37.649246062844625], [127.05916275421073, 37.6492674758602], [127.0586033681876, 37.64937666538887], [127.05797386187605, 37.649553101867056], [127.05736913360928, 37.64977774562354], [127.05679500634932, 37.650048433629564], [127.0562570085779, 37.65036255948688], [127.05576032108029, 37.650717098510476], [127.05530972706792, 37.651108636838075], [127.05490956611955, 37.65153340428661], [127.05456369238466, 37.65198731064023], [127.05453618687571, 37.65203298642028], [127.0544280711457, 37.65168276177761], [127.05420618954432, 37.65118222927807], [127.05392367488159, 37.65070139805732], [127.0535832488301, 37.650244898369486], [127.05318819055638, 37.6498171260809], [127.05311315797437, 37.64975066929314], [127.05336322907698, 37.64970186955073], [127.05399274730783, 37.64952545775812], [127.05459748351736, 37.64930083135195], [127.05517161286335, 37.64903015402075], [127.05570960548862, 37.64871603301054], [127.05620627980281, 37.648361493997186]], [[127.03629647278586, 37.55589204933443], [127.03602556725802, 37.55588038693802], [127.03600272340974, 37.555806231722805], [127.03586325134778, 37.55549100804156], [127.03594287424217, 37.555481924726536], [127.03659031841913, 37.555355511717266], [127.03684267244424, 37.5552847417997], [127.03683083675045, 37.555459018339064], [127.03685486592678, 37.55589193527668], [127.03656570291876, 37.555924924575564], [127.03629647278586, 37.55589204933443]], [[127.02797436068705, 37.56968957139433], [127.02863340273069, 37.56977007813146], [127.029299185855, 37.569798776013215], [127.029965296827, 37.56977538859512], [127.03062531925147, 37.5697001411494], [127.0308963233272, 37.569647251771904], [127.03086280091118, 37.570140166336486], [127.0308921923288, 37.57067036849464], [127.03098673408383, 37.571195724442426], [127.0311455170219, 37.57171117457087], [127.0313670132116, 37.572211754569686], [127.0316067196741, 37.572620409237615], [127.0314786172512, 37.573019018693394], [127.03143442757785, 37.57324824725299], [127.03143105024607, 37.5732372840091], [127.03120955066211, 37.57273670419397], [127.03092747593621, 37.57225581448931], [127.03058754350157, 37.57179924571409], [127.03019302776956, 37.571371394401716], [127.02974772856926, 37.570976380477205], [127.0292559345367, 37.570618007599926], [127.02872238180686, 37.570299726552996], [127.02815220840621, 37.57002460203134], [127.02755090478533, 37.5697952831471], [127.02692426096712, 37.56961397793596], [127.02627831081874, 37.56948243210916], [127.02561927398261, 37.56940191225501], [127.02495349602461, 37.569373193651295], [127.02462817889604, 37.569384602371336], [127.02491786126288, 37.56913276862527], [127.0252952279101, 37.56873200875395], [127.02553031790569, 37.56887226157103], [127.0261004727869, 37.56914739868424], [127.02670176669413, 37.56937672491581], [127.02732840797871, 37.56955803129811], [127.02797436068705, 37.56968957139433]], [[127.02825286788172, 37.580514572806095], [127.02831584196727, 37.58047779136454], [127.0284340492074, 37.58067930821604], [127.02861823906964, 37.58092668117121], [127.02800167353764, 37.58099695230544], [127.02735399289696, 37.58112331606287], [127.02672499135568, 37.581299591229566], [127.02612072545367, 37.58152408051343], [127.02554701370187, 37.58179462237172], [127.02514264771318, 37.58203078138519], [127.02480890419471, 37.58166884307857], [127.02480486032384, 37.58166525596506], [127.02513405536438, 37.58160103789378], [127.02576306310951, 37.58142477125659], [127.02636200159407, 37.58120226307185], [127.02644591138176, 37.58118589309922], [127.02707491260566, 37.58100961941425], [127.02767917152023, 37.58078512517851], [127.02825286788172, 37.580514572806095]]], [[[126.92263004428756, 37.63191969952888], [126.9220598004338, 37.63164406468785], [126.92145833551858, 37.631414206297634], [126.92083144112009, 37.63123233758666], [126.92018515351913, 37.63110020968963], [126.91952569560723, 37.63101909479695], [126.91885941700309, 37.63098977391346], [126.91819273295314, 37.63101252934352], [126.91753206260233, 37.63108714197517], [126.91688376722733, 37.631212893388835], [126.91625408902563, 37.63138857277076], [126.91564909104731, 37.63161248856453], [126.9150745988468, 37.63188248474889], [126.9145361444142, 37.632195961585744], [126.91403891292569, 37.632549900638786], [126.91358769282407, 37.632940893822926], [126.91318682970993, 37.633365176205146], [126.91284018448704, 37.633818662241964], [126.91255109616563, 37.63429698510516], [126.91232234968167, 37.63479553871786], [126.91215614904354, 37.635309522096954], [126.91205409606567, 37.63583398557525], [126.91201717489572, 37.636363878459036], [126.9120457424859, 37.63689409766212], [126.91213952510215, 37.63741953684868], [126.91229762090721, 37.637935135611365], [126.91251850859413, 37.63843592821113], [126.91280006198959, 37.63891709140939], [126.91313957048798, 37.63937399093106], [126.91353376512117, 37.63980222611108], [126.91397885001398, 37.640197672293226], [126.91447053892398, 37.64055652057288], [126.91500409651378, 37.64087531449954], [126.91557438395895, 37.64115098338534], [126.91617590845195, 37.64138087189777], [126.91680287612508, 37.64156276565086], [126.91744924788158, 37.64169491254756], [126.91810879759596, 37.64177603966724], [126.91877517212153, 37.641805365535284], [126.91944195252567, 37.6417826076557], [126.92010271596064, 37.64170798523463], [126.92075109757253, 37.64158221706784], [126.92138085184985, 37.641406514612875], [126.92198591281894, 37.64118257031287], [126.92256045250473, 37.64091254128452], [126.92309893709225, 37.640599028528136], [126.92359618024648, 37.64024505186036], [126.92404739307632, 37.63985402081182], [126.92444823026068, 37.63942970177062], [126.92479483189216, 37.63897618168903], [126.9250838606358, 37.63849782870361], [126.92531253384512, 37.6379992500488], [126.92547865032769, 37.63748524767006], [126.92558061150311, 37.63696077196472], [126.9256174367516, 37.63643087409641], [126.92558877280723, 37.63590065734284], [126.92549489710686, 37.635375227945694], [126.9253367150649, 37.634859645936146], [126.92511575130237, 37.6343588764094], [126.92483413491613, 37.63387774171739], [126.92449457893242, 37.63342087503969], [126.92410035414436, 37.63299267577923], [126.9236552575858, 37.63259726721181], [126.92316357594757, 37.632238456796564], [126.92263004428756, 37.63191969952888]]], [[[126.91826698349398, 37.643961352272115], [126.9177333898653, 37.64364257296871], [126.91716307537668, 37.64336691441039], [126.91656153184056, 37.64313703084949], [126.91593455159192, 37.64295513575656], [126.91528817173801, 37.642822980520066], [126.91462861605817, 37.642741837593526], [126.91396223511198, 37.642712488251476], [126.91329544513073, 37.642735215072236], [126.9126346662787, 37.64280979921918], [126.91198626087663, 37.642935522547006], [126.91135647218084, 37.643111174512406], [126.91075136430472, 37.643335063822995], [126.91017676386026, 37.64360503471269], [126.9096382038795, 37.6439184876871], [126.90914087055454, 37.64427240453988], [126.90868955330858, 37.6446633774], [126.9082885986775, 37.645087641530374], [126.9079418684465, 37.645541111563595], [126.90765270244455, 37.646019420825816], [126.90742388635601, 37.64651796337143], [126.90725762486005, 37.64703193832419], [126.90715552035778, 37.64755639609831], [126.9071185574937, 37.648086286055175], [126.90714709362236, 37.648616505137014], [126.90724085531355, 37.6491419470093], [126.90739894093232, 37.649657551238874], [126.9076198292707, 37.65015835203411], [126.90790139414987, 37.65063952607744], [126.9082409248544, 37.65109643898926], [126.90863515220282, 37.65152468997545], [126.90908028000553, 37.651920154227376], [126.90957202160712, 37.652279022666185], [126.91010564116299, 37.65259783864698], [126.91067599925192, 37.65287353126926], [126.911277602386, 37.653103444971634], [126.91190465593982, 37.65328536512525], [126.91255111998915, 37.653417539378516], [126.91321076751903, 37.653498694547174], [126.91387724444013, 37.65352804888619], [126.91454413083291, 37.65350531962523], [126.91520500282803, 37.65343072569469], [126.91585349452532, 37.65330498561587], [126.91648335935223, 37.653129310575785], [126.91708853026961, 37.65290539275357], [126.91766317824288, 37.652635389010996], [126.9182017684135, 37.65232190010498], [126.91869911342916, 37.65196794562267], [126.91915042341742, 37.65157693488124], [126.91955135212129, 37.65115263407347], [126.91989803875195, 37.6506991299763], [126.92018714515598, 37.6502207905726], [126.9204158879393, 37.64972222296632], [126.92058206523987, 37.64920822899678], [126.92068407789212, 37.648683758980546], [126.92072094478127, 37.64815386402672], [126.92069231224109, 37.64762364738506], [126.92059845740681, 37.64709821529636], [126.9204402854928, 37.646582627817786], [126.92021932102335, 37.64608185009724], [126.91993769310288, 37.64560070456555], [126.91959811486956, 37.64514382450658], [126.91920385733125, 37.64471560945202], [126.91875871783787, 37.64432018282959], [126.91826698349398, 37.643961352272115]]], [[[126.89984309852647, 37.6489943421265], [126.8993095490499, 37.648675480123565], [126.8987392656234, 37.64839973298263], [126.89813773976107, 37.648169755808766], [126.89751076362825, 37.64798776297361], [126.8968643742929, 37.64785550680647], [126.8962047956259, 37.64777426073229], [126.89553837840818, 37.64774480701843], [126.89487153922012, 37.647767429247736], [126.89421069869944, 37.64784190959032], [126.8935622197602, 37.647967530900004], [126.89293234636614, 37.64814308361553], [126.89232714344544, 37.64836687739995], [126.8917524385245, 37.648636757406834], [126.89121376564036, 37.648950125016846], [126.89071631207148, 37.6493039628457], [126.89026486839794, 37.64969486378337], [126.88986378237229, 37.650119063785645], [126.8895169170442, 37.65057247810291], [126.88922761354301, 37.651050740598265], [126.88899865887666, 37.65154924577695], [126.88883225905847, 37.652063193123055], [126.88873001782157, 37.65258763331724], [126.88869292112727, 37.65311751589078], [126.88872132761917, 37.65364773785758], [126.888814965116, 37.654173192855936], [126.88897293317947, 37.654688820326754], [126.88919371173446, 37.655189654255096], [126.8894751756604, 37.65567087100467], [126.88981461521499, 37.65612783578494], [126.89020876209574, 37.65655614730238], [126.89065382088896, 37.65695168016558], [126.89114550560495, 37.65731062463481], [126.89167908094791, 37.657629523332865], [126.8922494079233, 37.657905304562334], [126.89285099334356, 37.65813531190818], [126.89347804275447, 37.65831732983925], [126.89412451627209, 37.65844960506182], [126.89478418679045, 37.65853086341863], [126.89545069999883, 37.65856032217035], [126.89611763562796, 37.65853769754052], [126.89677856933397, 37.65846320745124], [126.89742713462174, 37.658337569423296], [126.89805708420917, 37.65816199366039], [126.89866235024003, 37.65793817138519], [126.89923710276268, 37.657668258539], [126.89977580591069, 37.657354855003156], [126.90027327124264, 37.65700097954255], [126.90072470772637, 37.656610040713375], [126.90112576788563, 37.65618580401599], [126.9014725896648, 37.655732355610176], [126.9017618336081, 37.655254062942845], [126.90199071499636, 37.65475553266826], [126.90215703063225, 37.65424156626672], [126.90225918001781, 37.6537171137899], [126.90229618072145, 37.65318722617851], [126.90226767778847, 37.652657006612245], [126.90217394710632, 37.65213156136057], [126.90201589269435, 37.65161595060801], [126.90179503794594, 37.65111513972705], [126.90151351090985, 37.65063395146824], [126.90117402375355, 37.65017701952728], [126.90077984660893, 37.64974874393567], [126.90033477605266, 37.64935324870424], [126.89984309852647, 37.6489943421265]]], [[[126.96785095050372, 37.238938810885884], [126.96731999099657, 37.23862025456864], [126.96675253910014, 37.23834483916184], [126.96615405906873, 37.238115216583886], [126.9655303137491, 37.237933597799135], [126.96488730911366, 37.23780173154138], [126.96423123645928, 37.23772088748628], [126.96356841282753, 37.237691844034025], [126.96290522021792, 37.237714880819404], [126.96224804417773, 37.237789776021565], [126.96160321235797, 37.23791580849883], [126.96097693362509, 37.23809176472836], [126.96037523831298, 37.23831595048376], [126.95980392018866, 37.238586207138944], [126.95926848068942, 37.23889993244119], [126.9587740759664, 37.239254105554416], [126.95832546724469, 37.23964531613186], [126.95792697497602, 37.240069797139085], [126.95758243722675, 37.24052346111191], [126.9572951727009, 37.24100193950099], [126.95706794875554, 37.24150062472476], [126.9569029547174, 37.24201471452654], [126.95680178075851, 37.24253925820928], [126.95676540253632, 37.24306920430318], [126.95679417174783, 37.24359944920738], [126.95688781269043, 37.24412488633779], [126.95704542486479, 37.24464045530766], [126.95726549159664, 37.24514119066719], [126.95754589459645, 37.245622269732785], [126.95788393431833, 37.246079059044625], [126.95827635592406, 37.246507159005084], [126.95871938060323, 37.24690244626721], [126.95920874194884, 37.24726111346431], [126.95973972703901, 37.247579705897685], [126.96030722182876, 37.247855154827775], [126.96090576041551, 37.24808480704789], [126.9615295777022, 37.24826645045455], [126.96217266495076, 37.24839833536774], [126.96282882768956, 37.248479191394885], [126.9634917454151, 37.24850823967575], [126.96415503251197, 37.24848520038996], [126.96481229980174, 37.248410295454434], [126.96545721612675, 37.24828424638492], [126.96608356937305, 37.248108267341905], [126.96668532634327, 37.24788405342846], [126.96725669090085, 37.247613764352806], [126.96779215982419, 37.24730000361351], [126.96828657583126, 37.24694579340855], [126.96873517726345, 37.24655454551006], [126.96913364394912, 37.2461300283867], [126.96947813880504, 37.24567633089059], [126.96976534477557, 37.24519782285934], [126.96999249675385, 37.24469911301368], [126.97015740817888, 37.24418500455646], [126.97025849205335, 37.24366044890166], [126.97029477618173, 37.24313049797916], [126.97026591248299, 37.24260025557538], [126.97017218029079, 37.24207482817833], [126.9700144836112, 37.2415592758007], [126.96979434236592, 37.24105856325465], [126.96951387770801, 37.24057751234709], [126.96917579155284, 37.24012075545575], [126.96878334052305, 37.2396926909323], [126.9683403045598, 37.23929744076194], [126.96785095050372, 37.238938810885884]]], [[[126.97543993308172, 37.29615324828585], [126.97490854221387, 37.295834725731005], [126.97434063525043, 37.295559345824145], [126.97374168082612, 37.295329760140866], [126.97311744635367, 37.295148179289484], [126.97247394251305, 37.29501635163794], [126.97181736540523, 37.294935546489796], [126.97115403692608, 37.294906541870375], [126.97049034393326, 37.294929617040644], [126.96983267678912, 37.29500454981041], [126.96918736787072, 37.29513061867675], [126.968560630636, 37.29530660976707], [126.96795849983165, 37.29553082852018], [126.96738677341656, 37.295801115993186], [126.96685095675856, 37.29611486963768], [126.96635620964027, 37.296469068345786], [126.96590729658415, 37.29686030152536], [126.96550854097359, 37.29728480192542], [126.96516378341252, 37.29773848189602], [126.96487634472399, 37.29821697273463], [126.96464899394512, 37.298715666740506], [126.96448392162725, 37.299229761572946], [126.96438271869985, 37.299754306486804], [126.96434636110324, 37.30028425000047], [126.96437520033962, 37.30081448853786], [126.96446896003577, 37.301339915575866], [126.96462673855237, 37.301855470824385], [126.96484701761642, 37.30235618896504], [126.96512767689627, 37.30283724747916], [126.9654660143801, 37.30329401310383], [126.9658587723636, 37.30372208646848], [126.96630216879764, 37.30411734448112], [126.9667919336951, 37.30447598005563], [126.96732335024687, 37.304794538796735], [126.96789130025144, 37.30506995228832], [126.96849031341998, 37.30529956766414], [126.96911462008231, 37.305481173174826], [126.96975820678419, 37.30561301950475], [126.97041487424042, 37.30569383663259], [126.97107829708297, 37.305722846072655], [126.971742084828, 37.30569976837869], [126.97239984347173, 37.305624825837896], [126.9730452371209, 37.305498740328694], [126.97367204906146, 37.30532272636322], [126.97427424167574, 37.30509847938179], [126.97484601462952, 37.304828159412075], [126.97538186076659, 37.3045143702513], [126.9758766191714, 37.304160134372246], [126.9763255248878, 37.303768863795455], [126.9767242548144, 37.30334432720913], [126.97706896933434, 37.302890613653815], [126.97735634927864, 37.30241209312266], [126.97758362786763, 37.3019133744575], [126.97774861732422, 37.30139926094668], [126.97784972990321, 37.30087470405313], [126.97788599313641, 37.30034475571882], [126.9778570591479, 37.29981451970512], [126.9777632079521, 37.29928910243814], [126.97760534470471, 37.29877356383249], [126.97738499093487, 37.29827286856697], [126.97710426984509, 37.29779183828119], [126.97676588582257, 37.29733510515322], [126.97637309836, 37.296907067304836], [126.97592969063943, 37.29651184646317], [126.97543993308172, 37.29615324828585]]], [[[126.95270200839717, 37.31614647983118], [126.95217057504566, 37.3158278558946], [126.95160260288718, 37.315552367264054], [126.95100356118476, 37.315322666561585], [126.95037921819181, 37.315140965502444], [126.94973558563315, 37.315009013611444], [126.94907886084879, 37.3149280813878], [126.94841536715596, 37.31489894807988], [126.94821208875246, 37.31490597458], [126.94812338503395, 37.31490207925729], [126.94745951078453, 37.31492502372556], [126.94680164797923, 37.31499982667437], [126.94615613087775, 37.31512576785044], [126.94552917494119, 37.31530163461046], [126.94492681702063, 37.31552573359025], [126.94435485726046, 37.31579590700025], [126.94381880327387, 37.316109553390554], [126.9433238171276, 37.31646365268633], [126.94287466564465, 37.31685479525316], [126.94247567450347, 37.31727921471313], [126.94213068657544, 37.3177328241964], [126.94184302490169, 37.31821125567993], [126.94161546066664, 37.31870990203535], [126.9414501864776, 37.31922396138169], [126.94134879520875, 37.31974848331634], [126.94131226461509, 37.32027841657983], [126.94134094786611, 37.32080865769555], [126.94143457009233, 37.32133410011624], [126.94159223097985, 37.32184968340423], [126.94181241339037, 37.32235044197159], [126.94209299792485, 37.32283155291062], [126.94243128329316, 37.32328838245371], [126.94282401229464, 37.32371653061472], [126.94326740316086, 37.32411187358115], [126.9437571859597, 37.32447060344848], [126.94428864371078, 37.32478926491283], [126.94485665781666, 37.325064788568284], [126.94545575737168, 37.32529452048694], [126.9460801718738, 37.32547624779631], [126.94672388683007, 37.32560822000697], [126.94738070171951, 37.32568916588451], [126.94804428975331, 37.325718305702445], [126.94824759730581, 37.325711279738194], [126.94833631373002, 37.32571517506309], [126.94900028273653, 37.325692226479134], [126.94965823685902, 37.325617412173514], [126.95030383831998, 37.32549145278908], [126.95093086840222, 37.32531556162288], [126.95153328738546, 37.32509143293228], [126.95210529275361, 37.3248212256056], [126.95264137511042, 37.32450754235523], [126.95313637126385, 37.324153404634146], [126.95358551396677, 37.32376222351788], [126.95398447783431, 37.32333776683355], [126.95432942099583, 37.32288412285273], [126.95461702207993, 37.32240566089924], [126.95484451217715, 37.32190698925151], [126.95500970147366, 37.321392910745885], [126.95511100030029, 37.32086837650901], [126.9551474343961, 37.32033843826545], [126.95511865424086, 37.31980819968012], [126.95502493836898, 37.319282767204605], [126.9548671906345, 37.318767200900545], [126.95464693145588, 37.318266465713954], [126.95436628312657, 37.3177853836692], [126.95402794933472, 37.31732858744299], [126.95363518909109, 37.31690047576478], [126.95319178531716, 37.31650517107256], [126.95270200839717, 37.31614647983118]]], [[[126.95266154410223, 37.339476919787266], [126.95212994780971, 37.339158295610126], [126.95156180122369, 37.33888280646406], [126.95096257528634, 37.33865310497564], [126.95033804002439, 37.33847140286734], [126.94969420901307, 37.33833944967379], [126.94903728150227, 37.33825851590651], [126.94837358276003, 37.33822938082861], [126.947709503207, 37.33825232495661], [126.9470514369254, 37.3383271273617], [126.94640572013297, 37.33845306779598], [126.94577857021252, 37.33862893362348], [126.94517602588213, 37.33885303148936], [126.94460388908034, 37.33912320361508], [126.94406766912468, 37.33943684856351], [126.9435725296797, 37.33979094627417], [126.94312323904461, 37.34018208712834], [126.94272412423811, 37.340606504765084], [126.94237902932302, 37.34106011233252], [126.94209127837152, 37.3415385418265], [126.94186364342883, 37.34203718613814], [126.9416983177844, 37.342551243406426], [126.94159689480936, 37.343075763249026], [126.94156035256559, 37.34360569442672], [126.94158904433625, 37.344135933483], [126.9416826951715, 37.344661373890425], [126.94184040448337, 37.34517695523058], [126.94206065466862, 37.34567771193405], [126.94234132567672, 37.346158821110826], [126.94267971538581, 37.3466156490099], [126.94307256559107, 37.34704379566054], [126.94351609335732, 37.34743913726441], [126.94400602743417, 37.347797865929564], [126.94453764938423, 37.34811652636334], [126.94510583902824, 37.348392049169256], [126.94570512376936, 37.34862178042719], [126.94632973132104, 37.34880350727068], [126.94697364532998, 37.348935479214504], [126.94700052403338, 37.34893879079441], [126.946584105143, 37.34901999721435], [126.94595686742512, 37.349195862967626], [126.94535423877316, 37.349419960663795], [126.94478202193724, 37.349690132526135], [126.94424572700532, 37.35000377712024], [126.94375051836386, 37.350357874389196], [126.94330116497831, 37.3507490147188], [126.94290199447182, 37.351173431753345], [126.94255685144383, 37.35162703864695], [126.94226906043016, 37.35210546740212], [126.94204139386238, 37.352604110917284], [126.941876045335, 37.35311816733921], [126.94177460844017, 37.353642686293774], [126.9417380613745, 37.35417261655042], [126.94176675746836, 37.35470285466152], [126.94186042173088, 37.35522829410869], [126.94201815344559, 37.355743874482684], [126.94223843479402, 37.35624463022335], [126.94251914542613, 37.356725738449775], [126.9428575828389, 37.35718256541995], [126.94325048836846, 37.3576107111719], [126.94369407854703, 37.35800605191572], [126.9441840815232, 37.35836477976762], [126.94471577819601, 37.35868343944246], [126.94528404766638, 37.358958961550954], [126.94588341656831, 37.359188692179465], [126.94650811180433, 37.35937041846746], [126.94715211617613, 37.35950238993493], [126.94780922637341, 37.359583335354294], [126.9484731127613, 37.359612475003296], [126.94913738038822, 37.35958952818095], [126.94979563062522, 37.359514715913406], [126.95044152284078, 37.35938875882414], [126.9510688355156, 37.35921287018838], [126.95167152620608, 37.35898874423956], [126.95224378977797, 37.35871853984005], [126.95278011434725, 37.35840485967471], [126.95327533438858, 37.35805072516738], [126.95372468049831, 37.35765954736337], [126.95412382533296, 37.357235094058495], [126.95446892527968, 37.35678145349244], [126.95475665745818, 37.35630299495674], [126.95498425169791, 37.35580432669744], [126.95514951718388, 37.35529025151864], [126.95525086351519, 37.35476572051529], [126.95528731597554, 37.35423578538099], [126.95525852487019, 37.353705549750806], [126.95516476884121, 37.35318012004775], [126.95500695213165, 37.352664556306635], [126.95478659582625, 37.35216382344845], [126.95450582315561, 37.35168274347472], [126.95416733900689, 37.351225949041684], [126.95377440383994, 37.35079783886098], [126.95333080226156, 37.35040253535551], [126.95284080656116, 37.35004384497803], [126.95230913556016, 37.34972522157353], [126.95174090917112, 37.34944973313748], [126.95114159910435, 37.34922003228949], [126.95051697619637, 37.34903833074564], [126.94987305486599, 37.34890637803504], [126.9498461760397, 37.348903067106896], [126.95026259091368, 37.3488218491687], [126.95088981575253, 37.34864596046804], [126.95149242208974, 37.348421834360785], [126.95206460560391, 37.348151629710706], [126.95260085518237, 37.347837949204866], [126.95309600602211, 37.347483814270234], [126.95354528938611, 37.347092635955946], [126.95394437853503, 37.34666818206258], [126.95428943039212, 37.346214540835305], [126.95457712253987, 37.34573608157181], [126.95480468519285, 37.34523741252498], [126.95496992783963, 37.344723336506405], [126.9550712602987, 37.34419880461901], [126.95510770798661, 37.34366886856485], [126.95507892125391, 37.34313863198783], [126.9549851786999, 37.34261320132013], [126.95482738443707, 37.34209763660589], [126.95460705933341, 37.34159690277556], [126.95432632631847, 37.34111582184019], [126.95398788989705, 37.340659026465445], [126.95359501006901, 37.340230915372196], [126.95315147090797, 37.33983561099234], [126.95266154410223, 37.339476919787266]]], [[[126.94062730845617, 37.367594483475095], [126.94002451647425, 37.36781855199603], [126.93945214031176, 37.368088695942184], [126.9389156915902, 37.36840231414823], [126.93842033617639, 37.36875638681167], [126.93797084444896, 37.36914750455562], [126.9375715453631, 37.36957190124222], [126.9372262847566, 37.370025490221984], [126.93693838829799, 37.37050390367033], [126.93671062943484, 37.37100253463347], [126.9365452026513, 37.37151658137944], [126.9364437022941, 37.372041093627594], [126.93640710717213, 37.37257102021223], [126.9364357710798, 37.37310125772131], [126.93652941933745, 37.37362669964237], [126.93668715138399, 37.37414228554242], [126.9369074493991, 37.37464304980804], [126.93718819287331, 37.37512416947613], [126.93752667898833, 37.37558101069433], [126.93791964861218, 37.37600917336324], [126.9383633176604, 37.3764045335297], [126.93885341352252, 37.37676328312253], [126.93938521620319, 37.37708196664689], [126.93995360378234, 37.37735751448334], [126.94055310175624, 37.37758727247015], [126.94067036728576, 37.37762138360286], [126.94072380894009, 37.37764186486199], [126.94134864384239, 37.377823618978134], [126.9413862116841, 37.377831317527786], [126.9416667326357, 37.37791291495731], [126.94231088629931, 37.37804491359027], [126.9429681524481, 37.37812588692164], [126.94363219994409, 37.37815505496013], [126.94429663228298, 37.378132136731104], [126.94495504924824, 37.37805735298531], [126.94560110860147, 37.37793142407141], [126.94622858721239, 37.37775556299338], [126.94683144103828, 37.3775314637193], [126.94740386337274, 37.37726128485493], [126.94794034080199, 37.37694762883935], [126.94843570632787, 37.37659351686422], [126.9488851891453, 37.37620235975812], [126.94928446059401, 37.375777925117944], [126.94962967584192, 37.37532430100402], [126.94991751089863, 37.37484585654983], [126.95014519460344, 37.37434719986617], [126.95031053528051, 37.373833133646045], [126.95041194180577, 37.3733086088984], [126.9504484388844, 37.37277867725684], [126.95041967639308, 37.372248442323006], [126.95032593269973, 37.371723010513364], [126.95016811192974, 37.371207441882966], [126.94994773520828, 37.37070670139991], [126.94966692596365, 37.37022561113904], [126.94932838943633, 37.369768803855514], [126.94893538659139, 37.36934067838441], [126.94849170268805, 37.36894535729565], [126.94800161080896, 37.368586647210954], [126.94746983070196, 37.36826800216473], [126.94690148333025, 37.36799249036047], [126.94630204156893, 37.36776276464246], [126.9458317771839, 37.367625977303106], [126.9458133012329, 37.36761889654005], [126.94518853958641, 37.3674371662965], [126.9445444711482, 37.36730518379396], [126.94388729745313, 37.36722421982583], [126.94322334613832, 37.36719505394573], [126.94255901005496, 37.367217966966585], [126.94190068575377, 37.36729273825908], [126.94125471193543, 37.36741864787493], [126.94062730845617, 37.367594483475095]]], [[[126.93935843684153, 37.38002836266713], [126.93879003144443, 37.379752811947554], [126.93819052181023, 37.379523045010224], [126.93756568069666, 37.37934127420702], [126.93692152462289, 37.37920924973333], [126.9362642559671, 37.37912824278643], [126.93560020328044, 37.37909903333352], [126.93493576038955, 37.37912190260695], [126.93427732487294, 37.37919663039843], [126.93363123650141, 37.37932249717849], [126.9330037162336, 37.37949829102052], [126.93240080635151, 37.37972231926307], [126.93182831231192, 37.37999242479851], [126.93129174687073, 37.38030600683153], [126.93079627701826, 37.38066004590817], [126.93034667423468, 37.38105113297516], [126.92994726854442, 37.38147550219037], [126.9296019068117, 37.38192906716916], [126.92931391567899, 37.3824074603184], [126.9290860695058, 37.382906074880125], [126.92892056361744, 37.38342010928063], [126.928818993123, 37.38394461335855], [126.92878233750744, 37.384474536027135], [126.92881095114853, 37.3850047739123], [126.92890455985155, 37.38553022049821], [126.92906226343725, 37.386045815307114], [126.92928254436023, 37.38654659263988], [126.92956328227662, 37.38702772940762], [126.92990177442243, 37.38748459159327], [126.93029476160835, 37.387912778895384], [126.93073845958149, 37.38830816712349], [126.93122859545323, 37.388666947935874], [126.93176044884335, 37.388985665536836], [126.93232889734352, 37.389261249978475], [126.93292846586334, 37.389491046746166], [126.93355337938216, 37.38967284234168], [126.93419761859836, 37.38980488561687], [126.93485497793858, 37.38988590465193], [126.93551912536674, 37.38991511901513], [126.93618366341535, 37.38989224728542], [126.93684219084903, 37.389817509765464], [126.93748836436463, 37.3896916263586], [126.93811595973156, 37.38951580963042], [126.93871893178168, 37.38929175312183], [126.93929147266921, 37.389021615026735], [126.93982806783792, 37.388707997391684], [126.94032354915502, 37.388353921038856], [126.94077314469982, 37.38796279645394], [126.941172524726, 37.38753839092091], [126.94151784335565, 37.38708479222008], [126.94180577560275, 37.38660636924048], [126.94203354937069, 37.38610772988644], [126.94219897211663, 37.38559367668442], [126.94230045192663, 37.38506916051834], [126.94233701280069, 37.384539232939474], [126.94230830400188, 37.38400899751059], [126.9422146033818, 37.383483560653154], [126.94205681465202, 37.382967982471065], [126.94183645862994, 37.38246722802446], [126.94155565854551, 37.38198611952275], [126.94121711955172, 37.38152928989675], [126.9408241026383, 37.381101138196634], [126.94038039320054, 37.380705787244764], [126.93989026456758, 37.38034704395027], [126.93935843684153, 37.38002836266713]]], [[[126.95450622640158, 37.38528855673286], [126.95393772519526, 37.38501307830748], [126.9533381266985, 37.38478338766276], [126.95271320452392, 37.384601696416084], [126.95206897597053, 37.38446975399693], [126.95141164411392, 37.38438883081273], [126.95074753811323, 37.384359706024426], [126.95008305230807, 37.384382660049454], [126.94942458469002, 37.38445747186381], [126.9487784753389, 37.38458342112933], [126.94815094541538, 37.38475929512547], [126.9475480372948, 37.38498340041932], [126.94697555641721, 37.38525357916159], [126.94643901541244, 37.385567229852256], [126.9459435810361, 37.38592133237638], [126.94549402442743, 37.386312477069836], [126.94509467516708, 37.38673689753558], [126.9447493795767, 37.38719050689536], [126.94446146366266, 37.3876689371285], [126.94423370106085, 37.3881675811197], [126.94406828629269, 37.38868163701155], [126.94396681359036, 37.389206154435314], [126.94393026149766, 37.3897360821753], [126.94395898339577, 37.390266316808116], [126.94405270404775, 37.39079175184878], [126.94421052219626, 37.39130732693021], [126.94443091919264, 37.39180807654284], [126.94471177357488, 37.39228917786425], [126.945050381457, 37.3927459972184], [126.94544348253449, 37.393174134716006], [126.94588729145696, 37.39356946664596], [126.94637753426659, 37.39392818520863], [126.94690948955234, 37.39424683520769], [126.94747803392374, 37.394522347346346], [126.94807769136622, 37.39475206780643], [126.94870268600185, 37.39493378382479], [126.94934699774703, 37.39506574501995], [126.95000442032917, 37.395146680262975], [126.95066862110257, 37.39517580992946], [126.95133320208555, 37.395152853414565], [126.95199176162893, 37.39507803183791], [126.95263795612021, 37.39495206591286], [126.95326556112687, 37.39477616900017], [126.95386853138817, 37.394552035413405], [126.95444105907595, 37.39428182408915], [126.95497762976159, 37.39396813777954], [126.95547307554884, 37.39361399796831], [126.95592262485987, 37.39322281575252], [126.95632194839456, 37.3927983589712], [126.95666720081987, 37.39234471589813], [126.95695505778822, 37.39186625584963], [126.95718274792893, 37.39136758708675], [126.95734807950531, 37.39085351241888], [126.9574494614821, 37.39032898293631], [126.95748591880212, 37.38979905031813], [126.95745710172619, 37.389268818175196], [126.9573632891489, 37.38874339289683], [126.95720538586019, 37.38822783447491], [126.95698491378069, 37.387727107778865], [126.95670399725776, 37.38724603475035], [126.95636534256543, 37.386789247978186], [126.95597221180707, 37.38636114609953], [126.9555283914737, 37.385965851456675], [126.95503815596167, 37.385607170416336], [126.95450622640158, 37.38528855673286]]], [[[126.96796675403004, 37.390041887140804], [126.96743473794214, 37.38972333118373], [126.96686615538125, 37.38944791449059], [126.96626648148592, 37.38921828898954], [126.96564149059408, 37.389036665670766], [126.96499720066588, 37.38890479330985], [126.96433981536738, 37.3888239416398], [126.96367566437189, 37.38879488913322], [126.96301114245198, 37.388817915511815], [126.96235264794673, 37.38889279905523], [126.96170652119487, 37.38901881873487], [126.96107898352469, 37.3891947611525], [126.96047607738629, 37.38941893221666], [126.95990360820107, 37.389689173444935], [126.95936708848663, 37.390002882735835], [126.95887168479409, 37.390357039410276], [126.95842216796795, 37.390748233282764], [126.95802286720641, 37.39117269748268], [126.95767762836478, 37.391626344710566], [126.95738977690365, 37.39210480658097], [126.95716208583904, 37.392603475673674], [126.956996749004, 37.3931175498893], [126.95689535988083, 37.39364207868232], [126.95685889620887, 37.394172010727196], [126.95688771051823, 37.394702242558694], [126.95698152668213, 37.39522766771838], [126.9571394425236, 37.39574322593394], [126.95735993845302, 37.39624395185779], [126.95764089205541, 37.39672502289532], [126.9579795984889, 37.39718180566177], [126.95837279649948, 37.397609900619976], [126.95881669980263, 37.39800518446828], [126.9593070335309, 37.39836384986996], [126.95983907539694, 37.39868244214066], [126.96040770117574, 37.39895789253951], [126.96100743406794, 37.39918754784304], [126.96163249746827, 37.39936919591583], [126.96227687063019, 37.399501087031], [126.96293434668902, 37.39958195073476], [126.96359859248359, 37.39961100809215], [126.9642632095982, 37.39958797919497], [126.96492179603554, 37.39951308586044], [126.96556800792398, 37.39938704949336], [126.96619562066344, 37.399211084133285], [126.96679858891899, 37.398986884753356], [126.9673711048821, 37.39871661092408], [126.96790765423751, 37.398402865999856], [126.96840306929498, 37.39804867202913], [126.96885257877332, 37.39765744063062], [126.9692518537567, 37.39723294011709], [126.96959704938043, 37.39677925918349], [126.96988484184472, 37.39630076751061], [126.97011246040084, 37.395802073663894], [126.97027771400215, 37.39528798069404], [126.97037901236499, 37.394763439867276], [126.97041538123787, 37.39423350297161], [126.97038647173383, 37.39370327365867], [126.97029256363786, 37.393177858290116], [126.97013456265981, 37.392662316761985], [126.96991399166107, 37.39216161378059], [126.96963297594154, 37.39168057105884], [126.96929422273014, 37.39122382089336], [126.96890099507861, 37.3907957615685], [126.9684570804105, 37.3904005150165], [126.96796675403004, 37.390041887140804]]], [[[126.97241193974985, 37.397324831045694], [126.97191654816237, 37.39767904203831], [126.97146705434068, 37.398070285205186], [126.97106778726223, 37.398494793201046], [126.97072259245873, 37.39894847830471], [126.9704347949676, 37.39942697176588], [126.97020716728588, 37.39992566585998], [126.97004190263704, 37.400439758246634], [126.969940593809, 37.40096429820499], [126.96990421776853, 37.40149423430167], [126.9699331262023, 37.40202446303202], [126.97002704207756, 37.402549877967054], [126.97018506225733, 37.40306541893248], [126.97040566614727, 37.403566120746405], [126.97068673029264, 37.404047161046016], [126.97102554878677, 37.40450390674221], [126.97141885929605, 37.404931958654466], [126.97186287445201, 37.405327193895474], [126.97235331830939, 37.405685805596406], [126.97288546751945, 37.40600433958994], [126.9734541968226, 37.406279727696464], [126.9740540284216, 37.406509317292496], [126.9746791847598, 37.40669089687548], [126.97532364419467, 37.40682271737837], [126.97598119902997, 37.4069035090278], [126.97664551534515, 37.406932493582936], [126.97668752990208, 37.40693103342518], [126.97682522440745, 37.40693704060789], [126.97748990310416, 37.40691393785176], [126.97814854147015, 37.40683897132219], [126.97879479513335, 37.40671286312937], [126.97942243909134, 37.40653682800498], [126.98002542770854, 37.40631256159448], [126.98059795298057, 37.406042224114294], [126.98113450050292, 37.40572841953211], [126.9816299026035, 37.40537417047118], [126.98207938812654, 37.40498288908099], [126.98247862838772, 37.404558344155845], [126.98282377885755, 37.40410462481845], [126.98311151617196, 37.40362610111932], [126.9833390701142, 37.40312738193224], [126.98350425026078, 37.40261327055171], [126.98360546703621, 37.40208871842095], [126.98364174697541, 37.401558777436506], [126.98361274204846, 37.40102855128896], [126.9835187329598, 37.40050314630906], [126.98336062639217, 37.39998762229238], [126.98313994622399, 37.39948694377614], [126.98285881880639, 37.39900593223722], [126.98251995244384, 37.398549219671565], [126.98212661127737, 37.39812120400104], [126.98168258382326, 37.397726006737294], [126.98119214647117, 37.39736743330886], [126.98066002229412, 37.39704893643357], [126.98009133556658, 37.39677358288775], [126.9794915624294, 37.396544023991474], [126.97886647817549, 37.396362470093635], [126.97822210166326, 37.39623066930147], [126.97756463739178, 37.39614989065905], [126.97690041579426, 37.39612091193602], [126.97685840727826, 37.396122372217995], [126.97672073254692, 37.39611636521335], [126.97605614907239, 37.39613946441124], [126.97539760253095, 37.39621442011735], [126.97475143376221, 37.39634051060859], [126.97412386449895, 37.39651652180521], [126.97352093749558, 37.39674075895373], [126.97294845837466, 37.39701106293575], [126.97241193974985, 37.397324831045694]]], [[[126.97916883327805, 37.49740692716939], [126.9785037155691, 37.49737795118316], [126.97783823577404, 37.49740105323309], [126.97717880144955, 37.49747601087065], [126.97653176197839, 37.497602102354804], [126.97590334747267, 37.497778113597164], [126.9752996088216, 37.49800234984513], [126.97472635945991, 37.49827265199052], [126.97418911941587, 37.49858641734724], [126.97369306217632, 37.498940624698456], [126.97324296487965, 37.499331863372795], [126.97284316231573, 37.49975636607026], [126.97249750517535, 37.500210045122564], [126.97220932295161, 37.50068853183946], [126.97198139185117, 37.50118721856281], [126.97181590802492, 37.50170130302448], [126.97171446637763, 37.502225834580855], [126.97167804516178, 37.50275576188001], [126.97170699650597, 37.503285981502174], [126.97180104297107, 37.50381138710584], [126.97195928016906, 37.50432691860598], [126.97218018542169, 37.50482761091092], [126.97246163237728, 37.50530864174808], [126.97280091144684, 37.505765378117935], [126.97286832116494, 37.50583864161134], [126.9729256298413, 37.505915789519435], [126.97331947575599, 37.50634383191422], [126.97376409455917, 37.506739057895224], [126.97425520449285, 37.50709766068082], [126.97478807579297, 37.50741618618756], [126.9753575762438, 37.507691566315664], [126.97595822061825, 37.507921148516715], [126.9765842235278, 37.50810272135789], [126.97722955517172, 37.508234535835854], [126.97788799944779, 37.508315322234274], [126.97848057295259, 37.50834113793762], [126.97893272795929, 37.508433486839465], [126.97959117592842, 37.50851426376779], [126.98025639288014, 37.50854323432121], [126.98092197103858, 37.50852011942786], [126.98158149914364, 37.50844514173379], [126.98222862424805, 37.50831902345737], [126.9828571129508, 37.50814297942844], [126.98346091147569, 37.5079187053795], [126.98403420401412, 37.50764836160217], [126.9845714687692, 37.5073345521266], [126.9850675311596, 37.506980299625084], [126.98545662144602, 37.5066420407729], [126.98610137083183, 37.50677368720691], [126.98675981243527, 37.5068544241455], [126.9874250179075, 37.50688335424605], [126.98809057958324, 37.5068601988265], [126.9887500863613, 37.50678518092344], [126.98939718550002, 37.50665902314264], [126.99002564384875, 37.50648294069459], [126.99036633991311, 37.50635636551096], [126.99045275550864, 37.50647264642313], [126.99084670507229, 37.50690063109928], [126.99129142032058, 37.50729579177555], [126.9917826185658, 37.50765432229922], [126.9923155691924, 37.50797276928274], [126.99288513921977, 37.508248065382745], [126.99348584274992, 37.508477558860264], [126.99411189382386, 37.50865903913731], [126.99475726217635, 37.508790758102336], [126.99541573135112, 37.50887144695938], [126.99608095861512, 37.50890032845762], [126.99674653609303, 37.508877124383325], [126.99740605253132, 37.5088020582419], [126.99799821043892, 37.50868656917654], [126.99829155848255, 37.5090812116957], [126.99868556663971, 37.50950917046339], [126.99913033886814, 37.50990430186388], [126.99962159193086, 37.51026280002629], [127.00015459468408, 37.51058121187474], [127.0007242136446, 37.51085647040419], [127.00132496244282, 37.51108592423764], [127.00195105468329, 37.51126736317894], [127.00259645970394, 37.51139903951485], [127.00325496069497, 37.5114796848601], [127.00392021461663, 37.51150852238311], [127.0045858133366, 37.51148527429393], [127.00507609621393, 37.51142943956539], [127.00492619821036, 37.511895720699904], [127.00482497330859, 37.51242028136648], [127.00478878026992, 37.51295021962199], [127.00481796902642, 37.513480431940174], [127.00491225985307, 37.514005812048815], [127.00507074600873, 37.514521300107354], [127.0052919024173, 37.515021931441424], [127.00557360030776, 37.51550288436474], [127.00591312767358, 37.5159595266273], [127.00630721535639, 37.51638746004224], [127.00675206850362, 37.516782562860996], [127.00724340309864, 37.51714102948778], [127.007776487212, 37.51745940715029], [127.00834618657646, 37.51773462917268], [127.00894701404746, 37.51796404452948], [127.0095731824713, 37.518145443395156], [127.01021866045159, 37.518277078442516], [127.01087723047527, 37.51835768168409], [127.01154254883718, 37.518386476693934], [127.01220820678395, 37.518363186091754], [127.01286779228656, 37.51828803421676], [127.01293835399731, 37.5182742647216], [127.01310396692205, 37.518649044461064], [127.01338572853555, 37.51912997890613], [127.01372531994613, 37.5195865988816], [127.0141194713783, 37.52001450641509], [127.01456438736527, 37.520409580007126], [127.01505578328485, 37.5207680143433], [127.01558892661652, 37.52108635696222], [127.01615868252229, 37.52136154152555], [127.01675956331253, 37.5215909173686], [127.01738578131962, 37.52177227504651], [127.01803130466917, 37.52190386762884], [127.01868991541076, 37.5219844275373], [127.01935526944675, 37.52201317876347], [127.02002095767989, 37.52198984434895], [127.02068056778927, 37.521914649055155], [127.02132774603757, 37.52178831719729], [127.02135135960609, 37.521781695403426], [127.02160565163426, 37.52175270365708], [127.02225282697599, 37.52162636670615], [127.02288133596515, 37.52145011022005], [127.02348512463078, 37.52122563197853], [127.02405837726033, 37.52095509424068], [127.0245955724427, 37.520641102905444], [127.02509153626838, 37.520286682397185], [127.02554149217332, 37.5198952465189], [127.02594110694616, 37.519470565554855], [127.02628653245506, 37.51901672993965], [127.0265744426929, 37.51853811084503], [127.02680206578431, 37.518039318064375], [127.02681671457088, 37.517993710794094], [127.02698722036705, 37.51814507906279], [127.02747866153734, 37.51850346215488], [127.02801184224491, 37.518821749068394], [127.02858162729126, 37.51909687400158], [127.0291825287056, 37.519326186864284], [127.02980875862116, 37.519507478818426], [127.03045428504862, 37.51963900356687], [127.03111289000773, 37.51971949418494], [127.03177822945645, 37.51974817533195], [127.0324438944381, 37.519724770724764], [127.0331034728559, 37.51964950580118], [127.03375061127811, 37.51952310554736], [127.03437907617604, 37.51934678751028], [127.0348022417864, 37.51918940753552], [127.03481173586759, 37.51921087642367], [127.03509363943753, 37.51969175999321], [127.03543336631196, 37.52014831842038], [127.03582764540974, 37.520576154325205], [127.03627268003346, 37.52097114689781], [127.03676418441725, 37.521329491603964], [127.03729742499483, 37.52164773684552], [127.03786726599053, 37.52192281722211], [127.03846821889425, 37.522152083072726], [127.03855739957616, 37.52217789200946], [127.0379907216745, 37.52233689196406], [127.0373869666941, 37.522561444552764], [127.03681374915541, 37.522832047152136], [127.03627658878234, 37.52314609418393], [127.03578065829718, 37.52350056171967], [127.03533073362075, 37.52389203658299], [127.03493114788402, 37.524316749199556], [127.03469041254998, 37.52463308132264], [127.03449915600085, 37.52430684585983], [127.03415941625909, 37.52385028497825], [127.033765129714, 37.52342244368946], [127.03332009398626, 37.5230274418228], [127.03282859517404, 37.522669082922434], [127.03229536656919, 37.52235081763784], [127.03172554307743, 37.52207571051309], [127.03112461178087, 37.52184641049365], [127.03049835911861, 37.52166512543435], [127.0298528151931, 37.521533600853054], [127.02919419573745, 37.52145310313401], [127.02852884230094, 37.52142440734222], [127.02786316122696, 37.52144778976578], [127.02720356200909, 37.52152302525768], [127.02655639561738, 37.521649389402576], [127.02592789338597, 37.521825665487874], [127.02532410704934, 37.5220501562119], [127.02475085050253, 37.52232070001712], [127.02421364384452, 37.5226346918913], [127.02371766024275, 37.52298910843702], [127.02326767612898, 37.52338053696894], [127.02286802520585, 37.52380520835897], [127.02252255670687, 37.5242590333142], [127.02223459831164, 37.52473764173898], [127.02200692407429, 37.525236424802465], [127.02184172767508, 37.525750579307754], [127.02174060125337, 37.52627515393558], [127.02170452002831, 37.52680509691783], [127.02173383285616, 37.5273353046822], [127.02182825881785, 37.52786067099973], [127.02198688987147, 37.528376136162144], [127.02220819954596, 37.52887673571496], [127.02249005759435, 37.52935764827737], [127.02282975046771, 37.52981424198751], [127.0232240074133, 37.53024211912562], [127.02366903194792, 37.53063715848469], [127.02416053840358, 37.53099555507974], [127.02469379319466, 37.5313138568127], [127.02526366040917, 37.53158899773884], [127.02586465128466, 37.531818327613685], [127.02649097709258, 37.5319996374351], [127.02713660491942, 37.53213118073362], [127.02779531580782, 37.532211690405724], [127.02846076469481, 37.532240390927036], [127.02912654156894, 37.53221700582771], [127.02978623325497, 37.532141760357604], [127.03043348522941, 37.53201537931548], [127.03106206286922, 37.53183908006332], [127.03166591154202, 37.53161456079307], [127.03223921495724, 37.5313439841593], [127.03277645121476, 37.53102995643581], [127.03327244600963, 37.53067550239766], [127.03372242247997, 37.53028403617107], [127.03412204721685, 37.52985932833268], [127.0343628019684, 37.52954299777669], [127.03455407104944, 37.529869233257], [127.03489384011985, 37.53032579273751], [127.03528816907232, 37.530753630045005], [127.03573326072951, 37.53114862435594], [127.03622482877641, 37.53150697111912], [127.0367581390336, 37.53182521871642], [127.03732805505419, 37.53210030172455], [127.0379290876052, 37.53232957045698], [127.03855544755612, 37.53251081650064], [127.0392011016642, 37.53264229400058], [127.03985983071863, 37.53272273648725], [127.04052528948127, 37.5327513690837], [127.04119106784539, 37.5327279159746], [127.04185075262153, 37.532652603065145], [127.0424979893528, 37.53252615580398], [127.04312654356326, 37.53234979219112], [127.04373036084655, 37.53212521103866], [127.0443036252149, 37.53185457559737], [127.04484081514472, 37.531540492707585], [127.04533675677794, 37.531185987675826], [127.04578667376524, 37.53079447511938], [127.04618623327119, 37.530369726061096], [127.04653158769752, 37.52991583159142], [127.04681941172296, 37.52943716344877], [127.04704693430375, 37.528938331898665], [127.04721196532718, 37.5284241413178], [127.04731291666307, 37.52789954391156], [127.04734881741193, 37.52736959201133], [127.04731932320455, 37.52683938941112], [127.04722471946565, 37.5263140422127], [127.04706591861209, 37.52579860965252], [127.04684445121462, 37.52529805538408], [127.04656245121046, 37.52481719968461], [127.04622263531041, 37.524360673046026], [127.04582827680119, 37.52393287159651], [127.04538317399593, 37.5235379147816], [127.04489161363814, 37.52317960571154], [127.04435832961171, 37.52286139455595], [127.04378845735552, 37.52258634533769], [127.04318748442066, 37.52235710644472], [127.04309830189473, 37.52233130099304], [127.04366496916954, 37.52217227645962], [127.0442687025192, 37.521947691617825], [127.04484188670884, 37.52167705257335], [127.04537900098745, 37.5213629662011], [127.04587487222571, 37.521008457840885], [127.04632472475234, 37.520616942141906], [127.04672422635271, 37.520192190157054], [127.04674862831507, 37.520160114310215], [127.04684030755517, 37.52006263953417], [127.04691160083172, 37.52045858433886], [127.04707038968121, 37.520974017491454], [127.04729184610804, 37.52147457162887], [127.04757383845079, 37.52195542580714], [127.04791365186576, 37.52241194872628], [127.04830801443795, 37.522839743348015], [127.04875312866538, 37.523234689259944], [127.04924470801492, 37.52359298237707], [127.04977801819763, 37.52391117159807], [127.05034792276683, 37.524186192062146], [127.05094893259947, 37.52441539468545], [127.05157525878352, 37.52459657169191], [127.05222086840143, 37.524727977891885], [127.05287954267102, 37.52480834750292], [127.05354493688198, 37.52483690635031], [127.05421064154977, 37.524813379329416], [127.05487024419521, 37.52473799305763], [127.05551739115316, 37.524611473690456], [127.05614584881303, 37.52443503992265], [127.05674956369913, 37.524210391242136], [127.05732272081072, 37.52393969155016], [127.0578597996581, 37.52362554830593], [127.05835562745374, 37.523270987397105], [127.05880542894545, 37.52287942397906], [127.05920487241075, 37.52245462956426], [127.05955011136942, 37.522000695679665], [127.05983782161259, 37.521521994443006], [127.0600652331925, 37.521023136438096], [127.06023015706549, 37.52050892629601], [127.06033100613317, 37.51998431641009], [127.06034155306705, 37.519828207067434], [127.0608073402671, 37.51981171765905], [127.06146689256103, 37.519736294159884], [127.06211398545533, 37.5196097381953], [127.0627423858605, 37.51943326881263], [127.0633460408528, 37.5192085858429], [127.06391913600875, 37.51893785351764], [127.06445615143579, 37.51862367961034], [127.06495191495765, 37.518269090303946], [127.06540165194149, 37.51787750102722], [127.06580103128643, 37.51745268354156], [127.06614620712998, 37.51699872959596], [127.06643385587131, 37.51652001150115], [127.06666120815498, 37.51602114000311], [127.06682607550839, 37.515506919862624], [127.0668373051303, 37.51544847297963], [127.06687499722818, 37.515330910385494], [127.0669757925062, 37.51480629403096], [127.06700640458097, 37.51435255706588], [127.06733120835472, 37.514120219137084], [127.06778090788377, 37.51372862029263], [127.06785908431402, 37.513645455848575], [127.06787220846581, 37.51366782490615], [127.06821210904396, 37.514124290605686], [127.06860654502628, 37.51455201850478], [127.06905171820266, 37.514946888833556], [127.06954334147103, 37.51530509823499], [127.07007668011845, 37.51562319641425], [127.07064659742319, 37.51589811938762], [127.07124760413883, 37.516127219010606], [127.0718739113829, 37.51630828849958], [127.07251948641996, 37.51643958370096], [127.07279530251387, 37.516473193540506], [127.07287628795568, 37.516512257489644], [127.07347730650514, 37.51674134581535], [127.0741036243696, 37.516922403526735], [127.07474920871127, 37.51705368658365], [127.07540784099119, 37.5171339303903], [127.07607317690362, 37.51716236198425], [127.07673880752584, 37.5171387074871], [127.07739832109236, 37.517063194744615], [127.07804536479684, 37.51693655113092], [127.078673706024, 37.516759996537886], [127.07927729242076, 37.5165352316175], [127.07985031022497, 37.51626442139081], [127.08038724028992, 37.51595017438176], [127.08088291126226, 37.51559551747737], [127.08102196543175, 37.51547439700446], [127.08145339713607, 37.51578866706693], [127.08198679027385, 37.51610671176718], [127.08255675548078, 37.51638157753561], [127.08315780304855, 37.51661061677875], [127.08378414370067, 37.51679162329475], [127.0844297443796, 37.51692285353671], [127.08508838638875, 37.51700304341778], [127.08575372532853, 37.51703142049512], [127.08641935224706, 37.517007711415665], [127.08707885541456, 37.516932144551156], [127.08772588212496, 37.51680544779722], [127.08835419992694, 37.51662884155774], [127.08895775669325, 37.51640402698237], [127.08953073894766, 37.516133169570566], [127.0900676278862, 37.51581887830077], [127.09056325255207, 37.5154641804864], [127.09101283965119, 37.51507249260126], [127.09141205952746, 37.514647587356244], [127.09175706785551, 37.51419355734526], [127.09204454264886, 37.513714775611156], [127.0922717162283, 37.513215853512264], [127.09243640184296, 37.51270159629598], [127.0925370146894, 37.512176956808105], [127.09257258712768, 37.511646987783784], [127.09254277794959, 37.51111679318051], [127.09244787561194, 37.51059147902163], [127.09228879540552, 37.51007610422414], [127.09206707058937, 37.509575631884154], [127.09178483757731, 37.50909488148893], [127.09151459037946, 37.50873213946053], [127.09186582804871, 37.50848074173751], [127.09231536616093, 37.508089048144626], [127.09271454113303, 37.507664137732725], [127.09305950907202, 37.5072101031453], [127.09319825683735, 37.506978992811064], [127.09374488442445, 37.5072425651725], [127.0943458936857, 37.50747154760752], [127.09497218574327, 37.50765249478546], [127.09561772800767, 37.507783663731274], [127.09627630234512, 37.50786379094879], [127.09694156500821, 37.50789210459909], [127.09760710778014, 37.50786833194028], [127.0982665197422, 37.50779270195675], [127.09891344906744, 37.50766594315229], [127.09954166424328, 37.50748927652858], [127.10014511413165, 37.507264403817], [127.1004360705982, 37.50712681033858], [127.10049172764299, 37.50725240731591], [127.10077400985617, 37.50773313734004], [127.10093522947095, 37.50794949085359], [127.10044263714303, 37.507928543149404], [127.09977709459004, 37.50795233178669], [127.09911768266943, 37.50802797020171], [127.09847075054942, 37.50815473010088], [127.09784252731062, 37.50833139096212], [127.09723906200382, 37.50855625177979], [127.09666616543595, 37.508827147433365], [127.09612935424305, 37.509141469523016], [127.09563379778804, 37.50949619147159], [127.09518426839304, 37.50988789765253], [127.09478509538529, 37.510312816263365], [127.09444012339924, 37.51076685562946], [127.09415267533582, 37.511245643588964], [127.09392552033692, 37.51174456958037], [127.09376084708401, 37.51225882902847], [127.09366024267945, 37.51278346960115], [127.09362467731529, 37.51331343889302], [127.0936544948793, 37.5138436330761], [127.09374940959036, 37.51436894605001], [127.09390850869758, 37.51488431861807], [127.09413026121968, 37.515384787215666], [127.09441253264171, 37.51586553172156], [127.09475260543007, 37.516321921891084], [127.09514720516943, 37.516749561963856], [127.09559253207121, 37.5171443330155], [127.09608429755151, 37.51750243264498], [127.09661776552637, 37.51782041161464], [127.09718779802711, 37.51809520708902], [127.09772117351267, 37.51829837316854], [127.09752334436165, 37.518627883466394], [127.09729618891569, 37.51912681531709], [127.09713152206285, 37.51964107886206], [127.09703093084438, 37.52016572172977], [127.09699538532591, 37.52069569149259], [127.09702522920462, 37.52122588431799], [127.09712017644638, 37.52175119411851], [127.09727931398753, 37.522266561727896], [127.09750111047693, 37.52276702362912], [127.09778343097655, 37.52324775976527], [127.0981235574803, 37.52370413997211], [127.09851821505562, 37.524131768585], [127.09896360335692, 37.52452652678976], [127.09945543320889, 37.52488461230895], [127.09998896790735, 37.525202576040634], [127.10055906884077, 37.52547735529601], [127.10116024499254, 37.5257063033149], [127.10178670584668, 37.5258872147742], [127.10243241718693, 37.52601834704281], [127.10309115924996, 37.52609843697777], [127.10375658667174, 37.5261267130993], [127.10442228964747, 37.52610290302714], [127.10508185571445, 37.526027236106216], [127.10572893156044, 37.52590044119634], [127.10635728426085, 37.525723739647326], [127.10696086135255, 37.52549883352721], [127.10753384916377, 37.52522788921758], [127.10807072883765, 37.524913516534205], [127.10856632950741, 37.52455874357491], [127.1090158781109, 37.5241669875374], [127.1094150453638, 37.523742021789054], [127.10975998744867, 37.523287939506474], [127.11004738301811, 37.52280911423581], [127.11007462338367, 37.522749260692336], [127.11024195211573, 37.52281297127042], [127.11086841119717, 37.52299383463278], [127.11151411398168, 37.52312491726157], [127.11217284078828, 37.52320495649218], [127.11283824639992, 37.52323318133343], [127.113503921222, 37.52320931989918], [127.11416345306313, 37.5231336020293], [127.11481048894105, 37.52300675707453], [127.11543879631652, 37.52283000686686], [127.11604232316328, 37.52260505394313], [127.11661525629408, 37.522334065135816], [127.11715207737915, 37.5220196506893], [127.1176476161164, 37.52166483910364], [127.11809710004073, 37.52127304794852], [127.1184962004912, 37.520848050929445], [127.11884107429402, 37.52039394152403], [127.11912840075986, 37.51991509353943], [127.11925580900704, 37.51963505095284], [127.11956086557576, 37.519456363773216], [127.12005637593693, 37.51910154177142], [127.12050583185328, 37.51870974112584], [127.12090490493372, 37.51828473563334], [127.12124975226824, 37.51783061885303], [127.12153705342233, 37.51735176466306], [127.12176404239041, 37.516852785119006], [127.12192853420079, 37.51633848602084], [127.12202894591745, 37.5158138206169], [127.12206431183817, 37.51528384189108], [127.12203429274402, 37.514753653893386], [127.12193917911348, 37.514228362582614], [127.1217798882721, 37.5137130266548], [127.12155795550684, 37.51321260883086], [127.12127551923345, 37.51273192807229], [127.1209353003606, 37.51227561318489], [127.12054057605194, 37.511848058256625], [127.1200951481393, 37.51145338035846], [127.11960330649302, 37.51109537991447], [127.11906978770196, 37.51077750412247], [127.11898165229715, 37.510735035185526], [127.1190089378336, 37.510326364449824], [127.11897894204176, 37.50979617535996], [127.11888385583602, 37.50927088129989], [127.11872459627745, 37.50875554099225], [127.11850269835158, 37.50825511720026], [127.11822030013847, 37.50777442894302], [127.11788012218018, 37.5073181050987], [127.11748544124625, 37.50689053984164], [127.11704005875093, 37.50649585034242], [127.1165482641272, 37.50613783713692], [127.11601479351134, 37.50581994754598], [127.11544478413572, 37.50554524249655], [127.11484372486905, 37.50531636706341], [127.11421740338, 37.5051355250143], [127.1139812612177, 37.50508758124174], [127.11396087280636, 37.50472675743936], [127.1139599967209, 37.504721915484566], [127.11440357688289, 37.50463493496136], [127.11503173082035, 37.504458185518374], [127.11563511046425, 37.50423323316127], [127.11620790404577, 37.503962244716725], [127.11674459457961, 37.503647830425344], [127.11724001302143, 37.50329301878532], [127.11768938806465, 37.50290122736649], [127.11808839209682, 37.50247622987656], [127.11843318287237, 37.502022119797324], [127.11872044050095, 37.50154327094212], [127.11894739939532, 37.501044295315], [127.11911187487246, 37.50052999867806], [127.11921228415265, 37.50000533425588], [127.11924766155605, 37.499475355022874], [127.11924116555997, 37.49936052816279], [127.11956369463903, 37.49964636160541], [127.12005546146037, 37.50000436249543], [127.12058890820165, 37.50032223401818], [127.12115889709784, 37.50059691437349], [127.12138030953405, 37.50068121656288], [127.12124662297877, 37.50109928144692], [127.1211462263875, 37.50162394757102], [127.12111086125374, 37.502153927247726], [127.1211408695364, 37.502684116548146], [127.1212359636167, 37.50320940941812], [127.1213952290152, 37.5037247468538], [127.12161713314775, 37.50422516562824], [127.12174523879379, 37.50444321314502], [127.12174405662797, 37.50444390577914], [127.12124865168654, 37.50479873631517], [127.12079928366717, 37.50519054118799], [127.1204002803443, 37.50561554764452], [127.12005548471949, 37.50606966316381], [127.11976821799624, 37.506548514850124], [127.11954124757102, 37.50704749152772], [127.11937676034835, 37.5075617881325], [127.1192763416394, 37.50808645197385], [127.119240959848, 37.50861643042141], [127.11927095709389, 37.50914661955825], [127.11936604586496, 37.50967191333179], [127.11952531173348, 37.51018725272951], [127.11974722211113, 37.51068767450558], [127.12002964096166, 37.51116835898909], [127.12036984933034, 37.51162467651299], [127.12076457149479, 37.51205223201618], [127.12121000648595, 37.512446907388615], [127.12170186467758, 37.51280490115069], [127.1222354090914, 37.51312276508447], [127.12280550102143, 37.51339743746267], [127.12340664953706, 37.51362627255494], [127.12403306438804, 37.51380706612633], [127.12467871180097, 37.51393807668178], [127.12489623256542, 37.51396448549621], [127.12471414372853, 37.51426802168208], [127.12448718233068, 37.51476700726312], [127.1243227115907, 37.5152813101755], [127.12422231666153, 37.51580597766779], [127.12418696571865, 37.51633595707438], [127.12421700058523, 37.51686614446896], [127.1243121333874, 37.517391433815575], [127.12447144927376, 37.51790676614413], [127.12469341517463, 37.51840717827664], [127.12497589451937, 37.51888785063491], [127.1253161677707, 37.51934415366842], [127.12571095858141, 37.5197716924554], [127.1261564653213, 37.52016634904659], [127.12664839767291, 37.520524322143125], [127.12718201794343, 37.520842163725916], [127.12775218669596, 37.52111681228286], [127.12835341225953, 37.52134562231295], [127.1289799036414, 37.52152638982256], [127.12962562633048, 37.52165737356764], [127.13028436045374, 37.5217373118364], [127.13094976072351, 37.5217654346105], [127.13161541759654, 37.5217414709874], [127.13227491905452, 37.5216656517916], [127.13292191240822, 37.521538707350246], [127.13294650627351, 37.52153178450482], [127.13300014572046, 37.521521259893404], [127.13347163684439, 37.521388539921944], [127.13351020296693, 37.52145414664676], [127.13385053992047, 37.52191042523175], [127.13424539306666, 37.52233793563521], [127.13438239326152, 37.52245927295028], [127.13426918830363, 37.5224814860115], [127.13364092743839, 37.52265833665845], [127.13303745224361, 37.522883379790734], [127.13246457362224, 37.523154448533035], [127.13192780803887, 37.5234689328193], [127.13143232441861, 37.52382380451099], [127.13098289438398, 37.524215646539844], [127.1305838463074, 37.524640685795255], [127.1302390236223, 37.52509482944069], [127.1299517477939, 37.52557370430974], [127.12972478630755, 37.52607269900348], [127.1295603259831, 37.5265870082843], [127.12945995187404, 37.52711167933939], [127.12942463195611, 37.527641659468756], [127.12945470775449, 37.52817184473897], [127.12954989100186, 37.52869712913434], [127.12970926636169, 37.52921245373225], [127.12993130019214, 37.529712855428954], [127.13021385526864, 37.5301935147464], [127.13055421132505, 37.53064980225945], [127.13058647120735, 37.530684728998374], [127.13046879027931, 37.53070781367949], [127.12984045145333, 37.53088464344805], [127.12923689852308, 37.53110966643274], [127.12866394313961, 37.5313807159523], [127.12812710250628, 37.5316951821259], [127.12763154627068, 37.53205003698958], [127.12718204675434, 37.532441863637246], [127.1267829329987, 37.53286688910662], [127.12647540729488, 37.533271828954746], [127.12644680896449, 37.53325805514643], [127.12632421248318, 37.533211403588865], [127.12649923960917, 37.53298093484823], [127.12678656624901, 37.53250206924939], [127.12701356710514, 37.53200308095543], [127.12717805709238, 37.53148877585065], [127.12727845329331, 37.53096410724123], [127.12731379015621, 37.530434128141884], [127.1272837287431, 37.529903942606055], [127.12718855994096, 37.52937865656864], [127.12702920160758, 37.52886332867469], [127.12680718968078, 37.5283629215674], [127.12652466333921, 37.52788225410479], [127.12618434435944, 37.527425954964265], [127.12578951086944, 37.526998418081796], [127.12534396575259, 37.52660376035419], [127.12485200000773, 37.52624578201101], [127.12431835141858, 37.52592793003692], [127.12374815893062, 37.52565326499633], [127.12314691317503, 37.52542443157845], [127.12252040361525, 37.525243633146275], [127.12187466282445, 37.525112610533334], [127.12121590842897, 37.52503262529215], [127.12055048327584, 37.52500444755501], [127.11988479439837, 37.52502834862379], [127.11922525136549, 37.52510409835949], [127.11857820460727, 37.52523096739714], [127.11794988430785, 37.52540773416437], [127.1173463404525, 37.52563269663625], [127.1167733846047, 37.52590368871398], [127.11623653397183, 37.52621810106969], [127.11574095829731, 37.52657290625744], [127.1152914300893, 37.52696468784944], [127.11489227866483, 37.52738967331723], [127.11454734845182, 37.52784377034248], [127.11425996195045, 37.528322606208], [127.1140328877113, 37.52882156989087], [127.1138683136397, 37.52933585645256], [127.11376782588435, 37.52986051329948], [127.11373239351538, 37.53039048786898], [127.11376235914103, 37.53092067628165], [127.1138574355553, 37.531445972492065], [127.11401670845088, 37.53196131746425], [127.11423864517327, 37.532461747898644], [127.11452110943388, 37.532942444040835], [127.11486138184183, 37.53339877611127], [127.11525618605896, 37.53382634890848], [127.11570172032678, 37.53422104415545], [127.11619369406338, 37.53457906018084], [127.11672736917794, 37.53489694855181], [127.11729760570557, 37.5351716473053], [127.1174201996813, 37.53521830820503], [127.11724513944341, 37.535448763220096], [127.11695774052639, 37.53592760496803], [127.11673066071467, 37.536426573167425], [127.11656608796773, 37.53694086283626], [127.11646560842199, 37.537465521351095], [127.11643019106914, 37.53799549613309], [127.1164601783733, 37.53852568330079], [127.11655528292019, 37.53905097682063], [127.11671459013202, 37.53956631768242], [127.11693656702425, 37.54006674262606], [127.11721907692169, 37.540547431949825], [127.1175593999942, 37.541003755939684], [127.11795425941582, 37.541431319471805], [127.11839985289643, 37.541826004358235], [127.11889188928374, 37.54218400902725], [127.11932534322231, 37.54244215852499], [127.11963480046342, 37.542667313317835], [127.12016854767414, 37.542985186097944], [127.12073885831332, 37.54325986826411], [127.12134023934318, 37.543488713991124], [127.12196689827309, 37.54366951894118], [127.12261279897753, 37.54380054150916], [127.1232717198679, 37.54388051960898], [127.1239373138565, 37.54390868283839], [127.12460316953305, 37.543884759904955], [127.1252628729631, 37.54380898124115], [127.12591006951075, 37.54368207678366], [127.12653852508839, 37.54350526893802], [127.12714218624178, 37.543280260796706], [127.12771523848974, 37.54300921972447], [127.12825216235522, 37.542694756469594], [127.1287477865465, 37.54233990000265], [127.12919733777589, 37.541948068326015], [127.12959648673498, 37.5415230355358], [127.12994138978385, 37.54106889545443], [127.13001714619399, 37.54094264080615], [127.13041771303642, 37.54105818427522], [127.1310636064299, 37.54118916063497], [127.13172251378522, 37.541269091539114], [127.13238808814498, 37.54129720704019], [127.13305391828811, 37.54127323630567], [127.13371359052628, 37.54119741022866], [127.13436075052427, 37.541070459202714], [127.13451581919378, 37.54102681897156], [127.1347752101549, 37.54130758842167], [127.13522089210791, 37.54170221030855], [127.13571300870521, 37.54206014531623], [127.13624682047906, 37.542377945792055], [127.13681718614734, 37.54265255061943], [127.13697790229844, 37.5427136825764], [127.13686308257127, 37.542864890660056], [127.13657577985143, 37.54334378006574], [127.13634880755359, 37.54384278593692], [127.13618435260291, 37.544357102928416], [127.13608400000233, 37.54488177815313], [127.13604871752176, 37.5454117588708], [127.13607884632707, 37.54594194114218], [127.13617409764164, 37.54646721898024], [127.13633355547447, 37.54698253352517], [127.13655568539035, 37.547482921769706], [127.13683834924014, 37.547963564364984], [127.13717882571059, 37.5484198320465], [127.1375738364977, 37.54884733023223], [127.13783692529157, 37.5490802412697], [127.13776238886393, 37.54920447537336], [127.13753540636502, 37.54970348297843], [127.13737094634567, 37.55021780108716], [127.13727059385803, 37.55074247680171], [127.13723531667132, 37.55127245737711], [127.13726545590085, 37.55180263887546], [127.13729472218778, 37.55196400642747], [127.13703731840299, 37.55199359764408], [127.13639006823003, 37.552120562633526], [127.13576156298092, 37.5522974223963], [127.1351578544213, 37.5525224740127], [127.13458475570042, 37.55279355052617], [127.13404778540155, 37.55310804179639], [127.1335521144209, 37.55346291961813], [127.13310251618525, 37.55385476686465], [127.13270332068721, 37.55427981037572], [127.13235837278057, 37.55473395727435], [127.1320709951376, 37.55521283436328], [127.13184395622551, 37.55571183022261], [127.13167944361143, 37.55622613960385], [127.13157904285427, 37.55675080969342], [127.13154372218835, 37.557280787800764], [127.13157382314813, 37.55781097001189], [127.13166905722595, 37.55833625034046], [127.13182850859768, 37.558851569902814], [127.13205064289116, 37.55935196564333], [127.1323333219159, 37.55983261814095], [127.13267382421316, 37.560288898035665], [127.13306887123085, 37.56071641062775], [127.13351465887183, 37.56111103821935], [127.1340068941133, 37.561468979790064], [127.13454083634488, 37.56178678762363], [127.1351113430278, 37.56206140053225], [127.13571291923495, 37.56229017335763], [127.13633977059465, 37.562470902463964], [127.13698585912667, 37.56260184697671], [127.13764496143202, 37.5626817455617], [127.13831072867443, 37.56270982858279], [127.13897674777373, 37.56268582552038], [127.13963660322038, 37.56260996757915], [127.14028393891346, 37.5624829854598], [127.14091251942453, 37.56230610231635], [127.1415162900957, 37.562081021967025], [127.14208943539083, 37.56180991247257], [127.14262643493679, 37.561495385240754], [127.14312211671344, 37.561140469858756], [127.1435717068791, 37.56074858489677], [127.14397087575131, 37.560323504964394], [127.14431577949946, 37.55986932433828], [127.14460309714832, 37.559390417511814], [127.14483006253616, 37.55889139704768], [127.14499449092139, 37.55837706913994], [127.14509479998196, 37.5578523873141], [127.14513002500736, 37.557322404711776], [127.14509982813861, 37.55679222541967], [127.14507054320225, 37.55663085983834], [127.1453279599177, 37.55660125119741], [127.14597523413828, 37.55647423742872], [127.14660375084767, 37.55629732347848], [127.14720745600292, 37.55607221346165], [127.14749504573375, 37.55593614822776], [127.14751953043499, 37.55607104027293], [127.1476790864366, 37.5565863391605], [127.14790132036768, 37.55708670577887], [127.14818409307753, 37.55756732098703], [127.14852468220444, 37.55802355578383], [127.14891980835925, 37.55845101590365], [127.1493656666818, 37.55884558415388], [127.14985796346772, 37.55920346008556], [127.15039195751308, 37.55952119661471], [127.15096250577928, 37.55979573324038], [127.15156411293815, 37.5600244255392], [127.15219098431925, 37.560205070651236], [127.15283708174914, 37.56033592851125], [127.15349618174288, 37.56041573862006], [127.15416193548631, 37.56044373219409], [127.15482793002936, 37.56041963957567], [127.15548775009916, 37.56034369283242], [127.1561350399359, 37.560216623520745], [127.15676356455334, 37.56003965563478], [127.15736726983248, 37.55981449380925], [127.15794034086773, 37.55954330688983], [127.15847725800198, 37.55922870703012], [127.15897285000956, 37.55887372451691], [127.15931859308732, 37.55857224686948], [127.15937506701312, 37.55869934691304], [127.15965791964736, 37.559179934903355], [127.15999858625554, 37.55963613685735], [127.16039378670183, 37.5600635588255], [127.16083971541003, 37.56045808398245], [127.1613320779973, 37.5608159122942], [127.16186613262539, 37.56113359713537], [127.16243673567165, 37.56140807850288], [127.16303839127968, 37.561636712505624], [127.16366530431193, 37.56181729684534], [127.16431143619336, 37.5619480920423], [127.1649705631068, 37.56202783820111], [127.16563633597858, 37.56205576715438], [127.16630234167422, 37.562031609867155], [127.16696216481341, 37.5619555990302], [127.16760944960684, 37.56182846681755], [127.16823796111701, 37.56165143782944], [127.16884164535149, 37.561426217289316], [127.16941468760776, 37.561154974608606], [127.16995156850632, 37.56084032247809], [127.17023280420624, 37.56063883470124], [127.17045504809899, 37.56087914133322], [127.17090103497478, 37.561273628710154], [127.17139345133414, 37.56163141526812], [127.17192755482037, 37.561949054783774], [127.17249820133978, 37.56222348769067], [127.17309989461677, 37.562452070564554], [127.1737268391506, 37.562632601599724], [127.17437299606239, 37.562763341830035], [127.17503214129366, 37.56284303188972], [127.17569792559404, 37.56287090415198], [127.17636393571892, 37.5628466901281], [127.17702375624536, 37.56277062305561], [127.17767103140926, 37.56264343565038], [127.17829952636605, 37.56246635304453], [127.17890318728305, 37.56224108097809], [127.1794761996827, 37.56196978935892], [127.18001304447347, 37.56165509134932], [127.18050855112753, 37.56130001818153], [127.18095794749179, 37.5609079899454], [127.1813569057522, 37.56048278263026], [127.18170158410847, 37.560028491739196], [127.18198866375776, 37.55954949282694], [127.18221538083206, 37.55905039934231], [127.18237955298245, 37.55853601818166], [127.18247960035558, 37.55801130338235], [127.18251456076176, 37.557481308402416], [127.18248409889063, 37.55695113744657], [127.18238850948748, 37.55642589630754], [127.18222871446159, 37.555910643196114], [127.1820062539566, 37.555410340033546], [127.1817232714708, 37.5549298046751], [127.18138249317258, 37.5544736645244], [127.18098720161163, 37.554046311984976], [127.18054120408047, 37.5536518621773], [127.18004879593222, 37.553294113327794], [127.17951471920793, 37.55297651021063], [127.17894411697291, 37.55270211099351], [127.1783424838009, 37.55247355780603], [127.17771561288289, 37.552293051313036], [127.1770695402687, 37.55216232953753], [127.17641048677729, 37.552082651136075], [127.17574479813352, 37.55205478328745], [127.17507888390602, 37.55207899431076], [127.17441915583241, 37.552155051083794], [127.17377196612392, 37.55228222128646], [127.17314354634101, 37.55245928044774], [127.1725399474276, 37.552684523728566], [127.17196698147843, 37.55295578232729], [127.17143016579993, 37.55327044435057], [127.17114896114256, 37.55347193537751], [127.17092673683223, 37.55323162984359], [127.17048079743121, 37.55283714225243], [127.16998844301672, 37.552479351649964], [127.16945441511292, 37.55216170321241], [127.16888385631549, 37.551887255543924], [127.16828226078032, 37.551658651240515], [127.16765542133642, 37.55147809145915], [127.16700937373088, 37.5513473147358], [127.16635033854216, 37.55126758025592], [127.16568466131906, 37.55123965573805], [127.1650187515203, 37.55126381004676], [127.16435902084089, 37.55133981060568], [127.16371182151701, 37.55146692563582], [127.16308338520162, 37.551643931197226], [127.16247976299742, 37.55186912296672], [127.16190676722319, 37.55214033263853], [127.16136991547208, 37.55245494879036], [127.16087437750008, 37.55280994201457], [127.16052866745602, 37.55311142467299], [127.1604721957103, 37.55298432507187], [127.1601893609418, 37.55250373861653], [127.15984872529846, 37.55204753681464], [127.15945356995705, 37.551620112663855], [127.15900770089934, 37.55122558197454], [127.15851541224227, 37.55086774375216], [127.15798144487735, 37.55055004363159], [127.15741094081787, 37.5502755407146], [127.15680939369318, 37.55004687812916], [127.15618259586667, 37.549866257593344], [127.15553658268503, 37.54973541822792], [127.15487757439566, 37.54965561982133], [127.15421191628856, 37.549627630707455], [127.15354601763855, 37.54965172037258], [127.15288629003335, 37.54972765686254], [127.15223908567944, 37.549854709014994], [127.15161063627801, 37.55003165349519], [127.15100699305752, 37.550256786567914], [127.15071943154923, 37.55039286062889], [127.15069494285149, 37.55025796909781], [127.1505353791974, 37.54974267369639], [127.1503131490325, 37.54924231143421], [127.15003039363754, 37.54876170073651], [127.14968983699494, 37.54830546973325], [127.14929475952106, 37.54787801170348], [127.1490316390659, 37.54764512598808], [127.14910615527342, 37.54752088463486], [127.14933305407926, 37.54702185417686], [127.14949742484237, 37.54650751867528], [127.14959768579503, 37.54598283172856], [127.14963287268935, 37.545452846527404], [127.14960264803278, 37.54492266718341], [127.14950730428541, 37.54439739957107], [127.14934776099042, 37.54388210215721], [127.14912555586727, 37.543381737290815], [127.14884282995527, 37.542901123422276], [127.1485023069527, 37.54244488871221], [127.14810726695174, 37.5420174264755], [127.14766151482378, 37.5416228528896], [127.14716934356024, 37.54126496737333], [127.1466354929227, 37.540947216017166], [127.14606510380108, 37.54067265841639], [127.14590438449804, 37.54061153879064], [127.14601918254424, 37.54046032174665], [127.14630641383452, 37.539981408764866], [127.14653330800755, 37.53948238302779], [127.1466976810066, 37.53896805077992], [127.14679795104183, 37.538443365588385], [127.14683315377742, 37.537913380627025], [127.1468029515677, 37.53738320000517], [127.14670763665607, 37.53685792960975], [127.14654812830759, 37.53634262793453], [127.14632596390473, 37.53584225736963], [127.14604328409438, 37.53536163642053], [127.1457028121306, 37.534905393316194], [127.14530782761393, 37.534477921452535], [127.14486213488141, 37.534083337099844], [127.1443700263525, 37.53372543978082], [127.14383624118489, 37.533407675699735], [127.14326591963821, 37.53313310457457], [127.14266455358539, 37.53290437019026], [127.14203793364726, 37.53272367495629], [127.14139209345888, 37.53259275871272], [127.1407332516029, 37.532512881988126], [127.14006775176787, 37.53248481387033], [127.13940200170562, 37.53250882460603], [127.13913036992057, 37.53254006500384], [127.13939313062764, 37.532442075415176], [127.13996605576247, 37.53217097372979], [127.1405028505582, 37.53185645352208], [127.14099834496706, 37.53150154431102], [127.14144776695194, 37.531109664606745], [127.14184678844977, 37.530684588967674], [127.14192372575077, 37.53058323992266], [127.1419827269142, 37.53071615524796], [127.14226536329593, 37.5311967860709], [127.14260579756281, 37.531653039178025], [127.1430007518165, 37.53208052012797], [127.1434464228521, 37.532475111528015], [127.143938518769, 37.53283301270684], [127.14447230029828, 37.53315077633779], [127.14504262644878, 37.53342534165938], [127.14564400403255, 37.53365406397223], [127.14627064059147, 37.53383474012767], [127.14691650021514, 37.53396562976167], [127.14757536171058, 37.534045472069145], [127.14824087856229, 37.534073497956406], [127.14890664010343, 37.53404943745442], [127.14956623330689, 37.53397352232133], [127.15021330459929, 37.53384648380876], [127.15037025799995, 37.53380228505781], [127.15042861476684, 37.53379082767821], [127.15105693030054, 37.53361388833116], [127.15166043880882, 37.533388753694226], [127.15223332728203, 37.53311759235075], [127.1527700778218, 37.53280301620748], [127.15326552080717, 37.53244805532225], [127.1537148846969, 37.53205612870286], [127.15411384198809, 37.53163101135957], [127.15445855088777, 37.53117679792865], [127.15474569229671, 37.53069786321878], [127.15497250174977, 37.530198820060534], [127.15513679600588, 37.52968447486591], [127.15523699403327, 37.52915978132637], [127.15527213218911, 37.52862979269584], [127.15524187344903, 37.52809961311872], [127.15514651060025, 37.52757434847163], [127.15498696336871, 37.52705905719277], [127.15476476951059, 37.52655870157199], [127.15448206995563, 37.52607809997075], [127.15414158814733, 37.525621880431636], [127.1537466037803, 37.52519443612368], [127.15330092118953, 37.524799883051884], [127.15280883269628, 37.52444202043783], [127.15227507726485, 37.5241242941518], [127.15170479486827, 37.523849763548], [127.15110347700232, 37.523621072021434], [127.15047691382377, 37.523440421569134], [127.14983113842125, 37.52330955160024], [127.14917236875382, 37.52322972219798], [127.14850694781535, 37.523201701994736], [127.14784128259835, 37.52322576077606], [127.14718178244426, 37.52330166688501], [127.14653479737072, 37.52342868945147], [127.14637786353141, 37.52347288328179], [127.14631951421137, 37.52348433871751], [127.1456912728424, 37.52366125353949], [127.14508782524103, 37.52388635835173], [127.144514982045, 37.52415748568515], [127.14397825937816, 37.52447202490967], [127.14348282575304, 37.52482694735778], [127.14303345231127, 37.52521883547243], [127.1426344668809, 37.52564391569921], [127.14255753566503, 37.52574526532316], [127.1424985373229, 37.52561235018802], [127.14221592021926, 37.5251317195693], [127.14187551764938, 37.52467546499937], [127.14148060854541, 37.52424797998474], [127.14134359354017, 37.52412665086366], [127.14145679894594, 37.524104431029706], [127.14208505385616, 37.52392753881645], [127.14268851068798, 37.52370244939643], [127.14326135692947, 37.52343133091718], [127.14379807508891, 37.52311679487235], [127.14429349585689, 37.52276187093329], [127.1447428479057, 37.52236997775184], [127.14514180384596, 37.521944890016016], [127.14548652189706, 37.521490702076875], [127.14577368287087, 37.52101178849754], [127.14600052211303, 37.520512761905124], [127.14616485609481, 37.51999842855219], [127.14626510340102, 37.5194737420163], [127.14630029991343, 37.518943755484166], [127.146270108045, 37.51841357308021], [127.14617481993831, 37.51788830070861], [127.146015354599, 37.517372996882244], [127.14579324899421, 37.51687262401216], [127.14551064320356, 37.51639200062628], [127.14517025976744, 37.51593575497733], [127.1447753774333, 37.51550828048605], [127.14432979955366, 37.515113693448455], [127.1438378174418, 37.51475579341342], [127.14330416903807, 37.514438026611785], [127.14273399328542, 37.51416345278804], [127.14213278065331, 37.513934715753436], [127.14150632028586, 37.513754017943306], [127.14086064428236, 37.51362309922271], [127.14020196964552, 37.51354322014428], [127.13953663845466, 37.51351514981855], [127.13887105683877, 37.51353915851355], [127.13821163333472, 37.513615015054384], [127.13756471722253, 37.51374198904799], [127.13730746157017, 37.51381442186674], [127.13725504163126, 37.513725248025516], [127.1369147206275, 37.513268978704275], [127.13651989953418, 37.512841476738735], [127.13607438111444, 37.512446858689614], [127.13558245610935, 37.512088924404544], [127.13504886190975, 37.51177112044424], [127.1344787369371, 37.511496506911], [127.13387757117222, 37.5112677279985], [127.1332511533084, 37.511086986545166], [127.13260551503602, 37.51095602283626], [127.13218498962256, 37.51090499330773], [127.13229150515835, 37.510727391246576], [127.13251840226631, 37.51022838998621], [127.13268280548519, 37.509714074863155], [127.13278313273202, 37.50918939927969], [127.1328184191178, 37.50865941631739], [127.13278832618923, 37.50812923006673], [127.13269314513536, 37.50760394646932], [127.13253379393039, 37.507088624146654], [127.13236110761298, 37.5066993562171], [127.13271122305176, 37.506494179403504], [127.13320658541558, 37.506139300666426], [127.1336558947165, 37.505747448341396], [127.13405482397607, 37.5053223967227], [127.13439953166973, 37.50486823981334], [127.13468669870808, 37.504389351877485], [127.13491356037716, 37.50389034529525], [127.135077932931, 37.50337602612652], [127.13508387163365, 37.50334496096309], [127.13571681346654, 37.503322146470495], [127.13637614875543, 37.50324630326373], [127.13702297610898, 37.50311933509019], [127.13765106499793, 37.5029424649689], [127.13825436550196, 37.5027173965919], [127.13882706661539, 37.50244629790364], [127.13936365224463, 37.50213178020674], [127.13985895435678, 37.50177687299544], [127.14030820276687, 37.501384994760016], [127.14070707108318, 37.50095992004418], [127.14105171836832, 37.50050574307324], [127.14133882611483, 37.50002683830436], [127.14156563017987, 37.49952781827959], [127.1417299473722, 37.499013489188066], [127.14182558416708, 37.49851294448109], [127.1424181689205, 37.49863311716559], [127.1430767151592, 37.498712983424156], [127.14374191652733, 37.49874103321049], [127.14440736539866, 37.49871699632534], [127.14506665175973, 37.49864110429921], [127.14571342499447, 37.49851408816081], [127.14634145509523, 37.4983371713914], [127.14694469270849, 37.498112058132364], [127.14705247957305, 37.49806102163634], [127.14732483622961, 37.49825918291952], [127.14754158908825, 37.4983882677416], [127.14756384797947, 37.498412367981196], [127.14800934442671, 37.49880694351708], [127.14850124254588, 37.499164826713425], [127.14903480497281, 37.4994825704175], [127.1496048928269, 37.49975711406033], [127.15020601521596, 37.499985813151994], [127.15083238214073, 37.50016646476809], [127.15147796028921, 37.50029732878142], [127.15213653118103, 37.500377144634086], [127.15280175110148, 37.500405143487505], [127.15346721224562, 37.50038105563323], [127.15412650448162, 37.50030511309288], [127.1547732771369, 37.50017804738198], [127.15540130020952, 37.50000108245943], [127.15600452441383, 37.499775922930596], [127.15657713947985, 37.49950473761812], [127.15711363014357, 37.49919013865907], [127.15760882928767, 37.49883515633039], [127.15805796771974, 37.4984432098458], [127.15845672010822, 37.49801807440617], [127.15880124663303, 37.497563844821364], [127.15908822995046, 37.497084896055], [127.1593149071166, 37.49658584107241], [127.15947909616278, 37.49607148639895], [127.1595792170686, 37.49554678581692], [127.15961430693174, 37.49501679264778], [127.15958402919077, 37.494486611079374], [127.1594886768135, 37.493961347007456], [127.1593291694228, 37.49344605886474], [127.15920896696733, 37.49317529650614], [127.15944609062207, 37.49292245989243], [127.15979058753024, 37.492468226885606], [127.16007754479861, 37.491989275175605], [127.16030419973393, 37.49149021775604], [127.16046837058146, 37.49097586117563], [127.16056847749569, 37.49045115923496], [127.16060355770878, 37.489921165268505], [127.16057327475187, 37.489390983471786], [127.1604779216427, 37.48886571974271], [127.16031841801077, 37.488350432510686], [127.16009630118992, 37.48785008402679], [127.15981371136579, 37.48736949258412], [127.15947337092307, 37.486913286127916], [127.15907855819353, 37.48648585770176], [127.15863307585803, 37.48609132315839], [127.15814121430876, 37.48573348154172], [127.15760771032433, 37.48541577852059], [127.15703770145667, 37.48514127322591], [127.15643667656832, 37.484912608809694], [127.15581042299588, 37.48473198700861], [127.15520219008904, 37.484608691802656], [127.15517097268076, 37.484566840760074], [127.15477619681884, 37.4841393979699], [127.15433075107124, 37.483744847229374], [127.15383892547797, 37.48338698773839], [127.15330545647166, 37.48306926533799], [127.1527354812676, 37.48279473934573], [127.1521344884044, 37.48256605311292], [127.15171331538549, 37.482444559248904], [127.15167189895841, 37.48237410270273], [127.15133163062809, 37.48191787276855], [127.15093689055804, 37.48149041713823], [127.15049148072971, 37.48109585192669], [127.15007262639712, 37.4807910520174], [127.1500734656017, 37.480778398331886], [127.15004326025822, 37.48024821340758], [127.14994799204973, 37.47972294079558], [127.1497885797877, 37.479207639011214], [127.14962041767512, 37.47882865088777], [127.14971280421972, 37.47853928622867], [127.1498129689999, 37.4780145925908], [127.14984811865396, 37.47748460105421], [127.14981791604338, 37.4769544157913], [127.1497226534113, 37.47642914273377], [127.14956324951524, 37.475913840401205], [127.14934124072806, 37.47541347119058], [127.14905876619463, 37.474932853594986], [127.14898186288352, 37.47482972589918], [127.14900604049336, 37.474703076913876], [127.14904119410627, 37.474173085341135], [127.1490109983435, 37.473642899610326], [127.14891574538206, 37.47311762565763], [127.14875635388614, 37.47260232201133], [127.14853436010895, 37.472101951081086], [127.1484313869097, 37.47192673603839], [127.14849947229726, 37.47177684037062], [127.14866367973573, 37.47126249866614], [127.14876384172565, 37.47073780525898], [127.14879899496724, 37.47020781340167], [127.1487688022869, 37.46967762726973], [127.1486735558317, 37.46915235280326], [127.14851417420293, 37.4686370485355], [127.1484103528358, 37.46840302329365], [127.14845712911452, 37.468256501943536], [127.14855728836781, 37.46773180843134], [127.14859244148975, 37.46720181636594], [127.14856225130772, 37.46667162992491], [127.14846700994453, 37.46614635505131], [127.1483076359522, 37.46563105028233], [127.14808566541495, 37.46513067803851], [127.14780323710885, 37.46465005684234], [127.14746307186262, 37.464193814926176], [127.14706844632056, 37.46376634567568], [127.14662316136105, 37.46337176533732], [127.1464085572661, 37.46321554886887], [127.14644174689732, 37.46304169586231], [127.14647691248587, 37.46251170407043], [127.14644673886662, 37.46198151675381], [127.14635151800252, 37.46145623986404], [127.14634214921468, 37.46142594312108], [127.14676914643299, 37.46163169486767], [127.1473699556468, 37.461860408265224], [127.14799599818426, 37.46204107443144], [127.14864124385944, 37.462171953099414], [127.14929947739623, 37.46225178357042], [127.1499643583314, 37.46227979686521], [127.15062948212717, 37.46225572313625], [127.15128844190319, 37.46217979426898], [127.15193489019104, 37.46205274164692], [127.15256260011495, 37.46187578910251], [127.15316552540692, 37.46165064112136], [127.15373785867722, 37.46137946641427], [127.15427408737679, 37.46106487701547], [127.15476904691184, 37.460709903109084], [127.15521797039769, 37.46031796382696], [127.15561653457236, 37.45989283429988], [127.1559609014275, 37.45943860928007], [127.15624775515585, 37.45895966368654], [127.1564743340597, 37.458460610453564], [127.15663845711462, 37.45794625608922], [127.15673854493338, 37.45742155437258], [127.15677363492979, 37.456891558635846], [127.15676687244421, 37.45677301256791], [127.15681312736025, 37.45679529677563], [127.15741392898818, 37.45702395925556], [127.15803995587942, 37.457204572280055], [127.15868517799856, 37.45733539609431], [127.15934338029646, 37.45741517052818], [127.1600082226108, 37.457443127142405], [127.16067330077607, 37.457418996635674], [127.16133220835168, 37.45734301144051], [127.16197859837247, 37.457215903483196], [127.16260624452428, 37.4570388971293], [127.16320910115392, 37.45681369738284], [127.16378136153354, 37.45654247345327], [127.1643175138167, 37.456227837848935], [127.16481239414614, 37.45587282119895], [127.16526123640054, 37.455480843046736], [127.16565971810078, 37.45505567889728], [127.16600400203322, 37.4546014238361], [127.16629077318944, 37.454122453071264], [127.16651727066726, 37.45362337977919], [127.16668131422647, 37.45310901066082], [127.16678132524542, 37.45258429963699], [127.16681634187742, 37.45205430012923], [127.16678602826337, 37.45152411638615], [127.16669067771363, 37.450998854324276], [127.16653120983055, 37.45048357235698], [127.1663091616012, 37.44998323268482], [127.16602667254836, 37.44950265351634], [127.16568646408444, 37.44904646267901], [127.16529181326855, 37.448619053066565], [127.16484652122122, 37.44822454035124], [127.16435487650138, 37.44786672336741], [127.16382161379937, 37.44754904754746], [127.16325186834385, 37.447274571761106], [127.16298346170643, 37.44717242097792], [127.1632083061206, 37.44667699719772], [127.16337235676939, 37.446162632103665], [127.16347238126049, 37.44563792333019], [127.16350741761691, 37.44510792427719], [127.16347712978913, 37.444577739188986], [127.16338181083879, 37.444052473995185], [127.1632223800634, 37.44353718713946], [127.16300037409239, 37.4430368408696], [127.16271793204136, 37.44255625345787], [127.1623777748698, 37.442100052811284], [127.16198317914284, 37.44167263191822], [127.16153794545049, 37.44127810655971], [127.16104636178977, 37.44092027569205], [127.1605131622633, 37.44060258488144], [127.15994348149154, 37.440328093142064], [127.15934280517855, 37.44009944349625], [127.15871691730585, 37.439918837539125], [127.15807184446251, 37.439788014252564], [127.15741379784644, 37.43970823327123], [127.1567491134933, 37.43968026276194], [127.15608419130763, 37.439704372032075], [127.15542543348067, 37.43978032893859], [127.15477918288676, 37.439907402121925], [127.15429093384215, 37.44004509263906], [127.15426014827064, 37.43987531959394], [127.15410078878037, 37.43936002042559], [127.15387885580176, 37.438859657033156], [127.15359648774758, 37.43837904785407], [127.15325640486489, 37.43792282100524], [127.1528618830037, 37.43749536972757], [127.15241672204297, 37.43710081009489], [127.15192520927982, 37.4367429413937], [127.15139207813453, 37.436425209554585], [127.15082246256964, 37.43615067398689], [127.15022184766175, 37.43592197813493], [127.14959601680155, 37.43574132403875], [127.14895099602968, 37.43561045114363], [127.14829299604298, 37.43553061956181], [127.1476283524285, 37.43550259794713], [127.1471669846096, 37.435519292378046], [127.14713315890447, 37.435443008699835], [127.14685084677805, 37.434962383413186], [127.14651082029245, 37.434506137179795], [127.14611635475471, 37.434078663427464], [127.1456712495017, 37.43368407844655], [127.14517979129435, 37.43332618176773], [127.1446467130279, 37.433008419591154], [127.14407714815611, 37.43273385161829], [127.14347658126778, 37.43250512160551], [127.1428507952916, 37.43232443192175], [127.14220581583629, 37.43219352235491], [127.14154785320123, 37.43211365337025], [127.14088324261412, 37.43208559398162], [127.14021838326961, 37.43210961435191], [127.13955967675427, 37.4321854831937], [127.13891346544844, 37.432312469995054], [127.13828597149644, 37.43248935204916], [127.13768323693112, 37.43271442622021], [127.13711106552691, 37.432985525332654], [127.13657496694063, 37.433300039026534], [127.13651910539922, 37.43334010138243], [127.13645378617439, 37.43297937353266], [127.13629456319782, 37.43246405046918], [127.13607276902056, 37.43196365378495], [127.1357905407188, 37.43148300223851], [127.13575418010146, 37.431434198720815], [127.13572352922019, 37.43126491465902], [127.1355643147919, 37.430749590507965], [127.13534253045079, 37.430249192360726], [127.13506031317822, 37.429768538990025], [127.13472038176963, 37.429312258938864], [127.1343260106168, 37.428884745960964], [127.13388099814811, 37.428490116724646], [127.1333896302315, 37.428132171187], [127.13285663889341, 37.427814356018686], [127.13228715675106, 37.42753973143159], [127.1316866675973, 37.427310941727164], [127.13106095361286, 37.4271301898491], [127.13041603971391, 37.426999216184036], [127.12975813556905, 37.42691928181424], [127.1290935758432, 37.42689115638294], [127.12842875924163, 37.426915110688704], [127.12777008693956, 37.42699091407996], [127.12712390098801, 37.42711783667471], [127.12649642328716, 37.42729465638411], [127.1258936957132, 37.42751967067243], [127.12532152197296, 37.4277907129405], [127.12478541174539, 37.428105173375506], [127.1242905276458, 37.428460024066744], [127.12384163552332, 37.42885184814628], [127.12344305856905, 37.42927687267456], [127.123098635677, 37.429731004955116], [127.12281168445888, 37.43020987192945], [127.12258496926948, 37.43070886227331], [127.12242067455144, 37.43122317079], [127.12232038375748, 37.43174784467333], [127.12228506405465, 37.432277831195734], [127.12231505695956, 37.43280802636224], [127.12241007499676, 37.433333324062254], [127.12256920441462, 37.43384866524577], [127.12279091393427, 37.43434908665035], [127.12307306944962, 37.43482976860957], [127.1231094234239, 37.434878575964284], [127.12314004727274, 37.435047863047316], [127.12329918523295, 37.43556320314575], [127.12335299204747, 37.435684645620675], [127.12302661669366, 37.43591863838366], [127.12257767314594, 37.43631045688923], [127.12217904916675, 37.43673547636342], [127.12183458410303, 37.437189604158576], [127.12154759597281, 37.437668467259556], [127.1213208494866, 37.43816745437957], [127.12115652938883, 37.43868176035306], [127.12105621937701, 37.43920643239844], [127.1210208868038, 37.43973641780593], [127.12105087331018, 37.440266612591365], [127.12114589148287, 37.44079191064782], [127.12130502756943, 37.441307252921874], [127.12152675022726, 37.441807676140556], [127.12180892522417, 37.442288360619884], [127.12214883595084, 37.442744676693884], [127.12254320954892, 37.443172229316524], [127.1229882484048, 37.44356690040681], [127.12347966670654, 37.44392488852772], [127.12365958736201, 37.44403217251869], [127.12351743168932, 37.44408522708889], [127.12294512283974, 37.444356256359214], [127.1224088839887, 37.444670704434], [127.12191387898982, 37.44502554352187], [127.12146487485626, 37.44541735686694], [127.12106619585786, 37.445842371633404], [127.12072168187157, 37.4462964952191], [127.12043465138677, 37.44677535464961], [127.12020786952223, 37.44727433867362], [127.1200435213635, 37.447788642155565], [127.11994319087889, 37.44831331233798], [127.1199078456187, 37.4488432965291], [127.11993782734682, 37.44937349075651], [127.12003284869654, 37.4498987889187], [127.12019199588548, 37.45041413196121], [127.12041373746465, 37.4509145566036], [127.12069593902021, 37.45139524314811], [127.12103588368745, 37.45185156190874], [127.12143029828154, 37.4522791178135], [127.12187538479431, 37.45267379274955], [127.12236685695498, 37.45303178524271], [127.1228999815034, 37.453349647088416], [127.1234696237781, 37.45362431658062], [127.1240702971808, 37.453853148017856], [127.12469621603938, 37.45403393720127], [127.12534135136018, 37.454164942678815], [127.12599948893101, 37.45424490252993], [127.12666428921374, 37.45427304652871], [127.12732934844796, 37.45424910356819], [127.12798826037552, 37.454173304273645], [127.12863467798901, 37.45404637878005], [127.12926237470793, 37.453869549694744], [127.12986530439112, 37.453644520313716], [127.13043765960593, 37.453373458205], [127.13097392759113, 37.45305897431794], [127.13146894337352, 37.45270409782015], [127.1319179395255, 37.45231224690516], [127.13231659208402, 37.45188719585259], [127.1326610621882, 37.45143303865904], [127.13294803303498, 37.450954149590466], [127.13317474179745, 37.450455141037125], [127.13333900619936, 37.44994081907726], [127.13343924549113, 37.44941613717845], [127.13347449562688, 37.44888614848269], [127.13344441849841, 37.4483559571355], [127.1333493051385, 37.447830669127704], [127.13319007286552, 37.44731534312357], [127.13296825639814, 37.446814941748706], [127.13268599302813, 37.446334283806756], [127.1323460019957, 37.44587799788452], [127.13195155826743, 37.445450477792065], [127.13150646097115, 37.445055840265915], [127.13101499679202, 37.44469788534268], [127.13083506395327, 37.44459061249592], [127.13097721549241, 37.444537549106236], [127.13154949708327, 37.444266480802796], [127.13208569513067, 37.443951991014394], [127.13258064533518, 37.44359710896537], [127.13302958090091, 37.443205252902494], [127.13342817844823, 37.44278019715483], [127.13377259964597, 37.442326035763934], [127.13405952816181, 37.4418471430361], [127.13428620157623, 37.44134813139661], [127.13445043795294, 37.4408338069533], [127.13455065681167, 37.44030912319754], [127.13458589430283, 37.43977913328912], [127.13457127837613, 37.439521528910426], [127.13458130539819, 37.43954415022748], [127.13486355578564, 37.44002480412465], [127.13520353597872, 37.440481083197675], [127.13559797244943, 37.44090859275675], [127.13604306697788, 37.44130321513548], [127.13653453321535, 37.441661149366], [127.13706763795791, 37.441978947805104], [127.1376372467344, 37.442253549357744], [127.13823787326879, 37.44248230897711], [127.13886373234021, 37.442663023156506], [127.13950879553092, 37.44279395116666], [127.14016684932362, 37.442873831833566], [127.14083155498754, 37.442901895694426], [127.14129296935205, 37.44288522625616], [127.14132679240366, 37.44296151149625], [127.14160909872798, 37.4434421492989], [127.14194913533268, 37.443898408998564], [127.14234362814622, 37.44432589609185], [127.14278877840593, 37.44472049312856], [127.14328029922589, 37.44507839938483], [127.14381345687626, 37.4453961674868], [127.14438311637586, 37.445670736631584], [127.14498379095977, 37.445899462084526], [127.14560969494389, 37.446080140668016], [127.14625479947759, 37.446211031995745], [127.14691289064501, 37.446290875247136], [127.1475776293551, 37.44631890131986], [127.14824261244091, 37.446294840243326], [127.1489014343782, 37.44621892378097], [127.14954774902714, 37.44609188319674], [127.15003604598873, 37.44595421265719], [127.15006682438882, 37.44612398659216], [127.15022617014823, 37.44663929054206], [127.15044810131585, 37.44713966012736], [127.15073048165067, 37.44762027617986], [127.1510705925649, 37.448076509691845], [127.15146515927108, 37.44850396641195], [127.15191038229446, 37.44889852918232], [127.15240197404796, 37.44925639760897], [127.15293520011807, 37.449574124682314], [127.15350492486415, 37.4498486499946], [127.15377332797749, 37.44995082224105], [127.15354841151496, 37.450446227437695], [127.15338428412527, 37.45096057814002], [127.15328418186131, 37.45148527751569], [127.1532490700763, 37.452015272590806], [127.15325582663888, 37.45213381892558], [127.153209575649, 37.45211153332763], [127.15260882616548, 37.45188284954473], [127.15198285681558, 37.45170220787579], [127.15133769497275, 37.45157134764625], [127.15067955269139, 37.45149152884632], [127.15001476692787, 37.451463520006705], [127.14934973856258, 37.4514875908037], [127.14869087080854, 37.45156350946459], [127.14804450759777, 37.45169054499803], [127.14741687253664, 37.45186747422833], [127.14681400901618, 37.452092593565816], [127.1462417220523, 37.45236373540042], [127.14570552241447, 37.452678288961216], [127.1452105735797, 37.4530332254413], [127.1447616420215, 37.4534251271471], [127.144363051312, 37.45385022039187], [127.14401864047927, 37.454304411817695], [127.14373172702065, 37.45478332779656], [127.14350507492927, 37.45528235653225], [127.143340868042, 37.45579669245814], [127.14324068896781, 37.45632138250373], [127.14320550379972, 37.456851373785305], [127.1432356527605, 37.45738156226147], [127.14333084687338, 37.457906841885354], [127.14334021401686, 37.45793713887658], [127.14291324721933, 37.45773137476835], [127.14231248469574, 37.45750263879311], [127.14168649382293, 37.45732194264508], [127.14104130218168, 37.45719102617404], [127.14038312211332, 37.457111149911476], [127.13971829093792, 37.45708308294118], [127.13905320997291, 37.457107095498955], [127.13839428293743, 37.45718295637261], [127.13774785433388, 37.457309935127064], [127.13712014839783, 37.457486809133194], [127.13651720920221, 37.45771187533299], [127.135944842491, 37.45798296662801], [127.13540855980108, 37.45829747273399], [127.13491352540862, 37.458652365301035], [127.13446450661047, 37.45904422705857], [127.13406582781846, 37.45946928470472], [127.13391165329871, 37.459672537191125], [127.13385562318066, 37.4597322737117], [127.13351112178474, 37.46018643358542], [127.1332241187466, 37.460665323104564], [127.13299737892184, 37.461164330728096], [127.1328330869923, 37.461678651092996], [127.13273282638596, 37.46220333127897], [127.13269756398125, 37.462733318497634], [127.13272764074513, 37.46326350874703], [127.13282276839657, 37.46378879596357], [127.13283339966681, 37.46382319549442], [127.13278446636376, 37.4638328043342], [127.13215669429988, 37.46400965142926], [127.13155368789842, 37.46423469169851], [127.13098125355015, 37.46450575829326], [127.13044490344282, 37.46482024116716], [127.12994980250153, 37.46517511219411], [127.12950071866368, 37.46556695431112], [127.12928931999247, 37.465792296232955], [127.1290230589219, 37.46571541406108], [127.12837781793928, 37.465584428369596], [127.12771957843577, 37.465504481367724], [127.12752680630513, 37.46549632364583], [127.12745996242634, 37.46548820474255], [127.12679506254787, 37.465460064735325], [127.12612990384177, 37.46548400410564], [127.1259608246484, 37.46550344902421], [127.12591722719884, 37.465505017922325], [127.12525821374308, 37.465580804973946], [127.12461169111549, 37.46570771118096], [127.12398388445627, 37.46588451461264], [127.12338083880746, 37.46610951289042], [127.1228083609374, 37.466380539569876], [127.1222719634525, 37.46669498498893], [127.12177681173371, 37.46704982138218], [127.12132767420697, 37.467441632020176], [127.12092887642685, 37.46786664409355], [127.12058425941467, 37.468320765026526], [127.12029714265272, 37.46879962187061], [127.12007029209155, 37.46929860339975], [127.1199058934795, 37.469812904502675], [127.11980553127202, 37.47033757244505], [127.11977017332643, 37.47086755455679], [127.1198001615302, 37.471397746885614], [127.11989520845579, 37.4719230433482], [127.12005440007592, 37.47243838490636], [127.12027620451506, 37.472938808293776], [127.12055848675519, 37.47341949382448], [127.12089852915551, 37.473875811821905], [127.12129305759072, 37.474303367221026], [127.1216350523622, 37.474606539399105], [127.12143952656545, 37.47474664098841], [127.12099034088631, 37.4751384495718], [127.12059149993473, 37.47556345971806], [127.12024684514795, 37.47601757887013], [127.11995969637223, 37.47649643409677], [127.11973281986684, 37.476995414187655], [127.11956840163022, 37.47750971404545], [127.1194680263074, 37.4780343809479], [127.11943266188241, 37.478564362235026], [127.11946265030566, 37.479094553962454], [127.1195577041481, 37.47961985005269], [127.11971690931624, 37.48013519147109], [127.11993873380462, 37.480635614952625], [127.12010274154218, 37.48091487118088], [127.11981871635734, 37.480994830152795], [127.11921553659676, 37.48121980586178], [127.11864292812375, 37.48149081095021], [127.11810640480184, 37.48180523596415], [127.1176111332233, 37.48216005333498], [127.11716188296806, 37.482551846516664], [127.1167629806762, 37.48297684286832], [127.1164182683756, 37.48343094996587], [127.11613106646652, 37.48390979499438], [127.11590414172001, 37.48440876684193], [127.11573968059942, 37.48492306049076], [127.11563926816304, 37.485447723278575], [127.11560387275283, 37.48597770258517], [127.11563383661809, 37.48650789448539], [127.11572887256669, 37.487033192900206], [127.11573839262705, 37.487064011604126], [127.11512776982023, 37.48723587356443], [127.11452452586205, 37.48746082472994], [127.11395185281195, 37.4877318064373], [127.11341526515493, 37.48804620945782], [127.11291993010242, 37.48840100643471], [127.11247061784539, 37.48879278101849], [127.11207165562082, 37.48921776074747], [127.1117268860336, 37.48967185335788], [127.11143963003569, 37.490150686174445], [127.11121265491913, 37.49064964820305], [127.11104814763247, 37.49116393452069], [127.11094769367894, 37.49168859253585], [127.11091226180059, 37.492218569674485], [127.11094219459831, 37.49274876203247], [127.11103720517968, 37.4932740635265], [127.11119637986891, 37.49378941507004], [127.11134463706281, 37.49412391178362], [127.1111630222352, 37.49414476669375], [127.1105162298732, 37.49427159365045], [127.10988815104452, 37.49444831980668], [127.10928483341034, 37.494673243528105], [127.10871208635655, 37.49494419908845], [127.1081754250803, 37.49525857751085], [127.10768001750169, 37.49561335167555], [127.10723063450976, 37.496005105452845], [127.10683160402247, 37.496430066581595], [127.10648676930198, 37.49688414297733], [127.10619945192752, 37.49736296212114], [127.10597241978226, 37.4978619131508], [127.10580786036421, 37.49837619124945], [127.1057073596789, 37.49890084390495], [127.10567188691883, 37.49943081859504], [127.10568943385331, 37.499741984373415], [127.10561315238385, 37.49975073941848], [127.1049663024708, 37.49987753554022], [127.10433816375593, 37.50005423167936], [127.1037347844767, 37.500279126490554], [127.10327914403436, 37.500494636033096], [127.1032530250119, 37.50043569560034], [127.10297075390108, 37.49995497097279], [127.10263070420199, 37.49949860333842], [127.10223615144943, 37.4990709872937], [127.1017908958238, 37.49867624049855], [127.1012992255371, 37.49831816404088], [127.10076587552898, 37.498000205850836], [127.10019598187124, 37.49772542751596], [127.09959503231917, 37.49749647481676], [127.09896881348584, 37.4973155522649], [127.09832335514673, 37.49718440188906], [127.09766487221042, 37.49710428647179], [127.09699970491182, 37.49707597739853], [127.09633425780298, 37.497099747235254], [127.09567493812625, 37.497175367106074], [127.09502809416219, 37.49730210889579], [127.09439995414294, 37.49747875225657], [127.09379656631833, 37.49770359635106], [127.09322374074941, 37.4979744762196], [127.09268699338867, 37.49828878361409], [127.09219149298437, 37.498643492098715], [127.09174201131863, 37.4990351861763], [127.09134287725888, 37.49946009416078], [127.09099793506405, 37.49991412447966], [127.09085919381623, 37.50014523254295], [127.09031262800943, 37.499881646876545], [127.089711691881, 37.49965264405868], [127.08908547942227, 37.49947166921511], [127.08844002034758, 37.499340464877854], [127.08778152957272, 37.49926029434883], [127.08711634740816, 37.499231929543924], [127.08645087854892, 37.499255643565576], [127.08579153044673, 37.49933120807503], [127.08514465165554, 37.49945789549003], [127.08451647074259, 37.499634485986114], [127.083913036351, 37.49985927923486], [127.08334015898983, 37.50013011076607], [127.08280335510985, 37.500444372797084], [127.08230779400299, 37.50079903932887], [127.08185824803549, 37.50119069526833], [127.0814590466935, 37.50161556929673], [127.0811140348834, 37.502069570168736], [127.08082653588878, 37.502548326093226], [127.08059931934109, 37.50304722681741], [127.08043457451362, 37.50356146800954], [127.08033388919709, 37.5040860975137], [127.08029823436209, 37.50461606303136], [127.08032795475735, 37.505146260771326], [127.08042276553697, 37.5056715845994], [127.08058175495064, 37.506186975214796], [127.08080339307328, 37.50668746887959], [127.08108554649168, 37.50716824523151], [127.0813557374305, 37.507531010879354], [127.08100446928994, 37.50778237720514], [127.08089604436084, 37.50787682864069], [127.08080413939253, 37.50779532202935], [127.08031251076852, 37.5074371590146], [127.07977918614937, 37.50711910670345], [127.07920930136322, 37.50684422758959], [127.0786083440807, 37.5066151684236], [127.07798210098976, 37.50643413474193], [127.07733660209985, 37.50630286964287], [127.07668467228703, 37.50622344230486], [127.07650042339993, 37.50615320958014], [127.07587418935528, 37.50597216476352], [127.07522869823731, 37.50584088818209], [127.07457016527042, 37.5057606438331], [127.07390493117113, 37.50573220434294], [127.0732394011343, 37.505755843532825], [127.07257998320034, 37.50583133378434], [127.07193302659508, 37.50595794822997], [127.0713047606344, 37.50613446774769], [127.07070123477975, 37.506359192692386], [127.07012826042013, 37.50662995925151], [127.06959135493965, 37.506944160268], [127.06948347626562, 37.50702133939484], [127.06941593527509, 37.50686876415891], [127.06913385807762, 37.50638796037737], [127.06879398647808, 37.50593149691601], [127.06839959429787, 37.50550376929459], [127.06795448017293, 37.50510889624778], [127.06746293095433, 37.504750680079354], [127.06692968041764, 37.50443257006468], [127.06635986367829, 37.504157629253086], [127.06575896775226, 37.5039285049892], [127.06513277873731, 37.5037474034362], [127.06448732612265, 37.503616068345714], [127.06382882476215, 37.503535764278226], [127.06316361506843, 37.503507264434916], [127.06249810200144, 37.503530843217916], [127.0618386934383, 37.503606273590215], [127.06119173851452, 37.50373282926063], [127.06056346652971, 37.50390929167285], [127.05995992700306, 37.50413396173142], [127.0593869314549, 37.50440467615212], [127.05884999747295, 37.504718828279856], [127.05835429560076, 37.505073393173866], [127.05790459955887, 37.50546495671986], [127.05750524027746, 37.50588974848909], [127.05716006418284, 37.50634367802867], [127.05690681681745, 37.50676509660713], [127.05657611029643, 37.507199986351374], [127.05628843519744, 37.507678681021204], [127.05609556469828, 37.50810179419584], [127.05595424258898, 37.50804789557261], [127.05532804347334, 37.50786674210055], [127.05468257318068, 37.507735353408854], [127.05460778016274, 37.507726226740466], [127.05484504924459, 37.507414227841], [127.05513273249313, 37.50693553671764], [127.05536013006444, 37.50643668645758], [127.0555250530488, 37.5059224816172], [127.05562591435542, 37.505397874538794], [127.05566174395052, 37.50486791764648], [127.05563219814863, 37.504337714782054], [127.0556270539847, 37.50430915850287], [127.05560819291354, 37.503970690260516], [127.0555135582404, 37.50344534748026], [127.05535474712087, 37.50292992401487], [127.05513329022307, 37.50242938343025], [127.05485132138149, 37.50194854587192], [127.0545418979599, 37.501532807742834], [127.05483829517016, 37.50147484368118], [127.0554665598653, 37.50129841160229], [127.05607008971451, 37.50107376433405], [127.05664307150006, 37.50080306576371], [127.05717998642146, 37.50048892333929], [127.0576756632703, 37.5001343629401], [127.05812532824825, 37.49974279971614], [127.05852465094739, 37.49931800517756], [127.05886978605001, 37.49886407085211], [127.05892588391605, 37.49877070598563], [127.05908529726229, 37.498865828387984], [127.05965504695509, 37.49914080411281], [127.06025588569621, 37.4993699592512], [127.06088202622203, 37.499551086484956], [127.06152743740397, 37.4996824411043], [127.06218590237206, 37.49976275782404], [127.06285107843325, 37.499791262979286], [127.06351655820554, 37.49976768198278], [127.06417593137732, 37.49969224197202], [127.06482284649523, 37.49956566962018], [127.06525638261353, 37.4994438781151], [127.06555406162262, 37.49984374397983], [127.06594840802177, 37.500271481223585], [127.06639348304004, 37.50066636190714], [127.06688500052078, 37.50102458257411], [127.06741822677004, 37.50134269282138], [127.06798802614894, 37.50161762854928], [127.06858891054736, 37.501846741490674], [127.06921509226146, 37.502027824733894], [127.06986053976564, 37.50215913399296], [127.07051903583974, 37.502239404419726], [127.07118423749083, 37.502267862795364], [127.07184973709026, 37.50224423498343], [127.07250912413532, 37.50216874857248], [127.07315604703905, 37.50204213068286], [127.07378427435036, 37.501865600958396], [127.07438775481377, 37.50164085981129], [127.07496067568793, 37.501370072033346], [127.07549751875976, 37.50105584593192], [127.07599311351379, 37.5007012081924], [127.07644268694328, 37.5003095747097], [127.07684190952293, 37.49988471767054], [127.07718693690026, 37.49943072920443], [127.0774744469042, 37.498951981954065], [127.07760527790909, 37.49866472990309], [127.07765498853585, 37.49867910200294], [127.0783004224956, 37.49881036513524], [127.07895889868344, 37.49889058843556], [127.07962407429804, 37.498918999139214], [127.08028954196162, 37.49889532356911], [127.08094889147934, 37.498819789774046], [127.08159577162598, 37.49869312533088], [127.08222395136265, 37.498516550332035], [127.08282737989252, 37.49829176562587], [127.08340024497484, 37.4980209364238], [127.0839370289344, 37.4977066714322], [127.0844325618255, 37.49735199771101], [127.08488207123763, 37.49696033150162], [127.0852812282625, 37.49653544530585], [127.08562618917928, 37.49608143153386], [127.08591363245732, 37.49560266307186], [127.08614079071982, 37.495103751150246], [127.08630547736227, 37.494589500918295], [127.08640610757013, 37.49406486515453], [127.08644171353491, 37.49353489655834], [127.0864119537243, 37.49300469908323], [127.08631711611844, 37.49247937878044], [127.08615811538365, 37.49196399462641], [127.08593648401268, 37.49146350980769], [127.08565435751865, 37.49098274393212], [127.08531445382745, 37.490526326626274], [127.08492004706834, 37.49009865296538], [127.08447493601636, 37.48970384116462], [127.08398340749208, 37.48934569293814], [127.08388299392162, 37.489285801374656], [127.08422613389057, 37.489300445186124], [127.08489151497851, 37.489276743131875], [127.08555077545768, 37.48920118299351], [127.08619756496097, 37.489074492601695], [127.0868256533232, 37.48889789229876], [127.08742899062823, 37.4886730831768], [127.08800176551436, 37.48840223068227], [127.08853846117565, 37.48808794374579], [127.08903390851715, 37.48773324963851], [127.08948333595262, 37.48734156479795], [127.08988241536335, 37.48691666190517], [127.09022730377612, 37.48646263353092], [127.09051468035838, 37.4859838527018], [127.09074177837547, 37.48548493076704], [127.09090641180275, 37.484970672972175], [127.0910069963377, 37.48444603216829], [127.09104256461113, 37.48391606110315], [127.09101277545311, 37.48338586375386], [127.09091791712574, 37.48286054617031], [127.09075890449418, 37.482345167302704], [127.09053727016502, 37.48184469028661], [127.09025514967924, 37.48136393465474], [127.08991526090429, 37.48090752993506], [127.08952087782517, 37.48047987108169], [127.08907579898853, 37.48008507616733], [127.08858431090424, 37.47972694674371], [127.08805114675816, 37.47940893125132], [127.08748144083307, 37.479134091829884], [127.08688067907754, 37.47890507484832], [127.08625464629735, 37.47872408543739], [127.08560937047763, 37.4785928662696], [127.08495106477064, 37.478512680789834], [127.0842860677059, 37.47848430105796], [127.08362078219731, 37.47850800032014], [127.0829616139322, 37.47858355037966], [127.0823149097339, 37.4787102237932], [127.0816868964894, 37.47888680087088], [127.08108362122815, 37.47911158141316], [127.0805108929274, 37.479382401071874], [127.07997422660303, 37.479696652178276], [127.07947879022245, 37.48005130883813], [127.07902935495075, 37.480442956053004], [127.07863024920775, 37.48086782258777], [127.07828531697861, 37.481321817268906], [127.07799788077972, 37.48180056836459], [127.07777070963675, 37.48229946566827], [127.07760599238456, 37.48281370488097], [127.07750531654703, 37.48333833386567], [127.077469653002, 37.483868300328844], [127.07749934658067, 37.48439850047021], [127.07759411269402, 37.484923828132594], [127.07775304002057, 37.485439223978496], [127.07797459923198, 37.485939724219826], [127.07825665767402, 37.48642050843137], [127.07859649986351, 37.486876945986886], [127.07899085360572, 37.48730464067034], [127.07943592148146, 37.487699473032116], [127.07992741740198, 37.488057640081436], [127.08002782614759, 37.48811753499032], [127.07968469252334, 37.48810287901971], [127.07901932048603, 37.488126551806594], [127.07836006323095, 37.48820207552876], [127.07821554407435, 37.48823037385252], [127.07799102803557, 37.48798687548251], [127.07754596612632, 37.48759203773266], [127.07705448470031, 37.48723386083581], [127.07652131687982, 37.486915793689455], [127.07595159698356, 37.48664089893052], [127.07535081109486, 37.48641182346056], [127.07472474425212, 37.486230772973286], [127.07407942476858, 37.486099490728996], [127.07342106621681, 37.48601924077967], [127.07275600763498, 37.4859907958057], [127.07209065252894, 37.486014429681106], [127.07165376346713, 37.48606445495029], [127.07129952810821, 37.48568020168549], [127.07085451522849, 37.48528533887592], [127.07036308102533, 37.48492713429376], [127.0698299581666, 37.48460903710315], [127.06926028053832, 37.484334110230336], [127.06865953381723, 37.484105000886096], [127.06803350266487, 37.48392391509027], [127.06738821505115, 37.48379259644311], [127.066729884242, 37.48371230934693], [127.06606484900865, 37.48368382683972], [127.0653995126324, 37.48370742315677], [127.06498943973267, 37.48375435577194], [127.06486240741471, 37.4836165346358], [127.0644174407864, 37.483221647731334], [127.06392605100073, 37.4828634165267], [127.0633929702982, 37.482545290442445], [127.0628233321592, 37.482270332683086], [127.06222262188057, 37.48204119075676], [127.06159662377324, 37.481860070997016], [127.06095136548917, 37.48172871733103], [127.06029306001216, 37.481648394498286], [127.05962804586974, 37.48161987588069], [127.05896272614021, 37.481643436061134], [127.0583035068401, 37.48171884818159], [127.05765673528374, 37.48184538612643], [127.05702863900594, 37.482021831509776], [127.05642526583483, 37.482246485399784], [127.05585242568942, 37.482517184667564], [127.05531563466143, 37.48283132280349], [127.05482006191788, 37.48318587500111], [127.05437047993578, 37.483577427268024], [127.05397121854654, 37.48400220928359], [127.053626123233, 37.484456130688564], [127.05333851808112, 37.48493482045723], [127.05319894514547, 37.485241078120566], [127.05305861345035, 37.48492380188108], [127.05277672262461, 37.48444295845718], [127.05243704914487, 37.483986447517374], [127.05204286492453, 37.48355866503929], [127.05159796659714, 37.483163730286485], [127.05110663893632, 37.482805446157464], [127.0505736135848, 37.48248726258249], [127.05000402349076, 37.48221224331959], [127.04940335348887, 37.48198303646904], [127.04877738750274, 37.48180184898942], [127.04813215287545, 37.481670425459754], [127.04747386236325, 37.481590031291994], [127.04680885434985, 37.48156144055468], [127.04614353185454, 37.48158492852482], [127.0454843009205, 37.48166026903945], [127.04483750897384, 37.481786736672134], [127.04420938374547, 37.48196311371377], [127.04360597334185, 37.482187701890375], [127.04303308804012, 37.482458338705676], [127.04249624436615, 37.48277241825127], [127.04200061199343, 37.48312691628486], [127.04168669179465, 37.48340024339249], [127.04167576825046, 37.48320351427326], [127.04158125597431, 37.48267815930079], [127.04142258327957, 37.482162716214674], [127.04120127950036, 37.48166214877032], [127.04091947699585, 37.48118127737253], [127.04057989057326, 37.480724732665166], [127.04018579130809, 37.48029691095125], [127.03974097501622, 37.4799019318724], [127.03924972568184, 37.47954359875411], [127.03871677419406, 37.47922536199846], [127.03814725279035, 37.47895028587559], [127.03754664564454, 37.47872101903331], [127.03692073607553, 37.478539769007696], [127.03627555088369, 37.478408280979906], [127.03561730234972, 37.478327820982734], [127.03495232845336, 37.47829916371838], [127.03428703188571, 37.47832258510419], [127.03362781844038, 37.47839785961803], [127.03298103537512, 37.478524262468724], [127.03235291033515, 37.478700576570716], [127.03174949142499, 37.47892510425581], [127.03117658900327, 37.479195683609994], [127.0306397197603, 37.47950970927805], [127.03014405361527, 37.479864157536376], [127.02969436394334, 37.480255615393354], [127.02954327100876, 37.480416286412954], [127.0290948197915, 37.48073696025792], [127.028645119409, 37.481128413990724], [127.02824572647796, 37.48155310835339], [127.02790048774672, 37.48200695383093], [127.02761272868102, 37.48248558012922], [127.02738522141378, 37.48298437824454], [127.02722015801525, 37.48349854483438], [127.02711912934156, 37.48402312846253], [127.02708310966774, 37.48455307727377], [127.02709361748886, 37.484742983100226], [127.02704786590876, 37.4849805392718], [127.02701184519935, 37.485510487968945], [127.02704118258386, 37.486040698265576], [127.02713559690392, 37.48656606390828], [127.02729418022689, 37.48708152519528], [127.02751540653877, 37.487582117709714], [127.02779714639304, 37.4880630201389], [127.02813668737697, 37.4885196007191], [127.028530760199, 37.488947461857634], [127.02897557014799, 37.48934248250227], [127.02946683362197, 37.48970085784908], [127.02999981937526, 37.49001913600546], [127.03056939408734, 37.490294251254525], [127.03117007181385, 37.49052355359993], [127.03179606684347, 37.490704834305355], [127.03244134945027, 37.49083634718242], [127.03309970400387, 37.490916825421095], [127.03376478887563, 37.490945493800155], [127.03443019756249, 37.49092207615952], [127.03508952043791, 37.49084679806257], [127.03573640653308, 37.490720384622186], [127.03636462475114, 37.49054405351215], [127.0369681239236, 37.49031950323083], [127.03754109112776, 37.49004889673093], [127.03807800770302, 37.48973484057325], [127.0385737024243, 37.48938035980597], [127.0390234013202, 37.48898886881191], [127.039422773655, 37.48856413840543], [127.03976797363184, 37.488110259496594], [127.04004928225102, 37.48764224345078], [127.04011342725073, 37.4879988187941], [127.04027210285699, 37.48851426315192], [127.04049342015385, 37.48901483184965], [127.04077524881822, 37.489495703803705], [127.04111487558158, 37.48995224754349], [127.0415090303257, 37.49038006583094], [127.04195391754985, 37.49077503802635], [127.04244525290713, 37.49113335979228], [127.04297830445896, 37.49145157975218], [127.04354793825038, 37.491726632749696], [127.0441486677674, 37.491955869388164], [127.04477470679927, 37.49213708156431], [127.04542002519587, 37.49226852374999], [127.04607840698164, 37.49234892981634], [127.04674351026537, 37.49237752523756], [127.04740892836652, 37.49235403455663], [127.04806825156788, 37.4922786840407], [127.04847198346195, 37.49219974242578], [127.04812221482393, 37.492449912467215], [127.04767254212277, 37.49284143804268], [127.04727319318884, 37.49326619618785], [127.04692801434801, 37.49372009677356], [127.04664033049055, 37.49419876897484], [127.04641291302642, 37.49469760334575], [127.04624795316217, 37.49521179619428], [127.04614704075814, 37.49573639583093], [127.04611114897072, 37.49626635024584], [127.04614062482983, 37.49679655575575], [127.04623518584422, 37.49732190615272], [127.04639392266891, 37.49783734188121], [127.04661530781175, 37.49833789876982], [127.04689721029655, 37.498818755848376], [127.0472065800813, 37.499234513843696], [127.04691018604149, 37.49929245879769], [127.0462819185368, 37.49946884540754], [127.04567837284365, 37.49969344262071], [127.04510536054136, 37.49996408785414], [127.04456839937845, 37.50027817511873], [127.04407266015963, 37.50063268009821], [127.04362291696432, 37.50102418925514], [127.04322350117609, 37.50144893268451], [127.04302036911939, 37.50171599050954], [127.04312042309314, 37.50119601315076], [127.04315633872847, 37.50066606024127], [127.0431268827406, 37.5001358544628], [127.04303234018438, 37.49961050194785], [127.0428736228858, 37.49909506198437], [127.0426522606094, 37.498594498297564], [127.04237038627869, 37.498113631255755], [127.04203071539321, 37.49765709146055], [127.0416365198424, 37.49722927516741], [127.04119159636974, 37.49683430196537], [127.04070022999161, 37.49647597512301], [127.04016715272421, 37.49615774498163], [127.03959749801588, 37.495882675747396], [127.0389967513237, 37.495653416001424], [127.03837069730967, 37.49547217321128], [127.0377253641643, 37.49534069248826], [127.03706696559209, 37.4952602397947], [127.0364018410167, 37.49523158976236], [127.03573639457913, 37.495255018238964], [127.03507703351514, 37.49533029963418], [127.03489173614874, 37.495366507122874], [127.03480070096134, 37.49507074117406], [127.03457940432595, 37.49457016245928], [127.03429759681629, 37.49408927627566], [127.03395799328851, 37.493632713409404], [127.03356386498365, 37.493204870338296], [127.03311900799788, 37.49280986690945], [127.03262770670767, 37.492451506682634], [127.03209469250288, 37.49213324032072], [127.031525098225, 37.49185813237868], [127.03092440874964, 37.49162883181044], [127.03029840818833, 37.491447546476515], [127.02965312421723, 37.49131602189785], [127.02899477006781, 37.4912355244589], [127.02832968473619, 37.49120682922216], [127.02766427198581, 37.491230212470434], [127.0270049387283, 37.4913054490487], [127.02635803337427, 37.49143181453102], [127.02572978474578, 37.4916080921916], [127.0251262421366, 37.49183258471322], [127.02455321709579, 37.4921031305206], [127.02401622749389, 37.49241712458165], [127.02352044440853, 37.49277154347739], [127.02307064234061, 37.49316297449919], [127.02267115323944, 37.4935876484944], [127.02232582477944, 37.49404147614449], [127.02203798329064, 37.49452008732728], [127.02181040170002, 37.49501887318495], [127.02164527279399, 37.49553303049328], [127.02154418806013, 37.49605760790575], [127.0215081223141, 37.49658755362723], [127.02151498069513, 37.4967116547], [127.02141114784561, 37.49703494516342], [127.0213100593373, 37.49755952221701], [127.0212739910996, 37.49808946771598], [127.02130329186177, 37.49861967806376], [127.02139768081896, 37.499145047006614], [127.02149353719832, 37.499456651855354], [127.02143394139873, 37.499478814185686], [127.02086084450526, 37.499749341237404], [127.02032378452424, 37.50006331762263], [127.0199067633864, 37.50036137774474], [127.01949637608085, 37.500061983022405], [127.01896336450615, 37.499743657832646], [127.0183937615873, 37.49946848686336], [127.01779305228347, 37.49923911967504], [127.01716702089742, 37.4990577647695], [127.01684779759924, 37.49899266843237], [127.01708643678495, 37.498925737176904], [127.01769006032977, 37.49870128656351], [127.01826316044281, 37.49843077487061], [127.01880021718227, 37.49811680774586], [127.0192960579721, 37.49776240937995], [127.01974590743299, 37.4973709933622], [127.02014543337826, 37.49694632978517], [127.02049078853082, 37.49649250891564], [127.02077864756014, 37.49601390178304], [127.02100623908275, 37.495515118065285], [127.02117137231939, 37.49500096167867], [127.0212724581528, 37.49447638449966], [127.02130852438563, 37.49394643866542], [127.02127922505252, 37.49341622791228], [127.02118484369926, 37.492890858421404], [127.02102629059927, 37.49237538964491], [127.02080509393592, 37.49187478558612], [127.02052338503812, 37.49139386700282], [127.02018387781281, 37.49093726499355], [127.02000929510668, 37.49074768386382], [127.01983007661494, 37.49044172098756], [127.01949057787817, 37.48998511697151], [127.01934701732975, 37.48982921883078], [127.01947072346243, 37.48978321180156], [127.02004374875256, 37.48951269054484], [127.02058073386196, 37.48919871435751], [127.0210765069047, 37.48884430751739], [127.02152629315411, 37.488452883695295], [127.0219257610323, 37.4880282130587], [127.0222710638213, 37.487574385942224], [127.02255887669469, 37.48709577343526], [127.0227864287132, 37.48659698526735], [127.02295152947765, 37.48608282539741], [127.02305259018301, 37.4855582457354], [127.02308863887332, 37.48502829844223], [127.0230593297516, 37.48449808726826], [127.02296494645732, 37.483972718398626], [127.02280639928196, 37.48345725127948], [127.02258521635126, 37.4829566498982], [127.02230352886131, 37.482475734986856], [127.0219640505125, 37.482019137608745], [127.0215700513404, 37.48159125457439], [127.02112532619803, 37.481196206116095], [127.02063415819265, 37.48083779622757], [127.02010127743127, 37.48051947605016], [127.01953181547103, 37.48024431065723], [127.01893125591425, 37.480014949555944], [127.01830538162227, 37.47983360118985], [127.0176602190562, 37.47970201168667], [127.0170019802793, 37.47962144805596], [127.01633700317764, 37.47959268599737], [127.01567169047316, 37.479616002436885], [127.01501244811467, 37.479691172862516], [127.01436562363804, 37.47981747348493], [127.0137374450868, 37.47999368820257], [127.01313396108004, 37.480218120303945], [127.01256098260254, 37.48048860879522], [127.0120240270761, 37.48080254919593], [127.0115282652499, 37.481156918603524], [127.0110784714195, 37.48154830478571], [127.01067897745415, 37.481972939021475], [127.01033363107435, 37.48242673237507], [127.01004575878166, 37.48290531505459], [127.00981813379876, 37.48340407847674], [127.00965294932894, 37.48391821963357], [127.00955179739388, 37.48444278733429], [127.00951565345547, 37.48497272987758], [127.00954486697101, 37.48550294369569], [127.0096391579751, 37.486028322501845], [127.00979761972302, 37.48654380646802], [127.00986230490813, 37.48669026521435], [127.0097056778361, 37.486644872956106], [127.00906047243619, 37.486513236336485], [127.00840218375029, 37.48643262452835], [127.00773715014479, 37.48640381369504], [127.00707177488542, 37.486427081232016], [127.00641246452291, 37.48650220309794], [127.00576556724748, 37.486628455970944], [127.0051373118031, 37.48680462420913], [127.00453374754876, 37.487029011548515], [127.00396068624136, 37.48729945742625], [127.00342364609985, 37.48761335777228], [127.00292779868765, 37.48796769006983], [127.00247791912403, 37.48835904244411], [127.00207834010354, 37.48878364649984], [127.00173291016539, 37.48923741359212], [127.00144495661573, 37.489715974182225], [127.00121725345969, 37.49021471989987], [127.00105199465344, 37.49072884790786], [127.00095077293476, 37.491253407142366], [127.00091456443786, 37.49178334598391], [127.00094371924224, 37.492313560900655], [127.00103795794841, 37.4928389455955], [127.00119637431582, 37.493354440183964], [127.00141744393932, 37.49385507992911], [127.00169903888268, 37.494336043063974], [127.00203844813004, 37.49479269724064], [127.00243240365998, 37.49522064415791], [127.00287711189249, 37.495615761937636], [127.00336829020655, 37.49597424484036], [127.00390120817809, 37.49629263993745], [127.00447073314058, 37.49656788038551], [127.00507137962983, 37.49679731498196], [127.00569736223616, 37.4969787337162], [127.00634265135396, 37.49711038906987], [127.00700103129041, 37.49719101286005], [127.00766616017242, 37.497219828462896], [127.00833163107286, 37.49719655829972], [127.0089910337655, 37.49712142651274], [127.00905122914327, 37.49710967852694], [127.00925212316753, 37.49732786613105], [127.009696879991, 37.49772295844088], [127.01018810491227, 37.49808141318903], [127.01072106705807, 37.49839977771797], [127.01129063333596, 37.498674985478736], [127.01189131788358, 37.49890438558358], [127.01251733492431, 37.4990857683542], [127.01283655472912, 37.49915087636907], [127.01259791112622, 37.499217799004846], [127.01199426845238, 37.49944222344196], [127.01142113829025, 37.49971270446162], [127.0108840395218, 37.50002663765567], [127.01056750899927, 37.500252828314196], [127.01036016601856, 37.50002765191112], [127.0099153921381, 37.49963256213107], [127.00942415845432, 37.49927410628017], [127.00889119570716, 37.498955735942], [127.00832163624369, 37.498680516672565], [127.00772096460511, 37.49845109849743], [127.00709496473188, 37.49826969040923], [127.00644966429398, 37.4981380391104], [127.00579127668163, 37.49805741220509], [127.00512614121325, 37.49802858600193], [127.00446066213476, 37.49805183804421], [127.00380124699595, 37.49812694443983], [127.0031542449953, 37.498253182015866], [127.00252588588455, 37.49842933527776], [127.00192222002032, 37.49865370810585], [127.00134906013753, 37.49892414007718], [127.00081192540385, 37.49923802725575], [127.00056598153265, 37.499413741412766], [127.00045151734176, 37.49933019986463], [126.9999185927532, 37.49901178931845], [126.999349066289, 37.49873652702405], [126.99874842217304, 37.49850706342123], [126.99812244408109, 37.49832560793995], [126.9974771594737, 37.498193907738816], [126.99681878158887, 37.498113230892734], [126.99615364965146, 37.49808435419097], [126.99548816787345, 37.4981075556629], [126.9948287438306, 37.49818261190314], [126.99418172680693, 37.49830880022153], [126.99355334669869, 37.49848490559765], [126.99321269182877, 37.49861149044308], [126.99312628084901, 37.498495211430495], [126.99273236179393, 37.49806723397701], [126.99228769306218, 37.49767207845479], [126.99179655721959, 37.4973135498884], [126.99126368406473, 37.49699510056172], [126.99069420508286, 37.49671979679131], [126.99009360404096, 37.496490289416336], [126.98946766420049, 37.49630878828816], [126.98882241265397, 37.49617704100483], [126.9881640623214, 37.49609631609441], [126.98749895216255, 37.49606739080887], [126.98683348617983, 37.49609054364516], [126.986174071797, 37.49616555166602], [126.98552705820508, 37.4962916926454], [126.98489867526715, 37.49646775201851], [126.98429497356882, 37.496692034569435], [126.98372176618943, 37.49696238074422], [126.98318457275333, 37.49727618743286], [126.98268856629905, 37.49763043302053], [126.98229951087282, 37.49796868352604], [126.98165484393822, 37.49783701676002], [126.98099648723915, 37.49775625187551], [126.98093462936583, 37.49775355815412], [126.98047243124077, 37.49761949856084], [126.9798271848258, 37.49748770220673], [126.97916883327805, 37.49740692716939]], [[127.04040509776753, 37.50581904672752], [127.04039346356089, 37.50578126297844], [127.04017209861613, 37.505280695189], [127.04009950724097, 37.5051568601071], [127.04011199830812, 37.50515096151251], [127.04064901304008, 37.50483689511883], [127.04114479630304, 37.50448240505056], [127.04159457327287, 37.50409090578041], [127.04199401246221, 37.50366616820273], [127.04219715351226, 37.50339911228981], [127.04209709004449, 37.50391908861105], [127.04206116512772, 37.504449040847064], [127.04209061495348, 37.50497924646584], [127.04209575399862, 37.50500780329772], [127.04210532524259, 37.505180119292845], [127.04156498292771, 37.505331784002934], [127.0409613759752, 37.505556356487375], [127.04040509776753, 37.50581904672752]], [[127.13004111013342, 37.492850861986554], [127.12964643495424, 37.492423336349624], [127.12920107333443, 37.49202869185191], [127.1287093145052, 37.491670728596205], [127.12817589425752, 37.4913528934226], [127.12760594933827, 37.49107824673434], [127.12700496799539, 37.490849433044616], [127.12637873714712, 37.490668655526996], [127.12597348021963, 37.49058640499143], [127.12613861481853, 37.49050824618609], [127.12667516734304, 37.49019378531421], [127.12717044974049, 37.489838930484], [127.12761969201517, 37.48944709968101], [127.12801856783365, 37.48902206699192], [127.12836323618544, 37.4885679262372], [127.12865037835923, 37.48808905152522], [127.12887722987952, 37.48759005510865], [127.12904160709704, 37.48707574294938], [127.12914192817776, 37.48655106842107], [127.12917722829059, 37.486021084595116], [127.12914716884842, 37.48549089557034], [127.12905204071626, 37.484965607315246], [127.1288927613573, 37.484450278496425], [127.12867086594598, 37.48394987176638], [127.12850681968024, 37.483670627367594], [127.12879084593712, 37.483590647550734], [127.12939401652162, 37.4833656229957], [127.12996660097015, 37.48309456575613], [127.1305030843129, 37.48278008673501], [127.13099829950198, 37.48242521505367], [127.13144747718918, 37.4820333688598], [127.13184629166331, 37.481608322388176], [127.13219090250465, 37.48115416959179], [127.13247799155573, 37.480675284694826], [127.1327047948525, 37.480176280047814], [127.13286912920985, 37.479661961691775], [127.13296941320623, 37.479137283059835], [127.13300468236714, 37.47860729726274], [127.13297459840318, 37.478077108418184], [127.13287945241501, 37.47755182249284], [127.13272016203715, 37.47703649813076], [127.13249826254966, 37.47653609794149], [127.13221589204545, 37.4760554407169], [127.13187577079778, 37.475599155036456], [127.13148117502833, 37.47517163470734], [127.13134735833309, 37.47505303487333], [127.13180699603748, 37.474723617488635], [127.13225612309446, 37.47433176744168], [127.13246753716903, 37.47410642061853], [127.13273383152533, 37.47418329509683], [127.13337915409979, 37.47431425724462], [127.13403747707213, 37.474394173042334], [127.13470245911721, 37.474422272688436], [127.13536769472286, 37.474398285503334], [127.13548430707564, 37.474384866758484], [127.13550005124331, 37.4746621851592], [127.13559521209606, 37.47518746930874], [127.13575451842884, 37.47570279003963], [127.1359764372612, 37.47620318428567], [127.13625883247303, 37.47668383264111], [127.13633572011207, 37.4767869685041], [127.13631152044177, 37.476913614736915], [127.136276275522, 37.47744360180033], [127.13630638260271, 37.477973789982634], [127.13640155311192, 37.47849907324], [127.13656087183229, 37.47901439266083], [127.13672896824463, 37.47939339901781], [127.13663653063793, 37.47968275321617], [127.13653627149591, 37.48020743504335], [127.13650102642335, 37.48073742187842], [127.13653113622148, 37.48126760972304], [127.13662631229232, 37.4817928925366], [127.13678563936527, 37.48230821141177], [127.13700758426047, 37.482808603300114], [127.13729001060717, 37.4832892488185], [127.13763019937656, 37.48374551867519], [127.13802487503314, 37.4841730182684], [127.1384702370544, 37.48456763002684], [127.13888906487608, 37.4848724707382], [127.1388882237345, 37.48488512432549], [127.13891835182976, 37.48541531128622], [127.1390135496523, 37.48594059192257], [127.13917290172228, 37.48645590734812], [127.13939487461931, 37.48695629454755], [127.1396773317031, 37.48743693418274], [127.14001755364889, 37.48789319701855], [127.14041226460172, 37.488320688520645], [127.140650290857, 37.48853156932533], [127.14059092252762, 37.48855372336178], [127.14001833421142, 37.488824831823884], [127.1394818469619, 37.48913935371327], [127.13898662702489, 37.4894942605287], [127.1385374434841, 37.48988613486294], [127.13813862233835, 37.490311203293665], [127.13779400483524, 37.490765372702576], [127.13750691046333, 37.49124426967447], [127.13728010495932, 37.49174328259687], [127.13711577363924, 37.49225760605602], [127.13702011376145, 37.4927581473578], [127.13642758422291, 37.49263794776426], [127.13576909866075, 37.492558044674176], [127.13510395546601, 37.49252995026771], [127.13443855895866, 37.49255393504472], [127.13377931589426, 37.49262976806047], [127.13313257381634, 37.49275671914821], [127.13250455997714, 37.49293356594548], [127.1319013214128, 37.49315860565661], [127.13132866674873, 37.49342967143871], [127.13079211029346, 37.493744153253765], [127.13067998673057, 37.49382448879289], [127.13066372023702, 37.493787812462365], [127.13038129751408, 37.49330715197361], [127.13004111013342, 37.492850861986554]]], [[[126.96233007657763, 37.57012829087935], [126.96179681571934, 37.56980970949673], [126.96122689606571, 37.56953426359698], [126.96062580562689, 37.5693046053863], [126.95999933237556, 37.569122946167035], [126.95935350853858, 37.568991035058076], [126.95869455254382, 37.568910142163745], [126.95802880917965, 37.568881046352416], [126.95736268854186, 37.56890402776228], [126.9567026043538, 37.568978865106175], [126.95605491225179, 37.569104837801284], [126.95542584862827, 37.56928073290332], [126.95482147061927, 37.56950485677854], [126.95424759781288, 37.569775051401656], [126.95370975623813, 37.57008871512298], [126.95321312517235, 37.57044282770563], [126.95276248727858, 37.57083397939225], [126.95236218255218, 37.57125840372204], [126.95201606652029, 37.57171201378296], [126.95172747309664, 37.572190441550724], [126.95149918245015, 37.572689079936445], [126.95133339419736, 37.573203127138854], [126.9512317061785, 37.57372763287445], [126.9511950990231, 37.57425754604098], [126.9512239266552, 37.57478776335561], [126.95131791283208, 37.57531317849955], [126.95147615375127, 37.575828731296134], [126.95169712670359, 37.576329456448484], [126.95197870468988, 37.57681053136736], [126.95231817686332, 37.577267322627996], [126.95258026845626, 37.577552033154625], [126.95222735137175, 37.57744968170894], [126.95158147004004, 37.57731772780856], [126.95092244972786, 37.57723679113235], [126.95025663584256, 37.577207650970045], [126.94959043915857, 37.57723058788669], [126.94893027413103, 37.577305381023386], [126.94828249717409, 37.57743131022288], [126.9476533454967, 37.577607162959616], [126.9470488770822, 37.57783124600778], [126.94647491238861, 37.57810140173523], [126.94593697832929, 37.578415028866885], [126.94544025507163, 37.57876910751832], [126.94498952616603, 37.57916022825911], [126.94458913248397, 37.579584624926646], [126.94424293040903, 37.58003821087552], [126.94395425468353, 37.58051661831391], [126.94372588626895, 37.58101524034899], [126.94356002553094, 37.58152927533728], [126.94345827100814, 37.58205377311319], [126.94342160397096, 37.58258368265138], [126.94345037892059, 37.583113900704234], [126.94350322350493, 37.58340946534966], [126.94344282006696, 37.583411541497554], [126.94278259466456, 37.583486299688964], [126.94213475409113, 37.583612194508554], [126.94150553616764, 37.58378801376177], [126.94090099951492, 37.5840120645452], [126.94032696524765, 37.58428218953736], [126.93978896094863, 37.58459578775923], [126.93929216746139, 37.58494983960483], [126.9388413690122, 37.58534093590198], [126.93844090714201, 37.58576531072364], [126.9380946388909, 37.586218877634956], [126.93780589963835, 37.58669726902762], [126.93757747095769, 37.587195878163584], [126.93741155379502, 37.58770990352378], [126.93730974723263, 37.588234395035606], [126.93727303304237, 37.588764301734265], [126.93730176617998, 37.58929452039968], [126.93739567131377, 37.589819944700494], [126.93755384542305, 37.59033551437217], [126.9377747664432, 37.59083626395557], [126.93805630787644, 37.591317370626356], [126.93839575922922, 37.59177420065403], [126.93878985208094, 37.59220235404321], [126.93923479153433, 37.592597706926064], [126.93972629274586, 37.59295645129732], [126.94025962218468, 37.593275131708154], [126.9408296432231, 37.593550678565066], [126.94143086561954, 37.593780437711956], [126.94205749841659, 37.59396219600992], [126.94270350574412, 37.59409420266763], [126.94336266498841, 37.59417518611621], [126.94402862676603, 37.594204366265686], [126.94469497612234, 37.594181462024345], [126.9453552943642, 37.594106694008566], [126.94600322092872, 37.59398078241677], [126.94663251469032, 37.59380494008805], [126.9472371141137, 37.59358086081262], [126.94781119567199, 37.59331070300688], [126.94834922996495, 37.59299706891088], [126.94884603499652, 37.592642979509186], [126.9492968260967, 37.59225184541727], [126.94969726200696, 37.59182743401459], [126.9500434866849, 37.5913738331418], [126.95033216642545, 37.590895411712296], [126.95056052194239, 37.590396777618466], [126.95072635510118, 37.58988273333845], [126.9508280700478, 37.589358229671994], [126.95086468853113, 37.58882831805092], [126.9508358592734, 37.588298101884504], [126.95078298243943, 37.58800254050962], [126.95084338943202, 37.58800046063473], [126.95150364726439, 37.587925657663064], [126.95215151017555, 37.5877997116833], [126.95278073765347, 37.58762383586583], [126.95338526880182, 37.587399724323454], [126.9539592807517, 37.58712953578335], [126.95449724477382, 37.58681587278153], [126.95499397954923, 37.586461756580896], [126.95544470108497, 37.586070598054896], [126.95584506879277, 37.5856461648182], [126.95619122728719, 37.585192544921526], [126.95647984350074, 37.584714107461295], [126.95670813875893, 37.58421546048406], [126.95687391550747, 37.583701406591835], [126.95697557843536, 37.58317689667667], [126.9570121497922, 37.582646982230365], [126.95698327875363, 37.5821167666892], [126.95688924474712, 37.5815913562823], [126.9567309547077, 37.581075810857286], [126.95650993429234, 37.58057509515665], [126.95622831313953, 37.580094031013815], [126.9558888043178, 37.57963725092914], [126.95562669282417, 37.579352547693134], [126.9559796236373, 37.57945488904929], [126.95662553144344, 37.5795868190418], [126.95728457900437, 37.57966772405576], [126.9579504180129, 37.57969682475703], [126.95861663469769, 37.57967384081948], [126.95927681164433, 37.57959899362747], [126.95992458965186, 37.57947300414223], [126.96055372902653, 37.57929708595329], [126.96115816972126, 37.5790729335816], [126.96173208973893, 37.57880270614758], [126.96226996123627, 37.57848900656178], [126.96276660378598, 37.57813485643938], [126.96321723428375, 37.57774366698033], [126.96361751301842, 37.577319206097], [126.96396358546174, 37.57686556210622], [126.96425211937495, 37.57638710433613], [126.9644803368762, 37.57588844102861], [126.96464604115985, 37.57537437494265], [126.96474763761252, 37.57484985708742], [126.96478414912356, 37.57431993903094], [126.96475522544445, 37.573789724243994], [126.96466114650902, 37.57326431894817], [126.96450281968428, 37.572748782941716], [126.96428177098083, 37.57224808087627], [126.96400013030883, 37.57176703445387], [126.96366061092408, 37.57131027600413], [126.96326648326323, 37.570882203888175], [126.96282154342143, 37.57048694015813], [126.96233007657763, 37.57012829087935]]], [[[127.01763495017408, 37.23928177818459], [127.0170673075465, 37.23900660255492], [127.01646866679377, 37.23877723314832], [127.01584479230833, 37.23859587849191], [127.01520169130475, 37.23846428477701], [127.01454555600665, 37.23838371905592], [127.013882704058, 37.238354957049786], [127.01321951773069, 37.23837827568451], [127.01256238251163, 37.23845345042646], [127.01191762565944, 37.238579757443354], [127.01129145531979, 37.23875598056978], [127.01068990078431, 37.23898042301023], [127.01011875446635, 37.23925092366764], [127.00958351615087, 37.2395648779402], [127.00908934005417, 37.239919262787154], [127.00864098520216, 37.2403106658229], [127.0082427696044, 37.24073531815935], [127.00789852866536, 37.2411891306819], [127.00761157823307, 37.24166773340991], [127.00738468264184, 37.24216651756337], [127.00722002805797, 37.24268067993165], [127.00711920138569, 37.24320526911748], [127.00708317493878, 37.24373523321134], [127.00711229702681, 37.24426546843743], [127.00720628854856, 37.24479086830332], [127.00736424562777, 37.245306372779595], [127.00758464826737, 37.24580701703618], [127.00786537494116, 37.24628797926556], [127.00820372298405, 37.24674462713213], [127.00859643458621, 37.24717256239967], [127.00903972814179, 37.24756766330679], [127.00952933465172, 37.24792612428135], [127.0100605388303, 37.24824449261078], [127.01062822452006, 37.24851970171419], [127.01122692397745, 37.24874910069526], [127.011850870554, 37.24893047989034], [127.01249405426475, 37.2490620921651], [127.01315027970773, 37.24914266975399], [127.01381322577465, 37.2491714364798], [127.01447650657681, 37.24914811523525], [127.01513373299665, 37.24907293065426], [127.01577857427074, 37.24894660694722], [127.01640481900913, 37.248770360920965], [127.0170064350611, 37.24854589025096], [127.01757762764926, 37.248275357119205], [127.0181128952105, 37.24796136737544], [127.01860708240459, 37.24760694542351], [127.01905542977923, 37.24721550507505], [127.01945361961214, 37.24679081665197], [127.019797817489, 37.24633697065567], [127.02008470921666, 37.24585833835318], [127.02031153271675, 37.24535952966107], [127.02047610459344, 37.24484534873294], [127.02057684112089, 37.2443207476793], [127.02061277344949, 37.24379077886577], [127.02058355688663, 37.2432605462495], [127.02048947416408, 37.24273515622266], [127.02033143266296, 37.24221966843652], [127.02011095562462, 37.241719047079776], [127.01983016743435, 37.24123811307991], [127.01949177312127, 37.240781497687706], [127.01909903227337, 37.24035359789139], [127.01865572762037, 37.239958534089205], [127.01816612858782, 37.23960011042739], [127.01763495017408, 37.23928177818459]]], [[[126.98458951028407, 37.24542304918899], [126.98402194385007, 37.245147715987684], [126.98342335683728, 37.24491818014458], [126.98279951312175, 37.24473665178892], [126.98215641962248, 37.244604878784], [126.98150026849137, 37.24452412990778], [126.98083737752503, 37.2444951826443], [126.98017412937085, 37.24451831570253], [126.97951691011068, 37.24459330633502], [126.97887204781155, 37.2447194324816], [126.9782457516335, 37.244895479717876], [126.97764405207856, 37.245119752941534], [126.97707274295512, 37.245390092684545], [126.97653732561432, 37.24570389589441], [126.9760429559947, 37.24605814098503], [126.97559439498407, 37.24644941691667], [126.97519596257577, 37.246873956025574], [126.97485149626056, 37.247327670287994], [126.9745643140556, 37.247806190670126], [126.97433718252623, 37.24830490918576], [126.97417229011005, 37.248819023257276], [126.97407122600127, 37.249343581953504], [126.97403496480015, 37.249873533659525], [126.9740638570773, 37.25040377471995], [126.97415762594528, 37.25092919858713], [126.97431536967298, 37.251444745001514], [126.97453557031916, 37.25194544872996], [126.9748161083044, 37.252426487393], [126.97515428278241, 37.25288322791944], [126.97554683761665, 37.253311271181154], [126.97598999271283, 37.25370649437687], [126.97647948040715, 37.25406509075677], [126.9770105865599, 37.254383606304], [126.97757819595927, 37.254658973019545], [126.9781768415978, 37.254888538488565], [126.97880075734648, 37.25507009144331], [126.97944393351807, 37.255201883075166], [126.98010017478367, 37.25528264389034], [126.98076315988286, 37.255311595946004], [126.98142650255072, 37.25528846034902], [126.98208381307334, 37.2552134599444], [126.98272875987654, 37.25508731716784], [126.98335513055278, 37.25491124708284], [126.98395689173714, 37.25468694566974], [126.98452824725281, 37.25441657347991], [126.9850636939659, 37.25410273481274], [126.98555807480905, 37.25374845261694], [126.98600662846313, 37.25335713935817], [126.98640503521757, 37.252932564134674], [126.9867494585674, 37.252478816358035], [126.98703658214662, 37.25200026634999], [126.98726364164284, 37.25150152323526], [126.98742845138668, 37.250987390536814], [126.98752942536099, 37.25046281990162], [126.98756559242925, 37.24993286340341], [126.98753660563841, 37.24940262488175], [126.98744274550798, 37.248877210786695], [126.98728491727626, 37.248361681002294], [126.98706464213186, 37.247861000122576], [126.98678404251721, 37.24737998964898], [126.98644582164694, 37.246923281569345], [126.98605323744042, 37.24649527376494], [126.98561007112072, 37.24610008767439], [126.98512059078293, 37.24574152862163], [126.98458951028407, 37.24542304918899]]], [[[127.02000652372602, 37.261347125903136], [127.01947518579976, 37.26102880195311], [127.01890737408768, 37.260753634955925], [127.01830855630612, 37.26052427443807], [127.01768449855147, 37.26034292884074], [127.01704120980203, 37.26021134426779], [127.01638488408821, 37.260130787683316], [127.01572184088639, 37.26010203472042], [127.01505846430878, 37.26012536221791], [127.01440114167313, 37.260200545556906], [127.01375620204159, 37.26032686082249], [127.01312985531881, 37.26050309177007], [127.012528132494, 37.26072754152913], [127.01195682760039, 37.260998048932485], [127.01142144194948, 37.26131200931374], [127.01092713117612, 37.26166639957378], [127.01047865560315, 37.26205780727523], [127.01008033440301, 37.26248246348555], [127.00973600399765, 37.26293627905321], [127.00944898109745, 37.26341488396858], [127.00922203073564, 37.26391366943087], [127.00905733960718, 37.264427832217095], [127.00895649496952, 37.26495242092612], [127.00892046931097, 37.26548238365307], [127.00894961093489, 37.26601261663531], [127.00904364055346, 37.26653801340191], [127.00920165392482, 37.26705351395316], [127.00942213051108, 37.2675541534965], [127.00970294807496, 37.26803511026951], [127.01004140307695, 37.26849175198877], [127.01043423667777, 37.268919680476856], [127.01087766609697, 37.26931477403725], [127.01136742102715, 37.269673227168134], [127.01189878475297, 37.269991587232056], [127.01246663958, 37.27026678772734], [127.01306551613499, 37.27049617784021], [127.01368964606294, 37.27067754799212], [127.01433301761195, 37.27080915113561], [127.01498943356972, 37.270889719592915], [127.01565257099182, 37.2709184772747], [127.01631604214518, 37.270895147160786], [127.01697345607755, 37.27081995397061], [127.01761848021837, 37.27069362199764], [127.01824490141527, 37.27051736812856], [127.01884668581708, 37.27029289011472], [127.0194180370242, 37.270022350209146], [127.01995345194533, 37.26970835432726], [127.02044777382073, 37.26935392693244], [127.020896241901, 37.268962481889126], [127.02129453730157, 37.26853778956492], [127.021638824592, 37.26808394049913], [127.02192578871878, 37.267605305988766], [127.02215266690725, 37.2671064959719], [127.02231727523616, 37.26659231461513], [127.02241802962985, 37.26606771403326], [127.02245396106818, 37.26553774658745], [127.02242472486849, 37.26500751622162], [127.02233060395321, 37.26448212930621], [127.02217250607256, 37.26396664546235], [127.02195195501217, 37.26346602884052], [127.02167107587127, 37.26298510032227], [127.02133257455577, 37.262528491105236], [127.02093971168476, 37.262100598117776], [127.0204962711635, 37.26170554169217], [127.02000652372602, 37.261347125903136]]], [[[127.00199826472002, 37.260550389385344], [127.0013550024674, 37.26041871977157], [127.00069869265214, 37.260338076340496], [127.00003565459772, 37.26030923556114], [126.9993722723669, 37.26033247511752], [126.99871493333175, 37.2604075712372], [126.9980699667121, 37.26053380084478], [126.99744358267215, 37.26070994852013], [126.99684181255994, 37.26093431819433], [126.99627045086345, 37.26120474947112], [126.99573499944044, 37.261518638417044], [126.99524061455845, 37.261872962620785], [126.99479205725312, 37.262264310281076], [126.99439364748321, 37.26268891304363], [126.99404922252279, 37.26314268227185], [126.99376209999214, 37.26362124840253], [126.99353504588339, 37.264120003008756], [126.99337024789, 37.26463414316508], [126.99326929429829, 37.265158717688735], [126.99323315864551, 37.26568867481193], [126.99324135292363, 37.265838336345546], [126.99310972917166, 37.266248964306946], [126.99300877148936, 37.266773538436134], [126.99297263310851, 37.26730349531617], [126.99300166341808, 37.267833731241225], [126.99309558420249, 37.268359139712544], [126.99325349226834, 37.26887466061813], [126.99347386809241, 37.26937532896985], [126.99375459040844, 37.26985632272822], [126.99409295659495, 37.2703130092539], [126.99448570866879, 37.2707409899382], [126.99492906463556, 37.271136142582016], [126.99541875489606, 37.27149466111455], [126.99595006335866, 37.271813092268424], [126.99651787286187, 37.27208836885715], [126.99711671446971, 37.27231783933386], [126.9977408201643, 37.27249929334575], [126.9983841784276, 37.27263098303731], [126.99904059217555, 37.272711639896826], [126.99970373848514, 37.2727404869831], [127.00036722953769, 37.27271724641444], [127.00102467418917, 37.272642142047424], [127.00166973957275, 37.27251589731964], [127.0022962121384, 37.272339728277124], [127.0028980575396, 37.27211533185392], [127.00346947878856, 37.27184486951699], [127.0040049721186, 37.27153094643453], [127.00449938001407, 37.271176586368696], [127.0049479408962, 37.27078520253551], [127.0053463349859, 37.27036056471313], [127.00549371332048, 37.27016636598616], [127.0058040683026, 37.26989556243249], [127.00620245287276, 37.269470921596515], [127.00654683456584, 37.26901711717446], [127.00683389741855, 37.268538520033566], [127.00706087770484, 37.26803973975234], [127.00722559051972, 37.26752558021142], [127.00732645078095, 37.26700099331591], [127.00736248844859, 37.26647103129559], [127.00733335781699, 37.26594079804268], [127.00723934079191, 37.26541539995581], [127.00708134412346, 37.264899896764206], [127.0068608906229, 37.264399252805056], [127.0065801044505, 37.26391828922357], [127.00624169061746, 37.26346163755534], [127.00593858956086, 37.26313140429501], [127.00564589192702, 37.262736431724804], [127.00525311732405, 37.262308487329946], [127.00480975819497, 37.261913372745326], [127.00432008449087, 37.261554892605865], [127.00378881192987, 37.26123649873369], [127.0032210565863, 37.260961256915856], [127.00262228563432, 37.26073181739917], [127.00199826472002, 37.260550389385344]]], [[[126.99338973727238, 37.27949060406507], [126.99282188404511, 37.27921531248764], [126.99222300132797, 37.27898582024248], [126.99159885584304, 37.278804337038636], [126.99095545741345, 37.27867261030429], [126.99029900112548, 37.27859190837178], [126.98963580771226, 37.278563008273075], [126.98897226273158, 37.27858618826314], [126.9883147551216, 37.27866122514287], [126.98766961572427, 37.27878739640716], [126.98704305636637, 37.278963487197665], [126.9864411100831, 37.27918780199327], [126.98586957305776, 37.27945818092624], [126.9853339488356, 37.27977202056741], [126.98483939534734, 37.28012629898052], [126.98439067525175, 37.28051760480564], [126.98399211007482, 37.280942170091734], [126.98364753858718, 37.28139590656355], [126.98336027982023, 37.281874444973845], [126.98313310107845, 37.28237317716312], [126.98296819125622, 37.28288730042233], [126.98286713971757, 37.28341186373185], [126.9828309209441, 37.28394181543231], [126.9828598851001, 37.28447205186815], [126.98295375460816, 37.28499746653595], [126.98311162677003, 37.28551299926426], [126.98333198240942, 37.28601368495123], [126.98361270045574, 37.28649470139047], [126.98395107832977, 37.286951415724175], [126.98434385793678, 37.287379429075685], [126.98478725701811, 37.28777461893113], [126.98527700556006, 37.28813317886102], [126.98580838691008, 37.28845165519895], [126.98637628320499, 37.28872698032287], [126.98697522467295, 37.28895650221809], [126.98759944233407, 37.28913801003615], [126.98824292359156, 37.28926975540289], [126.98889947017607, 37.28935046927], [126.98956275788447, 37.28937937414687], [126.99022639753521, 37.28935619159487], [126.99088399655204, 37.289281144911584], [126.9915292205803, 37.28915495697885], [126.99215585454085, 37.2889788432956], [126.99275786253162, 37.28875450026269], [126.9933294459979, 37.28848408883297], [126.9938650996097, 37.28817021368449], [126.99435966430693, 37.287815898117984], [126.99480837700004, 37.28742455492121], [126.99520691644749, 37.28699995348134], [126.99555144486747, 37.28654618346303], [126.99583864488359, 37.286067615402665], [126.99606575144918, 37.28556885859918], [126.99623057844353, 37.28505471670758], [126.99633153968564, 37.284530141463456], [126.99636766416394, 37.28400018498485], [126.99633860533788, 37.28346995111093], [126.99624464442297, 37.2829445462467], [126.99608668763018, 37.282429030186826], [126.9958662573881, 37.28192836739262], [126.9955854776343, 37.28144737919067], [126.99524705331935, 37.28099069735371], [126.99485424432268, 37.280562719509504], [126.99441083403238, 37.280167566807464], [126.99392109289293, 37.279809044249234], [126.99338973727238, 37.27949060406507]]], [[[126.99422924807932, 37.42233226147978], [126.99369689263524, 37.42201382291298], [126.9931279697721, 37.42173853148794], [126.99252795790349, 37.421509037926285], [126.99190263461979, 37.42132755194752], [126.99125802107962, 37.4211958210048], [126.990600324063, 37.42111511346966], [126.98993587624273, 37.42108620642714], [126.9892710752476, 37.42110937819885], [126.98861232210236, 37.42118440566506], [126.98796595963475, 37.4213105664121], [126.9873382114419, 37.421486645684254], [126.98673512200051, 37.42171094807304], [126.98616249849691, 37.4219813138324], [126.9856258549351, 37.42229513966247], [126.98513035905962, 37.42264940376269], [126.98468078260387, 37.423040694913716], [126.98428145534187, 37.42346524530866], [126.98393622338618, 37.42391896681833], [126.98364841213339, 37.42439749034208], [126.98342079421464, 37.42489620786592], [126.98325556276123, 37.42541031682385], [126.98315431024315, 37.42593486633531], [126.98311801308674, 37.42646480487465], [126.98314702222072, 37.42699502891334], [126.98324105964419, 37.42752043206712], [126.98339922105104, 37.42803595427459], [126.983619984488, 37.428536630533976], [126.98390122496473, 37.429017638727906], [126.98424023487688, 37.42947434607581], [126.9846337500476, 37.42990235376587], [126.98507798113727, 37.43029753933603], [126.98556865012054, 37.430656096395325], [126.98610103147978, 37.43097457130221], [126.98666999771842, 37.43124989644573], [126.98727006875609, 37.431479419808504], [126.98789546472851, 37.43166093052579], [126.98854016168367, 37.431792680193716], [126.989197949636, 37.43187339972119], [126.98986249241803, 37.43190231156226], [126.99008545377586, 37.431894540867404], [126.98999595629712, 37.43235837302418], [126.98995970371645, 37.43288831342415], [126.98998876307786, 37.43341853558479], [126.99008285589704, 37.4339439331397], [126.99024107733479, 37.43445944608117], [126.99046190485984, 37.43496010949638], [126.99074321286479, 37.43544110139142], [126.991082293095, 37.435897789142466], [126.99147588069627, 37.4363257741262], [126.99192018563122, 37.43672093409907], [126.992410929163, 37.43707946291646], [126.99294338505563, 37.437397907208705], [126.99351242509432, 37.43767319965961], [126.99411256848734, 37.43790268856668], [126.9947380346731, 37.43808416339698], [126.9953827990228, 37.43821587609235], [126.99604065090126, 37.4382965579179], [126.99670525352485, 37.43832543169095], [126.99737020503868, 37.4383022192723], [126.99802910022241, 37.43822714424768], [126.99867559222905, 37.43810092977288], [126.99930345375931, 37.437924791604], [126.99990663708128, 37.43770042637972], [127.00017181948604, 37.437575205791866], [127.00025732864067, 37.43776900109603], [127.00053870991167, 37.4382499699819], [127.00087786246607, 37.43870662993944], [127.00127152075278, 37.439134582612866], [127.0017158940532, 37.43952970606961], [127.00220670297162, 37.43988819451665], [127.0027392206418, 37.440206594973056], [127.00291639107627, 37.440292284433454], [127.00272088021197, 37.4404624723053], [127.00232156045598, 37.44088708246464], [127.00197635556269, 37.44134085553918], [127.00168859066949, 37.44181942193175], [127.00146103796259, 37.4423181732154], [127.00129588994672, 37.44283230649876], [127.00119473828995, 37.44335687066671], [127.00115855844857, 37.443886814052], [127.0011877002229, 37.44441703307892], [127.00128188433567, 37.444942421410836], [127.00144020506897, 37.445457919128515], [127.0016611389357, 37.445958561465304], [127.00194255930454, 37.44643952662989], [127.00203212427675, 37.446560106995676], [127.0014082309667, 37.44658190797808], [127.00074926558237, 37.446657001228786], [127.00010270314569, 37.446783226355635], [126.99947476917824, 37.44695936798341], [126.99887150994492, 37.447183730103774], [126.9982987342667, 37.447454152396034], [126.99776195761274, 37.44776803101651], [126.99726634900946, 37.44812234365684], [126.99681668127636, 37.44851367863075], [126.99641728506734, 37.44893826770978], [126.99607200716002, 37.44939202239256], [126.99578417339487, 37.44987057325924], [126.99555655662155, 37.45036931203267], [126.99539134996199, 37.4508834359422], [126.99529014564924, 37.45140799396324], [126.99525391964728, 37.45193793448791], [126.99528302220135, 37.45246815396828], [126.99537717441257, 37.45299354606354], [126.9955354708708, 37.45350905081832], [126.99575638832344, 37.454009703398306], [126.99603780029776, 37.45449068191356], [126.99637699753852, 37.45494735386874], [126.996770714065, 37.45537532079225], [126.99721515859832, 37.45577046061403], [126.99770605105711, 37.45612896738316], [126.9982386637707, 37.456447387941935], [126.99880786701345, 37.456722655202455], [126.99940817842102, 37.456952117704496], [127.00003381581267, 37.45713356516927], [127.00067875290968, 37.45726524980206], [127.0013367774119, 37.45734590313818], [127.00200155087192, 37.45737474826937], [127.0026666697883, 37.45735150733241], [127.0033257273273, 37.45727640418784], [127.00397237507705, 37.45715016226256], [127.0046003842375, 37.45697399757732], [127.00520370565404, 37.456749607026566], [127.00577652811614, 37.45647915202355], [127.00631333435672, 37.456165237669], [127.00680895421229, 37.45581088764454], [127.00725861443101, 37.45541951507306], [127.00765798464775, 37.4549948896279], [127.00800321908376, 37.45454110120795], [127.00829099356909, 37.454062520529575], [127.00851853753224, 37.453563757015544], [127.00868366064933, 37.45304961438731], [127.00878477389772, 37.4525250443888], [127.00882090481308, 37.45199509908814], [127.00879170680423, 37.45146488221685], [127.00869746243838, 37.450939500015465], [127.00853908066705, 37.450424012059116], [127.00831808802144, 37.449923382536596], [127.00803661386385, 37.449442432451725], [127.00794703581835, 37.44932185660172], [127.00857095038275, 37.44930002126001], [127.00922993165192, 37.449224884540705], [127.00987650037357, 37.44909860957313], [127.01050442850931, 37.44892241269636], [127.01110766768554, 37.44869799111489], [127.01168040748426, 37.44842750654081], [127.01221713143508, 37.448113564359616], [127.0127126701675, 37.44775918852078], [127.0131622512113, 37.447367792395696], [127.0135615449641, 37.446943145884354], [127.01390670638371, 37.44648933908832], [127.0141944120034, 37.4460107429007], [127.01442189191482, 37.445511966893385], [127.01458695641065, 37.44499781490789], [127.01468801703261, 37.44447323877805], [127.01472410182268, 37.4439432906308], [127.01469486463338, 37.44341307422487], [127.01460058840871, 37.44288769579614], [127.01444218240636, 37.442372214883285], [127.0142211733903, 37.44187159560713], [127.01393969087982, 37.44139065887283], [127.01360044659972, 37.4409340359546], [127.01320670833049, 37.44050612390978], [127.01276226841202, 37.440111043250894], [127.01227140720488, 37.43975259828264], [127.01173885186209, 37.439434240484914], [127.01156167323163, 37.43934856417979], [127.0117571613108, 37.43917836148899], [127.01215641891983, 37.43875371888553], [127.0125015506136, 37.43829991535924], [127.0127892332114, 37.43782132177163], [127.01301669702615, 37.437322547669446], [127.01318175250509, 37.436808396875776], [127.01328281127621, 37.43628382121294], [127.01331890139879, 37.43575387280337], [127.01328967667345, 37.43522365540837], [127.01319541992358, 37.43469827527336], [127.01303704021883, 37.43418279195358], [127.01281606406943, 37.433682169593155], [127.01253462067774, 37.43320122912702], [127.01219542139158, 37.43274460186553], [127.01180173355785, 37.43231668490799], [127.01135734903065, 37.43192159881442], [127.01086654763715, 37.431563147942015], [127.01033405595439, 37.431244783827694], [127.00976500179404, 37.43096957196886], [127.00916486483298, 37.43074016232088], [127.00853942386526, 37.43055876379536], [127.00789470118178, 37.430427123003504], [127.00723690461268, 37.430346507448995], [127.0065723677886, 37.430317693331524], [127.00590748919487, 37.43034095807827], [127.00524867060284, 37.43041607767462], [127.00460225547033, 37.430542328820245], [127.00397446790146, 37.43071849588932], [127.00337135275217, 37.430942882628415], [127.00323227694585, 37.431008566188844], [127.00309322219043, 37.43069342013843], [127.00281185224314, 37.430212456805876], [127.00247272561593, 37.42975580193401], [127.00207910895638, 37.429327852888306], [127.00163479343352, 37.428932730537944], [127.0011440582105, 37.42857423958938], [127.00061162922765, 37.42825583196553], [127.00004263369334, 37.42798057358275], [126.99944255072045, 37.427751114844426], [126.99881715858359, 37.42756966513475], [126.99817247910393, 37.42743797155768], [126.99751471969591, 37.427357302124975], [126.99685021363277, 37.42732843355498], [126.99658935208943, 37.42733754074675], [126.99664417298712, 37.427053272467916], [126.99668037518175, 37.426523329130006], [126.99665127070925, 37.42599310767091], [126.99655714123428, 37.42546771437576], [126.99639889460049, 37.42495220892705], [126.99617805603633, 37.424451555682595], [126.9958967534193, 37.42397057587528], [126.99555769674167, 37.4235139011948], [126.99516415197753, 37.42308592919755], [126.99471990960375, 37.422690780973966], [126.99422924807932, 37.42233226147978]]], [[[126.99340987980244, 37.46013984670809], [126.99287726180594, 37.45982140454251], [126.99230805727451, 37.45954610884739], [126.99170774733325, 37.459316610384754], [126.99108211244156, 37.45913511892078], [126.99043717675707, 37.459003381960905], [126.98977915016002, 37.45892266793422], [126.98911436849478, 37.4588937539881], [126.98844923260278, 37.458916918510454], [126.9877901467313, 37.45899193845144], [126.98714345691008, 37.45911809147008], [126.98651538988643, 37.45929416288534], [126.98591199320558, 37.4595184573649], [126.98533907701103, 37.459788815239406], [126.98480215812425, 37.46010263328557], [126.98430640694049, 37.46045688977848], [126.98385659765154, 37.460848173572835], [126.98345706227398, 37.4612727169333], [126.98311164892525, 37.46172643179917], [126.98282368474992, 37.46220494913443], [126.98259594385354, 37.46270366098533], [126.98243062055366, 37.46321776484094], [126.98232930820701, 37.46374230987028], [126.98229298381851, 37.464272244591065], [126.98232199858177, 37.46480246551168], [126.98241607444419, 37.46532786627782], [126.98257430673199, 37.46584338685095], [126.98279517281159, 37.46634406224466], [126.98307654670614, 37.46682507034948], [126.98341571952817, 37.467281778385164], [126.9838094255332, 37.46770978753262], [126.98425387354455, 37.46810497531508], [126.98474478344814, 37.46846353531949], [126.985277427406, 37.46878201387523], [126.98584667539201, 37.469057343335486], [126.98644704461113, 37.46928687164063], [126.98707275232593, 37.46946838787768], [126.98771777158025, 37.46960014358916], [126.9883758892823, 37.46968086962539], [126.98904076608657, 37.469709788377486], [126.98970599749558, 37.46968662127281], [126.99036517559125, 37.469611591460435], [126.99101195079984, 37.469485421660735], [126.99164009309258, 37.46930932719962], [126.99224355203172, 37.46908500429503], [126.99281651508122, 37.46881461370868], [126.99335346361896, 37.46850075992098], [126.99384922611026, 37.468146466030326], [126.99429902792872, 37.46775514461923], [126.99469853734493, 37.46733056486861], [126.99504390723911, 37.46687681623763], [126.99533181213657, 37.466398269059844], [126.99555948020982, 37.46589953243588], [126.9957247199399, 37.465385409828635], [126.99582594118156, 37.46486085278976], [126.995862170431, 37.46433091326301], [126.99583306015076, 37.46380069492473], [126.9957388920641, 37.463275304029956], [126.99558057438892, 37.46275980023788], [126.99535963304027, 37.462259147890045], [126.99507819688742, 37.46177816821025], [126.99473897721046, 37.461321492886405], [126.9943452415545, 37.46089351948049], [126.99390078223561, 37.460498369095774], [126.99340987980244, 37.46013984670809]]], [[[126.99220154850079, 37.51510080786934], [126.99163192923513, 37.51482550842852], [126.99103118083664, 37.514596005437134], [126.990405087985, 37.514414508704014], [126.9897596792454, 37.51428276578472], [126.98910116905054, 37.51420204516513], [126.98843589789861, 37.514173124055795], [126.98777027134123, 37.51419628091346], [126.98711069834735, 37.51427129276218], [126.98646352963428, 37.514397437339184], [126.98583499655801, 37.514573500045216], [126.98523115114905, 37.51479778563251], [126.98465780787001, 37.515068134518174], [126.9841204876535, 37.515381943566396], [126.98362436475865, 37.51573619114001], [126.98317421695657, 37.516127466180635], [126.9827743795241, 37.516552001038356], [126.9824287034887, 37.51700570773539], [126.98214051852646, 37.517484217315385], [126.98191260087152, 37.517982921900135], [126.98174714654655, 37.518497019049406], [126.98164575017341, 37.51902155799733], [126.98160938956987, 37.519551487320555], [126.98163841628202, 37.52008170357957], [126.98173255214594, 37.520607100464886], [126.98189089191362, 37.5211226179751], [126.9821119119198, 37.52162329115278], [126.98239348470823, 37.52210429790914], [126.98273289947839, 37.52256100547609], [126.98312688815761, 37.52298901503814], [126.98357165684811, 37.52338420411345], [126.98406292234797, 37.52374276627549], [126.9845959533943, 37.52406124783172], [126.98516561623212, 37.52433658110541], [126.98576642406951, 37.5245661139992], [126.98639258994251, 37.524747635555116], [126.9870380824798, 37.52487939726369], [126.98769668402839, 37.52496012991694], [126.98836205057947, 37.52498905584193], [126.98902777291521, 37.5249658963968], [126.98968743838597, 37.524890874656954], [126.9903346927206, 37.52476471326527], [126.99096330127276, 37.52458862746716], [126.99156720911137, 37.524364313397854], [126.99214059937476, 37.524093931734754], [126.9926779493247, 37.52378008687329], [126.99317408355942, 37.52342580182694], [126.99362422387206, 37.523034489094115], [126.99402403527351, 37.52260991777323], [126.99436966773678, 37.522156177243325], [126.99465779326015, 37.521677637760924], [126.99488563789372, 37.52117890835337], [126.99505100842097, 37.520664792414834], [126.99515231344036, 37.520140241433246], [126.9951885786448, 37.519610307294386], [126.9951594561543, 37.519080093622826], [126.9950652278135, 37.51855470662862], [126.99490680242423, 37.51803920593311], [126.99468570694218, 37.51753855584748], [126.9944040717241, 37.51705757757314], [126.99406460996958, 37.516600902783615], [126.99367059155693, 37.5161729290348], [126.99322581152656, 37.51577777743224], [126.99273455351617, 37.515419252962396], [126.99220154850079, 37.51510080786934]]], [[[127.01310707525558, 37.525006530900356], [127.01253730314912, 37.52473133166909], [127.01193641044237, 37.52450193437978], [127.01131018320352, 37.52432054782359], [127.0106646512907, 37.52418891849537], [127.01000603032172, 37.52410831378756], [127.0093406618605, 37.52407950979494], [127.00867495239508, 37.524102783847034], [127.00801531169228, 37.52417791183991], [127.00736809112112, 37.524304170392945], [127.0067395225369, 37.52448034380991], [127.00613565831237, 37.52470473577748], [127.00556231309169, 37.52497518568882], [127.00502500782684, 37.5252890894357], [127.00452891663386, 37.525643424469315], [127.0040788169796, 37.526034778889276], [127.00367904367842, 37.526459384281345], [127.0033334471414, 37.52691315198845], [127.00304535628035, 37.52739171246656], [127.00281754642452, 37.52789045734703], [127.00265221255961, 37.52840458380117], [127.00255094814858, 37.52892914078041], [127.00251472973927, 37.5294590766872], [127.00254390750919, 37.52998928801795], [127.00263820184026, 37.53051466851003], [127.00279670595866, 37.531030158319126], [127.00301789461643, 37.53153079275398], [127.00329963873288, 37.53201175009826], [127.0036392258572, 37.53246839805919], [127.00403338625608, 37.53289633839478], [127.00447832437712, 37.53329144928952], [127.00496975538567, 37.53364992506955], [127.00550294642373, 37.53396831287407], [127.00607276219418, 37.53424354592924], [127.00667371443093, 37.53447297310299], [127.00730001477818, 37.534654384455735], [127.0079456305682, 37.5347860325397], [127.00860434295986, 37.534866649241685], [127.0092698068759, 37.53489545800595], [127.00993561216005, 37.53487218131961], [127.01059534536317, 37.53479704338785], [127.01124265156155, 37.53467076797322], [127.01187129560923, 37.53449457141992], [127.01247522223353, 37.53427015093043], [127.0130486143922, 37.53399966820762], [127.01358594932954, 37.53368572862069], [127.01408205178917, 37.53333135609573], [127.01453214387129, 37.532939963973895], [127.01493189105251, 37.53251532211831], [127.01527744392556, 37.5320615205873], [127.01556547525655, 37.531582930224744], [127.01579321200401, 37.53108416054773], [127.01595846199173, 37.53057001533785], [127.01605963498008, 37.53004544636445], [127.01609575793456, 37.529515505686014], [127.01606648434594, 37.52898529698949], [127.01597209751455, 37.52845992643631], [127.01581350776894, 37.52794445348881], [127.01559224364767, 37.52744384219028], [127.01531043713149, 37.526962913367925], [127.01497080306916, 37.52650629821846], [127.01457661299781, 37.526078393722926], [127.0141316636101, 37.525683320319516], [127.01364024017369, 37.525324882241364], [127.01310707525558, 37.525006530900356]]], [[[127.03743227827526, 37.203036099061606], [127.03690127266677, 37.202717852465604], [127.03633383157278, 37.20244276887884], [127.0357354191414, 37.20221349702575], [127.03511179756696, 37.20203224449487], [127.03446897162948, 37.201900756494936], [127.03381313090524, 37.20182029906103], [127.03315059020335, 37.20179164687222], [127.03248772880052, 37.201815075797505], [127.031830929057, 37.2018903602416], [127.03118651500324, 37.202016775316125], [127.03056069148626, 37.202193103815226], [127.02995948446016, 37.20241764792864], [127.02938868299395, 37.202688245579914], [127.02885378355361, 37.20300229123286], [127.02835993709363, 37.20335676096617], [127.02791189946659, 37.203748241576086], [127.02751398562786, 37.20417296342666], [127.02717002807614, 37.20462683673302], [127.02688333993005, 37.20510549092819], [127.0266566829973, 37.205604316735574], [127.02649224114445, 37.20611851054249], [127.02639159922539, 37.206643120648025], [127.0263557277727, 37.20717309494037], [127.0263849736008, 37.207703329544856], [127.02647905641437, 37.2082287179745], [127.02663707145523, 37.20874420030962], [127.02685749816547, 37.20924481193319], [127.02713821478447, 37.209725731351945], [127.02747651874165, 37.210182326642695], [127.02786915264963, 37.210610200075934], [127.02831233564905, 37.21100523048625], [127.02880179980424, 37.21136361298106], [127.02933283119964, 37.21168189560437], [127.02990031534144, 37.21195701260152], [127.03049878642733, 37.21218631396417], [127.03112248000888, 37.21236759096971], [127.03176538853887, 37.212499097468886], [127.03242131926704, 37.21257956671567], [127.03308395392551, 37.212608223577064], [127.03374690962684, 37.212584792004485], [127.03440380038695, 37.212509497694946], [127.03504829867764, 37.21238306591596], [127.03567419641477, 37.21220671451533], [127.036275464792, 37.21198214218341], [127.03684631238256, 37.21171151208105], [127.03738124094802, 37.21139743099157], [127.03787509841459, 37.211042924198004], [127.03832312850669, 37.2106514063284], [127.03872101655853, 37.21022664845051], [127.0390649310624, 37.20977274173375], [127.039351560554, 37.20929405802903], [127.03957814547967, 37.20879520774698], [127.03974250473999, 37.20828099544084], [127.0398430566551, 37.20775637352241], [127.03987883415124, 37.20722639455749], [127.03984949402464, 37.206696162600295], [127.03975532019449, 37.2061707840361], [127.03959722091666, 37.20565531840543], [127.03937671998627, 37.20515472968339], [127.03909594201617, 37.20467383848315], [127.0387575919346, 37.20421727564347], [127.03836492890153, 37.2037894376468], [127.03792173489553, 37.203394444296706], [127.03743227827526, 37.203036099061606]]], [[[127.04517862303295, 37.24826511073032], [127.0446472692869, 37.247946898946374], [127.044079462415, 37.247671852104126], [127.04348067008618, 37.2474426185735], [127.0428566581512, 37.24726140557344], [127.04221343514686, 37.24712995793157], [127.04155719447054, 37.2470495412941], [127.04089425478013, 37.24702092994718], [127.04023099919164, 37.24704439936661], [127.03957381385862, 37.24711972356746], [127.03892902652217, 37.247246177278946], [127.03830284562164, 37.24742254292374], [127.03770130055086, 37.2476471223346], [127.03713018363274, 37.24791775309598], [127.03659499437012, 37.248231829353685], [127.03610088650808, 37.248586326892635], [127.03565261841675, 37.24897783224213], [127.03525450727167, 37.2494025755289], [127.03491038747295, 37.249856466762346], [127.03462357370346, 37.250335135203564], [127.03439682898296, 37.250833971439256], [127.03423233802613, 37.25134817175674], [127.03413168616257, 37.25187278439258], [127.03409584402361, 37.25240275721063], [127.03412515814455, 37.2529329863503], [127.03421934757527, 37.2534583653769], [127.03437750653367, 37.25397383446082], [127.03459811307833, 37.25447442911203], [127.03487904371887, 37.25495532799996], [127.03521759382521, 37.25541189939834], [127.03561050364051, 37.25583974580684], [127.0360539896488, 37.25623474631937], [127.03654378099623, 37.25659309633045], [127.03707516061549, 37.25691134419597], [127.03764301065797, 37.257186424495316], [127.03824186179574, 37.25741568757282], [127.0388659459181, 37.25759692507407], [127.03950925171404, 37.257728391229854], [127.0401655826046, 37.25780881968252], [127.04082861646503, 37.25783743569185], [127.04149196656034, 37.25781396360286], [127.04214924310517, 37.257738629503066], [127.04279411485322, 37.25761215904368], [127.04342037012125, 37.25743577044565], [127.04402197665752, 37.25721116275827], [127.04459313977704, 37.256940499483754], [127.04512835820145, 37.25662638772576], [127.04562247706504, 37.25627185306362], [127.04607073757487, 37.25588031039466], [127.04646882284673, 37.25545553102632], [127.04681289947486, 37.25500160633577], [127.04709965443537, 37.25452290834768], [127.0473263269685, 37.2540240476108], [127.04749073513372, 37.2535098287794], [127.04759129678303, 37.252985204328375], [127.04762704475202, 37.2524552268479], [127.04759763612424, 37.251925000377796], [127.0475033554817, 37.251399631250145], [127.0473451121117, 37.250884178914106], [127.04712443119953, 37.25038360721615], [127.04684343909351, 37.24990273660472], [127.04650484278578, 37.24944619771947], [127.04611190380871, 37.24901838681128], [127.04566840679885, 37.24862342342192], [127.04517862303295, 37.24826511073032]]], [[[127.03505736387051, 37.25778061265826], [127.03452598676958, 37.257462355799596], [127.03395814616077, 37.25718726062663], [127.03335931003807, 37.25695797597438], [127.03273524467403, 37.25677670955382], [127.03209195911987, 37.256645206706644], [127.03143564737505, 37.256564733610375], [127.03077262878142, 37.256536065094515], [127.03010928721437, 37.2565594771851], [127.02945200965475, 37.256634744449016], [127.02880712473105, 37.256761142163576], [127.02818084182167, 37.25693745329049], [127.02757919130195, 37.25716198018747], [127.02700796650952, 37.257432560944615], [127.02647266798532, 37.25774659018933], [127.02597845052598, 37.258101044159346], [127.02553007355648, 37.25849250980374], [127.02513185530046, 37.258917217631804], [127.02478763118918, 37.25937107799473], [127.02450071690993, 37.25984972045118], [127.02427387645041, 37.260348535838496], [127.0241092954474, 37.2608627206451], [127.02400856009808, 37.261387323257324], [127.02397264183817, 37.26191729163592], [127.02400188793662, 37.262447521963374], [127.02409601809919, 37.26297290779384], [127.02425412711523, 37.263488389232464], [127.02447469352516, 37.26398900167042], [127.02475559422594, 37.26446992360599], [127.02509412487667, 37.26492652309096], [127.02548702590865, 37.26535440235455], [127.02593051389125, 37.26574944017416], [127.02642031795219, 37.26610783158484], [127.02695172090222, 37.26642612454364], [127.0275196046684, 37.26670125319532], [127.02811849959822, 37.2669305674183], [127.0287426371592, 37.26711185836525], [127.02938600552562, 37.26724337975188], [127.0300424075156, 37.267323864688244], [127.03070552031926, 37.26735253788985], [127.0313689564407, 37.267329123150546], [127.03202632526546, 37.267253846005254], [127.03267129465775, 37.26712743155642], [127.03329765199307, 37.26695109748538], [127.03389936403599, 37.266726542316206], [127.0344706350845, 37.26645592904523], [127.03500596282016, 37.266141864294575], [127.03550019132368, 37.26578737319094], [127.03594856074571, 37.265395870212316], [127.03634675315259, 37.26497112628411], [127.03669093410652, 37.26451723244248], [127.03697778957867, 37.26403856041529], [127.03720455784125, 37.263539720501605], [127.03736905603198, 37.263025517155526], [127.03746970113613, 37.2625009027032], [127.03750552518606, 37.26197092963888], [127.03747618453316, 37.26144070196013], [127.0373819631055, 37.26091532601104], [127.03722376962088, 37.26039986130669], [127.03700312878497, 37.25989927181285], [127.03672216656102, 37.2594183781495], [127.03638358965416, 37.25896181117834], [127.03599065941074, 37.25853396742073], [127.03554716038396, 37.258138966734705], [127.03505736387051, 37.25778061265826]]], [[[127.04868140774865, 37.29789790846683], [127.04814969232262, 37.297579712661125], [127.04758150153387, 37.297304682363766], [127.04698230674686, 37.29707546578446], [127.046357877686, 37.29689426997825], [127.04571422690263, 37.296762839606636], [127.0450575519108, 37.29668244014912], [127.04439417554782, 37.296653845726226], [127.04373048513182, 37.29667733165074], [127.04307287100065, 37.296752671779025], [127.0424276650217, 37.29687914068726], [127.04180107966333, 37.2970555206523], [127.04119914821193, 37.2972801133697], [127.04062766670947, 37.297550756296594], [127.04009213816845, 37.29786484346252], [127.03959771960062, 37.29821935054829], [127.03914917236813, 37.298610863992266], [127.03875081633532, 37.29903561384416], [127.03840648826176, 37.29948951005109], [127.03811950483782, 37.299968181827005], [127.03789263071944, 37.300467019727236], [127.03772805187002, 37.30098122002357], [127.03762735446877, 37.301505830953175], [127.03759150958875, 37.302035800396524], [127.037620863795, 37.302566024525504], [127.03771513575471, 37.30309139695347], [127.03787341889416, 37.303606857914026], [127.03809419007887, 37.30410744299479], [127.03837532423536, 37.30458833095669], [127.03871411477564, 37.30504489017785], [127.03910729962878, 37.3054727232743], [127.03955109263094, 37.305867709467215], [127.04004121997191, 37.306226044288], [127.0405729613481, 37.30654427623794], [127.0411411954259, 37.30681934004873], [127.04174044917717, 37.30704858622274], [127.04236495061159, 37.307229806567605], [127.04300868439654, 37.307361255478845], [127.04366544982827, 37.30744166676449], [127.04432892059393, 37.307470265849446], [127.0449927057475, 37.30744677724177], [127.04565041131046, 37.30737142718824], [127.0462957019017, 37.30724494149405], [127.04692236180131, 37.307068538527474], [127.04752435485833, 37.30684391747684], [127.04809588266328, 37.3065732419739], [127.04863144042424, 37.30625911924097], [127.04912587000668, 37.30590457496404], [127.04957440962504, 37.305513024133994], [127.04997273970768, 37.30508823813786], [127.05031702449224, 37.30463430841751], [127.05060394895187, 37.304155607046894], [127.05083075069672, 37.303656744608], [127.05099524654452, 37.303142525772046], [127.05109585350588, 37.302617903014315], [127.05113160398326, 37.30208792890891], [127.05110215503943, 37.30155770746309], [127.05100779164792, 37.30103234496037], [127.05084942389617, 37.30051690078576], [127.05062857817023, 37.300016338706534], [127.05034738240812, 37.29953547907785], [127.05000854556538, 37.29907895243275], [127.04961533149223, 37.298651154903325], [127.0491715274755, 37.298256205901566], [127.04868140774865, 37.29789790846683]]], [[[127.04227336635137, 37.46564882498333], [127.04170393422011, 37.46537376596881], [127.04110342421437, 37.46514451732871], [127.04047761871794, 37.46496328642412], [127.0398325435295, 37.46483181825229], [127.03917440987108, 37.46475137865506], [127.03850955461695, 37.46472274213828], [127.03784437931647, 37.46474618441966], [127.03718528859638, 37.464821479775935], [127.03653862853336, 37.46494790321522], [127.03591062558912, 37.46512423745365], [127.03530732669302, 37.46534878462905], [127.03473454104872, 37.46561938263956], [127.03419778422251, 37.465933425950084], [127.03370222505141, 37.46628789066692], [127.03325263588061, 37.466679363639706], [127.03285334660949, 37.4671040753112], [127.0325082029881, 37.467557935999444], [127.03222052956598, 37.4680365752635], [127.03199309765087, 37.46853538397443], [127.03182809858664, 37.46904955868744], [127.03172712260924, 37.469574147887805], [127.03169114348526, 37.47010409966645], [127.03172050908398, 37.47063431036589], [127.03181493797423, 37.47115967372872], [127.03197352208197, 37.471675130075106], [127.03219473538458, 37.47217571503574], [127.03247644855989, 37.472656607370766], [127.03281594945116, 37.47311317541378], [127.0332099691523, 37.47354102169305], [127.03365471346311, 37.47393602529973], [127.03414589941337, 37.47429438159421], [127.0346787965039, 37.47461263886769], [127.0352482722681, 37.47488773160477], [127.03584884171474, 37.475117010026196], [127.03647472017573, 37.47529826562641], [127.03711987904849, 37.47542975245909], [127.03777810389498, 37.47551020396536], [127.03844305433665, 37.47553884518159], [127.03910832516614, 37.47551540020955], [127.03976750808557, 37.47544009487589], [127.04041425347506, 37.47531365455591], [127.04104233159393, 37.47513729718221], [127.04164569262382, 37.474912721506016], [127.04221852497338, 37.47464209072448], [127.04275531128138, 37.474328011632046], [127.04325088157792, 37.473973509497526], [127.0437004630902, 37.4735819989092], [127.04409972621313, 37.47315725086986], [127.04444482620163, 37.47270335645906], [127.04473244018286, 37.47222468741369], [127.04495979913337, 37.47172585400711], [127.04512471451325, 37.47121166063322], [127.04522559930261, 37.47068705952386], [127.04526148323905, 37.470157103045764], [127.04523202211134, 37.46962689503698], [127.04513750102176, 37.469101541651526], [127.04497883158753, 37.46858610218583], [127.0447575431103, 37.46808554036048], [127.04447576780119, 37.46760467652624], [127.04413622020466, 37.46714814125425], [127.04374217102173, 37.46672033075687], [127.04329741558551, 37.46632536456791], [127.04280623729376, 37.465967045888966], [127.04227336635137, 37.46564882498333]]], [[[127.02952246310093, 37.63361734920248], [127.0289518057478, 37.63334222820839], [127.02834999186122, 37.6331129123898], [127.02772281637544, 37.63293160975192], [127.0270763182746, 37.63280006598043], [127.02641672247434, 37.632719547643255], [127.02575037991947, 37.63269083000322], [127.02508370647153, 37.6327141895585], [127.02442312117365, 37.63278940138246], [127.023774984485, 37.63291574128819], [127.02314553707733, 37.633091992797475], [127.02254083978163, 37.63331645884665], [127.02196671526092, 37.633586978117414], [127.02142869196942, 37.6339009458357], [127.02093195093674, 37.63425533883882], [127.02048127588809, 37.63464674467031], [127.02008100718068, 37.635071394422894], [127.0197349999996, 37.63552519901421], [127.01944658721554, 37.63600378854665], [127.01921854726339, 37.63650255437313], [127.01905307735105, 37.63701669346422], [127.01895177225869, 37.63754125465021], [127.01891560893327, 37.6380711862932], [127.0189449370293, 37.6386013849304], [127.01903947548837, 37.63912674442068], [127.01919831519245, 37.639642205120936], [127.01941992766797, 37.64014280261875], [127.01970217975786, 37.640623715551776], [127.02004235412336, 37.64108031205297], [127.02043717537862, 37.641508194373785], [127.02088284160821, 37.64190324125528], [127.02137506096535, 37.64226164763778], [127.02190909299827, 37.642579961326824], [127.02247979430773, 37.64285511626037], [127.02308166809522, 37.643084462057075], [127.02370891712451, 37.64326578955968], [127.0243554995853, 37.643397352126975], [127.02501518731997, 37.64347788246872], [127.02568162585075, 37.64350660486077], [127.02634839562779, 37.64348324262231], [127.02700907390611, 37.643408020783134], [127.02765729665335, 37.643281663914976], [127.02828681989054, 37.64310538914795], [127.02889157987265, 37.64288089443947], [127.02946575152765, 37.64261034220922], [127.03000380458992, 37.64229633849787], [127.03050055688584, 37.64194190785132], [127.03095122425735, 37.64155046417262], [127.03135146664223, 37.641125777823525], [127.03169742986701, 37.640671939292766], [127.03198578275016, 37.640193319782206], [127.03221374915877, 37.639694529091], [127.03237913471118, 37.63918037120411], [127.03248034786913, 37.63865579801354], [127.03251641521862, 37.63812586161855], [127.03248699079349, 37.63759566566451], [127.03239235935398, 37.63707031618946], [127.03223343359132, 37.636554872451626], [127.0320117452863, 37.63605429821156], [127.03172943050998, 37.635573413937834], [127.03138920901021, 37.63511685039612], [127.03099435798416, 37.634689004068356], [127.03054868049132, 37.63429399483032], [127.03005646881135, 37.633935626295], [127.02952246310093, 37.63361734920248]]], [[[127.03843415258872, 37.643899508002455], [127.03786338366666, 37.643624429852814], [127.03726145929812, 37.64339515915858], [127.03663417548054, 37.643213903490405], [127.0359875722404, 37.643082408081696], [127.03532787550516, 37.643001939034775], [127.03466143719078, 37.642973271138], [127.0339946740803, 37.64299668041073], [127.03333400607968, 37.64307194144781], [127.03268579444398, 37.64319832958873], [127.03205628056637, 37.64337462789108], [127.03145152591772, 37.64359913884089], [127.0308773537133, 37.643869700687794], [127.03033929286664, 37.644183708248], [127.02984252476928, 37.64453813797541], [127.02939183340746, 37.644929577060104], [127.02899155929607, 37.645354256274736], [127.02864555767289, 37.64580808625333], [127.02835716135586, 37.646286696853856], [127.02812914862204, 37.64678547922628], [127.02796371641818, 37.647299630181756], [127.02786245916202, 37.647824198436204], [127.02782635334074, 37.64835413228338], [127.02785574805577, 37.64888432823904], [127.02795036160782, 37.64940968018759], [127.02810928415622, 37.649925128558195], [127.02833098642988, 37.65042570905687], [127.02861333440728, 37.65090660048462], [127.02895360982629, 37.65136317118116], [127.0293485363277, 37.65179102364619], [127.02979431098234, 37.65218603690792], [127.03028664089877, 37.652544406230334], [127.03082078455994, 37.652862679775616], [127.03139159749092, 37.65313779186824], [127.03199358181747, 37.6533670925394], [127.03262093923796, 37.65354837306644], [127.03326762689741, 37.65367988726062], [127.03392741562419, 37.65376036829773], [127.03459394996712, 37.653789040928636], [127.03526080945284, 37.65376562895202], [127.03592157047176, 37.65369035787699], [127.03656986819416, 37.65356395274977], [127.03719945791866, 37.65338763116555], [127.03780427525956, 37.65316309153303], [127.03837849459242, 37.652892496704816], [127.03891658519254, 37.65257845313216], [127.03941336452503, 37.652223985745096], [127.03986404817185, 37.6518325088008], [127.0402642959146, 37.65140779298151], [127.04061025352887, 37.65095392905993], [127.04089858988789, 37.65047528848248], [127.04112652901877, 37.649976481251194], [127.04129187680333, 37.64946231151023], [127.04139304206797, 37.6489377312656], [127.04142905186072, 37.648407792684296], [127.04139956077042, 37.647877599432505], [127.04130485420008, 37.647352257521945], [127.04114584556497, 37.64683682613762], [127.04092406744445, 37.64633626892081], [127.04064165677477, 37.64585540617578], [127.04030133422732, 37.64539886846053], [127.03990637797243, 37.644971052007975], [127.03946059208269, 37.644576076405876], [127.03896826988127, 37.644217744943084], [127.03843415258872, 37.643899508002455]]], [[[127.04823479722812, 37.674424412201375], [127.04760722577429, 37.67424321397145], [127.04696033394964, 37.674111777527706], [127.04630035045874, 37.674031368404584], [127.04563362997692, 37.674002760813494], [127.04496659200245, 37.674026230193306], [127.0443056590863, 37.674101550560394], [127.04365719503295, 37.67422799668339], [127.04302744366483, 37.67440435106207], [127.04242246873872, 37.67462891564305], [127.04184809559031, 37.67489952816017], [127.04130985506788, 37.67521358294239], [127.04081293029323, 37.67556805598949], [127.04036210676185, 37.675959534075034], [127.03996172626229, 37.676384247596644], [127.03961564505803, 37.676838106858455], [127.03932719673496, 37.67731674143679], [127.03909916007282, 37.677815542250976], [127.03893373225077, 37.67832970593469], [127.03883250764655, 37.678854281081236], [127.03879646243507, 37.679384215917906], [127.0388259451363, 37.679914406950594], [127.03892067320558, 37.680439748110715], [127.03907973570134, 37.68095517993089], [127.03930160200635, 37.68145573827587], [127.03958413652065, 37.68193660215939], [127.03992461918656, 37.68239314018573], [127.04031977164954, 37.68282095516848], [127.04076578880428, 37.683215926496196], [127.04125837542361, 37.68357424983601], [127.04179278751758, 37.68389247379238], [127.04236387802486, 37.68416753316688], [127.0429661463965, 37.68439677849799], [127.04348891863962, 37.68454772140319], [127.04347445453135, 37.684551771345895], [127.04286939820214, 37.684776337304875], [127.04229494803047, 37.68504695103281], [127.04175663560608, 37.685361006847145], [127.04125964474301, 37.685715480737976], [127.04080876157323, 37.686106959470905], [127.04040832845965, 37.68653167343754], [127.04006220217269, 37.68698553293788], [127.03977371673281, 37.687464167546175], [127.03954565127759, 37.68796296818157], [127.03938020326403, 37.68847713147962], [127.039278967265, 37.68900170603741], [127.03924291956581, 37.68953164008789], [127.03927240871106, 37.69006183014464], [127.03936715209474, 37.69058717014839], [127.03952623862847, 37.691102600642814], [127.03974813746409, 37.691603157505334], [127.04003071268895, 37.69208401976384], [127.04037124385368, 37.69254055603807], [127.040766452137, 37.692968369158336], [127.04121253189626, 37.69336333853092], [127.0417051873014, 37.693721659841586], [127.04223967369988, 37.694039881714126], [127.04281084331461, 37.69431493896999], [127.04341319483447, 37.6945441821679], [127.04404092641927, 37.694725403138285], [127.04468799160807, 37.69485685626576], [127.04534815759064, 37.6949372753141], [127.04536124352349, 37.694937836736635], [127.0456911341719, 37.69497802134391], [127.04635804237745, 37.69500662972434], [127.04702526797824, 37.69498315377054], [127.047686383836, 37.69490781960822], [127.04833502170119, 37.69478135289173], [127.04896493359443, 37.69460497181013], [127.04957005202554, 37.694380375345894], [127.05014454846906, 37.69410972689983], [127.05068288953078, 37.69379563344042], [127.05117989026346, 37.6934411203791], [127.05163076411719, 37.69304960241367], [127.05203116904262, 37.69262485062229], [127.05237724930302, 37.69217095612471], [127.05266567259237, 37.69169229066241], [127.05289366210283, 37.691193464477465], [127.05305902323364, 37.69067928189679], [127.05316016468547, 37.690154695050154], [127.05319611373855, 37.68962475616799], [127.05316652556962, 37.68909456891913], [127.05307168651936, 37.68856923925698], [127.05291251128143, 37.688053826248066], [127.05269053404191, 37.68755329335596], [127.0524078936565, 37.68707246064987], [127.05206731301021, 37.68661595839766], [127.05167207275977, 37.68618818248976], [127.05122597971312, 37.68579325212266], [127.05073333015117, 37.68543497014865], [127.05019886844623, 37.685116786473245], [127.04962774137545, 37.6848417648516], [127.0490254485691, 37.68461255340317], [127.04839778957061, 37.68443135912766], [127.04822801447068, 37.684396870187356], [127.04877923608646, 37.68419225351345], [127.0493536563986, 37.68392160796598], [127.04989192667989, 37.683607517123335], [127.05038886266485, 37.68325300637153], [127.05083967842722, 37.68286149038594], [127.0511782411144, 37.682502297336995], [127.05153987960658, 37.682717596730775], [127.0521109976237, 37.68299260913205], [127.05271328703628, 37.68322180486184], [127.05334094660245, 37.6834029762081], [127.05398793055507, 37.68353437803368], [127.05464800686663, 37.68361474459684], [127.05531481731414, 37.68364330175132], [127.055981938763, 37.6836197744085], [127.0566429450788, 37.68354438918921], [127.05729146906783, 37.68341787223977], [127.05792126384831, 37.68324144223314], [127.05852626305891, 37.683016798623036], [127.05910063932313, 37.682746105264314], [127.059638860405, 37.682431969557975], [127.06013574251342, 37.682077417322105], [127.06058650024151, 37.68168586363167], [127.06098679265872, 37.68126107990857], [127.06133276511203, 37.6808071575798], [127.06162108633374, 37.68032846865456], [127.06184898049894, 37.67982962360049], [127.06201425392476, 37.679315426925925], [127.06211531615604, 37.67879083089595], [127.06215119523544, 37.67826088782915], [127.06212154701277, 37.6777307014343], [127.06202665840627, 37.67720537765637], [127.06186744458601, 37.676689975505], [127.06164544010865, 37.67618945833902], [127.0613627840913, 37.67570864607612], [127.0610221995687, 37.67525216878729], [127.06062696723403, 37.67482442212261], [127.06018089381828, 37.67442952499705], [127.0596882754128, 37.67407127994301], [127.0591538560894, 37.67375313651061], [127.05858278221676, 37.673478158067795], [127.05798055291281, 37.67324899231852], [127.05735296710951, 37.67306784582271], [127.05670606773931, 37.67293646276251], [127.05604608357922, 37.67285610815854], [127.055379369311, 37.672827555697445], [127.05471234437307, 37.67285108028749], [127.054051431191, 37.67292645541363], [127.05340299337941, 37.67305295531744], [127.05277327450834, 37.67322936198101], [127.05216833802199, 37.67345397684767], [127.0515940088863, 37.673724637167155], [127.05105581752622, 37.67403873680816], [127.05055894659063, 37.67439325133856], [127.05010818105703, 37.67478476713239], [127.04976964869083, 37.67514395777136], [127.04940805190974, 37.67492865294212], [127.04883700551657, 37.67465362753735], [127.04823479722812, 37.674424412201375]]], [[[127.05170354540427, 37.70611106378334], [127.05116893196178, 37.70579288464368], [127.05059764341095, 37.705517867644545], [127.04999518093645, 37.70528866086052], [127.04936734571484, 37.70510747124609], [127.0487201830792, 37.70497604339805], [127.04805992434015, 37.70489564276782], [127.04739292682189, 37.70486704348489], [127.04672561268845, 37.70489052090813], [127.04606440714836, 37.7049658489765], [127.04541567662952, 37.70509230238474], [127.04478566751877, 37.705268663562784], [127.04418044605343, 37.70549323439219], [127.04360583994227, 37.705763852547136], [127.04306738227613, 37.706077912302845], [127.04257025826747, 37.7064323896118], [127.04211925533039, 37.706823871207135], [127.0417187169815, 37.70724858745327], [127.04137250100511, 37.707702448628666], [127.04108394228614, 37.708181084291766], [127.04085582066884, 37.70867988535184], [127.04069033415227, 37.7091940484406], [127.04058907768133, 37.7097186221573], [127.04055302773986, 37.71024855474309], [127.04058253289557, 37.710778742725644], [127.04067731038961, 37.71130408006558], [127.04083644880644, 37.71181950733209], [127.04105841679954, 37.712320060433456], [127.04134107779127, 37.71280091843348], [127.04168171050715, 37.7132574499926], [127.04207703514852, 37.713685257986135], [127.04252324495252, 37.714080221869345], [127.04301604283675, 37.71443853738044], [127.0435506827764, 37.71475675319866], [127.04412201551517, 37.715031804203385], [127.04472453817024, 37.71526104101319], [127.0453524472524, 37.71544225551975], [127.04599969459014, 37.71557370216966], [127.04666004561771, 37.71565411478893], [127.04732713946443, 37.71568271878739], [127.04799455026429, 37.715659238624944], [127.04865584909405, 37.71558390046785], [127.04930466594065, 37.7154574300091], [127.04993475109977, 37.715281045474036], [127.05054003541159, 37.71505644587865], [127.05111468875218, 37.71478579465424], [127.0516531762157, 37.71447169879644], [127.05215031144456, 37.71411718374013], [127.0526013065935, 37.7137256642028], [127.05300181844524, 37.7133009112781], [127.0533479902337, 37.71284701609711], [127.05363648877209, 37.712368350408234], [127.05386453652883, 37.71186952445603], [127.05402993834336, 37.71135534256541], [127.05413110252574, 37.71083075685966], [127.05416705613878, 37.71030081955833], [127.05413745431665, 37.709770634315014], [127.05404258353295, 37.709245307063775], [127.05388335878831, 37.708729896847764], [127.05366131474686, 37.70822936710343], [127.05337859090868, 37.70774853786938], [127.05303791096337, 37.70729203937972], [127.0526425565246, 37.70686426748828], [127.0521963355004, 37.70646934135243], [127.05170354540427, 37.70611106378334]]], [[[127.05161273116761, 37.71962725341218], [127.05107802158165, 37.71930907397136], [127.0505066300949, 37.71903405649969], [127.0499040588831, 37.718804849076065], [127.0492761101693, 37.7186236586609], [127.04862883037892, 37.71849222985856], [127.04796845195004, 37.7184118281295], [127.04730133335862, 37.718383227613714], [127.0466338979338, 37.71840670368189], [127.04597257205124, 37.71848203028612], [127.04532372329693, 37.71860848213526], [127.04469359919553, 37.71878484167439], [127.04408826709107, 37.71900941080106], [127.04351355575723, 37.719280027206004], [127.04297499929775, 37.71959408518153], [127.04247778387621, 37.71994856069755], [127.042026697787, 37.72034004050471], [127.04162608534754, 37.720764754984934], [127.04127980505598, 37.72121861443393], [127.04099119241701, 37.72169724842701], [127.04076302779481, 37.72219604788977], [127.04059750960323, 37.722710209469426], [127.04049623309307, 37.72323478177991], [127.04046662762391, 37.72366988135904], [127.04038214568624, 37.72393230597503], [127.04035367663803, 37.724079760328934], [127.0399203228947, 37.7242837827238], [127.03938171498491, 37.72459782368152], [127.0388844488996, 37.724952283410296], [127.03843331342081, 37.725343748812925], [127.03803265334149, 37.725768450410136], [127.03768632761845, 37.72622229862186], [127.03739767219392, 37.72670092313175], [127.03716946784417, 37.72719971495689], [127.03700391336575, 37.72771387081819], [127.03690260435923, 37.72823843938484], [127.03686651781548, 37.72876836894779], [127.03689600265592, 37.72929855606396], [127.03699077631873, 37.729823894702434], [127.03714992742653, 37.73033932541988], [127.03737192451175, 37.730839884091274], [127.03765463071773, 37.73132074972668], [127.03799532433555, 37.73177729091273], [127.03839072498086, 37.73220511043183], [127.03883702515932, 37.73260008762788], [127.03932992691865, 37.73295841811054], [127.03986468323363, 37.7332766504145], [127.04043614372716, 37.733551719259985], [127.04103880428558, 37.73378097509339], [127.041666860091, 37.73396220962278], [127.04197493390524, 37.73402477051263], [127.04167180324201, 37.734201498928606], [127.04117448327383, 37.734555967392396], [127.04072330096805, 37.73494744061948], [127.04032260156875, 37.735372149055486], [127.03997624441175, 37.7358260030546], [127.03968756574238, 37.73630463224487], [127.03945934656132, 37.736803427598424], [127.03929378580857, 37.73731758580228], [127.03919247914565, 37.73784215550304], [127.03915640354165, 37.73837208498078], [127.03918590781328, 37.738902270793176], [127.03928070921218, 37.73942760692174], [127.03943989609452, 37.73994303394723], [127.03966193664871, 37.74044358777999], [127.03994469359994, 37.74092444747654], [127.04028544475088, 37.74138098168051], [127.04068090916326, 37.74180879324132], [127.04112727872887, 37.742203761579326], [127.04162025482697, 37.7425620823893], [127.04215508971636, 37.74288030429892], [127.04259431490202, 37.743091684135905], [127.04237087932965, 37.743135207274044], [127.04174053991042, 37.743311548896735], [127.04113499857912, 37.743536100565386], [127.0405600861232, 37.74380670013915], [127.04002133858235, 37.74412074207282], [127.03952394395974, 37.74447520249125], [127.03907269227514, 37.74486666829094], [127.03867192944077, 37.745291369989204], [127.03832551540347, 37.74574521800536], [127.03803678695661, 37.746223842025266], [127.03780852558057, 37.74672263307101], [127.03764293062224, 37.74723678787127], [127.03754159807306, 37.747761355105595], [127.03750550515207, 37.7482912830779], [127.03753500084342, 37.7488214683604], [127.03762980248206, 37.74934680493981], [127.03778899842254, 37.749862233392484], [127.03801105676672, 37.750362789615046], [127.038293840069, 37.750843652640825], [127.03863462587884, 37.75130019108134], [127.03903013292458, 37.75172800774503], [127.03947655268769, 37.752122982002966], [127.03996958606422, 37.7524813094927], [127.04050448476131, 37.75279953877737], [127.04107609703021, 37.75307460460589], [127.041678917295, 37.75330385745338], [127.04230713919875, 37.75348508905639], [127.04295471155547, 37.753616553696325], [127.04361539666708, 37.75369698502553], [127.044282830443, 37.753725608273264], [127.04495058374096, 37.7537021477139], [127.04561222433657, 37.753626829324915], [127.04626137892289, 37.753500378609], [127.04689179454053, 37.75332401360163], [127.04749739884495, 37.75309943313114], [127.0480723586288, 37.75282880044518], [127.04861113603356, 37.75251472236143], [127.04910854190837, 37.75216022414431], [127.0495597858011, 37.75176872034988], [127.0499605220989, 37.751343981920925], [127.05030689187478, 37.75089009984969], [127.05059556003626, 37.75041144575902], [127.05082374741974, 37.74991262978243], [127.05098925752183, 37.74939845614932], [127.05109049761197, 37.748873876903886], [127.0511264940244, 37.748343944203796], [127.05109690148366, 37.74781376165851], [127.05100200637666, 37.747288435176124], [127.05084272394085, 37.74677302379227], [127.05062058939828, 37.746272490954375], [127.05033774312282, 37.745791656730454], [127.04999690998508, 37.74533515140213], [127.04960137307543, 37.74490737088849], [127.04915494206014, 37.744512434429254], [127.04866191647551, 37.74415414493427], [127.04812704431495, 37.74383595238029], [127.04794878302029, 37.74375017566627], [127.04824872271047, 37.74371601958833], [127.04889778621511, 37.74358955355408], [127.04952811140784, 37.743413173569635], [127.05013362681562, 37.74318857860755], [127.05070850008777, 37.74291793205491], [127.0512471941993, 37.742603840862856], [127.051744520802, 37.74224933042183], [127.05219569020727, 37.74185781540545], [127.05259635751979, 37.741433066864396], [127.05294266447684, 37.74097917588804], [127.05323127659074, 37.74050051418482], [127.05345941523731, 37.740001691961325], [127.05362488438215, 37.73948751350696], [127.05372609168863, 37.73896293091215], [127.053762063806, 37.73843299636672], [127.05373245569223, 37.73790281349775], [127.0536375538834, 37.737377488216424], [127.05347827368088, 37.73686207954675], [127.05325615028453, 37.73636155091009], [127.05297332396022, 37.735880722333995], [127.05263251938588, 37.73542422404582], [127.05223701937635, 37.73499645189699], [127.05179063324216, 37.734601525046834], [127.05129766008717, 37.73424324631282], [127.05076284739981, 37.73392506556829], [127.05019134533636, 37.73365004653926], [127.04958865713691, 37.73342083731937], [127.04896058615063, 37.733239644886105], [127.04831317997969, 37.73310821386307], [127.04786353751192, 37.73305347894625], [127.04796920669448, 37.73299186334743], [127.04846648402389, 37.732637365846834], [127.04891761172107, 37.732245862476134], [127.04931824529214, 37.731821124173635], [127.04966452679896, 37.73136724193001], [127.0499531219985, 37.73088858736942], [127.05018125242891, 37.730389770629614], [127.05034672213426, 37.72987559594714], [127.05037517372945, 37.729728139211716], [127.05080853106053, 37.72952407859177], [127.05134712713992, 37.72920998560713], [127.05184436303637, 37.7288554733651], [127.0522954499349, 37.72846395655638], [127.05269604373473, 37.72803920624867], [127.05304228688084, 37.727585313548076], [127.0533308454997, 37.727106650179394], [127.05355894148173, 37.726607826365075], [127.05372437920268, 37.72609364640965], [127.05382556662772, 37.725569062417904], [127.05385509484992, 37.72513395912952], [127.05393953075613, 37.72487152461683], [127.05404071491606, 37.72434694031152], [127.05407667667426, 37.72381700429766], [127.05404707108737, 37.7232868202165], [127.05395218466624, 37.72276149399086], [127.05379293256296, 37.72224608465395], [127.05357084970592, 37.721745555633646], [127.05328807596982, 37.7212647269614], [127.05294733552537, 37.72080822886572], [127.05255191056939, 37.72038045719639], [127.05210560968924, 37.71998553110839], [127.05161273116761, 37.71962725341218]]], [[[127.04658759810903, 37.755085538486576], [127.04605265671586, 37.754767336659], [127.04548101281581, 37.75449229484268], [127.04487817101449, 37.75426306135022], [127.0442499361397, 37.754081843392484], [127.04360235737094, 37.75395038583848], [127.04294167002365, 37.753869954425106], [127.04227423554659, 37.75384132357785], [127.04160648030864, 37.75386476895932], [127.04094483376298, 37.75394006481698], [127.04029566658132, 37.754066486155885], [127.03966522935264, 37.754242815715116], [127.0390595924345, 37.754467355681236], [127.03848458753424, 37.75473794402629], [127.03794575158146, 37.75505197531333], [127.03744827343034, 37.75540642576991], [127.03699694390498, 37.75579788238872], [127.03659610966717, 37.75622257577571], [127.03624963135147, 37.756676416430444], [127.03596084637056, 37.7571550341099], [127.03573253674965, 37.757653819897456], [127.03556690230073, 37.75816797057259], [127.03546553939624, 37.75869253485477], [127.03542942554817, 37.75922246107645], [127.03545890994295, 37.759752645826794], [127.03555371002513, 37.76027798309769], [127.03571291416498, 37.76079341345885], [127.03593499038614, 37.761293972788444], [127.03621780107146, 37.76177484008983], [127.03655862350733, 37.7622313839332], [127.03695417606978, 37.76265920707483], [127.03740064980227, 37.763054188823176], [127.03789374508129, 37.76341252474347], [127.03842871301795, 37.76373076331745], [127.03900040119649, 37.76400583920432], [127.03960330330972, 37.764235102782116], [127.04023161221212, 37.76441634568384], [127.0408792758793, 37.7645478220819], [127.04154005573324, 37.764628265515235], [127.04220758677022, 37.764656901096416], [127.04287543891054, 37.764633452980945], [127.04353717897725, 37.764558147026385], [127.04418643270456, 37.764431708615746], [127.04481694617763, 37.764255355665966], [127.04542264610889, 37.76403078688938], [127.04599769836942, 37.76376016542111], [127.04653656420962, 37.76344609797102], [127.04703405362669, 37.76309160970126], [127.04748537536364, 37.76270011507231], [127.04788618305797, 37.76227538493892], [127.04823261709518, 37.761821510213665], [127.04852134176416, 37.76134286244886], [127.0487495773575, 37.760844051717314], [127.048915126908, 37.7603298821981], [127.04901639730585, 37.75980530589597], [127.049052414594, 37.75927537494037], [127.04902283329682, 37.758745192924025], [127.0489279396936, 37.758219865750014], [127.04876864900808, 37.757704452460615], [127.04854649654253, 37.75720391652156], [127.04826362284409, 37.756723078030646], [127.04792275304796, 37.75626656731049], [127.04752717059812, 37.75583878033191], [127.04708068559965, 37.75544383639672], [127.04658759810903, 37.755085538486576]]], [[[127.04850824688177, 37.76971914029213], [127.04793647924598, 37.76944411028671], [127.04733350884376, 37.769214889106706], [127.04670514174065, 37.76903368384419], [127.04605742838872, 37.768902239245776], [127.04539660539854, 37.76882182092355], [127.04472903552411, 37.768793203176884], [127.0440611464373, 37.76881666154225], [127.04339936887928, 37.76889197014222], [127.04275007478248, 37.769018403859256], [127.04211951595734, 37.76919474531344], [127.04151376393169, 37.76941929657704], [127.0409386515209, 37.76968989551357], [127.0403997166895, 37.77000393658438], [127.03990214924384, 37.77035839592312], [127.03945074086789, 37.770749860437206], [127.03904983898309, 37.77117456065687], [127.03870330487591, 37.77162840701613], [127.03841447649688, 37.77210702921727], [127.03818613628997, 37.772605818300285], [127.03802048436255, 37.77311997101306], [127.03791911725637, 37.773644536055485], [127.03788301252492, 37.774174461752736], [127.03791251926786, 37.77470464469899], [127.0380073547156, 37.77522997890338], [127.0381666068987, 37.77574540496501], [127.038388743379, 37.77624595880322], [127.0386716259598, 37.77672681947405], [127.03901253123556, 37.777183355611236], [127.03940817678499, 37.777611170045], [127.03985475275614, 37.77800614216734], [127.04034795854098, 37.77836446763589], [127.04088304418606, 37.77868269503273], [127.04145485614167, 37.77895775912447], [127.04205788690795, 37.77918701040252], [127.04268632809965, 37.779368240618126], [127.04333412641746, 37.77949970406574], [127.04399504198567, 37.77958013440898], [127.0446627084925, 37.77960875688643], [127.04533069455258, 37.77958529577985], [127.04599256569816, 37.779509977072024], [127.04664194640019, 37.779383526268916], [127.04727258152013, 37.77920716140705], [127.04787839659814, 37.77898258131372], [127.04845355639578, 37.77871194923328], [127.04899252112749, 37.77839787197813], [127.04949009983787, 37.77804337480514], [127.04994150041003, 37.77765187226084], [127.05034237572245, 37.77722713527649], [127.0506888655098, 37.77677325483091], [127.05097763352474, 37.776294602531735], [127.0512058996431, 37.77579578849563], [127.05137146660464, 37.775281616933626], [127.0514727411328, 37.7747570398702], [127.05150874923186, 37.774227109442165], [127.0514791455156, 37.77369692923712], [127.05138421648034, 37.77317160514059], [127.051224877692, 37.772656196165045], [127.0510026649169, 37.772155665734495], [127.05071971928376, 37.771674833893414], [127.05037876662114, 37.771218330900105], [127.04998309117141, 37.77079055265071], [127.04953650393551, 37.77039561836262], [127.04904330595447, 37.77003733092428], [127.04850824688177, 37.76971914029213]]], [[[127.0611485281814, 37.24133198750218], [127.06058070991779, 37.24105701941208], [127.05998191888908, 37.24082786908495], [127.05935792093308, 37.24064674293887], [127.05871472445182, 37.240515384965505], [127.0580585225871, 37.24043505994802], [127.05739563362324, 37.240406541290724], [127.0567324401881, 37.240430103577324], [127.05607532783714, 37.24050551992904], [127.05543062360925, 37.24063206418806], [127.05480453514426, 37.24080851790545], [127.05420309094666, 37.241033182066076], [127.05363208236888, 37.24130389343848], [127.05309700787136, 37.241618045392244], [127.05260302009492, 37.24197261298335], [127.05215487625416, 37.24236418206636], [127.05175689232884, 37.24278898215406], [127.05141290149461, 37.24324292270858], [127.05112621719294, 37.243721632515616], [127.05089960119714, 37.24422050176313], [127.05073523698243, 37.24473472642], [127.05063470865788, 37.245259354487885], [127.05059898566492, 37.24578933368149], [127.05062841339102, 37.246319560078305], [127.0507227097915, 37.24684492726952], [127.05088096805339, 37.24736037553908], [127.05110166527817, 37.24786094059698], [127.05138267710116, 37.24834180139735], [127.05172129810957, 37.24879832658046], [127.0521142678627, 37.24922611909094], [127.05255780226636, 37.24962105854176], [127.05304762999974, 37.24997934091551], [127.0535790336442, 37.2502975152197], [127.05414689511908, 37.25057251674237], [127.05474574498572, 37.250801696586905], [127.05536981514521, 37.25098284720087], [127.05601309442089, 37.25111422365234], [127.05666938648906, 37.25119456044801], [127.05733236959908, 37.25122308373098], [127.057995657505, 37.25119951873975], [127.05865286102093, 37.25112409245708], [127.05929764960459, 37.25099753142238], [127.05992381237434, 37.250821054729286], [127.06052531797027, 37.25059636227587], [127.06109637268042, 37.25032561838086], [127.0616314762715, 37.250011430924495], [127.06212547498464, 37.24965682621518], [127.06257361118496, 37.24926521982473], [127.06297156918632, 37.24884038367411], [127.06331551680931, 37.24838640968702], [127.06360214227303, 37.247907670362586], [127.06382868606529, 37.24740877664718], [127.06399296748565, 37.24689453351223], [127.06409340560668, 37.24636989366614], [127.06412903445354, 37.24583990984686], [127.06409951225666, 37.24530968615467], [127.06400512469119, 37.24478432889441], [127.06384678207354, 37.24426889740053], [127.06362601054401, 37.243768355318345], [127.06334493732267, 37.24328752281077], [127.0630062701819, 37.24283103015025], [127.06261327133522, 37.242403273142344], [127.06216972599482, 37.24200837080975], [127.0616799059019, 37.24165012574344], [127.0611485281814, 37.24133198750218]]], [[[127.07558710040892, 37.24728306915276], [127.07505562429668, 37.24696499300733], [127.07448771278848, 37.24669009128317], [127.07388883455953, 37.24646101095307], [127.0732647562866, 37.24627995776115], [127.0726214871444, 37.24614867499681], [127.0719652209739, 37.246068426719184], [127.071302276678, 37.24603998559396], [127.07063903741705, 37.246063625458554], [127.06998188918753, 37.24613911868752], [127.06933715937372, 37.24626573838316], [127.06871105586178, 37.24644226537043], [127.06810960730135, 37.246666999929026], [127.0675386050872, 37.246937778149864], [127.06700354761891, 37.24725199275905], [127.06650958737397, 37.24760661820937], [127.06606148130248, 37.24799823979838], [127.06566354502128, 37.24842308653322], [127.06531961124796, 37.248877067426804], [127.06503299287535, 37.24935581087623], [127.06480645104261, 37.249854706745275], [127.06464216851153, 37.25036895074617], [127.0645417286052, 37.25089359069397], [127.06450609991411, 37.251423574188564], [127.06453562691807, 37.25195379726561], [127.06463002661656, 37.25247915354782], [127.064788391202, 37.25299458342374], [127.0650091967518, 37.25349512278008], [127.06529031785806, 37.25397595081808], [127.06562904805503, 37.254432436493175], [127.06602212585007, 37.25486018313015], [127.06646576610794, 37.25525507078352], [127.06695569648757, 37.25561329593457], [127.0674871985811, 37.255931408141834], [127.06805515335887, 37.25620634329136], [127.0686540904829, 37.256435453125874], [127.06927824101305, 37.25661653076737], [127.06992159299786, 37.2567478319869], [127.07057794941278, 37.2568280920161], [127.0712409878868, 37.256856537737676], [127.07190432164039, 37.25683289513757], [127.07256156104579, 37.25675739194636], [127.07320637521488, 37.25663075544457], [127.07321654661008, 37.25662788766652], [127.0730046649262, 37.25690758417494], [127.07271806407542, 37.25738634569305], [127.07249154820605, 37.2578852557573], [127.07232729983046, 37.25839950994313], [127.07222690194351, 37.25892415596739], [127.07219132273161, 37.259454141371265], [127.07222090619871, 37.25998436217174], [127.07231536880099, 37.26050971201329], [127.07247380212547, 37.26102513134617], [127.0726946815879, 37.26152565615834], [127.07297588106864, 37.262006465790805], [127.07331469334729, 37.262462929376], [127.07370785614054, 37.262890650451176], [127.07415158349437, 37.26328550931682], [127.07464160222855, 37.26364370273128], [127.07517319308393, 37.26396178055856], [127.07574123617539, 37.26423667901575], [127.07634026031384, 37.26446575019892], [127.07696449572053, 37.264646787602295], [127.0776079296259, 37.26477804738456], [127.07826436421571, 37.26485826517654], [127.07892747636556, 37.26488666826787], [127.07959087858573, 37.2648629830553], [127.08024818058855, 37.26478743768002], [127.08089305088275, 37.26466075982912], [127.08151927779947, 37.264484169721975], [127.08212082936105, 37.26425936834956], [127.08269191141312, 37.26398852108023], [127.08322702345967, 37.26367423679033], [127.08372101166123, 37.263319542721256], [127.0841691184852, 37.262927855305776], [127.0845670285296, 37.262502947245366], [127.08491091007822, 37.262048911156356], [127.085197451988, 37.26157012013582], [127.08542389555284, 37.26107118562781], [127.085588061039, 37.260556912996236], [127.08568836863701, 37.26003225523314], [127.08572385363021, 37.25950226524842], [127.08569417563545, 37.2589720472011], [127.08559962182916, 37.258446707341], [127.08544110412925, 37.25793130483419], [127.08522015036249, 37.25743080304614], [127.08493888950395, 37.256950021751024], [127.0846000311328, 37.25649359072743], [127.08420683930362, 37.256065905186766], [127.08376310108628, 37.255671083462985], [127.08327309007848, 37.255312927370404], [127.08274152524245, 37.254994885610756], [127.0821735254634, 37.254720020580876], [127.08157456026595, 37.25449097890013], [127.0809503971638, 37.254309965940514], [127.0803070461479, 37.25417872460398], [127.079650701847, 37.25409851855086], [127.07898768391584, 37.254070120040375], [127.07832437622336, 37.25409380249976], [127.07766716542451, 37.254169337893615], [127.07702237950576, 37.25429599891844], [127.07701220856602, 37.25429886702742], [127.07722406810313, 37.25401916308675], [127.0775106275807, 37.25354039013291], [127.07773709715619, 37.253041469814285], [127.07790129684466, 37.25252720735819], [127.07800164650658, 37.25200255565883], [127.07803718101955, 37.25147256756787], [127.07800755952294, 37.250942347226356], [127.07791306864858, 37.2504170009064], [127.07775461970789, 37.249901587836604], [127.07753373986516, 37.24940107148444], [127.07725255738336, 37.24892027176463], [127.07691378108684, 37.24846381863349], [127.07652067423982, 37.24803610751556], [127.07607702309406, 37.24764125699136], [127.07558710040892, 37.24728306915276]]], [[[127.05596365627609, 37.284285726352984], [127.0554320050485, 37.283967562955375], [127.05486388924375, 37.28369256748035], [127.05426477950434, 37.28346338780265], [127.05364044473586, 37.28328223062225], [127.052996896582, 37.28315084022901], [127.05234033156906, 37.28307048171777], [127.05167707147595, 37.283041928814995], [127.05101350250192, 37.28306545643391], [127.0503560138162, 37.28314083802946], [127.04971093607914, 37.2832673477787], [127.04908448052494, 37.283443767565196], [127.04848267919093, 37.28366839870102], [127.04791132686687, 37.28393907827325], [127.04737592532204, 37.28425319995841], [127.04688163034571, 37.284607739104665], [127.04643320211031, 37.2849992818414], [127.0460349593345, 37.285424057935906], [127.04569073768721, 37.28587797708227], [127.04540385283389, 37.2863566682732], [127.04517706848077, 37.28685552187666], [127.04501256972645, 37.287369734012884], [127.0449119419781, 37.28789435280468], [127.04487615563724, 37.288424326056486], [127.04490555670428, 37.288954549903295], [127.0449998633942, 37.28947991796097], [127.04515816879771, 37.28999537050501], [127.045378949565, 37.290495943204064], [127.04566008052937, 37.290976814938276], [127.04599885513262, 37.29143335424207], [127.04639201145656, 37.29186116392347], [127.04683576361137, 37.29225612342933], [127.04732583817976, 37.292614428548276], [127.0478575153661, 37.29293262806794], [127.0484256744548, 37.293207657032646], [127.04902484314, 37.29343686628068], [127.04964925025085, 37.29361804797571], [127.0502928813636, 37.293749456885756], [127.0509495367639, 37.29382982720442], [127.05161289119926, 37.29385838475149], [127.05227655484492, 37.29383485443524], [127.05293413489349, 37.29375946290436], [127.05357929717358, 37.29363293636367], [127.05420582720207, 37.29345649357484], [127.05480769007961, 37.293231834109775], [127.05537908865135, 37.292961121970066], [127.05591451937077, 37.292646964730785], [127.05640882532741, 37.29229238841001], [127.05685724592685, 37.29190080830704], [127.05725546274394, 37.29147599609048], [127.05759964110726, 37.29102204345442], [127.05788646701481, 37.29054332269316], [127.05811317902554, 37.290044444575074], [127.05827759482094, 37.289530213922035], [127.05837813218197, 37.28900558332282], [127.05841382418059, 37.288475605426726], [127.05838432844192, 37.28794538427726], [127.05828993038918, 37.2874200261549], [127.0581315404426, 37.28690459040231], [127.05791068520101, 37.286404040705605], [127.05762949269311, 37.28592319730063], [127.05729067184218, 37.285466690564284], [127.05689748634369, 37.285038916437024], [127.05645372320855, 37.28464399410568], [127.05596365627609, 37.284285726352984]]], [[[127.07312177964134, 37.293266298248376], [127.072553529034, 37.292991387265104], [127.07195429130216, 37.29276229668097], [127.07132983658292, 37.29258123233815], [127.07068617767408, 37.29244993763272], [127.07002951216754, 37.29236967673839], [127.0693661628091, 37.292341222442], [127.06870251665703, 37.29236484870765], [127.06804496362325, 37.2924403280409], [127.06739983498741, 37.29256693367805], [127.06677334247388, 37.29274344657982], [127.066171518476, 37.29296816716211], [127.06560015800208, 37.293238931651025], [127.06506476290045, 37.29355313290573], [127.06457048889902, 37.29390774550848], [127.06412209596917, 37.29429935488142], [127.06372390249045, 37.29472419015026], [127.06337974365823, 37.295178160439235], [127.06309293453403, 37.295656894248395], [127.06286623809603, 37.2961557815351], [127.0627018385972, 37.29667001809485], [127.06260132048983, 37.297194651814884], [127.06256565312044, 37.29772463035536], [127.0625951813444, 37.29825484979982], [127.0626896221526, 37.29878020380593], [127.06284806734458, 37.299295632783995], [127.06306899222432, 37.29979617262896], [127.06335027023712, 37.30027700253687], [127.06368919340832, 37.30073349144446], [127.06408249838843, 37.30116124264466], [127.06452639785527, 37.30155613614718], [127.06501661697199, 37.30191436837606], [127.06554843454981, 37.30223248882077], [127.06611672852004, 37.302507433287154], [127.0667160252767, 37.30273655342735], [127.06734055241441, 37.30291764226338], [127.0679842943524, 37.30304895545788], [127.06864105030799, 37.30312922812662], [127.06930449405938, 37.303157687030286], [127.06996823492096, 37.30313405802771], [127.07062587934115, 37.30305856871853], [127.0712710925283, 37.30293194624979], [127.07189765950885, 37.302755410307604], [127.07249954502772, 37.30253066136154], [127.07307095171235, 37.302259864275435], [127.07360637593862, 37.301945627442855], [127.0741006608593, 37.30159097764877], [127.07454904608348, 37.301199330900296], [127.07494721352764, 37.300774459508], [127.07529132899697, 37.30032045573592], [127.07557807909633, 37.29984169237069], [127.07580470311582, 37.299342780590784], [127.07596901958553, 37.29882852554196], [127.07606944724388, 37.29830388004753], [127.07610502022031, 37.29777389689978], [127.07607539728684, 37.297243680192246], [127.07598086509223, 37.29671833616206], [127.07582233534893, 37.29620292401559], [127.07560133600218, 37.295702407211024], [127.0753199964684, 37.29522160566691], [127.07498102708645, 37.294765149356486], [127.07458769298175, 37.29433743373418], [127.07414378259561, 37.29394257742299], [127.07365357118462, 37.29358438256964], [127.07312177964134, 37.293266298248376]]], [[[127.05861102435816, 37.44372582922279], [127.05804169696998, 37.44345084859637], [127.05744131083023, 37.443221682934734], [127.05681564713007, 37.443040538800524], [127.05617073030312, 37.442909160356], [127.0555127700472, 37.44282881257953], [127.05484810156776, 37.44280026909334], [127.05418312461681, 37.44282380471973], [127.05352424191246, 37.44289919283692], [127.05287779752975, 37.44302570756011], [127.052250015855, 37.44320213072654], [127.05164694168833, 37.44342676361776], [127.05107438207081, 37.44369744330643], [127.05053785039345, 37.44401156347071], [127.05004251332623, 37.444366099476476], [127.04959314107649, 37.444757637486454], [127.04919406145521, 37.44518240731661], [127.0488491181939, 37.445636318724304], [127.04856163391261, 37.446115000779514], [127.04833437809728, 37.446613843940604], [127.04816954039535, 37.44712804443026], [127.0480687094878, 37.44765265048489], [127.04803285774302, 37.448182610032454], [127.04806233180214, 37.44871281934015], [127.04815684918789, 37.449238172163454], [127.04831550097236, 37.44975360892368], [127.04853676047935, 37.45025416543986], [127.04881849794003, 37.45073502074599], [127.04915800096215, 37.45119154353223], [127.04955200061754, 37.45161933676287], [127.04999670289781, 37.45201428004016], [127.05048782523649, 37.45237256930589], [127.05102063774619, 37.452690753497265], [127.05159000877443, 37.45296576780324], [127.05219045433859, 37.45319496320055], [127.05281619096384, 37.453376131983845], [127.0534611914141, 37.45350752904356], [127.05411924277801, 37.453587888686016], [127.0547840063488, 37.453616436832945], [127.05544907872016, 37.453592898482974], [127.0561080535071, 37.453517500362494], [127.05675458309582, 37.45339096874078], [127.05738243982566, 37.45321452242996], [127.05798557601207, 37.45298986103791], [127.0585581822307, 37.452719148587285], [127.05909474329964, 37.452404992658906], [127.05959009141938, 37.452050419261276], [127.06003945595792, 37.45165884366865], [127.06043850940053, 37.45123403750936], [127.06078340902175, 37.45078009242209], [127.06107083387866, 37.45030138063121], [127.06129801676887, 37.44980251282107], [127.0614627708475, 37.4492882937162], [127.06156351064712, 37.448763675795604], [127.06159926730055, 37.44823371158728], [127.061569697821, 37.4477035050032], [127.06147508835264, 37.44717816218316], [127.06131635136215, 37.446662742321465], [127.06109501680011, 37.446162208949666], [127.06081321731966, 37.44568138214434], [127.06047366769644, 37.445224892120066], [127.06007963864947, 37.44479713465355], [127.05963492531664, 37.444402228768105], [127.05914381068919, 37.44404397708501], [127.05861102435816, 37.44372582922279]]], [[[127.06100454317435, 37.81456512627718], [127.06046911295081, 37.81424699003727], [127.05989695879671, 37.813972017725355], [127.05929359022906, 37.81374285698391], [127.05866481714548, 37.81356171432248], [127.05801669390513, 37.81343033388455], [127.05735546106298, 37.81334998066415], [127.05668748531701, 37.813321428333836], [127.05601919824468, 37.81334495180036], [127.05535703441696, 37.81342032455976], [127.05470736948351, 37.81354682087725], [127.05407645882366, 37.81372322277076], [127.05347037735163, 37.81394783173136], [127.05289496105401, 37.81421848506781], [127.05235575082106, 37.81453257671855], [127.051857939111, 37.81488708233104], [127.05140631996062, 37.81527858836802], [127.05100524282209, 37.81570332496062], [127.05065857067109, 37.816157202193374], [127.05036964278972, 37.8166358494718], [127.05014124258254, 37.81713465759487], [127.0499755707376, 37.817648823127364], [127.04987422399148, 37.81817339464581], [127.04983817970474, 37.818703320412915], [127.04986778639804, 37.8192334970219], [127.04996276034224, 37.819758818542496], [127.05012218823691, 37.820274225695314], [127.05034453595412, 37.820774754581095], [127.05062766326483, 37.821255584495276], [127.05096884440816, 37.821712084366936], [127.05136479430692, 37.82213985737455], [127.05181170017852, 37.82253478330812], [127.0523052582374, 37.82289305826921], [127.05284071513663, 37.82321123132544], [127.05341291374964, 37.82348623776602], [127.05401634285086, 37.82371542863694], [127.05464519021639, 37.82389659627078], [127.05529339863247, 37.8240279955644], [127.05595472427089, 37.82410836079913], [127.05662279686753, 37.82413691784072], [127.05729118112303, 37.82411339160137], [127.05795343873174, 37.8240380086916], [127.05860319044002, 37.82391149523628], [127.05923417753384, 37.82373506987606], [127.05984032216168, 37.823510432021685], [127.0604157859099, 37.82323974547478], [127.06095502606475, 37.82292561757315], [127.06145284901805, 37.82257107406242], [127.06190446030108, 37.82217952993629], [127.06230551076392, 37.82175475652737], [127.062652138456, 37.82130084516595], [127.06294100580381, 37.82082216775805], [127.06316933172903, 37.820323334662575], [127.06333491839823, 37.8198091502744], [127.06343617234809, 37.81928456674162], [127.06347211978417, 37.818754636263236], [127.06344241590769, 37.81822446242707], [127.0633473481825, 37.817699151056836], [127.063187833513, 37.81718376104186], [127.06296540936182, 37.81668325562279], [127.06268221889529, 37.816202454602376], [127.06234099030138, 37.81574598794118], [127.06194501048071, 37.81531825118448], [127.06149809336583, 37.81492336314911], [127.06100454317435, 37.81456512627718]]], [[[127.06287785496632, 37.83784420968327], [127.0622163989652, 37.83776388270228], [127.06154820106545, 37.83773535667895], [127.06087969498232, 37.83775890626679], [127.06021731739422, 37.8378343047105], [127.05956744600796, 37.8379608260282], [127.05893633818971, 37.83813725199743], [127.05833007075125, 37.838361883877795], [127.05775448146932, 37.83863255875783], [127.0572151128994, 37.83894667036898], [127.05671715902449, 37.83930119416699], [127.0562654152504, 37.83969271643995], [127.05586423223, 37.84011746716312], [127.05551747395945, 37.84057135628537], [127.05522848055112, 37.84105001309806], [127.055000036042, 37.84154882830862], [127.0548343415482, 37.842062998413795], [127.05473299402605, 37.84258757194616], [127.05469697084528, 37.84311749714901], [127.05472662032507, 37.84364767062092], [127.05482165832578, 37.844172986461615], [127.05498117093173, 37.84468838544614], [127.05520362320048, 37.845188903753545], [127.05548687389732, 37.84566972078072], [127.05582819607395, 37.84612620558036], [127.05622430329558, 37.84655396147558], [127.05649921135229, 37.84679679029027], [127.05670773034494, 37.84702196515407], [127.05715481371138, 37.84741687026632], [127.05764856244227, 37.84777512252398], [127.058184221354, 37.848093271212896], [127.05875663137371, 37.84836825185652], [127.05936027923883, 37.8485974157489], [127.05998935061731, 37.84877855548214], [127.06063778613657, 37.848909926221644], [127.06129933977952, 37.848990262523614], [127.06196763908457, 37.84901879053248], [127.06263624656728, 37.84899523544016], [127.06329872177045, 37.84891982413522], [127.06394868334334, 37.84879328301632], [127.06457987054942, 37.84861683099088], [127.06518620360879, 37.84839216772693], [127.06576184229222, 37.84812145727124], [127.06630124220065, 37.847807307192426], [127.06679920818722, 37.84745274345023], [127.06725094440571, 37.84706118123368], [127.06765210050351, 37.84663639205003], [127.06799881351348, 37.846182467382], [127.0682877450415, 37.845703779264085], [127.06851611339246, 37.8452049381586], [127.0686817203259, 37.84469074853777], [127.06878297218496, 37.84416616260018], [127.06881889519711, 37.84363623256794], [127.06878914480046, 37.8431060620245], [127.06869400890866, 37.84258075676165], [127.06853440508414, 37.842065375609565], [127.06831187164951, 37.841564881723166], [127.06802855282477, 37.841084094793715], [127.06768717803493, 37.840627644645565], [127.06729103558912, 37.840199926664454], [127.06701611617626, 37.839957122703474], [127.06680758534316, 37.83973196575193], [127.06636049613607, 37.839337096739705], [127.0658667607583, 37.838978880582566], [127.06533113403745, 37.838660766549125], [127.0647587739666, 37.83838581772111], [127.0641551920449, 37.83815668151444], [127.06352620022338, 37.83797556420211], [127.06287785496632, 37.83784420968327]]], [[[127.06017548591058, 37.888418731301684], [127.05963952804608, 37.88810059198213], [127.05906680870415, 37.88782561555298], [127.05846284284267, 37.887596449694996], [127.0578334461083, 37.8874153009659], [127.0571846788624, 37.8872839135666], [127.05652278785759, 37.88720355255747], [127.05585414612545, 37.88717499168562], [127.05518519165216, 37.88719850593984], [127.05452236543096, 37.887273868905034], [127.05387204948582, 37.88740035494108], [127.05324050546108, 37.88757674616562], [127.05263381436654, 37.88780134417337], [127.05205781805645, 37.888071986379664], [127.05151806300435, 37.88838606683141], [127.05101974691387, 37.88874056128533], [127.05056766867851, 37.88913205631306], [127.0501661821721, 37.88955678215325], [127.0498191543142, 37.89001064899537], [127.04952992781483, 37.89048928634635], [127.04930128895757, 37.89098808510192], [127.04913544073267, 37.891502241918026], [127.04903398157987, 37.89202680545587], [127.0489978899471, 37.892556724055495], [127.04902751481616, 37.89308689437933], [127.04912257228794, 37.893612210557514], [127.04928214826258, 37.89412761336174], [127.0495047071906, 37.894628138933975], [127.04978810681294, 37.89510896660066], [127.05012961874957, 37.89556546531139], [127.05052595474015, 37.89599323825456], [127.05097329828536, 37.896388165219406], [127.0514673413852, 37.89674644229607], [127.05200332602125, 37.89706461853038], [127.0525760899831, 37.89733962917949], [127.05318011659823, 37.89756882524755], [127.05380958788524, 37.89774999901593], [127.05445844061771, 37.89788140532144], [127.05512042475786, 37.897961778377166], [127.05578916369495, 37.89799034397308], [127.05645821570731, 37.897966826938784], [127.05712113605327, 37.89789145379628], [127.05777153909173, 37.89776495057675], [127.0584031598314, 37.89758853582292], [127.05900991431437, 37.89736390884432], [127.05958595825038, 37.897093233338886], [127.06012574333567, 37.89677911653943], [127.06062407071252, 37.896424584086034], [127.06107614105359, 37.89603305086737], [127.06147760078848, 37.89560828811242], [127.06182458402643, 37.895154387050354], [127.06211374977217, 37.89467571948928], [127.06234231407683, 37.89417689569444], [127.06250807681513, 37.89366271997211], [127.0626094428326, 37.89313814438766], [127.0626454372604, 37.892608221063995], [127.06261571485229, 37.892078053520216], [127.06252056325575, 37.891552747519356], [127.06236090018781, 37.89103736189861], [127.06213826454487, 37.89053685985566], [127.0618548015341, 37.89005606115985], [127.0615132419715, 37.88959959574824], [127.0611168759477, 37.88917185915279], [127.06066952111618, 37.888776970187415], [127.06017548591058, 37.888418731301684]]], [[[127.10056462671601, 37.19599035244975], [127.10003340244845, 37.195672387151056], [127.09946578187846, 37.19539760456618], [127.09886723087975, 37.1951686505218], [127.09824351297883, 37.19498772954716], [127.09760063388156, 37.19485658365948], [127.09694478367491, 37.194776475600946], [127.09628227725877, 37.19474817668787], [127.0956194935797, 37.19477195938898], [127.09496281425028, 37.19484759470392], [127.09431856214266, 37.194974354367105], [127.09369294054618, 37.195151017855764], [127.09309197347285, 37.195375884135], [127.09252144768368, 37.19564678802687], [127.09198685699297, 37.19596112104675], [127.09149334938513, 37.196315856506345], [127.09104567745285, 37.19670757864281], [127.09064815263301, 37.19713251549393], [127.09030460368098, 37.197586575203545], [127.09001833978309, 37.19806538540848], [127.08979211866367, 37.19856433532834], [127.08962811999407, 37.19907862015356], [127.08952792436126, 37.19960328730487], [127.08949249800037, 37.20013328411916], [127.08952218343936, 37.20066350650287], [127.08961669614837, 37.201188848084755], [127.08977512722774, 37.20170424939443], [127.08999595211087, 37.20220474659349], [127.09027704520007, 37.2026855192892], [127.09061570029621, 37.203141936970205], [127.09100865662701, 37.20356960361663], [127.09145213022471, 37.2039644000541], [127.09194185035155, 37.204322523643214], [127.09247310062345, 37.2046405249217], [127.09304076443563, 37.20491534084509], [127.0936393742526, 37.205144324305586], [127.09426316428755, 37.20532526964347], [127.0949061260625, 37.20545643390523], [127.09556206631324, 37.205536553642595], [127.09622466667955, 37.20556485709048], [127.09688754460433, 37.205541071605836], [127.09754431485332, 37.205465426296], [127.09818865106033, 37.205338649810685], [127.0988143467041, 37.20516196331908], [127.09941537492705, 37.20493706874013], [127.09998594661819, 37.20466613233924], [127.1005205661993, 37.204351763850404], [127.10101408457568, 37.203996991324956], [127.10146174874082, 37.20360523195015], [127.10185924755632, 37.20318025911925], [127.10220275326617, 37.2027261660711], [127.10248895834577, 37.20224732645007], [127.10271510733115, 37.20174835216699], [127.1028790233231, 37.20123404896767], [127.10297912891181, 37.20070937013751], [127.10301446132256, 37.200179368788426], [127.1029846816378, 37.19964914918824], [127.10289007800924, 37.19912381760125], [127.10273156283051, 37.19860843311371], [127.10251066390009, 37.19810795891758], [127.10222950966129, 37.197627214521624], [127.10189080866316, 37.19717082934961], [127.10149782344195, 37.19674319817214], [127.1010543390757, 37.196348438800534], [127.10056462671601, 37.19599035244975]]], [[[127.11308426751164, 37.25764061395234], [127.11255255986872, 37.25732270533959], [127.11198443308047, 37.25704798270302], [127.11138535789323, 37.256819091291035], [127.11076110287857, 37.256638235029], [127.11011767891144, 37.25650715531048], [127.10946128132231, 37.25642711424014], [127.10879823027845, 37.25639888248921], [127.10813490996732, 37.256422731879866], [127.10747770716543, 37.25649843276998], [127.10683294978249, 37.25662525626317], [127.10620684597055, 37.25680198122286], [127.10560542438274, 37.257026906023185], [127.10503447615525, 37.25729786492385], [127.1044994991692, 37.25761224891166], [127.10400564512861, 37.25796703080876], [127.10355766996275, 37.25835879440633], [127.10315988802985, 37.258783767344035], [127.10281613056317, 37.25923785741921], [127.10252970875972, 37.259716691977154], [127.10230338186763, 37.260215660003595], [127.10213933058051, 37.26072995651511], [127.10203913599604, 37.26125462882009], [127.10200376434338, 37.261784624205774], [127.10203355762785, 37.26231483859211], [127.10212823028503, 37.26284016568435], [127.10228687187873, 37.26335554615098], [127.10250795581828, 37.26385601635337], [127.10278935401402, 37.26433675615774], [127.10312835733062, 37.264793135368315], [127.10352170164366, 37.26522075833445], [127.10396559924949, 37.265615506301174], [127.10445577532673, 37.26597357709465], [127.10498750909923, 37.26629152175989], [127.10555567930398, 37.26656627779658], [127.10615481352622, 37.266795198672774], [127.10677914092564, 37.266976079330796], [127.10742264784557, 37.26710717743959], [127.10807913576777, 37.2671872301877], [127.1087422810535, 37.26721546645519], [127.10940569589363, 37.26719161424631], [127.11006298987897, 37.26711590331144], [127.11070783159565, 37.26698906293302], [127.11133400965073, 37.266812314896505], [127.11193549253795, 37.266587361714585], [127.11250648676544, 37.266316370218256], [127.11304149268436, 37.26600195067333], [127.11353535747871, 37.26564713162412], [127.11398332480606, 37.26525533070715], [127.11438108060938, 37.26483032171696], [127.11472479465954, 37.26437619824166], [127.11501115742799, 37.26389733421953], [127.11523741193531, 37.263398341797085], [127.11540138026963, 37.26288402689533], [127.11550148452105, 37.262359342912546], [127.11553676193184, 37.26182934301031], [127.11550687411838, 37.261299131442215], [127.11541211027775, 37.26077381439471], [127.11525338435032, 37.26025845081331], [127.11503222616761, 37.25975800368774], [127.11475076667246, 37.259277292264976], [127.11441171735586, 37.25882094565007], [127.11401834410998, 37.25839335824104], [127.11357443575037, 37.257998647426426], [127.11308426751164, 37.25764061395234]]], [[[127.12982885736629, 37.2656631157996], [127.12926060472515, 37.265388475763984], [127.12866141065831, 37.265159671441275], [127.1280370448812, 37.26497890591828], [127.12739351933443, 37.26484791971503], [127.12673703032576, 37.26476797403601], [127.12607389890205, 37.264739838634185], [127.12541051002425, 37.26476378440441], [127.12475325112874, 37.26483958077691], [127.1241084506651, 37.264966497936314], [127.12348231720021, 37.265143313844554], [127.122880879673, 37.265368326000406], [127.12230992937343, 37.26563936782277], [127.12177496420308, 37.265953829500276], [127.12128113575302, 37.26630868310717], [127.1208331997069, 37.26670051174428], [127.1204354700471, 37.267125542425], [127.12009177750457, 37.2675796823906], [127.11980543265214, 37.26805855850575], [127.11957919399798, 37.26855755935579], [127.11941524138689, 37.269071879640855], [127.1193151549672, 37.26959656644001], [127.11927989992726, 37.27012656690044], [127.11928566506701, 37.2702287405156], [127.11888172066993, 37.270146494062466], [127.11822519511898, 37.270066501049165], [127.1175620208296, 37.270038317753475], [127.11689858317514, 37.27006221553118], [127.11653641858616, 37.27010395183826], [127.11598864212793, 37.27008066511229], [127.11532520368223, 37.270104554067586], [127.11466788870091, 37.270180294063444], [127.11402302617326, 37.27030715582709], [127.11339682526328, 37.27048391785374], [127.1127953155588, 37.270708878160896], [127.1122242890442, 37.27097987066667], [127.11168924435452, 37.271294286034575], [127.1111953338459, 37.27164909678486], [127.1107473139917, 37.27204088643116], [127.11034949958096, 37.27246588236245], [127.11000572216038, 37.27291999215488], [127.10971929311988, 37.27339884296397], [127.10949297177821, 37.27389782361904], [127.10932893877643, 37.27441212901499], [127.10922877503717, 37.27493680637462], [127.10919344649349, 37.27546680293634], [127.1092232947365, 37.27599701460859], [127.10931803367346, 37.27652233512251], [127.10947675223052, 37.27703770520961], [127.1096979230766, 37.27753816133093], [127.10997941728544, 37.27801888348795], [127.11031852479739, 37.2784752416545], [127.11071198048472, 37.27890284038225], [127.11115599557104, 37.27929756114932], [127.1116462941033, 37.27965560204356], [127.11217815412557, 37.27997351439766], [127.11274645315841, 37.280248236022295], [127.1133457175455, 37.28047712071678], [127.11397017519218, 37.280657963771844], [127.11461381118646, 37.28078902321853], [127.115270425766, 37.28086903661786], [127.11593369407133, 37.28089723322891], [127.11659722710759, 37.28087334143807], [127.11695944331346, 37.28083160531018], [127.11750729798769, 37.280854887940045], [127.11817083023196, 37.280830987323384], [127.11882823458139, 37.28075522851174], [127.11947317855848, 37.280628341248985], [127.12009944978493, 37.28045154777244], [127.12070101585665, 37.280226551032804], [127.1212720824805, 37.27995551828092], [127.12180714931037, 37.27964106018032], [127.1223010629439, 37.27928620564692], [127.12274906656856, 37.27889437265931], [127.12314684577836, 37.278469335321105], [127.1234905701195, 37.278015187493615], [127.12377692996516, 37.277536303349734], [127.12400316836496, 37.277037295229825], [127.1241671075632, 37.27652296920601], [127.12426716993157, 37.27599827878359], [127.12430239311678, 37.27546827718592], [127.12429662085684, 37.2753661038659], [127.1247005991436, 37.27544833195597], [127.1253571785421, 37.275528289280224], [127.12602040425358, 37.27555642916234], [127.12668388769372, 37.27553248053532], [127.12734123779217, 37.27545667407869], [127.12798612259441, 37.275329739995364], [127.12861233029247, 37.275152900973794], [127.12921382909472, 37.27492786040342], [127.12978482535648, 37.274656785957326], [127.13031981940973, 37.27434228870056], [127.13081365855358, 37.27398739792617], [127.13126158669338, 37.27359553196167], [127.13154143456923, 37.273296430296696], [127.13183534143508, 37.27355761208511], [127.13232570164766, 37.273915568007055], [127.13285760925181, 37.27423338801162], [127.13342594130889, 37.27450801079917], [127.13402522384376, 37.274736791121235], [127.13464968458635, 37.274917525274205], [127.13529330859438, 37.27504847233851], [127.13594989622081, 37.27512837095806], [127.13661312286574, 37.27515645149802], [127.13701242402239, 37.275142003162756], [127.13703140673559, 37.275477011815504], [127.1371263384807, 37.27600231116047], [127.13728524587675, 37.27651764502532], [127.13750659977325, 37.27701805021919], [127.13778826948011, 37.277498707233285], [127.13812754324637, 37.27795498666829], [127.13852115434187, 37.278382493833696], [127.13896531249208, 37.27877711108915], [127.1394557403647, 37.27913503751929], [127.13998771475667, 37.27945282555924], [127.14055611208566, 37.27972741421716], [127.14115545774746, 37.2799561585733], [127.14177997886345, 37.28013685527049], [127.14242365990953, 37.280267763749954], [127.14308030068877, 37.28034762302739], [127.14374357608892, 37.28037566384698], [127.14440709704674, 37.280351616096326], [127.14506447213027, 37.280275711410134], [127.1457093691444, 37.28014868093788], [127.14633557616365, 37.27997174829684], [127.1469370614033, 37.279746617778535], [127.14750803134976, 37.27947545792273], [127.1480429865892, 37.27916088061738], [127.1485367747953, 37.27880591592671], [127.14898464036487, 37.2784139828902], [127.14938227022293, 37.27798885657495], [127.1497258353553, 37.277534631698906], [127.15001202766967, 37.277055683176606], [127.15023809183023, 37.276556623967885], [127.1504018517601, 37.27604226063624], [127.15050173155814, 37.27551754704552], [127.15053677062966, 37.27498753664146], [127.15050663288746, 37.27445733377775], [127.15046447177207, 37.27422426698578], [127.15072303055433, 37.2742990605913], [127.15136667785224, 37.27442992039591], [127.15202327781785, 37.27450972993343], [127.15268650573212, 37.274537720427396], [127.1533499729895, 37.27451362225034], [127.15400728867566, 37.274437667522896], [127.15465212116794, 37.27431058787666], [127.1552782591629, 37.2741336074027], [127.15587967154114, 37.27390843085336], [127.15645056549138, 37.27363722721176], [127.1569854423323, 37.2733226087876], [127.15747915049317, 37.27296760604107], [127.15792693514223, 37.272575638378065], [127.1583244839842, 37.27215048119902], [127.15866796878554, 37.27169622951893], [127.15895408222778, 37.271217258510234], [127.1591800697348, 37.27071818134905], [127.15934375596801, 37.27020380477146], [127.15944356573586, 37.26967908276866], [127.15947853911786, 37.26914906886702], [127.1594483406591, 37.268618867453625], [127.15935326254862, 37.268093584615755], [127.15919422175322, 37.2675782789681], [127.15897275113606, 37.26707791294114], [127.1586909846478, 37.26659730499967], [127.15835163673452, 37.266141083251185], [127.15834828545482, 37.26613744440897], [127.15879097696177, 37.266191232866674], [127.15945413474141, 37.266219185132236], [127.16011752712986, 37.26619504861747], [127.16077476393436, 37.266119055812425], [127.1614195142927, 37.2659919387156], [127.16204556769303, 37.2658149217788], [127.1626468938313, 37.2655897101056], [127.16321770072742, 37.265318473017416], [127.16375249053904, 37.26500382314599], [127.16424611253406, 37.26464879125429], [127.16469381271102, 37.26425679702876], [127.16509127958842, 37.26383161612542], [127.16543468572232, 37.26337734378759], [127.16572072455189, 37.26289835538636], [127.16594664221954, 37.262399264265134], [127.166110264059, 37.26188487729416], [127.16621001549862, 37.26136014856441], [127.16624493717923, 37.26083013166684], [127.16621469414324, 37.26029993101716], [127.16611957900845, 37.25977465269509], [127.16596050909757, 37.259259355271645], [127.1657390175535, 37.25875900109803], [127.16545723852781, 37.2582784085248], [127.1651178865866, 37.25782220551143], [127.16472423053402, 37.25739478507223], [127.16428006190661, 37.25700026298726], [127.16378965844278, 37.2566424381849], [127.1632577428801, 37.25632475617653], [127.16268943747718, 37.2560502758951], [127.1620902146981, 37.255821640255775], [127.16146584453375, 37.255641050721685], [127.1608223389664, 37.2555102461189], [127.16016589411102, 37.25543048590401], [127.15950283058933, 37.255402538044926], [127.15883953270878, 37.2554266716314], [127.15818238703014, 37.255502654285934], [127.1575377209138, 37.255629754400104], [127.15691174163422, 37.25580674817474], [127.15631047664701, 37.25603193139638], [127.15573971558223, 37.25630313583696], [127.15520495452103, 37.25661775011938], [127.15471134309057, 37.256972744848376], [127.15426363488636, 37.2573647017656], [127.15386614169839, 37.25778984664876], [127.15352269198175, 37.258244085638836], [127.153236593972, 37.25872304464619], [127.15301060380108, 37.25922211145707], [127.15284689892148, 37.25973648013544], [127.1527470570961, 37.260261197293296], [127.15271204115754, 37.26079120978439], [127.15274218968564, 37.26132141336237], [127.15283721369455, 37.26184670183495], [127.15299619936341, 37.262362016241035], [127.15321761678675, 37.262862393576825], [127.15349933466139, 37.26334301460163], [127.15383864077126, 37.263799250262586], [127.15384199173026, 37.26380288923228], [127.15339931785665, 37.263749082336055], [127.1527361842363, 37.26372109626441], [127.15207281152787, 37.26374519152685], [127.15141558701212, 37.263821136114764], [127.15077083880809, 37.263948198786146], [127.15014477498012, 37.26412515610233], [127.14954342379738, 37.26435030420089], [127.14897257571944, 37.26462147519202], [127.14843772766481, 37.2649360580208], [127.14794403009793, 37.26529102359496], [127.14749623744348, 37.265682953937066], [127.14709866230436, 37.266108075080965], [127.14675513392471, 37.26656229339643], [127.14646896129764, 37.26704123499322], [127.14624290127377, 37.2675402878255], [127.14607913197847, 37.26805464609211], [127.14597923179527, 37.2685793565056], [127.14594416411931, 37.26910936598491], [127.14597426802918, 37.26963957031292], [127.14601641284798, 37.26987263879983], [127.14575787390638, 37.2697978349611], [127.14511427593031, 37.26966694481349], [127.14445772558243, 37.26958709714637], [127.14379454449976, 37.26955906076934], [127.14339527394445, 37.26957353215554], [127.14337626429226, 37.26923852404894], [127.14328129718909, 37.26871322893222], [127.14312236482324, 37.26819790230798], [127.1429009990141, 37.26769750680917], [127.14261933270356, 37.26721686118477], [127.1422800793735, 37.266760593905516], [127.14188650687987, 37.26633309860479], [127.14144240595576, 37.265938491783714], [127.14095205368886, 37.26558057318656], [127.14042017232488, 37.26526278922782], [127.13985188379407, 37.26498819982187], [127.13925266039887, 37.26475944893434], [127.13862827213669, 37.26457873913769], [127.13798473116432, 37.264447810415504], [127.1373282339379, 37.26436792341898], [127.13666510158325, 37.264339847336295], [127.13600171907022, 37.26436385249132], [127.13534447377397, 37.264439707742746], [127.13469969401332, 37.26456668270844], [127.13407358815611, 37.26474355479395], [127.13347218487569, 37.264968620957276], [127.13290127513267, 37.2652397140974], [127.13236635643861, 37.26555422390887], [127.13187257993748, 37.265909122002526], [127.13142470081323, 37.266300991050755], [127.13114487860142, 37.26660009293071], [127.13085100097436, 37.2663389092801], [127.13036069662445, 37.265980947095024], [127.12982885736629, 37.2656631157996]]], [[[127.11564454869057, 37.28197353998298], [127.11511265995087, 37.281655643149485], [127.11454434168007, 37.28138093284182], [127.11394506646772, 37.281152054189334], [127.11332060481062, 37.280971210994146], [127.11267696957248, 37.28084014452376], [127.11202035811688, 37.280760116755104], [127.11135709266912, 37.2807318982312], [127.1106935594799, 37.28075576064691], [127.11003614737417, 37.28083147423478], [127.10939118627589, 37.280958309976334], [127.10876488629755, 37.28113504661735], [127.10816327798032, 37.28135998241983], [127.10759215425767, 37.28163095153794], [127.10705701470022, 37.28194534486053], [127.10656301257727, 37.28230013512032], [127.10611490524417, 37.28269190602846], [127.10571700833223, 37.28311688515465], [127.10537315418266, 37.28357098023707], [127.10508665492442, 37.28404981857318], [127.10486027055275, 37.284548789112684], [127.10469618231609, 37.28506308684814], [127.10459597166954, 37.28558775907633], [127.10456060499854, 37.28611775308531], [127.10459042426207, 37.28664796480826], [127.10468514364715, 37.28717328797594], [127.10484385226906, 37.28768866329442], [127.10506502289311, 37.288189127174384], [127.10534652659591, 37.28866985954253], [127.10568565322707, 37.28912623027433], [127.10607913747522, 37.289553843800334], [127.10652319028944, 37.28994858145596], [127.10701353535362, 37.29030664116624], [127.1075454502639, 37.290624574082415], [127.10811381201228, 37.29089931781692], [127.10871314633837, 37.29112822595587], [127.1093376804737, 37.29130909356397], [127.10998139876921, 37.29144017843556], [127.11063810066953, 37.29152021788654], [127.11130146047354, 37.29154844092496], [127.11196508830459, 37.29152457568248], [127.11262259170057, 37.29144885203515], [127.1132676372294, 37.291321999388046], [127.11389401153392, 37.29114523964505], [127.11449568121664, 37.290920275431965], [127.11506685098587, 37.29064927368646], [127.11560201950145, 37.29033484477348], [127.1160960323812, 37.289980017328055], [127.11654413185644, 37.289588209068064], [127.11694200259778, 37.2891631938592], [127.11728581326977, 37.2887090653499], [127.11757225341425, 37.288230197527334], [127.11779856530772, 37.28773120257493], [127.117962570487, 37.28721688643829], [127.11806269068884, 37.28669220252775], [127.11809796300358, 37.286162204004256], [127.11806804909827, 37.28563199510808], [127.1179732384229, 37.28510668199987], [127.11781444537044, 37.28459132358693], [127.11759320042025, 37.28409088280895], [127.11731163535191, 37.283610178851376], [127.11697246267418, 37.283153840747], [127.11657894946792, 37.282726262811394], [127.1161348858969, 37.28233156234139], [127.11564454869057, 37.28197353998298]]], [[[127.10998671503462, 37.294812329043744], [127.1094547604257, 37.2944944070964], [127.10888636681406, 37.29421966978532], [127.10828700751466, 37.29399076249958], [127.10766245383383, 37.293809889316776], [127.10701871952104, 37.29367879179289], [127.10636200289336, 37.29359873220365], [127.10569862718833, 37.293570481398284], [127.10503497971754, 37.293594311382314], [127.10437745040574, 37.293669992700494], [127.10373237030461, 37.29379679664504], [127.10326344303071, 37.29392907591394], [127.10318461472652, 37.29393814796894], [127.10253953038858, 37.29406494538153], [127.10191310579414, 37.294241644653965], [127.10131137268355, 37.2944665444081], [127.10074012519127, 37.294737479145326], [127.1002048640791, 37.29505184008575], [127.0997107437864, 37.29540660027409], [127.09926252280609, 37.29579834371139], [127.09886451786363, 37.29622329823211], [127.09852056234055, 37.29667737181176], [127.09823396934217, 37.29715619195519], [127.09800749976675, 37.29765514778762], [127.09784333568376, 37.29816943444361], [127.0977430592793, 37.298694099326944], [127.09770763757282, 37.29922408979669], [127.09773741305418, 37.29975430182036], [127.097832100333, 37.300279629126], [127.09799078883465, 37.30079501237997], [127.0982119515192, 37.301295487916605], [127.09849345954066, 37.301776235550356], [127.09883260270783, 37.302232625009594], [127.09922611555092, 37.302660260544414], [127.0996702087442, 37.30305502327809], [127.10016060558318, 37.30341311089391], [127.10069258316567, 37.30373107427409], [127.10126101788016, 37.304005850737376], [127.10186043476357, 37.30423479355437], [127.10248506025201, 37.304415697455454], [127.10312887781623, 37.304546819885125], [127.10378568594426, 37.30462689779729], [127.10444915791122, 37.30465515982926], [127.1051129027594, 37.30463133373697], [127.10577052689885, 37.30455564901923], [127.10641569573374, 37.304428834706066], [127.10688468295598, 37.30429654352583], [127.10696352166039, 37.30428746908196], [127.10760868625528, 37.30416064823472], [127.10823518027442, 37.30398391950858], [127.1088369691666, 37.30375898523064], [127.10940825649124, 37.30348801205032], [127.10994353977539, 37.30317361005767], [127.11043766353103, 37.30281880762859], [127.11088586892127, 37.302427022240295], [127.11128383959651, 37.30200202753848], [127.11162774325884, 37.30154791697438], [127.1119142685546, 37.30106906436263], [127.11214065694061, 37.30057008174049], [127.11230472921748, 37.30005577493511], [127.11240490647637, 37.29953109726725], [127.11244022525888, 37.299001101837966], [127.11241034678537, 37.29847089285795], [127.11231556016547, 37.297945576488765], [127.11215677956146, 37.29743021166929], [127.11193553533366, 37.296929761400875], [127.11165395925562, 37.296449044960426], [127.11131476394289, 37.2959926915008], [127.11092121669499, 37.295565095485365], [127.11047710800412, 37.29517037438487], [127.10998671503462, 37.294812329043744]]], [[[127.11212495850917, 37.30831385736282], [127.11155645150671, 37.308039132870846], [127.1109569746911, 37.30781023897119], [127.11033230049966, 37.30762937961238], [127.10968844384169, 37.307498296217155], [127.10903160421162, 37.3074182509251], [127.10836810603058, 37.30739001444779], [127.10770433778879, 37.30741385865279], [127.10704669057313, 37.30748955394801], [127.10640149656997, 37.30761637149121], [127.10577496813315, 37.307793090203546], [127.10517313800254, 37.30801800851997], [127.10460180124652, 37.30828896076338], [127.10406645948623, 37.30860333798554], [127.1035722679377, 37.30895811307472], [127.10312398578014, 37.30934986988867], [127.10272593032855, 37.30977483613336], [127.10238193545126, 37.31022891967154], [127.10209531463326, 37.31070774791235], [127.1018688290414, 37.31120670990318], [127.10170466090025, 37.31172100071935], [127.10160439243596, 37.31224566772461], [127.10156899059238, 37.312775658257536], [127.10159879766906, 37.31330586828493], [127.10169352797216, 37.31383119155396], [127.1018522705136, 37.31434656876963], [127.10207349773371, 37.314847036324224], [127.10235508016555, 37.315327774108766], [127.1026943069018, 37.31578415194624], [127.10308791166804, 37.31621177419835], [127.10353210425335, 37.316606522116004], [127.104022606996, 37.3169645935249], [127.10455469597356, 37.31728253946308], [127.1051232465013, 37.317557297417046], [127.1057227825001, 37.31778622083549], [127.10634752925829, 37.31796710463546], [127.10699146907787, 37.31809820645495], [127.10764839926854, 37.31817826344637], [127.10831199192894, 37.31820650444853], [127.10897585493817, 37.31818265741998], [127.10963359356738, 37.31810695206131], [127.11027887211729, 37.31798011760149], [127.11090547498495, 37.31780337576948], [127.11150736657017, 37.31757842901879], [127.1120787494429, 37.31730744411925], [127.11261412020974, 37.31699303127403], [127.11310832253999, 37.31663821896384], [127.11355659684007, 37.316246424761324], [127.11395462609697, 37.31582142239734], [127.11429857744896, 37.315367305397146], [127.11458513908379, 37.31488844763756], [127.11481155210889, 37.31438946120557], [127.11497563708845, 37.31387515196513], [127.11507581499215, 37.313350473260506], [127.11511112235634, 37.31282047820274], [127.11508122051225, 37.31229027099889], [127.11498639879558, 37.311764957793315], [127.11482757170738, 37.31124959749425], [127.11460627005644, 37.31074915305934], [127.11432462617, 37.310268443709056], [127.11398535331708, 37.30981209852773], [127.11359171954425, 37.309384511898685], [127.11314751617721, 37.308989801202024], [127.11265702129204, 37.308631767181694], [127.11212495850917, 37.30831385736282]]], [[[127.08412828059417, 37.30894605351999], [127.08355987198085, 37.30867119514489], [127.08296047636911, 37.30844215992858], [127.08233586541547, 37.308261153179956], [127.08169205342107, 37.308129917740516], [127.08103523945094, 37.30804971721339], [127.08037174767951, 37.30802132380423], [127.07970796653535, 37.30804501089113], [127.07905028722948, 37.30812055039422], [127.0784050422568, 37.308247214970784], [127.07777844446137, 37.308423785014384], [127.07717652724995, 37.30864856039103], [127.07660508652839, 37.30891937679964], [127.07606962491779, 37.309233626599784], [127.0755752987869, 37.309588283906564], [127.07512686860953, 37.309979933711986], [127.0747286531247, 37.31040480475263], [127.07438448774049, 37.3108588058084], [127.07409768758262, 37.311337565083214], [127.073871015544, 37.311836472289166], [127.0737066556438, 37.31235072302989], [127.0736061919542, 37.312875365055845], [127.07357059329881, 37.31340534594702], [127.07360020387237, 37.31393556176396], [127.07369473987377, 37.31446090619893], [127.07385329218657, 37.31497631975397], [127.07407433508376, 37.315476838472115], [127.07435574087462, 37.3159576417524], [127.07469480035411, 37.316414098787575], [127.07508824885993, 37.316841813177035], [127.07553229768753, 37.31723666528461], [127.0760226705611, 37.31759485193268], [127.07655464481044, 37.31791292304938], [127.07712309685716, 37.31818781491543], [127.07772255157191, 37.31841687968942], [127.07834723502695, 37.318597910926556], [127.07899113013488, 37.31872916484422], [127.07964803463669, 37.318809377129256], [127.08031162087887, 37.31883777512408], [127.08097549680235, 37.31881408527443], [127.08163326755385, 37.31873853576632], [127.08227859712427, 37.31861185432696], [127.08290526941848, 37.31843526121081], [127.08350724816675, 37.318210457438525], [127.08407873509844, 37.317939608402426], [127.08461422581662, 37.31762532299681], [127.08510856283394, 37.31727062847483], [127.08555698525822, 37.31687894127469], [127.08595517464842, 37.31645403409683], [127.08629929659925, 37.31599999955008], [127.08658603765407, 37.3155212107176], [127.0868126371913, 37.31502227902315], [127.08697691397796, 37.31450800980418], [127.08707728713593, 37.313983356020344], [127.08711279132056, 37.31345337054349], [127.08708308596765, 37.31292315748931], [127.08698845852061, 37.312397823059364], [127.08682982161011, 37.31188242636711], [127.08660870421413, 37.31138193072152], [127.0863272368864, 37.31090115583686], [127.08598813119681, 37.31044473142917], [127.0855946535834, 37.31001705264521], [127.08515059386937, 37.309622237752805], [127.08466022874889, 37.309264088499475], [127.08412828059417, 37.30894605351999]]], [[[127.09908555508763, 37.3183861574562], [127.09855348163553, 37.31806818707387], [127.09798495148048, 37.31779339769491], [127.09738543925226, 37.3175644352093], [127.09676071772941, 37.31738350422565], [127.096116802277, 37.31725234685605], [127.09545989295547, 37.31717222595204], [127.09479631485674, 37.317143912952886], [127.09413245724004, 37.317167680462674], [127.09347471205231, 37.317243299627535], [127.09282941242257, 37.31737004233802], [127.09220277172102, 37.317546688235716], [127.09160082376768, 37.317771536456576], [127.09102936476467, 37.318042421998435], [127.0904938975095, 37.31835673655541], [127.08999957842586, 37.318711453619294], [127.08955116792038, 37.31910315760682], [127.08915298454346, 37.319528076732915], [127.0888088633949, 37.319982119314425], [127.08852211917538, 37.320460913155294], [127.08829551424006, 37.320959847634626], [127.08813123196289, 37.321474118093086], [127.08803085566933, 37.321998772091], [127.08799535334224, 37.32252875709266], [127.08802506824935, 37.323058969118584], [127.08811971558521, 37.3235843018971], [127.08827838516166, 37.32409969604199], [127.08849955012253, 37.32460018778277], [127.08878108160152, 37.325080956777775], [127.08912026918297, 37.325537372549526], [127.08951384697056, 37.32596503909444], [127.08995802501404, 37.326359837236836], [127.09044852579251, 37.32671796431852], [127.09098062540316, 37.327035970841195], [127.09154919905939, 37.327310793707596], [127.09214877045969, 37.32753978574087], [127.09277356455154, 37.32772074119686], [127.09341756318113, 37.32785191702307], [127.09407456309154, 37.32793204965865], [127.09473823570963, 37.32796036721351], [127.09540218814375, 37.32793659690848], [127.09606002480324, 37.32786096770486], [127.09670540904384, 37.32773420809787], [127.09733212424383, 37.32755753909527], [127.09793413372024, 37.327332662448995], [127.09850563890667, 37.32706174425359], [127.09904113523078, 37.32674739406979], [127.0995354651518, 37.326392639774916], [127.09998386784663, 37.32600089838302], [127.10038202506497, 37.32557594311659], [127.10072610271237, 37.32512186704763], [127.10081120253162, 37.324979733445865], [127.10082419685742, 37.32521088771906], [127.10091893594986, 37.325736210606905], [127.1010776974915, 37.32625158793981], [127.10129895374038, 37.3267520561088], [127.1015805749507, 37.32723279499893], [127.10191984984216, 37.3276891744223], [127.1023135116771, 37.32811679872519], [127.10275776969527, 37.32851154913853], [127.10324834560483, 37.328869623463746], [127.10378051477875, 37.32918757271058], [127.10434915175976, 37.32946233433342], [127.10494877963583, 37.32969126174541], [127.10557362281, 37.32987214982493], [127.1062176626551, 37.33000325616864], [127.10687469551686, 37.33008331788518], [127.10753839250445, 37.3301115637678], [127.10820236049135, 37.330087721728], [127.10886020373695, 37.3300120214183], [127.10950558553368, 37.329885192019134], [127.11013228928353, 37.329708455210756], [127.11073427841409, 37.32948351339845], [127.11130575455537, 37.32921253330466], [127.1118412134153, 37.32889812508643], [127.11233549781451, 37.328543317180184], [127.11278384736895, 37.32815152711633], [127.11318194434082, 37.32772652858613], [127.11352595521657, 37.32727241507815], [127.1138125676109, 37.32679356043578], [127.11403902214298, 37.32629457671621], [127.11420313897776, 37.325780269757395], [127.11430333877892, 37.32525559288182], [127.11433865787258, 37.324725599182955], [127.1143087574779, 37.324195392854854], [127.11421392691737, 37.323670080033416], [127.114055080778, 37.323154719623155], [127.11383375005283, 37.322654274582696], [127.11355206734967, 37.322173564138204], [127.113212746312, 37.32171721738438], [127.11281905545084, 37.321289628719526], [127.11237478664194, 37.32089491554313], [127.11188421859177, 37.32053687862277], [127.11135207562533, 37.320218965511266], [127.11078348219277, 37.31994423736557], [127.11018391353257, 37.319715339486045], [127.1095591429661, 37.319534475859335], [127.1089151863302, 37.31940338794915], [127.10825824408148, 37.319323337938414], [127.10759464162855, 37.31929509658403], [127.10693076846505, 37.31931893580052], [127.10627301668754, 37.319394626043795], [127.10562771948851, 37.31952143852032], [127.105001090215, 37.319698152200175], [127.10439916257725, 37.31992306556684], [127.10382773258218, 37.32019401299107], [127.10329230274847, 37.320508385571266], [127.10279802914002, 37.32086315624058], [127.10234967172622, 37.32125490889956], [127.10195154854682, 37.321679871294435], [127.1016074941226, 37.32213395132527], [127.10152239905584, 37.3222760855955], [127.10150940301403, 37.322044931274824], [127.1014146642064, 37.32151960853508], [127.10125591001912, 37.321004231286686], [127.10103467055978, 37.320503762650816], [127.10075307755771, 37.32002302208122], [127.10041384379285, 37.31956663896302], [127.10002023693632, 37.31913900804493], [127.09957604805544, 37.318744247133516], [127.09908555508763, 37.3183861574562]]], [[[127.10284951299083, 37.332521369166486], [127.1021855221596, 37.3325451810235], [127.10152765044212, 37.332620844022394], [127.1008822321851, 37.33274762963192], [127.10025548190049, 37.33292431708089], [127.0996534344631, 37.33314920510548], [127.09908188703277, 37.33342012832056], [127.09854634325855, 37.33373447805787], [127.09805196030106, 37.334089227470756], [127.09760349918251, 37.3344809606647], [127.09720527894113, 37.33490590557367], [127.09686113503255, 37.33535997026642], [127.09657438237745, 37.33583878233407], [127.09634778341325, 37.33633773098029], [127.09618352145743, 37.33685201140934], [127.09608317964093, 37.337376671085394], [127.09604772561563, 37.337906657417946], [127.09607750218522, 37.338436866414455], [127.09617222395141, 37.33896219183215], [127.09633098001004, 37.339477574355385], [127.0965522426729, 37.339978050325215], [127.09683388213325, 37.3404587995515], [127.09717318693585, 37.34091519174672], [127.09756689005559, 37.34134283113397], [127.09801120033514, 37.34173759879875], [127.09850183897973, 37.34209569237607], [127.0990340807583, 37.342413662689985], [127.09960279951444, 37.342688446991744], [127.10020251754833, 37.34291739847573], [127.10082745839433, 37.34309831178826], [127.10147160248425, 37.34322944428265], [127.10212874515913, 37.343309532815475], [127.1027925564698, 37.343337805921514], [127.10345664218792, 37.34331399124987], [127.10372024564509, 37.34328367439118], [127.10415567235455, 37.34367048847363], [127.10464635289978, 37.344028556692415], [127.10517863440535, 37.34434649948677], [127.1057473903318, 37.344621254373], [127.10634714262113, 37.34485017482884], [127.1066309810457, 37.34493232459589], [127.10625403497407, 37.345038592945485], [127.10565190811184, 37.34526351058069], [127.10508028976221, 37.345534461814175], [127.10454468425712, 37.345848837708076], [127.10405024935176, 37.34620361116417], [127.1036017465688, 37.34659536605663], [127.10320349534821, 37.347020330110674], [127.10285933144442, 37.34747441121086], [127.10257256997137, 37.347953236790445], [127.10234597345219, 37.34845219592298], [127.10218172518164, 37.3489664837118], [127.10208140815973, 37.34949114755011], [127.10204598980043, 37.350021134807214], [127.10207581256479, 37.35055134148155], [127.10217059061047, 37.35107666135244], [127.10232941249197, 37.35159203515744], [127.10255074988774, 37.35209249932129], [127.1028324722718, 37.35257323376724], [127.10317186739054, 37.35302960834983], [127.1035656673492, 37.353457227461455], [127.10401008005778, 37.35385197238259], [127.10450082573483, 37.35421004096705], [127.10503317811815, 37.35452798427934], [127.10560200998549, 37.354802739830575], [127.10620184254712, 37.355031661091914], [127.1068268982337, 37.355212543000654], [127.10747115637017, 37.355343643212564], [127.10812841119838, 37.355423698895116], [127.10830220165883, 37.35543109147266], [127.10832652415972, 37.35543405391879], [127.10899044482488, 37.35546229281224], [127.10965463573415, 37.35543844399451], [127.11031269899838, 37.355362737183576], [127.11095829578944, 37.355235901622606], [127.11158520743734, 37.355059159051464], [127.1121873953662, 37.35483421193132], [127.11275905929045, 37.35456322703613], [127.11329469310877, 37.35424881456963], [127.11378913795646, 37.35389400300964], [127.1142376319041, 37.35350220992229], [127.1146358558236, 37.3530772090284], [127.11497997497932, 37.35262309383981], [127.11526667594408, 37.352144238216496], [127.11549319848515, 37.35164525422543], [127.11565736211392, 37.35113094770752], [127.11575758704497, 37.35060627198115], [127.11579290936403, 37.35007628012885], [127.11576299026093, 37.349546076326895], [127.11566811924004, 37.34902076668678], [127.11550921127964, 37.34850541008216], [127.11528779796961, 37.348004969434776], [127.11500601271446, 37.347524263928115], [127.11466657014624, 37.34706792260894], [127.11427273994724, 37.34664033982271], [127.11382831533548, 37.34624563291184], [127.11333757651802, 37.345887602583076], [127.11280524946424, 37.345569696325256], [127.1122364603966, 37.345294975228846], [127.11163668643677, 37.34506608452592], [127.11123696921595, 37.34495041569929], [127.1115316949518, 37.34486731290966], [127.1121338013685, 37.34464236521491], [127.11270538788568, 37.34437137967652], [127.11324094914784, 37.344056966504255], [127.11373532698919, 37.343702154182544], [127.11418376012571, 37.34331036028464], [127.11458193001494, 37.342885358539014], [127.11492600244128, 37.34243124246544], [127.11521266442737, 37.3419523859323], [127.11543915611537, 37.34145340101515], [127.11560329731329, 37.34093909356372], [127.11570350845109, 37.34041441690525], [127.11573882574675, 37.339884424131206], [127.11570891043773, 37.339354219426724], [127.11561405199117, 37.338828908912], [127.11545516526365, 37.33831355146919], [127.1152337816399, 37.33781311002818], [127.114952034238, 37.33733240378024], [127.11461263732507, 37.3368760617794], [127.1142188601433, 37.33644847837791], [127.11377449539997, 37.33605377092426], [127.11328382272549, 37.33569574013064], [127.11275156745232, 37.335377833490554], [127.1121828551118, 37.33510311209835], [127.11158316208703, 37.334874221189125], [127.11095826289636, 37.334693364682195], [127.11031417461452, 37.334562283972545], [127.10965709896499, 37.33448224117363], [127.10899336264018, 37.33445400697287], [127.10832935642188, 37.33447785321588], [127.10806578553135, 37.334508180576336], [127.1076303911084, 37.33412138047416], [127.10713976031077, 37.33376332432054], [127.10660754473989, 37.33344539016214], [127.10603886954506, 37.33317063935827], [127.10543921075201, 37.33294171742723], [127.10481434254977, 37.33276082858701], [127.10417028171497, 37.33262971454385], [127.10351322970702, 37.33254963773207], [127.10284951299083, 37.332521369166486]]], [[[127.11126900751505, 37.361611087923166], [127.1106691071477, 37.361382192227126], [127.1100439910234, 37.361201330466756], [127.10939967830478, 37.36107024408729], [127.1087423728752, 37.3609901952565], [127.10807840363823, 37.36096195471971], [127.10741416361704, 37.36098579438351], [127.10675604843836, 37.36106148469958], [127.10611039479178, 37.36118829687395], [127.10548341945461, 37.361365009879954], [127.10488115946774, 37.36158992220815], [127.10430941403692, 37.36186086823989], [127.10377368871738, 37.362175239087726], [127.10327914241783, 37.36253000770226], [127.10283053773354, 37.362921758004674], [127.10243219508591, 37.363346717764664], [127.10208795111016, 37.363800794908485], [127.10180112169182, 37.36427961690778], [127.10157447000898, 37.36477857287086], [127.10141017988855, 37.36529285793176], [127.10130983473448, 37.36581751951019], [127.10127440223275, 37.36634750499732], [127.10130422498165, 37.36687771040867], [127.10139901714012, 37.36740302953573], [127.10155786712787, 37.36791840312316], [127.10177924635362, 37.368418867597676], [127.10204434942288, 37.368871155078814], [127.10226220678989, 37.369363643614044], [127.1025439908966, 37.36984437770658], [127.10288346110174, 37.37030075222408], [127.10327734878796, 37.370728371559295], [127.1037218610208, 37.3711231169902], [127.10421271706045, 37.37148118636537], [127.10474518958179, 37.37179913074138], [127.10531415020526, 37.37207388761875], [127.10591411890064, 37.37230281045558], [127.1065393167868, 37.372483694173695], [127.1071837218183, 37.37261479641122], [127.10784112682136, 37.37269485431599], [127.10850519931844, 37.37272309671774], [127.10916954256378, 37.37269925156143], [127.10982775720001, 37.3726235485297], [127.11047350294004, 37.372496716829474], [127.11110055967838, 37.37231997816355], [127.1117028874409, 37.3720950349557], [127.11227468459464, 37.37182405394242], [127.11281044375457, 37.3715096452904], [127.11330500484851, 37.37115483744102], [127.1137536048274, 37.37076304792499], [127.11415192354205, 37.370338050429126], [127.1144961253442, 37.36988393843281], [127.11478289601126, 37.369405085765614], [127.11500947463996, 37.36890610446634], [127.11517368020239, 37.36839180035015], [127.11527393251028, 37.36786712671251], [127.11530926738688, 37.36733713661594], [127.11527934590218, 37.36680693421986], [127.11518445758469, 37.36628162562219], [127.11502551758036, 37.36576626968649], [127.11480405778876, 37.3652658293279], [127.11453889036568, 37.364813569809506], [127.11432096544614, 37.36432110312914], [127.1140391262927, 37.36384039633739], [127.11369961699171, 37.363384053122246], [127.11330570786862, 37.36295646784721], [127.11286119290199, 37.36256175787834], [127.11237035316917, 37.3622037239515], [127.1118379156114, 37.36188581358989], [127.11126900751505, 37.361611087923166]]], [[[127.11813991302265, 37.37397025477722], [127.11757089081392, 37.37369555934674], [127.11697087511851, 37.37346669543663], [127.11634564356046, 37.37328586670571], [127.11570121641319, 37.37315481428106], [127.11504379866119, 37.37307480000361], [127.1143797202889, 37.37304659428593], [127.11371537536961, 37.373070468699524], [127.11305716053957, 37.37314619336161], [127.11241141344735, 37.373273039147705], [127.11178435176959, 37.37344978470774], [127.11118201337828, 37.37367472821904], [127.11061019823397, 37.37394570376297], [127.11007441256318, 37.37426010216816], [127.10957981585594, 37.37461489612014], [127.10913117119318, 37.375006669296276], [127.10873279938177, 37.37543164924625], [127.1083885373383, 37.37588574370203], [127.108101701123, 37.37636457996863], [127.10787505398022, 37.37686354701706], [127.10771077969396, 37.377377839874576], [127.1076104615166, 37.377902505885764], [127.10757506687514, 37.37843249239893], [127.10760493800417, 37.37896269541958], [127.10769978859749, 37.37948800876204], [127.10785870651267, 37.380003373226366], [127.10808016250492, 37.38050382532686], [127.10836202490735, 37.38098454510248], [127.10870158011896, 37.38144090254848], [127.10909555870388, 37.38186850222172], [127.1095401668521, 37.382263225589305], [127.11003112289991, 37.38262127071204], [127.11056369855868, 37.38293918887986], [127.11113276445505, 37.383213917845524], [127.11173283954436, 37.3834428113358], [127.11235814392009, 37.383623664555145], [127.1130026545105, 37.38375473543537], [127.1136601631244, 37.38383476142636], [127.11432433628558, 37.38386297166528], [127.11498877627804, 37.38383909440701], [127.11564708281199, 37.383763359643574], [127.1162929147147, 37.38363649688768], [127.11692005105031, 37.38345972814154], [127.1169767341076, 37.383438559503354], [127.11681294614473, 37.383951489853395], [127.11671268215342, 37.38447616330872], [127.11667734804985, 37.385006152298594], [127.11670728548614, 37.385536352804344], [127.11680220751784, 37.38606165866423], [127.11696120131491, 37.38657701075008], [127.11718273690184, 37.38707744569508], [127.11746468184533, 37.387558143703075], [127.11780432174936, 37.388014474978704], [127.11819838636217, 37.38844204433061], [127.11864308104492, 37.38883673351768], [127.11913412330013, 37.38919474092976], [127.11937860018026, 37.38934063865223], [127.11875564188637, 37.38936304659837], [127.11809728931746, 37.38943879834014], [127.1174514105117, 37.38956567056578], [127.11682422441332, 37.3897424416709], [127.11622177009183, 37.389967409587115], [127.1156498486238, 37.39023840816114], [127.11542423543669, 37.39037078371882], [127.11494549246123, 37.39008505974866], [127.11437636077785, 37.389810349080065], [127.11377622695419, 37.38958146892016], [127.11315086975135, 37.389400623083965], [127.11250631065202, 37.389269552863], [127.11184875591066, 37.38918952026932], [127.11118453682998, 37.38916129589177], [127.11052004883727, 37.38918515148135], [127.10986168994556, 37.389260857336545], [127.10921579918974, 37.389387684513935], [127.10858859562893, 37.38956441184278], [127.10798611850058, 37.389789337676035], [127.10741416910051, 37.39006029626555], [127.10687825494755, 37.39037467860344], [127.10638353676853, 37.39072945753025], [127.10593477881399, 37.391121216868335], [127.10553630298173, 37.391546184301], [127.10519194719028, 37.392000267681055], [127.10490502840308, 37.39247909442055], [127.10467831066023, 37.39297805358251], [127.10451397842634, 37.393492340270456], [127.10441361551277, 37.394017001888585], [127.10437818977834, 37.394546985827766], [127.10440804375818, 37.3950771881184], [127.10450289131225, 37.39560250258189], [127.1046618203286, 37.39611787000752], [127.10488330145651, 37.39661832688102], [127.10516520278802, 37.39709905319526], [127.10550481034807, 37.397555418882334], [127.10589885419726, 37.397983028419546], [127.10634353989761, 37.39837776317869], [127.10660650018336, 37.398569507970805], [127.10663013363636, 37.39859048637654], [127.10712118153064, 37.398948543121044], [127.10765385968595, 37.39926647410484], [127.10822303774181, 37.39954121695693], [127.10882323357295, 37.399770125270045], [127.10944866610949, 37.399950994105524], [127.11009331104465, 37.40008208124457], [127.11075095889258, 37.400162123980195], [127.11141527483517, 37.400190351288195], [127.11207985978025, 37.400166491258865], [127.11273831204093, 37.40009077371831], [127.11338428903993, 37.39996392801335], [127.11401156844298, 37.39978717598202], [127.11461410813027, 37.39956222017719], [127.11518610442677, 37.39929122745718], [127.11544694894917, 37.39913819974059], [127.1156039237381, 37.39923187379484], [127.11617313089347, 37.39950657854001], [127.11677335098562, 37.39973544663275], [127.11739880271068, 37.399916273521924], [127.11804346157686, 37.400047317392826], [127.11824355302643, 37.4000716572988], [127.11824444686845, 37.400071998108494], [127.11886990498608, 37.400252817240805], [127.11951456936144, 37.4003838531137], [127.12017223032116, 37.400463843514245], [127.12083655292068, 37.400492017922474], [127.12150113800367, 37.40046810493847], [127.12215958388187, 37.40039233489858], [127.12280554803968, 37.400265437655506], [127.12333947689304, 37.40011494256766], [127.1234767509021, 37.40023674864204], [127.12396789022911, 37.400594735824434], [127.12450065180462, 37.40091259128008], [127.12506990446377, 37.40118725336548], [127.12567016536205, 37.401416076451376], [127.12629565280211, 37.40159685642024], [127.12694034194784, 37.40172785190944], [127.12759802288694, 37.401807801095124], [127.12826236048231, 37.40183593385451], [127.12892695543306, 37.40181197918898], [127.12958540595584, 37.401736167836525], [127.1302313694903, 37.40160923004797], [127.13085862383218, 37.40143238854866], [127.13146112710346, 37.40120734675353], [127.13203307598047, 37.40093627234937], [127.13256896161703, 37.40062177640307], [127.13306362272324, 37.400266888197436], [127.13351229528783, 37.3998750260377], [127.13391065846376, 37.3994499643108], [127.13425487617616, 37.398995797115035], [127.1345416340511, 37.39851689881181], [127.13476817131053, 37.398017881879504], [127.13493230732719, 37.39750355247634], [127.13503246258482, 37.39697886414099], [127.13506767384348, 37.396448870077144], [127.1350376033658, 37.39591867448184], [127.134942542117, 37.39539338338687], [127.13478340691016, 37.39487805548646], [127.13456173152588, 37.394377653424925], [127.13427965189443, 37.39389699601311], [127.13393988548414, 37.39344071183351], [127.13387431004053, 37.39336959094753], [127.13381033348792, 37.39316240081832], [127.13358866954475, 37.392661996848645], [127.13330660248344, 37.3921813370434], [127.13296684965127, 37.39172505000818], [127.13257268371903, 37.39129752956463], [127.13212790113808, 37.39090289245373], [127.13163678556224, 37.39054493870911], [127.13110406658804, 37.39022711508122], [127.13053487421053, 37.38995248186409], [127.12993468943317, 37.38972368344294], [127.12930929150714, 37.38954292284592], [127.12866470230676, 37.38941194054408], [127.12800712837593, 37.38933199770316], [127.12757767373483, 37.389313808378], [127.12773388742399, 37.38922212609399], [127.12822849579044, 37.38886725714977], [127.1286771249249, 37.388475412350424], [127.12907545439833, 37.38805036591546], [127.12941964845996, 37.38759621179577], [127.12970639296304, 37.38711732422671], [127.12993292725758, 37.386618315583156], [127.13009707074414, 37.386103991943514], [127.1301972438337, 37.38557930679097], [127.13023248311382, 37.38504931329865], [127.13020245057642, 37.38451911565819], [127.13010743682061, 37.383993819921265], [127.12994835820137, 37.38347848482701], [127.12972674795384, 37.38297807308928], [127.12944474138047, 37.38249740361235], [127.12910505524573, 37.38204110509517], [127.12871096157801, 37.38161357147022], [127.12826625613263, 37.38121891960561], [127.12777522182076, 37.38086094967727], [127.12724258745654, 37.380543108591695], [127.12667348222054, 37.38026845681116], [127.1260733862776, 37.38003963889982], [127.12544807802384, 37.37985885807357], [127.12480357847065, 37.3797278549983], [127.12414609329925, 37.37964789103981], [127.12348195314273, 37.3796197361264], [127.12281755266893, 37.37964366134048], [127.12215928904872, 37.3797194363104], [127.12151350040027, 37.379846331427444], [127.1208864048002, 37.38002312486679], [127.12082972540476, 37.38004429541143], [127.12099347732794, 37.379531358961096], [127.12109370464341, 37.37900668123643], [127.12112900449597, 37.37847669020197], [127.12109903829372, 37.377946490026005], [127.12100409599653, 37.377421186784886], [127.12084509327084, 37.37690583929036], [127.12062356262079, 37.37640541037597], [127.1203416385822, 37.37592471911178], [127.12000203712479, 37.375468394406795], [127.11960802946165, 37.37504083044596], [127.1191634105202, 37.37464614438977], [127.11867246237891, 37.37428813674357], [127.11813991302265, 37.37397025477722]]], [[[127.1062625421924, 37.481908383407166], [127.10569274987424, 37.48163363142221], [127.10509191175413, 37.48140470670135], [127.10446581337241, 37.48122381348713], [127.10382048334527, 37.481092693526044], [127.10316213534634, 37.481012609308024], [127.102497108312, 37.48098433191832], [127.10183180544445, 37.481008133617976], [127.10117263259816, 37.48108378522438], [127.10052593664068, 37.48121055831678], [127.09989794437992, 37.4813872322459], [127.09929470264375, 37.48161210587993], [127.09872202008725, 37.48188301397461], [127.09818541128644, 37.482197348009784], [127.09769004365569, 37.48255208129281], [127.09724068769896, 37.48294379808744], [127.09684167107324, 37.48336872648846], [127.09656188708318, 37.48373712270207], [127.09616498673768, 37.48415978646334], [127.09582014481401, 37.48461383262034], [127.09553280729966, 37.48509262669471], [127.09530574227085, 37.48559155806563], [127.09514113754123, 37.486105822105706], [127.09504057955174, 37.48663046643835], [127.0950050380457, 37.48716043862173], [127.09503485667945, 37.487690634799925], [127.09512974965965, 37.48821594885336], [127.09528880444304, 37.48873132157505], [127.09551049047359, 37.48923178939911], [127.0957926738752, 37.489712532212046], [127.0961326379608, 37.49016891978587], [127.09652710936095, 37.49059655638559], [127.09697228952248, 37.49099132312078], [127.09700968380018, 37.491018562201816], [127.09727513417855, 37.49125394920168], [127.09776673909761, 37.49161204245567], [127.09830003108618, 37.4919300141931], [127.09886987387092, 37.492204801648676], [127.09947077892245, 37.49243375798379], [127.1000969583371, 37.49261467779574], [127.10074238061084, 37.49274581837334], [127.10140082876624, 37.492825916493935], [127.10206596027199, 37.492854200599005], [127.10273136817533, 37.492830398231426], [127.10339064285756, 37.49275473866184], [127.10403743381477, 37.49262795067899], [127.10466551086807, 37.49245125556563], [127.10526882421054, 37.49222635532741], [127.10584156271197, 37.49195541628869], [127.10637820991744, 37.49164104821388], [127.10687359719958, 37.491286279155794], [127.10732295355145, 37.49089452627392], [127.10772195153993, 37.49046956290455], [127.10806674897694, 37.4900154822008], [127.10835402590703, 37.48953665769307], [127.10858101655616, 37.489037701150885], [127.10874553593453, 37.48852341815271], [127.10877184855022, 37.48838600691368], [127.10895474023287, 37.48798397455295], [127.10911925467855, 37.48746969091506], [127.10921971549503, 37.486945034120126], [127.10925515650513, 37.486415057069344], [127.1092252377648, 37.485884863796926], [127.10913024878411, 37.48535956031291], [127.10897110568644, 37.48484420543114], [127.10874934233452, 37.48434376205569], [127.1084670955114, 37.48386304939477], [127.10812708430056, 37.483406696562135], [127.10773258386536, 37.482979098011896], [127.10728739388172, 37.48258437123574], [127.10679580192904, 37.482226317129125], [127.1062625421924, 37.481908383407166]]], [[[127.0990866428039, 37.53104699507472], [127.09855307057003, 37.53072902736275], [127.09798293728882, 37.530454238479436], [127.09738173302235, 37.53022527430624], [127.0967552468354, 37.5300443394648], [127.0961095110766, 37.529913176101665], [127.0954507433243, 37.52983304712409], [127.09478528655434, 37.529804724047864], [127.0941195481042, 37.52982847957367], [127.09345993801989, 37.529904084963405], [127.09281280737646, 37.5300308122415], [127.09218438716498, 37.530207441200076], [127.0915807283318, 37.530432271140846], [127.09100764354643, 37.530703137240906], [127.0904706512566, 37.53101743138527], [127.08997492256846, 37.53137212726634], [127.08952523146242, 37.53176380950896], [127.0891259088229, 37.53218870654167], [127.08907668565084, 37.53225346439997], [127.08885108418826, 37.5321675274289], [127.08822460282799, 37.531986547418306], [127.08757886573007, 37.531855337442764], [127.08692009048583, 37.53177516085822], [127.08625462014321, 37.53174678963865], [127.08558886217041, 37.53177049694814], [127.08492922680124, 37.53184605451267], [127.084282065354, 37.53197273481697], [127.08365360911607, 37.532149318105354], [127.08304990938043, 37.53237410411918], [127.08247677920997, 37.53264492845841], [127.08193973748907, 37.5329591834102], [127.0814439557995, 37.53331384304428], [127.08099420863154, 37.533705492334654], [127.0805948274091, 37.53413036002721], [127.08024965877155, 37.5345843549383], [127.07996202751377, 37.53506310533478], [127.0797347045423, 37.535562001017595], [127.07956988015704, 37.536076237704], [127.07946914291685, 37.53660086328178], [127.07943346429442, 37.53713082549044], [127.07946318926979, 37.53766102057078], [127.07955803295516, 37.538186342414136], [127.07971708328553, 37.53870173173873], [127.0799388097511, 37.539202224818744], [127.08022107808961, 37.539683001297234], [127.08056117079883, 37.54013943062153], [127.080955813273, 37.54056711665395], [127.08140120531326, 37.540961940027216], [127.08189305770932, 37.54132009783599], [127.08242663354078, 37.54163814028179], [127.08299679380055, 37.541913003917294], [127.08359804690103, 37.54214204116913], [127.08422460158525, 37.54232304585425], [127.08487042273302, 37.54245427444311], [127.08552928952304, 37.54253446286449], [127.08619485538924, 37.542562838689506], [127.08686070919259, 37.542539128577125], [127.08752043701654, 37.54246356090905], [127.08816768398975, 37.54233686358883], [127.08879621553818, 37.542160257026076], [127.08939997747473, 37.54193544237385], [127.08997315434608, 37.54166458513273], [127.09051022547325, 37.54135029427997], [127.09100601814437, 37.54099559712548], [127.09145575744715, 37.540603910137186], [127.09185511225988, 37.54017900601786], [127.0919043383135, 37.54011424710487], [127.09212996719121, 37.5402001782888], [127.09275652671587, 37.54038113778874], [127.09340234653202, 37.54051231974757], [127.09406120583101, 37.54059246054337], [127.094726758119, 37.54062078820621], [127.09539259238771, 37.54059702985915], [127.09605229490894, 37.540521414348675], [127.0966995110553, 37.54039467003934], [127.09732800654993, 37.540218017793485], [127.09793172755336, 37.53999315920435], [127.09850485900692, 37.53972226019575], [127.09904188066949, 37.53940793014733], [127.09953762030604, 37.53905319674647], [127.0999873035155, 37.538661476810184], [127.1003865997169, 37.538236543358494], [127.10073166385064, 37.5377824892573], [127.10101917339406, 37.53730368778175], [127.1012463603346, 37.53680475048047], [127.10141103779434, 37.53629048274737], [127.10151162104997, 37.535765837529446], [127.10154714274825, 37.53523586761696], [127.10151726217127, 37.534705676975705], [127.10142226846497, 37.534180371590544], [127.10126307780155, 37.533665010293575], [127.10104122450495, 37.53316455605042], [127.10075884622734, 37.53268382817358], [127.10041866332064, 37.5322274559227], [127.1000239526037, 37.53179983393823], [127.09957851577902, 37.53140507993667], [127.0990866428039, 37.53104699507472]]], [[[127.10743327613197, 37.54077686251045], [127.10686303371028, 37.54050211634733], [127.10626172149279, 37.54027319715842], [127.10563512958299, 37.540092309132206], [127.104989291347, 37.539961193964444], [127.10433042534915, 37.539881114098385], [127.10366487551059, 37.53985284057707], [127.10299905006445, 37.53987664562418], [127.1023393598939, 37.53995230002503], [127.10169215684473, 37.540079075332315], [127.1010636726049, 37.540255750875986], [127.1004599587372, 37.54048062550946], [127.09988682844106, 37.54075153397973], [127.09934980060257, 37.5410658677641], [127.09885404667055, 37.54142060017344], [127.09840434086885, 37.541812315481096], [127.09800501422403, 37.542237241797295], [127.09765991285086, 37.542691287373806], [127.09737236089751, 37.54317007998944], [127.0971451285079, 37.54366900903831], [127.09698040511066, 37.544183269916054], [127.09687977829293, 37.54470791027705], [127.09684421846484, 37.54523787771799], [127.09687406946303, 37.5457680684287], [127.09696904518648, 37.546293376342106], [127.09712823229886, 37.546808742309956], [127.09735009897318, 37.54730920283084], [127.09763250959669, 37.54778993786082], [127.09797274529653, 37.54824631724595], [127.09836753008932, 37.54867394532907], [127.09881306240482, 37.54906870330067], [127.09930505168094, 37.549426788885036], [127.09983875967806, 37.549744752979166], [127.10040904611525, 37.550019532890275], [127.10101041818855, 37.550248481851426], [127.10163708349418, 37.5504293945301], [127.10228300584558, 37.55056052828309], [127.10294196344584, 37.550640619952944], [127.10360760885355, 37.55066889804302], [127.10427353016298, 37.550645090154035], [127.10493331280696, 37.55056942560993], [127.10558060138601, 37.55044263324777], [127.10620916092529, 37.55026593439301], [127.10681293696825, 37.5500410310881], [127.1073861139262, 37.549770089687854], [127.10792317111978, 37.549455719980436], [127.1084189359721, 37.5491009500355], [127.10886863383965, 37.54870919702217], [127.10926793400078, 37.5482842342792], [127.10961299135846, 37.54783015495473], [127.109900483456, 37.54735133256683], [127.11012764244973, 37.5468523788655], [127.11029228173162, 37.54633809940253], [127.11039281694696, 37.545813447237734], [127.11042828120586, 37.54528347522803], [127.1103983343444, 37.544753287359185], [127.1103032661475, 37.54422798958906], [127.11014399350525, 37.543712640676084], [127.10992205153153, 37.54321220346627], [127.1096395787327, 37.542731497107745], [127.10929929637106, 37.54227515065259], [127.10890448222318, 37.54184755849249], [127.10845893898738, 37.54145283805651], [127.1079669576454, 37.541094790177816], [127.10743327613197, 37.54077686251045]]], [[[127.12216185187272, 37.66433342715543], [127.12159061469177, 37.66405875245107], [127.12098826464782, 37.66382990739273], [127.12036060183344, 37.66364909545332], [127.11971366992098, 37.66351805759466], [127.11905369799975, 37.663438055514725], [127.11838704063318, 37.6634098595071], [127.11772011671201, 37.66343374104921], [127.11705934768987, 37.66350947019035], [127.11641109579463, 37.663636317764556], [127.11578160280806, 37.66381306240737], [127.11517693000155, 37.66403800230862], [127.11460289980484, 37.66430897158893], [127.11406503976714, 37.66462336114232], [127.11356852935002, 37.66497814374505], [127.11311815006256, 37.665369903189564], [127.1127182394189, 37.6657948671634], [127.11237264916113, 37.66624894355787], [127.11208470815032, 37.666727759856954], [127.11185719028315, 37.667226705228316], [127.11169228774448, 37.66774097491157], [127.11159158985458, 37.66826561647705], [127.11155606771638, 37.668795577510146], [127.11158606481204, 37.66932575426222], [127.11168129364192, 37.66985104079989], [127.1118408384401, 37.67036637817968], [127.11206316394197, 37.67086680317393], [127.11234613012223, 37.67134749607895], [127.11268701276252, 37.671803827144295], [127.11308252965243, 37.672231401175814], [127.11352887217306, 37.67262609988205], [127.11402174195972, 37.67298412155558], [127.11455639229148, 37.67330201770648], [127.11512767380901, 37.6735767262941], [127.11573008412066, 37.67380560123647], [127.11635782081787, 37.673986437912234], [127.11700483738895, 37.67411749440898], [127.11766490149125, 37.6741975083125], [127.11833165501885, 37.6742257088748], [127.11899867538561, 37.674201824443415], [127.11965953743153, 37.67412608508014], [127.12030787535392, 37.67399922034372], [127.12093744406502, 37.67382245225816], [127.12154217938335, 37.67359748353452], [127.12211625647696, 37.673326481159826], [127.12265414599432, 37.673012055511826], [127.12315066734105, 37.672657235201385], [127.123601038588, 37.67226543788513], [127.12400092253009, 37.6718404373309], [127.12434646845126, 37.67138632705315], [127.12463434919435, 37.670907480870035], [127.12486179317872, 37.67040851076233], [127.12502661105876, 37.66989422244099], [127.12512721676758, 37.66936956905193], [127.12516264274474, 37.66883960346414], [127.12513254920351, 37.668309429601344], [127.12503722734984, 37.667784153285815], [127.12487759652453, 37.667268833068235], [127.12465519529813, 37.66676843151673], [127.12437216660602, 37.666287767434085], [127.12403123706886, 37.66583146946314], [127.12363569069929, 37.66540393152623], [127.12318933724904, 37.66500927052771], [127.12269647550288, 37.66465128672594], [127.12216185187272, 37.66433342715543]]], [[[127.19936534569811, 37.2319214457153], [127.19870247200691, 37.2318937181112], [127.19803939111333, 37.23191807236316], [127.19738248749022, 37.23199427396974], [127.19673808616893, 37.232121589214934], [127.19611239187621, 37.23229879222862], [127.19551142932563, 37.23252417678292], [127.19494098523731, 37.23279557271127], [127.19440655264229, 37.233110366792616], [127.19391327800695, 37.23346552790006], [127.19386944617489, 37.23350394594315], [127.19348709254557, 37.23331935647606], [127.19288795505842, 37.23309087620661], [127.19226369734058, 37.232910448893264], [127.19162033029144, 37.23277981180087], [127.19096404869256, 37.23270022277379], [127.19030117159438, 37.232672448132426], [127.18963808151028, 37.23269675529934], [127.18898116300156, 37.23277291022625], [127.18833674124278, 37.2329001796465], [127.18771102115718, 37.233077338131025], [127.18711002770645, 37.23330267988061], [127.18653954790787, 37.233574035140755], [127.18600507513604, 37.233888791081974], [127.18551175624373, 37.23424391694457], [127.18506434201105, 37.23463599320701], [127.18466714139831, 37.235061244497096], [127.18432398004411, 37.23551557593036], [127.1840590465252, 37.235959612074524], [127.1836860525731, 37.23562835174185], [127.18319569449005, 37.2352706062366], [127.18266384635302, 37.2349530105776], [127.18209562977069, 37.23467862286681], [127.18149651635144, 37.23445008512853], [127.18087227503308, 37.23426959788377], [127.18022891655745, 37.23413889897423], [127.17957263562371, 37.23405924683931], [127.17890975127601, 37.2340314084068], [127.1782466460975, 37.23405565171325], [127.17758970479474, 37.234131743325065], [127.17694525276148, 37.23425895058499], [127.17631949521224, 37.23443604866228], [127.17571845746899, 37.23466133233924], [127.17514792697507, 37.23493263242043], [127.1746133975927, 37.23524733660759], [127.17412001671924, 37.2356024146394], [127.1736725357311, 37.23599444745494], [127.17327526423087, 37.23641966010047], [127.1729320285393, 37.23687395806381], [127.17264613483103, 37.23735296668676], [127.17242033727042, 37.23785207327702], [127.17239775508742, 37.23792310980789], [127.17191680206243, 37.237635848374985], [127.17134860475399, 37.237361409312854], [127.17074950301496, 37.23713281736245], [127.17012526567096, 37.236952273566615], [127.16948190342573, 37.23682151631139], [127.16882561101495, 37.23674180459774], [127.16816270759323, 37.2367139059269], [127.16749957592735, 37.2367380889152], [127.16684260097867, 37.23681412070964], [127.16619810846468, 37.23694126922868], [127.1655723039893, 37.237118310207066], [127.16497121332593, 37.2373435389767], [127.164400624427, 37.2376147868708], [127.1638660317166, 37.23792944209357], [127.1633725832014, 37.238284474855206], [127.16292503090857, 37.23867646653074], [127.16252768512692, 37.239101642562765], [127.16218437289201, 37.23955590879182], [127.16189840111525, 37.240034890865545], [127.16167252471249, 37.24053397634754], [127.16150892003982, 37.24104835912155], [127.16140916389426, 37.241573085663404], [127.16137421828222, 37.242103102736095], [127.16140442110505, 37.24263330604882], [127.16149948285263, 37.24315858941167], [127.16165848933947, 37.24367389391258], [127.16187991045815, 37.244174256643035], [127.1621616148687, 37.24465485850305], [127.1625008904835, 37.24511107062445], [127.16289447055233, 37.245538498965175], [127.16333856509759, 37.245933026644416], [127.16382889739796, 37.24629085361001], [127.16436074516967, 37.246608533255696], [127.16492898604922, 37.24688300563438], [127.16552814693888, 37.247111626947046], [127.16615245673992, 37.24729219502248], [127.1667959019641, 37.247422970541635], [127.16745228468695, 37.24750269380159], [127.16811528228317, 37.24753059685746], [127.16877850836691, 37.24750641092438], [127.16943557434841, 37.247430368968516], [127.17008015101183, 37.24730320346188], [127.17070602951944, 37.24712613932262], [127.17130718125281, 37.24690088210882], [127.17187781591262, 37.24662960158038], [127.17241243731627, 37.24631491078722], [127.17290589635434, 37.2459598408861], [127.17335344059532, 37.24556781192925], [127.17375076005982, 37.245142599906735], [127.17409402872364, 37.244688300361126], [127.17437994134977, 37.244209288925134], [127.17460574529551, 37.24371017916352], [127.17462832717672, 37.24363914227943], [127.17510932855043, 37.243926392639565], [127.17567758873373, 37.24420081365282], [127.17627676132707, 37.244429380735816], [127.17690107511864, 37.244609892239886], [127.17754451658155, 37.24474060939104], [127.17820088782742, 37.24482027304883], [127.1788638663415, 37.244848115842686], [127.17952706592182, 37.24482386956844], [127.1801840982341, 37.244747767773745], [127.18082863438704, 37.244620543507175], [127.18145446593356, 37.24444342225302], [127.18205556470792, 37.24421811011968], [127.18262614092146, 37.243946777396125], [127.18316069895494, 37.24363203763506], [127.18365409030991, 37.24327692246488], [127.18410156320726, 37.24288485237373], [127.18449880835527, 37.24245960374782], [127.18484200044593, 37.242005272482], [127.18510695080111, 37.241561235116556], [127.18547998005015, 37.24189249080548], [127.1859703916675, 37.242250226699525], [127.18650230483487, 37.24256780741713], [127.18707059655793, 37.242842173964206], [127.1876697932484, 37.243070683561356], [127.18829412346196, 37.24325113511375], [127.18893757351324, 37.24338179042507], [127.18959394543094, 37.24346139095076], [127.19025691669377, 37.24348916992858], [127.19092010116958, 37.24346485976932], [127.19157711066971, 37.24338869463622], [127.19222161652287, 37.24326140818817], [127.19284741057405, 37.24308422650862], [127.19344846501915, 37.24285885628815], [127.19401899049687, 37.242587468375355], [127.19455349187727, 37.24227267685458], [127.19504682120805, 37.2419175138528], [127.19509065734735, 37.241879095447715], [127.1954730580126, 37.2420636796813], [127.19607227422281, 37.24229214687778], [127.19669661837068, 37.24247255421439], [127.19734007663642, 37.24260316392081], [127.19799645096941, 37.24268271789197], [127.19865941882503, 37.2427104498142], [127.19932259410395, 37.242686092551736], [127.19997958870614, 37.242609880721695], [127.20062407410397, 37.242482548432974], [127.20124984233973, 37.24230532221067], [127.20185086585825, 37.24207990917455], [127.2024213555964, 37.24180848058572], [127.20295581676889, 37.24149365092034], [127.2034491018111, 37.241138452672836], [127.2035532258315, 37.24104718008081], [127.20380383984627, 37.24131911540802], [127.20424812411095, 37.24171349078802], [127.20473862381299, 37.24207114935158], [127.20527061505435, 37.242388646114435], [127.2058389740877, 37.242662922891185], [127.20643822667567, 37.242891337767254], [127.2070626008349, 37.243071690560406], [127.20767669048865, 37.24319628089071], [127.20755508703071, 37.2435793754178], [127.20745564638511, 37.24410414192652], [127.2074210218409, 37.2446341737866], [127.20745154820783, 37.24516436656337], [127.20754693285988, 37.24568961416697], [127.2077062585012, 37.246204858028264], [127.20792799194976, 37.24670513582148], [127.20820999885629, 37.24718562926345], [127.20854956421817, 37.24764171052915], [127.20894341849265, 37.24806898683601], [127.20938776905903, 37.2484633427669], [127.209878336728, 37.24882097992349], [127.21041039694653, 37.249138453527564], [127.21097882530267, 37.24941270561665], [127.21157814689097, 37.24964109451392], [127.21220258906301, 37.24982142028731], [127.21284613705406, 37.2499519459523], [127.21350259194855, 37.2500314142135], [127.21416563042528, 37.25005905958315], [127.21482886570425, 37.25003461575946], [127.21548590910716, 37.249958318193706], [127.21613043163617, 37.249830901820964], [127.21675622497592, 37.24965359397659], [127.21735726132957, 37.24942810256693], [127.2179277515108, 37.24915659960824], [127.21846220073046, 37.248841700293305], [127.21895546153972, 37.24848643778754], [127.21940278341859, 37.24809423399825], [127.2197998585316, 37.247668866599206], [127.2201428632102, 37.24721443262892], [127.220428494762, 37.2467353090141], [127.22065400325326, 37.246236110398954], [127.2208172179594, 37.24572164468745], [127.22091656823012, 37.24519686672722], [127.22095109856953, 37.24466683058159], [127.22092047778818, 37.24413664084991], [127.22082500214039, 37.24361140350506], [127.22066559241892, 37.24309617672188], [127.22044378503692, 37.24259592216987], [127.22016171718491, 37.242115457239066], [127.21982210620762, 37.24165940865881], [127.21942822340077, 37.24123216795557], [127.21898386248147, 37.240837849178284], [127.21849330303701, 37.24048024929746], [127.21796126930428, 37.24016281165885], [127.21739288467741, 37.23988859284277], [127.21679362238136, 37.239660233247406], [127.21616925278597, 37.23947993167877], [127.21555517897384, 37.23935538537837], [127.2156767350694, 37.23897228216399], [127.21577611178921, 37.238447508028905], [127.21581067472913, 37.2379174729141], [127.21578009238522, 37.2373872814091], [127.21568466064122, 37.23686203950405], [127.21552529986671, 37.23634680541792], [127.21530354600316, 37.23584654089072], [127.21502153572551, 37.23536606340877], [127.21468198582396, 37.23490999982248], [127.21428816700603, 37.23448274180306], [127.21384387237275, 37.23408840356635], [127.2133533808732, 37.23373078227044], [127.21282141609032, 37.233413321467424], [127.21225310075455, 37.23313907796077], [127.21165390742402, 37.23291069238652], [127.21102960580488, 37.232730363800854], [127.2103862072187, 37.23259982851826], [127.20972990675034, 37.23252034340315], [127.2090670236316, 37.23249267377577], [127.20840394043375, 37.23251708604791], [127.20774704165193, 37.23259334515969], [127.20710265227095, 37.2327207168416], [127.20647697690275, 37.23289797468029], [127.20587604007899, 37.23312341192017], [127.20530562827243, 37.233394857887504], [127.20477123420366, 37.23370969887947], [127.20427800396861, 37.23406490331754], [127.2041738904782, 37.234156176700075], [127.2039232986658, 37.233884241923974], [127.20347906177025, 37.233489865010604], [127.20298862337619, 37.233132200979156], [127.20245670655558, 37.23281469379331], [127.20188843357758, 37.23254040070314], [127.20128927659287, 37.23231196282202], [127.20066500495807, 37.232131579709744], [127.20002162970636, 37.232000988205634], [127.19936534569811, 37.2319214457153]]], [[[127.22280705081766, 37.254788857441206], [127.2222748986439, 37.254471439467586], [127.22170639110703, 37.25419724151656], [127.22110700261508, 37.253968903785136], [127.22048250475243, 37.25378862486865], [127.21983891072915, 37.25365814060319], [127.21918241751075, 37.25357870736196], [127.21851934618388, 37.25355108996573], [127.21785608113088, 37.25357555432357], [127.21719900859681, 37.25365186487426], [127.21655445523865, 37.2537792868534], [127.21592862724653, 37.25395659336365], [127.21532755062114, 37.25418207718117], [127.21475701318107, 37.25445356718418], [127.21422250885664, 37.25476844924629], [127.21372918480563, 37.255123691393884], [127.2132817918591, 37.255515872986], [127.21288463877403, 37.25594121763643], [127.21254155073319, 37.25639562956168], [127.21225583249178, 37.256874733005816], [127.21203023652674, 37.25737391436285], [127.21186693649614, 37.257888366592184], [127.21176750626526, 37.25841313549951], [127.2117329047038, 37.25894316743843], [127.21176346640104, 37.259473357973434], [127.21185889839171, 37.25999860103605], [127.2120182829249, 37.26051383810071], [127.2122400862522, 37.26101410690681], [127.21252217335191, 37.261494589257474], [127.21278288609244, 37.261844659023126], [127.21231953564417, 37.261898445188024], [127.21167490388102, 37.2620258400959], [127.21104899626641, 37.262203120230915], [127.21044783956724, 37.26242857862319], [127.20987722237268, 37.26270004439582], [127.20934263938064, 37.26301490365586], [127.2088492385061, 37.26337012464937], [127.20840177131964, 37.263762286939276], [127.208004547293, 37.264187614325444], [127.20766139229204, 37.26464201119082], [127.2073756117169, 37.26512110192473], [127.20714995864496, 37.26562027304382], [127.20698660728446, 37.26613471760629], [127.20688713199547, 37.26665948149189], [127.20685249208198, 37.26718951110279], [127.20688302250323, 37.26771970202606], [127.20697843059567, 37.26824494818963], [127.20713779883916, 37.26876019103817], [127.20735959364279, 37.26926046825544], [127.20764168006758, 37.26974096156353], [127.20798134234613, 37.270197043138424], [127.20837531000305, 37.27062432019419], [127.20881978932623, 37.27101867730603], [127.2093104998865, 37.27137631606385], [127.20984271575466, 37.271693791673535], [127.21041131101934, 37.271968046152914], [127.211010809167, 37.2721964378017], [127.21163543584795, 37.272376766660955], [127.21227917451932, 37.2725072957162], [127.21293582442797, 37.27258676763917], [127.21359906037307, 37.27261441690664], [127.21426249367141, 37.272589977179265], [127.21491973373614, 37.27251368386886], [127.21556444967402, 37.27238627186965], [127.21619043130563, 37.27220896847507], [127.21679164901963, 37.271983481548844], [127.21736231188207, 37.2717119830644], [127.21789692344007, 37.27139708817182], [127.21839033468089, 37.271041829994324], [127.21883779363554, 37.270649630398], [127.21923499114865, 37.27022426701665], [127.21957810237323, 37.26976983685055], [127.2198638235915, 37.26929071679014], [127.2200894040071, 37.26879152144577], [127.22025267220393, 37.26827705869021], [127.22035205701785, 37.26775228334282], [127.22038660262176, 37.26722224944196], [127.22035597768071, 37.26669206156538], [127.2202604784906, 37.26616682566809], [127.22010102607237, 37.26565159991088], [127.21987915725174, 37.26515134595319], [127.21959700981212, 37.26467088117905], [127.21933625577708, 37.26432082641528], [127.21979961626465, 37.264267012852265], [127.22044425375483, 37.26413957377761], [127.22107015572243, 37.26396224400657], [127.22167129332385, 37.26373673165691], [127.22224187639726, 37.26346520894686], [127.22277640925867, 37.26315029125974], [127.22326974365366, 37.26279501193821], [127.22371712835364, 37.2624027930518], [127.22411425491853, 37.261977412419924], [127.22445729918476, 37.261522967208826], [127.22474295807932, 37.26104383445359], [127.22496848140591, 37.260544628886606], [127.22513169829801, 37.26003015847888], [127.22523103808521, 37.25950537812326], [127.22526554537359, 37.25897534190612], [127.22523488919664, 37.25844515442737], [127.22513936615051, 37.25791992163805], [127.22497989748527, 37.25740470166891], [127.22475802018253, 37.25690445612359], [127.22447587210678, 37.25642400230508], [127.22413617137576, 37.25596796683542], [127.22374219014984, 37.25554074111451], [127.22329772309405, 37.25514643904666], [127.22280705081766, 37.254788857441206]]], [[[127.49465136934408, 37.25612373659616], [127.49411806545099, 37.25580753940078], [127.49354856071939, 37.255534645813434], [127.49294833914783, 37.255307683473426], [127.49232318033226, 37.25512883773567], [127.49167910383875, 37.25499983064051], [127.49102231127216, 37.25492190434269], [127.49035912659761, 37.254895809158434], [127.4896959352875, 37.25492179634557], [127.48903912287795, 37.25499961568577], [127.48839501352496, 37.25512851789223], [127.48776980914931, 37.25530726181986], [127.48716952975518, 37.25553412640829], [127.48659995549457, 37.25580692724366], [127.48606657103473, 37.25612303757961], [127.48557451276247, 37.256479413616105], [127.48512851933326, 37.25687262379314], [127.48473288604062, 37.25729888181786], [127.48439142344492, 37.25775408310808], [127.48410742066041, 37.25823384430188], [127.48388361365474, 37.25873354545342], [127.48372215886664, 37.25924837450961], [127.48362461239785, 37.25977337363962], [127.48359191498074, 37.26030348697173], [127.48362438286831, 37.26083360927808], [127.4837217047363, 37.26135863513876], [127.48388294462916, 37.261873508111805], [127.48410655092358, 37.26237326943544], [127.48439037122517, 37.262853105793475], [127.48473167305656, 37.26330839568321], [127.4851271701392, 37.263734753939055], [127.48557305401744, 37.26412807398235], [127.48606503072051, 37.26448456738976], [127.48659836211083, 37.264800800398504], [127.48716791151969, 37.26507372699593], [127.48776819323172, 37.26530071827416], [127.4883934253397, 37.26547958776622], [127.48903758546105, 37.26560861251887], [127.48969446877716, 37.26568654969882], [127.49035774783538, 37.26571264857166], [127.49102103353626, 37.265686657737795], [127.49167793671623, 37.26560882755572], [127.49232212973114, 37.265479907728846], [127.49294740744502, 37.26530114007944], [127.4935477470354, 37.265074246579445], [127.49411736603693, 37.264801412753826], [127.49465077806306, 37.264485266616724], [127.49514284566757, 37.264128853343976], [127.49558882983635, 37.263735605926584], [127.4959844356318, 37.263309312088495], [127.49632585355025, 37.262854077788184], [127.49660979619429, 37.26237428765617], [127.49683352990753, 37.26187456275034], [127.4969949010678, 37.26135971603665], [127.49709235678708, 37.2608347060245], [127.4971249598205, 37.2603045890038], [127.49709239754218, 37.25977447034418], [127.49699498490375, 37.25924945532539], [127.496833661349, 37.25873459997276], [127.49660998171635, 37.258234862370905], [127.49632610121849, 37.25775505492442], [127.49598475464617, 37.25729979802494], [127.49558922999725, 37.25687347557025], [127.49514333678677, 37.256480192763206], [127.49465136934408, 37.25612373659616]]], [[[127.44595317949123, 37.25978687357825], [127.44538381880042, 37.2595137485991], [127.44478371042388, 37.25928654232326], [127.4441586328693, 37.25910744245388], [127.44351460492156, 37.258978173477516], [127.44285782771907, 37.2588999800696], [127.44219462507941, 37.25887361511731], [127.44153138264801, 37.258899332474975], [127.44087448645284, 37.258976884521324], [127.4402302614557, 37.259105524542385], [127.4396049106897, 37.25928401391672], [127.43900445556697, 37.25951063403435], [127.4384346779297, 37.25978320283487], [127.43790106440136, 37.26009909580591], [127.43740875357223, 37.26045527124044], [127.43696248652748, 37.26084829951024], [127.43656656119308, 37.26127439607458], [127.43622479093949, 37.26172945790674], [127.4359404678418, 37.2622091029886], [127.43571633095056, 37.2627087124936], [127.43555453988003, 37.26322347525246], [127.43545665396958, 37.2637484340742], [127.43542361722008, 37.26427853347677], [127.43545574915244, 37.26480866836795], [127.43555274167839, 37.26533373320814], [127.43571366201513, 37.26584867118141], [127.43593696161834, 37.2663485229013], [127.43622049104904, 37.26682847418216], [127.43656152063326, 37.26728390241542], [127.43695676671686, 37.26771042110384], [127.4374024232639, 37.26810392212406], [127.43789419849563, 37.268460615309905], [127.43842735621719, 37.26877706497439], [127.43899676143492, 37.269050223017835], [127.4395969298242, 37.269277458302646], [127.44022208057106, 37.2694565820109], [127.44086619207788, 37.26958586873994], [127.44152305999519, 37.269664073132056], [127.44218635701918, 37.26969044187801], [127.44284969387738, 37.269664720977666], [127.443506680913, 37.26958715818841], [127.44415098967333, 37.26945850063709], [127.44477641390623, 37.269279987618816], [127.44537692937634, 37.269053338652185], [127.44594675192229, 37.26878073690626], [127.44648039319489, 37.268464808159464], [127.44697271353755, 37.26810859549371], [127.44741897149959, 37.267715529967944], [127.44781486950406, 37.267289397554656], [127.4481565952307, 37.266834302658225], [127.44844085831566, 37.26635462856738], [127.44866492201463, 37.265854995223506], [127.44882662952604, 37.26534021471198], [127.44892442472171, 37.26481524490602], [127.44895736708688, 37.264285141709806], [127.44892514072772, 37.263755010361315], [127.44882805736131, 37.26322995626401], [127.4486670532614, 37.262715035821], [127.44844368019128, 37.26221520774506], [127.44816009041321, 37.26173528531319], [127.44781901592026, 37.26127989002534], [127.44742374209244, 37.260853407112656], [127.44697807603184, 37.260459943323674], [127.44648630988286, 37.26010328739378], [127.44595317949123, 37.25978687357825]]], [[[127.63215847006643, 37.278336864429804], [127.63158829888377, 37.278064636906116], [127.63098748565987, 37.27783837614683], [127.63036181568195, 37.27766026075268], [127.6297173134329, 37.27753200573348], [127.62906018461302, 37.27745484600467], [127.62839675642218, 37.27742952450405], [127.62773341667565, 37.27745628504269], [127.6270765523384, 37.277534869958814], [127.62643248806717, 37.27766452259703], [127.6258074253508, 37.27784399458916], [127.62520738283276, 37.278071557866824], [127.62463813838862, 37.2783450212905], [127.62410517351516, 37.27866175173512], [127.62361362056501, 37.27901869943041], [127.6231682133344, 37.27941242731177], [127.62277324147895, 37.279839144100606], [127.62243250919666, 37.28029474079575], [127.62214929857569, 37.28077483022564], [127.62192633796145, 37.28127478928092], [127.62176577564738, 37.281789803421695], [127.62166915914499, 37.28231491303106], [127.62163742023421, 37.282845061169255], [127.62167086593931, 37.283375142268966], [127.6217691755199, 37.28390005130277], [127.6219314035075, 37.28441473294951], [127.62215598876074, 37.28491423028599], [127.62244076945376, 37.285393732534736], [127.62278300385525, 37.285848621407574], [127.62317939669973, 37.28627451559853], [127.62362613089807, 37.28666731299646], [127.62411890428332, 37.28702323021053], [127.62465297103772, 37.28733883902701], [127.62522318740314, 37.2876110994454], [127.62582406123367, 37.287837388975156], [127.62644980491305, 37.28801552790994], [127.62709439112608, 37.28814380033525], [127.62775161094577, 37.28822097066675], [127.62841513367515, 37.288246295559205], [127.62907856786588, 37.28821953107117], [127.62973552292357, 37.2881409350162], [127.63037967070517, 37.288011264477774], [127.63100480651254, 37.28783176851193], [127.63160490889341, 37.28760417610834], [127.63217419767167, 37.28733067952586], [127.63270718964685, 37.287013913163776], [127.63319875142477, 37.286656928172725], [127.63364414886996, 37.286263163050506], [127.63403909270285, 37.285836410506874], [127.6343797798024, 37.28538078091702], [127.6346629298167, 37.284900662716666], [127.63488581672948, 37.28440068012075], [127.6350462950796, 37.28388564857385], [127.63514282058219, 37.28336052836182], [127.63517446495445, 37.2828303768318], [127.63514092480511, 37.28230029968147], [127.63504252450409, 37.281775401786504], [127.63488021300611, 37.28126073803998], [127.63465555466185, 37.28076126467722], [127.63437071410603, 37.280281791554394], [127.63402843537041, 37.27982693584036], [127.63363201542425, 37.279401077566845], [127.6331852723981, 37.2790083174647], [127.63269250879827, 37.27865243749148], [127.63215847006643, 37.278336864429804]]], [[[127.57479331421422, 37.28948401516698], [127.57425944009104, 37.289168181261246], [127.57368939511248, 37.28889567519188], [127.5730886684751, 37.2886691208668], [127.57246304463418, 37.28849069971261], [127.57181854762968, 37.288362129682206], [127.57116138311223, 37.288284648723085], [127.57049787862567, 37.28825900286485], [127.56983442271967, 37.28828543904048], [127.56917740347673, 37.288363702710214], [127.56853314704387, 37.28849304031073], [127.56790785675842, 37.28867220650638], [127.56730755345289, 37.288899476172496], [127.56673801751153, 37.28917266099615], [127.56620473323524, 37.289489130534754], [127.56571283604953, 37.28984583753033], [127.5652670630626, 37.29023934723642], [127.56487170744948, 37.290665870475955], [127.56453057710114, 37.29112130011249], [127.56424695793704, 37.29160125058437], [127.56402358223505, 37.29210110012182], [127.5638626022847, 37.29261603524119], [127.56376556961885, 37.29314109708829], [127.56373342002503, 37.29367122918517], [127.56376646448308, 37.294201326120806], [127.56386438611788, 37.29472628271707], [127.56402624319867, 37.295241043196434], [127.56425047815824, 37.29574064987801], [127.56453493254682, 37.29622029093249], [127.5648768677785, 37.29667534673596], [127.56527299147199, 37.29710143437546], [127.56571948913356, 37.29749444987718], [127.56621206087728, 37.29785060774975], [127.56674596283042, 37.298166477461386], [127.56731605282476, 37.29843901649829], [127.56791683993382, 37.29866559968564], [127.56854253737845, 37.29884404448766], [127.56918711829006, 37.298972632042656], [127.56984437379359, 37.29905012372972], [127.57050797284865, 37.29907577310695], [127.57117152327135, 37.29904933310614], [127.57182863334691, 37.298971058414054], [127.57247297343775, 37.29884170301758], [127.57309833699156, 37.29866251293628], [127.57369870036017, 37.29843521421273], [127.57426828085119, 37.29816199627649], [127.57480159245162, 37.297845490842676], [127.57529349868595, 37.297488746548694], [127.57573926209824, 37.29709519957435], [127.57613458988138, 37.29666864052893], [127.57647567521393, 37.29621317792484], [127.57675923390637, 37.29573319859071], [127.57698253600469, 37.29523332540543], [127.5771434320479, 37.294718372761444], [127.57724037372768, 37.29419330018641], [127.577272428753, 37.29366316457054], [127.57723928977825, 37.29313307146007], [127.57714127731083, 37.29260812588617], [127.57697933657207, 37.29209338320275], [127.57675502834411, 37.29159380040684], [127.57647051389243, 37.29111418840981], [127.57612853411115, 37.2906591657189], [127.57573238309348, 37.29023311397461], [127.5752858763833, 37.28984013577129], [127.57479331421422, 37.28948401516698]]], [[[127.40954651490824, 37.311428154973264], [127.40901317770538, 37.31111157728292], [127.40844356440425, 37.310838276688145], [127.4078431600513, 37.31061088474572], [127.40721774600394, 37.31043159094535], [127.40657334428624, 37.31030212163973], [127.4059161596341, 37.31022372343204], [127.40525251978642, 37.31019715118042], [127.40458881459581, 37.310222660734325], [127.4039314345433, 37.31030000647272], [127.4032867092466, 37.310428443667654], [127.40266084655299, 37.310606735650474], [127.40205987280075, 37.3108331657119], [127.40148957482307, 37.311105553621935], [127.40095544425115, 37.31142127661062], [127.40046262465177, 37.311777294608554], [127.40001586200749, 37.31217017950462], [127.39961945901555, 37.31259614813994], [127.39927723364562, 37.313051098721154], [127.39899248235562, 37.31353065030296], [127.3987679483205, 37.31403018496076], [127.39860579498063, 37.314544892247646], [127.39850758516636, 37.315069815508366], [127.39847426600059, 37.31559989960471], [127.39850615972739, 37.31613003959315], [127.39860296055618, 37.31665512988606], [127.39876373755412, 37.31717011342319], [127.3989869435614, 37.31767003037984], [127.39927043004433, 37.318150065942355], [127.3996114677463, 37.318605596690446], [127.40000677293835, 37.319032235139254], [127.40045253901832, 37.31942587201144], [127.40094447315482, 37.31978271583164], [127.40147783762437, 37.32009932946104], [127.40204749544314, 37.3203726632196], [127.40264795985387, 37.32060008427606], [127.40327344719115, 37.320779402021905], [127.40391793261443, 37.32090888918422], [127.40457520817111, 37.32098729847358], [127.40523894262881, 37.32101387460602], [127.40590274249908, 37.32098836158293], [127.40656021366252, 37.32091100515864], [127.40720502299997, 37.32078255047179], [127.40783095943456, 37.32060423486323], [127.40843199379415, 37.320377775950156], [127.4090023369165, 37.320105355071306], [127.4095364954355, 37.31978959626364], [127.41002932471037, 37.31943354097305], [127.41047607838672, 37.319040618743784], [127.41087245411194, 37.318614614169405], [127.41121463496427, 37.31815963042442], [127.41149932619648, 37.31768004972858], [127.41172378694168, 37.31718049112529], [127.41188585657594, 37.31666576598172], [127.41198397548571, 37.31614083163934], [127.41201720004148, 37.31561074366218], [127.41198521163494, 37.31508060714292], [127.41188831969528, 37.31455552753589], [127.41172745865657, 37.314040561490664], [127.41150417890834, 37.31354066815977], [127.41122063181803, 37.3130606614489], [127.4108795489714, 37.312605163669616], [127.41048421583226, 37.312178561039794], [127.41003844007682, 37.31178496146027], [127.40954651490824, 37.311428154973264]]], [[[127.35055957570809, 37.3463609554524], [127.3500262403144, 37.346044113753344], [127.34945657819304, 37.345770530707924], [127.34885607486227, 37.3455428405916], [127.34823051263375, 37.345363235763955], [127.34758591495883, 37.34523344557117], [127.34692848845995, 37.34515471970481], [127.34626456320385, 37.345127816176564], [127.34560053178978, 37.34515299402433], [127.34494278783777, 37.34523001081984], [127.34429766446692, 37.34535812500143], [127.34367137335461, 37.34553610300994], [127.34306994496119, 37.345762231158844], [127.34249917049429, 37.34603433212506], [127.34196454617009, 37.346349785901765], [127.3414712203067, 37.34670555501234], [127.34102394375886, 37.34709821374309], [127.34062702417006, 37.347523981114094], [127.34028428448265, 37.347978757271434], [127.33999902610606, 37.34845816295112], [127.3397739970977, 37.34895758163535], [127.3396113656647, 37.349472203995965], [127.33951269924215, 37.34999707419755], [127.33947894935174, 37.3505271376149], [127.33951044238772, 37.35105728950551], [127.33960687642089, 37.35158242416891], [127.33976732405418, 37.35209748411914], [127.33999024130321, 37.352597508796904], [127.34027348241914, 37.353077682352136], [127.34061432051229, 37.353533380036275], [127.34100947377996, 37.353960212757016], [127.34145513708684, 37.35435406936602], [127.34194701859475, 37.35471115627118], [127.34248038109004, 37.35502803399183], [127.34305008761018, 37.35530165030338], [127.34365065093068, 37.35552936965197], [127.34427628643452, 37.35570899855464], [127.34492096785445, 37.35583880674002], [127.3455784853497, 37.35591754382509], [127.34624250535663, 37.35594445136706], [127.34690663163475, 37.35591927017375], [127.34756446691848, 37.35584224280204], [127.34820967457887, 37.35571411121999], [127.34883603969935, 37.35553610965547], [127.34943752897546, 37.35530995270024], [127.3500083488599, 37.35503781878441], [127.35054300139115, 37.35472232918101], [127.35103633716706, 37.3543665227435], [127.35148360495198, 37.353973826619985], [127.35188049743923, 37.353548023227404], [127.35222319272785, 37.353093213803945], [127.3525083911147, 37.35261377889199], [127.35273334684774, 37.35211433613275], [127.35289589453575, 37.35159969577953], [127.35299446996191, 37.351074814359215], [127.35302812510147, 37.350544746928165], [127.35299653720149, 37.35001459838307], [127.35290001183658, 37.349489474295886], [127.35273947991375, 37.348974431746115], [127.35251648865655, 37.348474430624364], [127.35223318665794, 37.347994285875444], [127.35189230314724, 37.347538621140934], [127.35149712167251, 37.34711182424686], [127.35105144845312, 37.34671800496482], [127.35055957570809, 37.3463609554524]]], [[[127.30365985719061, 37.36890075648665], [127.30309019190133, 37.368626951196624], [127.3024896478168, 37.368399026466825], [127.30186400764212, 37.36821917691502], [127.30121929557974, 37.36808913424279], [127.30056171935355, 37.36801015057176], [127.29989761047149, 37.36798298639486], [127.29923336329995, 37.36800790325869], [127.29857537353502, 37.36808466124698], [127.29792997666094, 37.368212521289294], [127.29730338698656, 37.36839025227284], [127.29670163784472, 37.36861614288927], [127.29613052352919, 37.36888801810243], [127.29559554352599, 37.36920326007942], [127.29510184957589, 37.36955883338327], [127.2946541960758, 37.36995131418636], [127.29425689429708, 37.37037692322286], [127.29391377086088, 37.37083156216459], [127.29362813087081, 37.37131085307004], [127.29340272605846, 37.37181018052806], [127.29323972824973, 37.37232473609045], [127.2931407084083, 37.372849564566586], [127.29310662146023, 37.373379611734606], [127.29313779704698, 37.37390977301003], [127.2932339362985, 37.37443494260341], [127.29339411465875, 37.374950062693635], [127.29361679073914, 37.37545017214332], [127.29389982111618, 37.37593045428685], [127.29424048093269, 37.376386283330476], [127.29463549010579, 37.37681326891717], [127.29508104489072, 37.377207298426335], [127.29557285449712, 37.37756457660053], [127.2961061824061, 37.37788166211641], [127.29667589199023, 37.37815550074738], [127.29727649599698, 37.37838345479746], [127.29790220941851, 37.37856332852211], [127.29854700523751, 37.37869338929079], [127.2992046725114, 37.378772384286464], [127.2998688762333, 37.37879955258098], [127.30053321839219, 37.3787746324695], [127.30119129964166, 37.37869786399309], [127.30183678098177, 37.37856998662529], [127.30246344485771, 37.37839223214464], [127.30306525508507, 37.37816631276251], [127.3036364150227, 37.37789440462045], [127.30417142343119, 37.37757912681689], [127.3046651274783, 37.37722351616549], [127.30511277237906, 37.37683099792921], [127.30551004719256, 37.37640535281234], [127.30585312633393, 37.37595068052966], [127.30613870640177, 37.375471360303926], [127.30636403796727, 37.37497200867306], [127.3065269520194, 37.374457435014214], [127.30662588081313, 37.37393259521344], [127.30665987292136, 37.37340254392782], [127.30662860234726, 37.37287238590003], [127.3065323716112, 37.37234722679475], [127.30637210878491, 37.371832124030036], [127.30614935850298, 37.371332038077455], [127.3058662670404, 37.37085178469963], [127.30552556160184, 37.37039598858487], [127.30513052402341, 37.36996903882479], [127.30468495914147, 37.369575046663144], [127.3041931581344, 37.369217805922176], [127.30365985719061, 37.36890075648665]]], [[[127.25753700835824, 37.394802974527025], [127.2570037243176, 37.3944857161226], [127.25643403678744, 37.39421168719772], [127.25583343153367, 37.393983526319715], [127.25520769185142, 37.393803430379265], [127.25456284290166, 37.39367313344938], [127.25390509372629, 37.39359389009878], [127.2532407774979, 37.3935664633197], [127.25257629057833, 37.393591117186254], [127.25191803097061, 37.39366761431356], [127.2512723367553, 37.393795218142124], [127.25064542510214, 37.393972700025586], [127.25004333244179, 37.394198351053745], [127.24947185637328, 37.394469998497286], [127.24893649986349, 37.394785026716534], [127.2484424182762, 37.395140402333254], [127.24799436973878, 37.39553270342393], [127.24759666932464, 37.39595815245414], [127.24725314749212, 37.39641265263753], [127.2469671131801, 37.39689182737007], [127.24674132191693, 37.39739106236068], [127.24657794924988, 37.39790555005315], [127.24647856975308, 37.39843033591202], [127.24644414181715, 37.3989603661274], [127.24647499836897, 37.39949053627955], [127.24657084361284, 37.40001574049499], [127.24673075582663, 37.40053092062044], [127.24695319618753, 37.40103111494139], [127.24723602354514, 37.4015115059757], [127.24757651500053, 37.4019674668815], [127.24797139209528, 37.4023946060321], [127.24841685235954, 37.402788809327966], [127.24890860591593, 37.40314627983764], [127.24944191678772, 37.40346357438485], [127.25001164851344, 37.40373763672905], [127.25061231362882, 37.403965827018574], [127.25123812653835, 37.404145947232536], [127.2518830592669, 37.404276262365066], [127.25254089955304, 37.40435551714795], [127.25320531072279, 37.40438294814959], [127.25386989276582, 37.40435829113362], [127.25452824402355, 37.40428178360597], [127.2551740228933, 37.40415416252578], [127.25580100895223, 37.403976657202385], [127.25640316291017, 37.40375097744679], [127.25697468481258, 37.403479297092275], [127.25751006993112, 37.40316423304326], [127.25800416180265, 37.40280882005492], [127.25845220190455, 37.402416481486924], [127.25884987548754, 37.40199099631391], [127.2591933531245, 37.40153646271122], [127.25947932757487, 37.40105725856716], [127.25970504561079, 37.40055799930303], [127.25986833449905, 37.400043493407914], [127.25996762288509, 37.399518696116765], [127.26000195587966, 37.39898866167883], [127.25997100420437, 37.39845849467607], [127.2598750673105, 37.39793330086099], [127.25971507044225, 37.39741813798718], [127.25949255567559, 37.39691796710615], [127.25920966702036, 37.39643760479927], [127.25886912973111, 37.395981676804446], [127.25847422402761, 37.395554573483615], [127.25802875347911, 37.39516040755936], [127.25753700835824, 37.394802974527025]]], [[[127.20774272446107, 37.404551005408734], [127.20720958296361, 37.40423352352838], [127.2066400047252, 37.40395925559146], [127.20603947446136, 37.40373084246622], [127.20541377474659, 37.40355048347149], [127.20476893035823, 37.403419915212325], [127.20411115029492, 37.403340394868984], [127.20344676802698, 37.40331268809979], [127.20278218055181, 37.40333706167371], [127.20212378683993, 37.40341328090369], [127.20147792626209, 37.4035406119051], [127.2008508175882, 37.40371782865777], [127.20024849914431, 37.40394322480373], [127.19967677070125, 37.404214630067486], [127.19914113765374, 37.404529431141086], [127.19864675802599, 37.404884596833554], [127.19819839281293, 37.405276707243104], [127.19780036013515, 37.405701986672], [127.19745649364836, 37.40615633996784], [127.19717010560868, 37.406635391942125], [127.19694395494923, 37.40713452948714], [127.19678022067735, 37.407648945986466], [127.19668048084888, 37.408173687591685], [127.19664569732447, 37.408703700920704], [127.19667620645582, 37.409233881717974], [127.19677171579407, 37.409759124009014], [127.19693130685336, 37.41027436927532], [127.19715344390566, 37.41077465517634], [127.19743598872381, 37.41125516334908], [127.19777622113234, 37.41171126582438], [127.19817086517033, 37.41213856961275], [127.19861612061513, 37.41253295902944], [127.19910769956469, 37.41289063535044], [127.19964086772639, 37.413208153417145], [127.20021049001564, 37.41348245483572], [127.20081108002414, 37.41371089745122], [127.20143685288132, 37.413891280811534], [127.20208178099911, 37.41402186737526], [127.2027396521611, 37.41410139925869], [127.20340412939623, 37.41412911036003], [127.20406881205747, 37.414104733743834], [127.20472729751637, 37.41402850421406], [127.20537324287642, 37.41390115605117], [127.20600042610953, 37.413723915934824], [127.20660280602443, 37.41349849112084], [127.20717458048799, 37.41322705298643], [127.2077102423369, 37.41291221610271], [127.20820463244014, 37.41255701303687], [127.20865298940025, 37.4121648651269], [127.2090509954138, 37.411739549511665], [127.20939481784974, 37.411285162734195], [127.20968114614482, 37.41080608126965], [127.20990722366182, 37.410306919359044], [127.21007087420428, 37.40979248455517], [127.21017052293404, 37.409267731409855], [127.21020521149131, 37.40873771374869], [127.21017460717387, 37.4082075359937], [127.2100790060886, 37.40768230400244], [127.20991933024713, 37.407167075897625], [127.20969711863557, 37.40666681336028], [127.20941451234641, 37.406186333855565], [127.2090742339174, 37.40573026425091], [127.208679561078, 37.40530299627264], [127.20823429515768, 37.40490864422934], [127.20774272446107, 37.404551005408734]]], [[[127.13300677342208, 37.407637020661014], [127.13247392821759, 37.40731920344715], [127.1319046020283, 37.40704457689995], [127.13130427714577, 37.40681578534012], [127.13067873416966, 37.40663503172951], [127.13003399637026, 37.40650405647167], [127.12937627172151, 37.40642412066441], [127.12871189316097, 37.406395993964935], [127.12804725765062, 37.40641994718401], [127.12738876462306, 37.406495749680516], [127.12674275440408, 37.406622671580934], [127.12611544720276, 37.40679949080292], [127.12551288325427, 37.407024504815126], [127.12494086469063, 37.40729554702078], [127.1244048996969, 37.407610007607296], [127.12391014949016, 37.40796485866212], [127.12346137863022, 37.40835668331341], [127.12306290914019, 37.4087817086157], [127.12271857887873, 37.4092358418647], [127.12243170456485, 37.409714709992215], [127.12220504981175, 37.41021370166262], [127.12204079847902, 37.41072801166613], [127.12194053360031, 37.41125268718211], [127.12190522209175, 37.41178267546715], [127.1219352053896, 37.41231287250926], [127.12203019610966, 37.412838172179825], [127.12218928076193, 37.41335351541], [127.12241092849746, 37.413853938917846], [127.12269300580412, 37.41433462301692], [127.12303279701213, 37.41479093804529], [127.12342703041323, 37.41521848896752], [127.12387190974329, 37.415613157719434], [127.12436315072654, 37.41597114288713], [127.12489602232922, 37.41628899633732], [127.12546539232655, 37.41656365644555], [127.12606577674343, 37.41679247760134], [127.12669139269232, 37.41697325570552], [127.12733621409869, 37.41710424941324], [127.12799402977558, 37.41718419691768], [127.12865850328727, 37.417212328112115], [127.12932323402288, 37.417188372013065], [127.12998181889034, 37.417112559372285], [127.13062791403452, 37.416985620453175], [127.13125529598271, 37.41680877799206], [127.13185792162724, 37.416583735413376], [127.13242998646518, 37.416312660411684], [127.13296598053316, 37.41599816405989], [127.13346074149673, 37.41564327564502], [127.13390950438281, 37.41525141347463], [127.13430794747468, 37.41482635193599], [127.1346522339281, 37.41437218512598], [127.13493904870762, 37.413893287402495], [127.13516563048789, 37.41339427123854], [127.13532979821369, 37.41287994278514], [127.13542997206427, 37.41235525557197], [127.1354651886217, 37.41182526279198], [127.13543511009853, 37.41129506862985], [127.13534002753859, 37.410769779103546], [127.13518085796115, 37.41025445289207], [127.13495913547875, 37.40975405262335], [127.13467699647602, 37.40927339709075], [127.13433715899372, 37.40881711485843], [127.13394289651842, 37.40838959970147], [127.13349800643145, 37.4079949683096], [127.13300677342208, 37.407637020661014]]], [[[127.131855989131, 37.54596689214402], [127.13132217069801, 37.54564907197507], [127.13075180266935, 37.54537444073062], [127.13015037736578, 37.545145642774216], [127.1295236859787, 37.54496488112715], [127.1288777628311, 37.54483389626861], [127.12821882730417, 37.54475394938753], [127.12755322398797, 37.54472581024688], [127.12688736163015, 37.544749749777], [127.12622765146912, 37.54482553746871], [127.12558044554325, 37.54495244359188], [127.12495197556852, 37.545129246217314], [127.12434829297091, 37.5453542429752], [127.12377521064943, 37.545625267436975], [127.12323824702916, 37.54593970996332], [127.12274257294162, 37.5462945428182], [127.12229296184293, 37.54668634930778], [127.12189374384896, 37.54711135666417], [127.12154876402946, 37.547565472358556], [127.12126134536325, 37.54804432349424], [127.12103425671191, 37.54854329890137], [127.12086968612078, 37.54905759352856], [127.12076921970643, 37.54958225470461], [127.12073382633488, 37.55011222982501], [127.12076384824013, 37.550642415004916], [127.12085899767554, 37.551167704229755], [127.12101835963176, 37.551683038530506], [127.1212404005976, 37.55218345471002], [127.12152298328132, 37.55266413315074], [127.12186338715222, 37.55312044424315], [127.12225833460631, 37.55354799298735], [127.12270402250574, 37.55394266133755], [127.12319615878882, 37.55430064788101], [127.12373000379877, 37.55461850446848], [127.12430041593387, 37.55489316944266], [127.1249019011783, 37.55512199714379], [127.12552866603718, 37.55530278340751], [127.12617467336408, 37.555433786808635], [127.12683370054276, 37.55551374544563], [127.12749939946112, 37.55554188910374], [127.1281653576975, 37.55551794667909], [127.128825160329, 37.555442148792], [127.1294724517636, 37.55531522556445], [127.1301009969993, 37.555138399582994], [127.1307047417179, 37.554913374114925], [127.1312778706331, 37.55464231669216], [127.13181486352923, 37.55432783822068], [127.13231054844974, 37.55397296781788], [127.13276015152216, 37.55358112362056], [127.13315934293914, 37.55315607984564], [127.13350427865223, 37.552701930421506], [127.13379163737754, 37.55222304954109], [127.13401865255709, 37.551724049517325], [127.13418313896895, 37.55120973634756], [127.13428351373153, 37.550685063415614], [127.13431881150095, 37.55015508377772], [127.13428869371711, 37.54962490149238], [127.13419345181124, 37.549099622462904], [127.13403400434629, 37.5485843052665], [127.13381188811948, 37.54808391244304], [127.13352924331477, 37.5476032627125], [127.13318879285016, 37.54714698458109], [127.13279381612021, 37.54671947178201], [127.1323481173878, 37.546324840979715], [127.131855989131, 37.54596689214402]]], [[[127.19627777460614, 37.55852950406802], [127.19570706813819, 37.55825518566133], [127.19510533864529, 37.55802671768045], [127.1944783802451, 37.55784629996991], [127.19383222982908, 37.55771566969802], [127.19317310896469, 37.55763608464053], [127.19250736402496, 37.557608311077715], [127.19184140512023, 37.55763261642119], [127.19118164441811, 37.55770876664091], [127.19053443444388, 37.55783602851739], [127.18990600695332, 37.558013176697294], [127.1893024129648, 37.55823850548466], [127.18872946452616, 37.55850984525484], [127.18819267877579, 37.55882458333313], [127.18769722483532, 37.55917968913798], [127.18724787404415, 37.55957174334741], [127.18684895401486, 37.559996970807916], [127.18650430695128, 37.560451276870616], [127.18621725263121, 37.56093028680477], [127.18599055641062, 37.56142938791008], [127.18582640255849, 37.561943773923254], [127.18572637318046, 37.562468491291284], [127.18569143293554, 37.56299848686665], [127.1857219196952, 37.563528656565495], [127.18581754123649, 37.564053894520264], [127.1859773780033, 37.56456914225367], [127.18619989191093, 37.565069437400325], [127.18648294111138, 37.565549961506505], [127.186823800579, 37.566006086447544], [127.18721918831952, 37.56643341901505], [127.18766529695175, 37.566827843244305], [127.18815783035865, 37.56718556007308], [127.18869204505538, 37.56750312394956], [127.18926279587622, 37.56777747603576], [127.18986458554012, 37.56800597368592], [127.19049161761714, 37.56818641591533], [127.1911378523844, 37.568317064613446], [127.19179706503289, 37.5683966612964], [127.19246290566235, 37.568424439237155], [127.19312896048518, 37.56840013085586], [127.19378881364769, 37.56832397029929], [127.19443610907133, 37.568196691184184], [127.19506461171659, 37.56801951952636], [127.19566826767695, 37.56779416192397], [127.19624126252303, 37.56752278910908], [127.19677807733304, 37.56720801502625], [127.19727354186858, 37.56685287164063], [127.19772288438308, 37.56646077971846], [127.19812177758206, 37.5660355158625], [127.19846638029273, 37.56558117612028], [127.1987533744418, 37.565102136516856], [127.19897999698559, 37.564603010892675], [127.19914406648647, 37.564088606453275], [127.19924400408038, 37.56356387745979], [127.19927884863557, 37.563033877506484], [127.19924826595783, 37.56250371084546], [127.19915255195619, 37.56197848322753], [127.19899262973996, 37.56146325273274], [127.19877004067764, 37.560962981064016], [127.1984869295053, 37.560482485772845], [127.19814602363022, 37.56002639387654], [127.19775060683007, 37.55959909731359], [127.1973044876028, 37.55920471066508], [127.19681196247255, 37.55884703154906], [127.19627777460614, 37.55852950406802]]], [[[127.14174606429015, 37.583188569782166], [127.14117537242817, 37.58291398896027], [127.14057361388271, 37.582685243824606], [127.1399465830525, 37.5825045368874], [127.13930031752714, 37.58237360810073], [127.13864103998263, 37.58229371811347], [127.13797509830017, 37.582265636140775], [127.13730890448349, 37.58228963256261], [127.13664887296059, 37.5823654763224], [127.13600135886243, 37.5824924371505], [127.13537259687085, 37.582669292591504], [127.13476864122242, 37.58289433976772], [127.1341953074446, 37.583165411765776], [127.13365811638339, 37.58347989848938], [127.13316224106042, 37.58383477177767], [127.13271245687014, 37.58422661454814], [127.13231309559615, 37.58465165368426], [127.13196800368932, 37.585105796351755], [127.1316805052097, 37.58558466939466], [127.13145336978945, 37.58608366143251], [127.13128878592676, 37.586597967254015], [127.13118833986847, 37.58712263408017], [127.1311530002872, 37.587652609252025], [127.13118310890158, 37.58818278888396], [127.13127837713239, 37.58870806701442], [127.13143788882851, 37.58922338478075], [127.13166010903873, 37.58972377914437], [127.13194289874677, 37.59020443069709], [127.13228353542931, 37.590660710087604], [127.13267873924107, 37.59108822262046], [127.13312470457555, 37.59148285059784], [127.13361713669887, 37.591840792995], [127.13415129310445, 37.592158602087174], [127.13472202919034, 37.592433216673825], [127.13532384781922, 37.59266199157996], [127.13595095228347, 37.59284272314927], [127.13659730216372, 37.592973670483104], [127.13725667154229, 37.59305357221984], [127.1379227090088, 37.593081658692746], [127.13858899887863, 37.59305765934894], [127.13924912303254, 37.59298180535733], [127.13989672277975, 37.59285482738073], [127.14052556014703, 37.59267794853353], [127.14112957800113, 37.59245287259295], [127.14170295842406, 37.59218176757773], [127.14224017877729, 37.59186724485301], [127.1427360649135, 37.59151233396316], [127.1431858410227, 37.59112045343568], [127.14358517563187, 37.59069537783808], [127.14393022331478, 37.59024120140583], [127.14421766171098, 37.58976229859246], [127.14444472349717, 37.589263281922506], [127.14460922300498, 37.58874895755384], [127.14470957722922, 37.588224278978224], [127.14474482102644, 37.58769429930616], [127.14471461635887, 37.58716412259617], [127.14461925549709, 37.58663885469753], [127.1444596581519, 37.58612355407971], [127.14423736256597, 37.58562318312229], [127.14395451065229, 37.58514256033391], [127.14361382732463, 37.58468631396059], [127.14321859422087, 37.58425883742883], [127.14277261807314, 37.58386424705301], [127.1422801940309, 37.58350634241285], [127.14174606429015, 37.583188569782166]]], [[[127.14170757899109, 37.5962746248162], [127.1410415114785, 37.59624655956261], [127.14037519384125, 37.59627057259558], [127.13971504169885, 37.596346432698645], [127.13906741134305, 37.59647340944497], [127.13843853857448, 37.59665028022606], [127.13783447869596, 37.596875342016716], [127.13726104823822, 37.59714642776313], [127.13672376897804, 37.597460927236874], [127.13622781478632, 37.59781581215457], [127.13577796181717, 37.59820766532204], [127.13537854251675, 37.598632713522875], [127.1350334038952, 37.59908686383574], [127.13474587046308, 37.59956574303122], [127.13451871218989, 37.60006473966977], [127.13435411779469, 37.600579048495895], [127.13425367362676, 37.60110371670172], [127.13421834834139, 37.60163369161495], [127.13424848352058, 37.60216386935244], [127.13434379033018, 37.602689143970736], [127.13450335224844, 37.60320445664082], [127.13472563384123, 37.60370484437299], [127.13500849550175, 37.6041854878227], [127.13534921401427, 37.604641757716344], [127.13574450874574, 37.6050692594497], [127.13619057321418, 37.60546387542863], [127.13668311173092, 37.605821804743684], [127.13721738076455, 37.60613959979578], [127.13750117322564, 37.606276114020034], [127.13773531995966, 37.60652932113206], [127.13818140366295, 37.606923929588554], [127.13827539770429, 37.606992231539415], [127.13797591241111, 37.606979605846995], [127.13730949816842, 37.60700360102632], [127.13664924811651, 37.60707944333365], [127.13600151948923, 37.60720640251344], [127.13537254903298, 37.60738325612644], [127.13476839299057, 37.60760830131282], [127.1341948688183, 37.60787937117879], [127.13365749919501, 37.60819385564899], [127.13316145886141, 37.60854872658472], [127.13271152480095, 37.60894056692663], [127.13231203024066, 37.60936560358207], [127.13196682291554, 37.60981974374112], [127.13167922799794, 37.610298614272395], [127.13145201604989, 37.610797603820004], [127.13128737630777, 37.611311907196956], [127.13118689555816, 37.61183657164802], [127.13115154280936, 37.61236654453726], [127.1311816599085, 37.61289672200109], [127.13127695819631, 37.61342199809882], [127.13143652123387, 37.61393731398718], [127.13165881357703, 37.61443770664548], [127.1319416955161, 37.614918356681656], [127.13228244364068, 37.61537463475861], [127.13267777703302, 37.61580214619313], [127.13312388883922, 37.616196773297496], [127.13361648291499, 37.616554715054896], [127.1341508151939, 37.61687252374622], [127.13472173937976, 37.61714713817434], [127.13532375652298, 37.61737591316535], [127.13595106800305, 37.617556645061754], [127.13659763140566, 37.617687592961424], [127.1372572187553, 37.61776749549705], [127.13792347654073, 37.617795582994106], [127.13858998695395, 37.617771584889745], [127.13925032975, 37.617695732341], [127.13989814413087, 37.61756875599692], [127.14052719005474, 37.617391878956425], [127.14113140837857, 37.61716680497962], [127.14170497925261, 37.616895702066714], [127.1422423782034, 37.61658118156302], [127.14273842936309, 37.616226272992], [127.14318835533227, 37.615834394859306], [127.14358782319476, 37.61540932170986], [127.1439329862416, 37.614955147756035], [127.14422052100203, 37.61447624742793], [127.14444765922585, 37.61397723322649], [127.14461221450976, 37.613462911286184], [127.14471260331297, 37.612938235075575], [127.14474786016058, 37.61240825768254], [127.14471764689091, 37.611878083143715], [127.14462225585896, 37.611352817287425], [127.14446260706784, 37.610837518563336], [127.14424023925707, 37.61033714933254], [127.14395729503657, 37.60985652808677], [127.14361650021016, 37.609400283056786], [127.14322113749036, 37.60897280765575], [127.14277501485803, 37.60857821818668], [127.14268101468886, 37.6085099198066], [127.14298050700816, 37.60852253359106], [127.14364693324477, 37.60849850645417], [127.14430718906391, 37.60842262504289], [127.14495491450596, 37.60829562028437], [127.14558387038629, 37.60811871555122], [127.1461879984297, 37.607893614870235], [127.14676147965655, 37.60762248649878], [127.1472987904572, 37.607307942027255], [127.14779475581325, 37.60695301120982], [127.14824459915194, 37.60656111276619], [127.14864398835313, 37.606136021436726], [127.14898907746544, 37.60568183160865], [127.14927654373014, 37.60520291786469], [127.14950361955646, 37.60470389283478], [127.14966811914174, 37.604189562757405], [127.14976845948115, 37.60366488117927], [127.14980367556603, 37.60313490123974], [127.14977342962662, 37.60260472699983], [127.14967801433197, 37.60207946428481], [127.14951834991804, 37.60156417151398], [127.14929597527423, 37.60106381099105], [127.14901303307552, 37.60058320112393], [127.1486722491057, 37.60012697003377], [127.1482769059721, 37.59969951099961], [127.14783081146659, 37.59930494016695], [127.1473382618783, 37.59894705692698], [127.14680400061198, 37.59862930734712], [127.14652021990577, 37.59849281537721], [127.14628606822366, 37.59823962532588], [127.14583999294629, 37.5978450469683], [127.14534746252797, 37.597487155428766], [127.144813220189, 37.59716939685466], [127.14424241059056, 37.5968948309097], [127.1436405303037, 37.59666610132782], [127.14301337489883, 37.59648541047133], [127.14236698316446, 37.59635449813734], [127.14170757899109, 37.5962746248162]]], [[[127.15342693337426, 37.61995867314632], [127.15285591825372, 37.61968414889593], [127.15225382812326, 37.61945546307545], [127.15162646057291, 37.61927481762549], [127.1509798564327, 37.61914395190585], [127.15032024163715, 37.61906412595796], [127.14965396731282, 37.6190361083804], [127.14898744866433, 37.619060168933274], [127.14832710324555, 37.6191360759428], [127.1476792892082, 37.619263098530745], [127.14705024412072, 37.61944001364765], [127.14644602494452, 37.619665117841784], [127.1458724497438, 37.619936243651516], [127.14533504168897, 37.6202507804631], [127.14483897589125, 37.620605699634105], [127.14438902957986, 37.620997583640914], [127.14398953610053, 37.62142265897056], [127.1436443431787, 37.621876832440805], [127.14335677584893, 37.6223557305995], [127.14312960440857, 37.62285474182464], [127.142965017705, 37.62336906072034], [127.142864602015, 37.62389373438169], [127.14282932572127, 37.6244237100838], [127.14285952993554, 37.624953883935646], [127.14295492516038, 37.6254791500309], [127.1431145940239, 37.62599444962225], [127.14333700006326, 37.6264948198455], [127.14362000247401, 37.6269754415242], [127.14396087668561, 37.627431685593926], [127.14435634056588, 37.62785915769861], [127.14480258600385, 37.62825374052893], [127.1452953155678, 37.62861163349424], [127.14582978388572, 37.62892938934506], [127.14640084335042, 37.62920394739303], [127.14700299370863, 37.62943266300719], [127.14763043505583, 37.629613333101936], [127.148277123726, 37.629744217370416], [127.14893683053616, 37.62982405505836], [127.14960320082372, 37.62985207711601], [127.15026981569619, 37.62982801361113], [127.15093025390195, 37.62975209633093], [127.15157815372345, 37.62962505654833], [127.15220727429565, 37.62944811797359], [127.15281155575632, 37.62922298495986], [127.15338517764765, 37.628951826076374], [127.153922615005, 37.62863725320783], [127.154418691591, 37.62828229638232], [127.15486862976194, 37.6278903745705], [127.15526809648482, 37.627465262738156], [127.15561324506248, 37.627011055470305], [127.1559007521645, 37.62653212751794], [127.15612784980802, 37.62603309164801], [127.15629235198163, 37.62551875420348], [127.15639267565705, 37.624994068802074], [127.15642785598756, 37.62446408861987], [127.15639755554928, 37.62393391772003], [127.15630206753747, 37.62340866189546], [127.15614231288978, 37.62289337949876], [127.15591983136572, 37.622393032733356], [127.15563676667051, 37.62191243987423], [127.15529584576826, 37.621456228878266], [127.1549003525855, 37.62102879283056], [127.15445409635922, 37.62063424765473], [127.15396137493573, 37.620276392494446], [127.15342693337426, 37.61995867314632]]], [[[127.13124363933936, 37.637495639343946], [127.13067257304635, 37.637221008280015], [127.13007041078019, 37.63699220955735], [127.12944295082573, 37.63681144620321], [127.12879623490282, 37.636680458712085], [127.12813649002199, 37.636600508297356], [127.12747006856185, 37.63657236475552], [127.12680338714293, 37.63659629905906], [127.12614286488535, 37.63667208074936], [127.1254948616424, 37.63679898015452], [127.12486561680304, 37.63697577541094], [127.1242611892507, 37.63720076422089], [127.12368739905466, 37.63747178023374], [127.12314977145421, 37.637786213893136], [127.1226534836734, 37.63814103755017], [127.1222033150779, 37.63853283460138], [127.12180360115309, 37.6389578323716], [127.12145819174656, 37.639411938426065], [127.12144787069596, 37.639429112032886], [127.12129432854933, 37.63963097002948], [127.12122014560927, 37.63975440484959], [127.12116692188918, 37.63982437618603], [127.12087914064286, 37.64030321695975], [127.12065176361055, 37.64080218228855], [127.1204869816198, 37.6413164672193], [127.12038638282858, 37.64184111917503], [127.12035093738378, 37.642371085640605], [127.12038098802724, 37.642901262814746], [127.12047624674179, 37.64342654475979], [127.12063579747179, 37.64394187257638], [127.12085810489368, 37.64444228312891], [127.1211410291546, 37.64492295685292], [127.1214818464383, 37.645379264182914], [127.1218772751625, 37.64580681015363], [127.1223235075564, 37.64620147674427], [127.12281624631521, 37.64655946255719], [127.12335074597948, 37.64687731944841], [127.12392185864105, 37.64715198575589], [127.12452408353478, 37.64738081580547], [127.12515162003854, 37.64756160540872], [127.12579842356976, 37.64769261310708], [127.12645826383879, 37.64777257695681], [127.12712478489694, 37.64780072669239], [127.12779156639867, 37.647776791151166], [127.1284521854862, 37.647701000887366], [127.12910027869853, 37.64757408595007], [127.1297296033065, 37.647397268846746], [127.1303340974811, 37.647172252760406], [127.13090793871436, 37.64690120513398], [127.13144559992746, 37.64658673678069], [127.13194190272571, 37.64623187672225], [127.13239206728542, 37.64584004299762], [127.13279175839232, 37.64541500972471], [127.13313712718742, 37.64496087073248], [127.13321129572124, 37.64483742845117], [127.1332645118055, 37.64476745169972], [127.13327483089327, 37.64475027706422], [127.1334283514048, 37.64454840353506], [127.13371606895971, 37.64406953215574], [127.13394336896121, 37.643570541515814], [127.13410806344928, 37.64305623752343], [127.13420856754395, 37.64253157347491], [127.1342439146618, 37.642001602341466], [127.13421376577372, 37.641471428099884], [127.13411841261683, 37.640946156575836], [127.1339587748315, 37.640430846273794], [127.13373639105342, 37.63993045966631], [127.13345340404817, 37.63944981541242], [127.13311254003337, 37.63899354196417], [127.13271708238935, 37.63856603300808], [127.13227084001232, 37.63817140516986], [127.13177811061668, 37.637813458388955], [127.13124363933936, 37.637495639343946]]], [[[127.31580239354145, 37.648818236540606], [127.31526705541911, 37.64850124904265], [127.31469522309847, 37.64822750683678], [127.31409240299006, 37.647999645725484], [127.31346439970581, 37.647819859709784], [127.31281726019104, 37.64768987987619], [127.3121572155303, 37.64761095773879], [127.3114906209855, 37.647583853196686], [127.31082389484219, 37.64760882722197], [127.3101634566514, 37.647685639348744], [127.30951566545889, 37.6478135499871], [127.30888675861551, 37.64799132753991], [127.30828279175526, 37.64821726025407], [127.307709580518, 37.648489172692535], [127.30717264457574, 37.64880444666885], [127.30667715450095, 37.649160046443306], [127.30622788198683, 37.64955254793884], [127.30582915389911, 37.64997817169584], [127.30548481060113, 37.65043281924946], [127.30519816895382, 37.65091211258006], [127.3049719903479, 37.651411436257085], [127.30480845407631, 37.65192598187202], [127.30470913630563, 37.65245079433235], [127.30467499484949, 37.6529808195717], [127.30470635989343, 37.65351095321701], [127.30480293076172, 37.654036089744], [127.30496377875978, 37.65455117164811], [127.30518735606668, 37.6550512381568], [127.30547151059406, 37.65553147301426], [127.3058135066703, 37.65598725087761], [127.30621005135218, 37.65641418187769], [127.3066573261122, 37.656808153914284], [127.30715102359707, 37.65716537227786], [127.3076863891042, 37.65748239621566], [127.30825826637695, 37.657756172088945], [127.30886114727728, 37.65798406280141], [127.3094892248571, 37.65816387321444], [127.31013644931592, 37.658293871304004], [127.3107965863048, 37.65837280485439], [127.31146327701384, 37.65839991352791], [127.31213009946184, 37.658374936193724], [127.31279063039686, 37.65829811344489], [127.31343850720901, 37.65817018527951], [127.31406748925718, 37.65799238396827], [127.31467151801726, 37.65776642217729], [127.31524477547062, 37.65749447646103], [127.31578174016917, 37.65717916628479], [127.31627724043538, 37.6568235287794], [127.3167265041844, 37.65643098947192], [127.31712520488732, 37.65600532927506], [127.3174695032332, 37.655550648054], [127.31775608408857, 37.655071325122265], [127.31798218839894, 37.654571977047894], [127.31814563972645, 37.654057413177014], [127.31824486516898, 37.6535325893037], [127.31827891046093, 37.65300255993291], [127.31824744911229, 37.65247242959652], [127.3181507854998, 37.65194730369157], [127.31798985188206, 37.65143223931448], [127.31776619937037, 37.65093219656423], [127.31748198294315, 37.650451990783594], [127.31713994065083, 37.64999624619805], [127.31674336721264, 37.64956935139789], [127.31629608226119, 37.64917541709223], [127.31580239354145, 37.648818236540606]]], [[[127.2480583937984, 37.64916590577232], [127.24748680483081, 37.64889183864802], [127.24688418655255, 37.648663634820885], [127.24625634163458, 37.648483491591165], [127.24560931549946, 37.64835314348389], [127.24494933814148, 37.64827384555797], [127.24428276417542, 37.64824636132951], [127.24361601168907, 37.648270955425076], [127.24295550048672, 37.6483473910356], [127.24230759031623, 37.6484749321952], [127.24167851967245, 37.648652350863145], [127.24107434576459, 37.64887793874096], [127.24050088622356, 37.649149523711216], [127.23996366310952, 37.64946449074015], [127.23946784975693, 37.64981980704353], [127.23901822096875, 37.650212051274046], [127.23861910703812, 37.650637446449885], [127.23827435204073, 37.65109189630822], [127.23798727679923, 37.65157102473427], [127.2377606468772, 37.652070217886994], [127.23759664591174, 37.65258466861652], [127.23749685454288, 37.653109422745985], [127.23746223514428, 37.65363942677282], [127.23749312250396, 37.65416957653035], [127.23758922054695, 37.654694766341265], [127.2377496051333, 37.65520993818985], [127.23797273290675, 37.65571013043925], [127.23825645611055, 37.65619052562432], [127.23859804322977, 37.65664649685949], [127.23899420526298, 37.657073652414354], [127.23944112737132, 37.657467878026665], [127.23993450560137, 37.65782537654509], [127.24046958832879, 37.65814270451858], [127.24104122202381, 37.65841680537978], [127.24164390089742, 37.65864503890154], [127.24227181994992, 37.65882520664247], [127.2429189309099, 37.65895557313562], [127.24357900052324, 37.65903488261552], [127.24424567062984, 37.659062371122054], [127.24491251944733, 37.65903777386421], [127.24557312346944, 37.658961327772616], [127.24622111938127, 37.65883376921595], [127.24685026539302, 37.65865632690347], [127.2474545013991, 37.65843071004229], [127.2480280073822, 37.65815909186369], [127.24856525949748, 37.6578440886776], [127.2490610832959, 37.65748873465772], [127.24951070357314, 37.65709645260083], [127.24990979036305, 37.65667102094236], [127.250254500633, 37.656216537347156], [127.25054151527917, 37.65573737922648], [127.25076807106664, 37.65523816156253], [127.25093198720727, 37.65472369244712], [127.25103168632076, 37.654198926763684], [127.2510662095788, 37.65366891845878], [127.251035225888, 37.65313877186351], [127.25093903502528, 37.652613592533676], [127.25077856469755, 37.652098438082156], [127.25055536155615, 37.6515982694773], [127.25027157625412, 37.6511179032756], [127.24992994269279, 37.650661965248766], [127.24953375165836, 37.650234845851074], [127.24908681910419, 37.64984065795522], [127.24859344938513, 37.6494831972632], [127.2480583937984, 37.64916590577232]]], [[[127.16397980563711, 37.64944195675372], [127.16340852647204, 37.649167483667064], [127.16280616634222, 37.6489388515286], [127.16217852543612, 37.64875826176177], [127.1615316472144, 37.648627453189945], [127.16087176024917, 37.64854768530422], [127.16020521828592, 37.64851972614416], [127.1595384391048, 37.64854384490753], [127.15887784276669, 37.648619809360326], [127.15822978983806, 37.64874688807163], [127.15760052018649, 37.648923857452], [127.1569960929348, 37.64914901352779], [127.15642232815023, 37.64942018833833], [127.15588475082852, 37.64973477079871], [127.15538853771098, 37.65008973182746], [127.15493846744593, 37.65048165349852], [127.15453887457359, 37.65090676193672], [127.15419360777773, 37.65136096364145], [127.15390599280585, 37.65183988488899], [127.15367880041576, 37.652338913835244], [127.1535142196586, 37.65285324491376], [127.15341383675586, 37.65337792510231], [127.15337861977666, 37.65390790161297], [127.15340890926356, 37.65443807054667], [127.15350441489987, 37.65496332604408], [127.15366421825215, 37.65547860945946], [127.15388678156386, 37.65597895808381], [127.15416996251727, 37.65645955294808], [127.15451103482313, 37.65691576524543], [127.154906714442, 37.657343200925084], [127.15535319118533, 37.65773774302789], [127.15584616539338, 37.65809559135476], [127.15638088933737, 37.658413299085595], [127.1569522129472, 37.65868780599501], [127.15755463342424, 37.65891646794412], [127.15818234826085, 37.65909708236393], [127.15882931115527, 37.659227909483654], [127.15948929028154, 37.65930768909939], [127.16015592835237, 37.65933565272081], [127.16082280389435, 37.65931153097872], [127.1614834931434, 37.65923555622158], [127.16213163196258, 37.659108460276286], [127.16276097718362, 37.65893146739457], [127.16336546677958, 37.65870628245327], [127.16393927828734, 37.65843507452226], [127.16447688491564, 37.658120455959335], [127.16497310879696, 37.6577654572333], [127.16542317086929, 37.65737349771894], [127.16582273690724, 37.656948352745715], [127.16616795925833, 37.656494117218244], [127.16645551388301, 37.65601516616004], [127.16668263234257, 37.65551611256081], [127.16684712842701, 37.65500176293441], [127.16694741916874, 37.65447707101585], [127.16698254004035, 37.65394709004382], [127.16695215419261, 37.65341692408884], [127.16685655564538, 37.65289167889578], [127.16669666640253, 37.65237641271439], [127.16647402752135, 37.65187608759137], [127.1661907842237, 37.65139552159262], [127.16584966519461, 37.650939342415725], [127.16545395626915, 37.650511942838634], [127.16500746876206, 37.6501174384331], [127.16451450274673, 37.64975962794953], [127.16397980563711, 37.64944195675372]]]]}}]}