{"type": "FeatureCollection", "features": [{"id": "0", "type": "Feature", "properties": {"primary_landuse": "기반시설", "designation_names": "과밀억제권역,도로구역2021-01-21(지형도면 변경),도시교통정비지역,대기환경규제지역,배수구역(판교배수구역),하수처리구역,비행안전제2구역(전술)(비행안전제2구역),도시지역,자연녹지지역,지구단위계획구역(판교),토지거래계약에관한허가구역2025-08-26(대상자: 외국인", "area_m2": 337.37522690688616}, "geometry": {"type": "Polygon", "coordinates": [[[127.09956689447344, 37.402173176040236], [127.09964224485326, 37.40210067205099], [127.09965668323986, 37.40208678446074], [127.09970405731428, 37.402039802329305], [127.09972424662274, 37.402018972151225], [127.09977421437479, 37.401969014492444], [127.09982226394685, 37.40192050002849], [127.09987019945628, 37.40187117472739], [127.09991633032344, 37.40182374303663], [127.09996087736856, 37.4017743304164], [127.09999189198615, 37.401740606685216], [127.10001410734532, 37.40171463899219], [127.10004669895451, 37.40167776038524], [127.1000791775912, 37.401640881863294], [127.10011131702042, 37.401603733310985], [127.10015473133261, 37.40155197892527], [127.10019137967777, 37.40150824919028], [127.1002059482995, 37.401490599183674], [127.09951703971292, 37.40214789434876], [127.09956689447344, 37.402173176040236]]]}}, {"id": "1", "type": "Feature", "properties": {"primary_landuse": "주거", "designation_names": "과밀억제권역,도시교통정비지역,대기환경규제지역,배수구역(판교배수구역),하수처리구역,가축사육제한구역,비행안전제2구역(전술)(비행안전제2구역),도시지역,준주거지역,지구단위계획구역(판교),토지거래계약에관한허가구역2025-08-26(대상자: 외국인 등/ 대상용도: 단독,", "area_m2": 541.4921413135324}, "geometry": {"type": "Polygon", "coordinates": [[[127.10377822907905, 37.401321575016304], [127.1037778999196, 37.40099621929229], [127.103608489675, 37.40099573497119], [127.10360881785762, 37.401320910494256], [127.10377822907905, 37.401321575016304]]]}}, {"id": "2", "type": "Feature", "properties": {"primary_landuse": "주거", "designation_names": "과밀억제권역,도시교통정비지역,대기환경규제지역,배수구역(판교배수구역),하수처리구역,가축사육제한구역,비행안전제2구역(전술)(비행안전제2구역),도시지역,준주거지역,자연녹지지역,지구단위계획구역(판교),토지거래계약에관한허가구역2025-08-26(대상자: 외국인 등/ 대", "area_m2": 5278.39379262172}, "geometry": {"type": "Polygon", "coordinates": [[[127.10995928806082, 37.399957339367866], [127.11104315924018, 37.39995985434892], [127.11126903644313, 37.399960455825905], [127.11160152752603, 37.39996122796869], [127.11189844287576, 37.39996185218866], [127.11255902048008, 37.39996339613609], [127.11264903247331, 37.39996358187813], [127.11272897377758, 37.40002720838851], [127.11272636627791, 37.399852587326016], [127.10731580190496, 37.399883370145034], [127.1067801026559, 37.39974561895077], [127.10666573362771, 37.40000112990318], [127.10675838385583, 37.39994959959364], [127.10713921297587, 37.39995079175865], [127.10727684693367, 37.399923998731296], [127.10763621707858, 37.399924757979896], [127.10780562479748, 37.39992514643319], [127.10827510998158, 37.399926165114735], [127.10857251538717, 37.39995382765582], [127.10897130117246, 37.39995463725638], [127.10937031270998, 37.399955355204796], [127.10995928806082, 37.399957339367866]]]}}, {"id": "3", "type": "Feature", "properties": {"primary_landuse": "주거", "designation_names": "과밀억제권역,도시교통정비지역,대기환경규제지역,배수구역(판교배수구역),하수처리구역,가축사육제한구역,비행안전제2구역(전술)(비행안전제2구역),도시지역,준주거지역,지구단위계획구역(판교),토지거래계약에관한허가구역2025-08-26(대상자: 외국인 등/ 대상용도: 단독,", "area_m2": 1332.8886960443854}, "geometry": {"type": "Polygon", "coordinates": [[[127.10850884001707, 37.4002868999581], [127.1085092565717, 37.400579909226764], [127.10897230845148, 37.40058102105982], [127.10897189035136, 37.400288191998136], [127.10850884001707, 37.4002868999581]]]}}, {"id": "4", "type": "Feature", "properties": {"primary_landuse": "주거", "designation_names": "과밀억제권역,도시교통정비지역,대기환경규제지역,배수구역(판교배수구역),하수처리구역,가축사육제한구역,비행안전제2구역(전술)(비행안전제2구역),도시지역,준주거지역,지구단위계획구역(판교),토지거래계약에관한허가구역2025-08-26(대상자: 외국인 등/ 대상용도: 단독,", "area_m2": 1456.0073289588688}, "geometry": {"type": "Polygon", "coordinates": [[[127.10897189035136, 37.400288191998136], [127.10897230845148, 37.40058102105982], [127.10948494079828, 37.40058226602169], [127.10948480064536, 37.4004058476763], [127.10945086489802, 37.400289377589125], [127.10897189035136, 37.400288191998136]]]}}, {"id": "5", "type": "Feature", "properties": {"primary_landuse": "주거", "designation_names": "과밀억제권역,도시교통정비지역,대기환경규제지역,배수구역(판교배수구역),하수처리구역,가축사육제한구역,비행안전제2구역(전술)(비행안전제2구역),도시지역,준주거지역,지구단위계획구역(판교),토지거래계약에관한허가구역2025-08-26(대상자: 외국인 등/ 대상용도: 단독,", "area_m2": 3153.550744815114}, "geometry": {"type": "Polygon", "coordinates": [[[127.10827510998158, 37.399926165114735], [127.10833887963601, 37.39997728510414], [127.10833935807501, 37.400234794393626], [127.10833972370851, 37.400492393875055], [127.10834008947448, 37.400750083446425], [127.10834056805682, 37.40100768280319], [127.10942163072568, 37.401010125072936], [127.109485514888, 37.40106115422764], [127.10948506159926, 37.40082391776469], [127.10942132400639, 37.400874973315055], [127.10897272668623, 37.400873940208115], [127.10857359708353, 37.40087304082547], [127.10850971382641, 37.400822101276525], [127.1085092565717, 37.400579909226764], [127.10850884001707, 37.4002868999581], [127.10850832577293, 37.400004612826706], [127.10857251538717, 37.39995382765582], [127.10827510998158, 37.399926165114735]]]}}, {"id": "6", "type": "Feature", "properties": {"primary_landuse": "주거", "designation_names": "과밀억제권역,도시교통정비지역,대기환경규제지역,배수구역(판교배수구역),하수처리구역,가축사육제한구역,비행안전제2구역(전술)(비행안전제2구역),도시지역,준주거지역,지구단위계획구역(판교),토지거래계약에관한허가구역2025-08-26(대상자: 외국인 등/ 대상용도: 단독,", "area_m2": 2735.4313368590338}, "geometry": {"type": "Polygon", "coordinates": [[[127.11160219419645, 37.40088026126954], [127.11166615632193, 37.40082929443686], [127.11166554302707, 37.400178763163495], [127.11126822398322, 37.40017778108568], [127.11126540722522, 37.40087940301731], [127.11160219419645, 37.40088026126954]]]}}, {"id": "7", "type": "Feature", "properties": {"primary_landuse": "주거", "designation_names": "과밀억제권역,도시교통정비지역,대기환경규제지역,배수구역(판교배수구역),하수처리구역,가축사육제한구역,비행안전제2구역(전술)(비행안전제2구역),도시지역,준주거지역,지구단위계획구역(판교),토지거래계약에관한허가구역2025-08-26(대상자: 외국인 등/ 대상용도: 단독,", "area_m2": 1316.9272503291563}, "geometry": {"type": "Polygon", "coordinates": [[[127.1085092565717, 37.400579909226764], [127.10850971382641, 37.400822101276525], [127.10857359708353, 37.40087304082547], [127.10897272668623, 37.400873940208115], [127.10897230845148, 37.40058102105982], [127.1085092565717, 37.400579909226764]]]}}, {"id": "8", "type": "Feature", "properties": {"primary_landuse": "주거", "designation_names": "과밀억제권역,도시교통정비지역,대기환경규제지역,배수구역(판교배수구역),하수처리구역,가축사육제한구역,비행안전제2구역(전술)(비행안전제2구역),도시지역,준주거지역,지구단위계획구역(판교),토지거래계약에관한허가구역2025-08-26(대상자: 외국인 등/ 대상용도: 단독,", "area_m2": 8323.774163092357}, "geometry": {"type": "Polygon", "coordinates": [[[127.11160401771072, 37.40235846226176], [127.11166832030902, 37.40230776542693], [127.1116665032825, 37.401066350783154], [127.11160261777171, 37.40101541291033], [127.11103848174552, 37.401014044643375], [127.11103634659632, 37.40156465598278], [127.11103520617509, 37.40178991040407], [127.11103502133486, 37.40181811229597], [127.11103268514935, 37.40199777653657], [127.11102899313323, 37.40217708162202], [127.11102304266176, 37.40235665909747], [127.11160401771072, 37.40235846226176]]]}}, {"id": "9", "type": "Feature", "properties": {"primary_landuse": "주거", "designation_names": "과밀억제권역,도시교통정비지역,대기환경규제지역,배수구역(판교배수구역),하수처리구역,가축사육제한구역,비행안전제2구역(전술)(비행안전제2구역),도시지역,준주거지역,지구단위계획구역(판교),토지거래계약에관한허가구역2025-08-26(대상자: 외국인 등/ 대상용도: 단독,", "area_m2": 6565.9730972543075}, "geometry": {"type": "Polygon", "coordinates": [[[127.10984796719812, 37.40178703960785], [127.1098488222983, 37.4023025986992], [127.10991259503717, 37.40235371781445], [127.11102304266176, 37.40235665909747], [127.11102899313323, 37.40217708162202], [127.11103268514935, 37.40199777653657], [127.11103502133486, 37.40181811229597], [127.11103520617509, 37.40178991040407], [127.10984796719812, 37.40178703960785]]]}}, {"id": "10", "type": "Feature", "properties": {"primary_landuse": "주거", "designation_names": "과밀억제권역,도시교통정비지역,대기환경규제지역,배수구역(판교배수구역),하수처리구역,가축사육제한구역,비행안전제2구역(전술)(비행안전제2구역),도시지역,준주거지역,지구단위계획구역(판교),토지거래계약에관한허가구역2025-08-26(대상자: 외국인 등/ 대상용도: 단독,", "area_m2": 2996.0448984208465}, "geometry": {"type": "Polygon", "coordinates": [[[127.10780957742179, 37.40248384117961], [127.10781047928356, 37.40304237852461], [127.10789529959459, 37.403042572549694], [127.10817769593122, 37.40307033966487], [127.10834157666801, 37.40307082243246], [127.108340632238, 37.40248507453184], [127.10780957742179, 37.40248384117961]]]}}, {"id": "11", "type": "Feature", "properties": {"primary_landuse": "주거", "designation_names": "과밀억제권역,도시교통정비지역,대기환경규제지역,배수구역(판교배수구역),하수처리구역,가축사육제한구역,비행안전제2구역(전술)(비행안전제2구역),도시지역,준주거지역,지구단위계획구역(판교),토지거래계약에관한허가구역2025-08-26(대상자: 외국인 등/ 대상용도: 단독,", "area_m2": 2913.345781717966}, "geometry": {"type": "Polygon", "coordinates": [[[127.11172614674146, 37.403079159130314], [127.11172528970131, 37.4024939518009], [127.11124257376812, 37.40249259870134], [127.11124026898948, 37.402538552519886], [127.11123728524272, 37.40258360595473], [127.111234075477, 37.40262856949753], [127.11123075289684, 37.40267362324592], [127.11122731710789, 37.402718496896284], [127.11122376850405, 37.402763460752176], [127.11121920341547, 37.402808425550674], [127.1112144124368, 37.40285339055826], [127.11120950864138, 37.40289844577127], [127.11120460457748, 37.40294332078132], [127.111199474754, 37.40298828610161], [127.1111936672688, 37.40303325204983], [127.11118718172658, 37.40307794832242], [127.11172614674146, 37.403079159130314]]]}}, {"id": "12", "type": "Feature", "properties": {"primary_landuse": "주거", "designation_names": "과밀억제권역,도시교통정비지역,대기환경규제지역,배수구역(판교배수구역),하수처리구역,가축사육제한구역,비행안전제2구역(전술)(비행안전제2구역),비행안전제6구역(전술)(비행안전제6구역),비행안전제6구역(전술),도시지역,준주거지역,지구단위계획구역(판교),토지거래계", "area_m2": 5138.916350645613}, "geometry": {"type": "Polygon", "coordinates": [[[127.09731879108307, 37.40518719624226], [127.09739522605032, 37.40551861696816], [127.0974282050743, 37.40560000506423], [127.09748600996168, 37.405694318672026], [127.0982318350666, 37.40526601239002], [127.09770102697382, 37.40467781354845], [127.09729156799216, 37.4050072859932], [127.09731879108307, 37.40518719624226]]]}}, {"id": "13", "type": "Feature", "properties": {"primary_landuse": "기반시설", "designation_names": "과밀억제권역,도시교통정비지역,하천구역,대기환경규제지역,배수구역(판교배수구역),하수처리구역,가축사육제한구역,비행안전제2구역(전술)(비행안전제2구역),도시지역,준주거지역,자연녹지지역,지구단위계획구역(판교),토지거래계약에관한허가구역2025-08-26(대상자: 외국", "area_m2": 19925.172778822936}, "geometry": {"type": "Polygon", "coordinates": [[[127.09957333224688, 37.402606648264914], [127.09962204044662, 37.402629763906596], [127.09967097385531, 37.40265233873315], [127.09971990717575, 37.40267482343807], [127.09976895346757, 37.40269730802878], [127.09981833814446, 37.402719431912374], [127.09986806132373, 37.40274128518965], [127.09991800982729, 37.402762687751746], [127.09996840977476, 37.40278381961275], [127.10001880904287, 37.40280441084474], [127.10002909221957, 37.40280854693939], [127.10006660854057, 37.402823382397884], [127.10011734609881, 37.40284352279907], [127.10016830909655, 37.40286330258495], [127.100219497415, 37.40288263165404], [127.10028119402072, 37.40290546587619], [127.10033136449454, 37.40292371453083], [127.10038277759713, 37.40294214232778], [127.10043452907883, 37.40296020941389], [127.10048661893907, 37.40297791578875], [127.10053870834948, 37.40299526173562], [127.10059102319464, 37.40301224706526], [127.10064345065, 37.40302896197329], [127.10069599047753, 37.40304522625709], [127.1007487558567, 37.403061220024206], [127.10080174666815, 37.40307685317309], [127.10085507561624, 37.403091945406125], [127.10090874317592, 37.40310685712776], [127.1009624101615, 37.403121318318846], [127.10101596434397, 37.40313586968171], [127.101069743956, 37.403150060425226], [127.10112363605404, 37.40316389064413], [127.10117764075676, 37.40317745043952], [127.10123187064833, 37.40319046941231], [127.10128655089676, 37.403202406764244], [127.1013410051571, 37.403214254180334], [127.10138472686525, 37.403223858103274], [127.10143940728167, 37.4032358854856], [127.10149408699732, 37.40324737223523], [127.10154899225627, 37.40325858846478], [127.10160412233901, 37.40326899356652], [127.10165947736378, 37.4032786776414], [127.10171483240272, 37.40328836169034], [127.10177007403266, 37.403297685404155], [127.10182554132216, 37.40330682869809], [127.10188123403057, 37.40331561136931], [127.10193681332791, 37.4033240337053], [127.10199250497918, 37.40333200541301], [127.10204842228771, 37.403339796699996], [127.10210411323973, 37.40334722774776], [127.1021601426706, 37.40335438817721], [127.10221617138863, 37.403361007972734], [127.10223876375649, 37.40336378187126], [127.10227219963396, 37.40336726733681], [127.10232867905763, 37.403373075782994], [127.1027148496662, 37.40338608090542], [127.10280769514729, 37.40339059657469], [127.10286439614713, 37.40339316092743], [127.10292098372196, 37.40339536494493], [127.10297745787086, 37.40339720862738], [127.10303415754427, 37.40339878178526], [127.10309074342541, 37.403399724304414], [127.10319902052699, 37.40337341175584], [127.10379299105665, 37.40337470150831], [127.1037835285655, 37.403392910160385], [127.10381778825752, 37.403392880524606], [127.1039533978895, 37.40304416760199], [127.103969415846, 37.40301402613375], [127.10396530318947, 37.40301396682362], [127.1038536031834, 37.40301424375298], [127.103825593536, 37.40301435809272], [127.10346304588961, 37.403013319708236], [127.10332815522072, 37.40298595502462], [127.10321543816043, 37.402985781720176], [127.1031921718672, 37.40298571162744], [127.10313558726956, 37.40298548996613], [127.103078889, 37.402984727767375], [127.10302230306642, 37.40298351493835], [127.10296549052066, 37.402981761668656], [127.10290890386263, 37.402980008178], [127.10285231660052, 37.4029778041541], [127.10272750560898, 37.402970883148605], [127.1023388014511, 37.402919857463104], [127.10225521002128, 37.40290947695454], [127.10211886473193, 37.4028918430739], [127.10206306081197, 37.40288414182437], [127.10200748194598, 37.402875809647895], [127.10195178966879, 37.402867117136246], [127.10189632268832, 37.402857973900424], [127.10184074265874, 37.402848740633154], [127.10178538792721, 37.40283905664197], [127.10176697388061, 37.402835738506006], [127.10173014579226, 37.402829102225446], [127.10167512895696, 37.40281869708557], [127.1016201116574, 37.402807931515134], [127.10156520647728, 37.402796535114845], [127.1015105267194, 37.402784778093036], [127.10145607214517, 37.40277248024759], [127.10142319625662, 37.40276520982152], [127.10138726914016, 37.40275659044337], [127.10136907958099, 37.402752190839735], [127.10130389088307, 37.402736388036075], [127.10124988659385, 37.40272291839814], [127.10119599443065, 37.402708817931625], [127.10114232769479, 37.40269435684519], [127.10108866086024, 37.40267980563313], [127.10103521933489, 37.402664803700326], [127.10101409117948, 37.40265878469108], [127.10098200335767, 37.40264953124956], [127.10092878656879, 37.40263362806612], [127.10087602109469, 37.40261736407408], [127.10082336822865, 37.40260082965987], [127.10077094091316, 37.40258402472879], [127.10071862596911, 37.4025667691734], [127.10066687516516, 37.40254906261509], [127.10064902226867, 37.402542950692705], [127.10061489826435, 37.402531176020865], [127.10056348526756, 37.40251265822198], [127.1005117334704, 37.40249414068431], [127.10046020699004, 37.402475172428694], [127.10040901900577, 37.40245593356341], [127.1003581689262, 37.402435973582676], [127.10030743134217, 37.402415653080645], [127.1002931931147, 37.4024098984897], [127.10025714531588, 37.40239515197703], [127.10020674637528, 37.40237465094613], [127.10015679828388, 37.40235342870684], [127.10010696280807, 37.402331936048405], [127.10005735288992, 37.4023101728769], [127.1000080809996, 37.402287778693506], [127.09995903478585, 37.40226520409889], [127.09990343340182, 37.4022391209859], [127.09964224485326, 37.40210067205099], [127.09936780178838, 37.40236471622189], [127.09924417007268, 37.40248213041591], [127.09952688420765, 37.40258452184438], [127.09957333224688, 37.402606648264914]]]}}, {"id": "14", "type": "Feature", "properties": {"primary_landuse": "기반시설", "designation_names": "과밀억제권역,도시교통정비지역,하천구역(금토천),하천구역,하천구역2022-02-15(운중천),하천기타(폐하천),대기환경규제지역,배수구역(판교배수구역),하수처리구역,가축사육제한구역,비행안전제2구역(전술)(비행안전제2구역),도시지역,준주거지역,자연녹지지역,지구단위계획", "area_m2": 3190.2115361821348}, "geometry": {"type": "MultiPolygon", "coordinates": [[[[127.10106641713041, 37.40669681093658], [127.10110036682613, 37.406660741837634], [127.10113476840075, 37.40662476244932], [127.10116984822716, 37.40658923298554], [127.10120594550693, 37.406554423463575], [127.10124362521798, 37.40652051360851], [127.10125152309094, 37.406514109756145], [127.10125975992563, 37.406507795718525], [127.101268223013, 37.40650175179336], [127.10127713860719, 37.40649624809342], [127.10129474365698, 37.406485060679834], [127.10176377685718, 37.406200935014425], [127.10182765524264, 37.406163488806506], [127.10188307080978, 37.406132266736364], [127.10193905154829, 37.406101404565234], [127.10199503272204, 37.40607090277225], [127.10203035992461, 37.40605195147655], [127.10205135305307, 37.406040670968096], [127.10210835186473, 37.40601106926879], [127.10212787906723, 37.406001592019514], [127.1021475206579, 37.4059931958851], [127.10272346467994, 37.4057606934962], [127.10273181910323, 37.40575798330632], [127.10273396412173, 37.40575726065982], [127.10284167721507, 37.40572887660008], [127.10285229007907, 37.40572580406115], [127.10286290209268, 37.40572210081296], [127.10287294864368, 37.40571785744078], [127.10289247567357, 37.405708380065036], [127.10301617917125, 37.405644482226805], [127.10306324396639, 37.40561930355599], [127.10310996940387, 37.405593764752766], [127.10315658174146, 37.40556813592691], [127.10320308073561, 37.40554223687618], [127.10323964662851, 37.40552094151893], [127.1032851275854, 37.40549396209607], [127.10333060838774, 37.40546689255446], [127.10337721752227, 37.40543901111155], [127.10360550610677, 37.40529014709117], [127.10369205129822, 37.40522790244197], [127.1037339131181, 37.40519759222469], [127.10377532263104, 37.40516692197844], [127.10381639266035, 37.40513580150476], [127.10388961750593, 37.405079154513835], [127.10396064119686, 37.4049820539004], [127.10400227025406, 37.40494687831837], [127.10404062655452, 37.40491368778795], [127.10407841760286, 37.404880137330004], [127.10411609542643, 37.40484640675543], [127.1041532076293, 37.40481204595053], [127.10418998096256, 37.40477768542806], [127.10422630174345, 37.404742784679264], [127.10422878321752, 37.40474034978852], [127.10426183162852, 37.40470770440374], [127.10429702227592, 37.40467235410835], [127.10433198675392, 37.40463682379633], [127.10436615972188, 37.40460066345311], [127.10439988075406, 37.40456441339175], [127.10443326254939, 37.4045278933119], [127.10446619216319, 37.40449110331219], [127.10449866971908, 37.404454133494205], [127.10453080791552, 37.404416803557496], [127.10456226816532, 37.40437929400007], [127.10459350212432, 37.40434151432738], [127.10462383187824, 37.40430328492814], [127.1046417585749, 37.40428029346044], [127.10474183011192, 37.40419983577059], [127.10477057022932, 37.40415557093265], [127.10479524901864, 37.40411473348477], [127.10481924986856, 37.40407371642112], [127.10484279903953, 37.40403278984836], [127.1048660087339, 37.40399141306076], [127.10513605096412, 37.403493907544615], [127.10519898550726, 37.40332602011833], [127.10474310553046, 37.404100389278724], [127.10434972687992, 37.40454097336732], [127.10381473191522, 37.405075968332035], [127.10277621227779, 37.405673903880846], [127.10190291167363, 37.40605154738536], [127.10129710855182, 37.4063819854518], [127.10106550212454, 37.40669781433337], [127.10106641713041, 37.40669681093658]]], [[[127.10646070444844, 37.400453891234804], [127.10646509737545, 37.40044550790873], [127.10661788039481, 37.400105329634954], [127.10662193446932, 37.40009694660375], [127.10666573362771, 37.40000112990318], [127.1067801026559, 37.39974561895077], [127.10676507179419, 37.399741753830845], [127.10645982489264, 37.4004551294309], [127.10646070444844, 37.400453891234804]]]]}}, {"id": "15", "type": "Feature", "properties": {"primary_landuse": "주거", "designation_names": "과밀억제권역,도시교통정비지역,대기환경규제지역,배수구역(판교배수구역),하수처리구역,가축사육제한구역,비행안전제2구역(전술)(비행안전제2구역),비행안전제6구역(전술)(비행안전제6구역),비행안전제6구역(전술),도시지역,준주거지역,지구단위계획구역(판교),토지거래계", "area_m2": 6805.109895328533}, "geometry": {"type": "Polygon", "coordinates": [[[127.09902340592268, 37.40582317939285], [127.09893416321061, 37.40581190019055], [127.09795668879653, 37.4047298640609], [127.09796416408395, 37.40465804722026], [127.0982455586992, 37.404431843267716], [127.09893200173404, 37.40388058047416], [127.09902213823442, 37.40388609246155], [127.09884659680816, 37.403691077622824], [127.09883957434859, 37.40376298425914], [127.09851294000589, 37.404025357397394], [127.0981446696552, 37.4043211011421], [127.09806388432382, 37.404385859876626], [127.09770102697382, 37.40467781354845], [127.0982318350666, 37.40526601239002], [127.09829788964244, 37.40533912059731], [127.09879285021869, 37.405886620402136], [127.09893310542431, 37.40604174945171], [127.09934471652275, 37.4058050739316], [127.09943636086855, 37.405752378918244], [127.09984187440386, 37.40551931075899], [127.10022210454089, 37.405300768619114], [127.10013727105014, 37.40512009619914], [127.10012279431962, 37.40519128830023], [127.09933738979701, 37.405642717464396], [127.09902340592268, 37.40582317939285]]]}}, {"id": "16", "type": "Feature", "properties": {"primary_landuse": "주거", "designation_names": "과밀억제권역,도시교통정비지역,대기환경규제지역,배수구역(판교배수구역),하수처리구역,가축사육제한구역,비행안전제2구역(전술)(비행안전제2구역),도시지역,준주거지역,지구단위계획구역(판교),토지거래계약에관한허가구역2025-08-26(대상자: 외국인 등/ 대상용도: 단독,", "area_m2": 2522.257819462887}, "geometry": {"type": "Polygon", "coordinates": [[[127.09981206400215, 37.406166963401304], [127.1002204468984, 37.405938757870885], [127.09984187440386, 37.40551931075899], [127.09943636086855, 37.405752378918244], [127.09981206400215, 37.406166963401304]]]}}, {"id": "17", "type": "Feature", "properties": {"primary_landuse": "주거", "designation_names": "과밀억제권역,도시교통정비지역,대기환경규제지역,배수구역(판교배수구역),하수처리구역,가축사육제한구역,비행안전제2구역(전술)(비행안전제2구역),도시지역,준주거지역,지구단위계획구역(판교),토지거래계약에관한허가구역2025-08-26(대상자: 외국인 등/ 대상용도: 단독,", "area_m2": 564.6587785949247}, "geometry": {"type": "Polygon", "coordinates": [[[127.09971515121686, 37.40621382671192], [127.09978961283919, 37.40617950909416], [127.09981206400215, 37.406166963401304], [127.09943636086855, 37.405752378918244], [127.09934471652275, 37.4058050739316], [127.09971515121686, 37.40621382671192]]]}}, {"id": "18", "type": "Feature", "properties": {"primary_landuse": "녹지", "designation_names": "과밀억제권역,도시교통정비지역,대기환경규제지역,배수구역(판교배수구역),하수처리구역,비행안전제2구역(전술)(비행안전제2구역),도시지역,자연녹지지역,지구단위계획구역(판교),토지거래계약에관한허가구역2025-08-26(대상자: 외국인 등/ 대상용도: 단독, 다가구, 아파트,", "area_m2": 2601.3200171699673}, "geometry": {"type": "Polygon", "coordinates": [[[127.10237088387835, 37.40705403822548], [127.10233553045572, 37.40705370797053], [127.10190335366664, 37.40702776611449], [127.10147421277993, 37.40699127826334], [127.10103849292645, 37.40693335028911], [127.10090602242192, 37.406915286175966], [127.1007778487331, 37.40709006702276], [127.10079298130506, 37.40710519959489], [127.10082756699455, 37.407023205433696], [127.10082859487481, 37.407023240610854], [127.10111841079963, 37.40703227726249], [127.10131473460874, 37.40704646485317], [127.10134261118358, 37.40706410117002], [127.10143751701126, 37.407111572259296], [127.10431038901494, 37.407137272460865], [127.10427087342143, 37.4070727577526], [127.10237088387835, 37.40705403822548]]]}}, {"id": "19", "type": "Feature", "properties": {"primary_landuse": "주거", "designation_names": "과밀억제권역,도시교통정비지역,대기환경규제지역,배수구역(판교배수구역),하수처리구역,가축사육제한구역,비행안전제2구역(전술)(비행안전제2구역),도시지역,준주거지역,지구단위계획구역(판교),토지거래계약에관한허가구역2025-08-26(대상자: 외국인 등/ 대상용도: 단독,", "area_m2": 829.0302953294929}, "geometry": {"type": "Polygon", "coordinates": [[[127.10907401295083, 37.40338830623087], [127.10907415744337, 37.403568418637796], [127.10955687987193, 37.40356951027492], [127.10955659979501, 37.403453099626695], [127.10947688314911, 37.40338929060168], [127.10907401295083, 37.40338830623087]]]}}, {"id": "20", "type": "Feature", "properties": {"primary_landuse": "주거", "designation_names": "과밀억제권역,도시교통정비지역,대기환경규제지역,배수구역(판교배수구역),하수처리구역,가축사육제한구역,비행안전제2구역(전술)(비행안전제2구역),도시지역,준주거지역,지구단위계획구역(판교),토지거래계약에관한허가구역2025-08-26(대상자: 외국인 등/ 대상용도: 단독,", "area_m2": 2852.491586820464}, "geometry": {"type": "Polygon", "coordinates": [[[127.1075616965811, 37.4033844463312], [127.10727376507631, 37.40335668269777], [127.10709316813823, 37.403356213377386], [127.10709392660846, 37.403896820614506], [127.10764215899677, 37.40389813185955], [127.10764132151078, 37.403384374893555], [127.1075616965811, 37.4033844463312]]]}}, {"id": "21", "type": "Feature", "properties": {"primary_landuse": "주거", "designation_names": "과밀억제권역,도시교통정비지역,대기환경규제지역,배수구역(판교배수구역),하수처리구역,가축사육제한구역,비행안전제2구역(전술)(비행안전제2구역),도시지역,준주거지역,지구단위계획구역(판교),토지거래계약에관한허가구역2025-08-26(대상자: 외국인 등/ 대상용도: 단독,", "area_m2": 1222.1838597601998}, "geometry": {"type": "Polygon", "coordinates": [[[127.10947688314911, 37.40338929060168], [127.10955659979501, 37.403453099626695], [127.10955687987193, 37.40356951027492], [127.10955739836466, 37.40385197742657], [127.10949343224421, 37.40390294309857], [127.10984717471803, 37.40390406115956], [127.10978328802254, 37.40385312233027], [127.10978248721852, 37.40345352372427], [127.10986292482329, 37.403390289021075], [127.10947688314911, 37.40338929060168]]]}}, {"id": "22", "type": "Feature", "properties": {"primary_landuse": "주거", "designation_names": "과밀억제권역,도시교통정비지역,대기환경규제지역,배수구역(판교배수구역),하수처리구역,가축사육제한구역,비행안전제2구역(전술)(비행안전제2구역),도시지역,준주거지역,지구단위계획구역(판교),토지거래계약에관한허가구역2025-08-26(대상자: 외국인 등/ 대상용도: 단독,", "area_m2": 5852.3739863966475}, "geometry": {"type": "Polygon", "coordinates": [[[127.10987416857779, 37.40390421662806], [127.1099193477091, 37.40390525643296], [127.10996475350859, 37.403906836620614], [127.11000993394171, 37.403908777402854], [127.11005522810078, 37.40391125867132], [127.11010041009894, 37.4039142806333], [127.11014536751344, 37.40391820379748], [127.1101903255832, 37.40392257745051], [127.11023528456938, 37.40392758179473], [127.11028001858512, 37.40393321703804], [127.11032486633319, 37.40393939276759], [127.11036937616898, 37.40394619950039], [127.11041377345992, 37.40395327662402], [127.11045817167226, 37.40396098443926], [127.11050234465809, 37.40396914295201], [127.11054629267917, 37.40397793236484], [127.11059001573659, 37.403987352678], [127.11063362664478, 37.40399731368634], [127.11067712514318, 37.40400763518757], [127.1107095521244, 37.404015894567365], [127.11073214970578, 37.40402191048486], [127.1107406243065, 37.404024515594934], [127.11075198025985, 37.40398909528956], [127.11076580906699, 37.40394547347879], [127.11078120612108, 37.40389293018704], [127.11079401826824, 37.40384921921045], [127.11080603979407, 37.40380550896288], [127.11081794849312, 37.403761888919405], [127.11082940514206, 37.4037180890897], [127.11084074896505, 37.403674379464206], [127.11085164086995, 37.40363058015385], [127.11086275825636, 37.4035865103297], [127.11087319783852, 37.40354235102976], [127.1108832987095, 37.40349828214313], [127.11089294766471, 37.403454123572054], [127.11090203176174, 37.403409875421104], [127.11091043818944, 37.40336562789608], [127.11037655356739, 37.40336440869441], [127.11023981784804, 37.40339111438997], [127.10986292482329, 37.403390289021075], [127.10978248721852, 37.40345352372427], [127.10978328802254, 37.40385312233027], [127.10984717471803, 37.40390406115956], [127.10987416857779, 37.40390421662806]]]}}, {"id": "23", "type": "Feature", "properties": {"primary_landuse": "주거", "designation_names": "과밀억제권역,도시교통정비지역,대기환경규제지역,배수구역(판교배수구역),하수처리구역,가축사육제한구역,비행안전제2구역(전술)(비행안전제2구역),도시지역,준주거지역,지구단위계획구역(판교),토지거래계약에관한허가구역2025-08-26(대상자: 외국인 등/ 대상용도: 단독,", "area_m2": 5257.488018548517}, "geometry": {"type": "Polygon", "coordinates": [[[127.10833944425461, 37.404035088677624], [127.10834018266125, 37.40455524286082], [127.10852042059877, 37.40458156841939], [127.10888144893411, 37.40462751667046], [127.1089084778293, 37.40464627162885], [127.10901857031452, 37.40466202878945], [127.10924378361806, 37.40474129316493], [127.10924277595521, 37.40403742268256], [127.10833944425461, 37.404035088677624]]]}}, {"id": "24", "type": "Feature", "properties": {"primary_landuse": "주거", "designation_names": "과밀억제권역,도시교통정비지역,대기환경규제지역,배수구역(판교배수구역),하수처리구역,가축사육제한구역,비행안전제2구역(전술)(비행안전제2구역),도시지역,준주거지역,지구단위계획구역(판교),토지거래계약에관한허가구역2025-08-26(대상자: 외국인 등/ 대상용도: 단독,", "area_m2": 12648.764554526964}, "geometry": {"type": "Polygon", "coordinates": [[[127.11064648597157, 37.4041418243193], [127.11059225338391, 37.404128539366305], [127.11053790904593, 37.404116065403194], [127.11048311451464, 37.404104673045666], [127.11042809554591, 37.40409427198385], [127.11037251304437, 37.404084682326996], [127.11031715748751, 37.404075813245626], [127.11026146428297, 37.404067755360664], [127.1102056597078, 37.40406077876756], [127.11014951774126, 37.404054793572435], [127.11009315106533, 37.404049619468815], [127.11003678634611, 37.40404579685616], [127.10998030998714, 37.40404287533214], [127.10992372172677, 37.40404067469421], [127.10987842918075, 37.40403936469105], [127.10973295596524, 37.40403868700695], [127.10924277595521, 37.40403742268256], [127.10924378361806, 37.40474129316493], [127.10946813693343, 37.40500805869534], [127.10969327040485, 37.40510930699783], [127.10992032548712, 37.40513279569176], [127.11014614363917, 37.40515997923893], [127.11026209888878, 37.405132121454336], [127.11026784466901, 37.40512211492624], [127.11035480186884, 37.404958230762134], [127.11037889451956, 37.40490450821025], [127.11039184674178, 37.40487926792153], [127.11040896593798, 37.40484573447445], [127.11042112791411, 37.40482076521392], [127.11043565390774, 37.404790387696536], [127.11045119261392, 37.404757396306515], [127.11047022177843, 37.40471692329019], [127.11048756118248, 37.40467951527202], [127.11050377372892, 37.40464391031579], [127.11051998586849, 37.40460803505359], [127.11056309873548, 37.404507892754665], [127.11058459741302, 37.40445696568959], [127.11065064966692, 37.404287063783855], [127.11069733064129, 37.40415538267961], [127.11064648597157, 37.4041418243193]]]}}, {"id": "25", "type": "Feature", "properties": {"primary_landuse": "주거", "designation_names": "과밀억제권역,도시교통정비지역,대기환경규제지역,배수구역(판교배수구역),하수처리구역,가축사육제한구역,비행안전제2구역(전술)(비행안전제2구역),도시지역,준주거지역,지구단위계획구역(판교),토지거래계약에관한허가구역2025-08-26(대상자: 외국인 등/ 대상용도: 단독,", "area_m2": 1027.7980490674497}, "geometry": {"type": "MultiPolygon", "coordinates": [[[[127.10662705025132, 37.404891774794756], [127.10653960289461, 37.40515021705438], [127.10658411761501, 37.405131041343154], [127.1066250148721, 37.40492655579432], [127.10662705025132, 37.404891774794756]]], [[[127.10607931481384, 37.40533456770138], [127.10590940594881, 37.40528986965823], [127.1060727253693, 37.40535133338745], [127.10622342671887, 37.40528641624748], [127.10607931481384, 37.40533456770138]]], [[[127.10562774011562, 37.40515998945999], [127.1054019871372, 37.40509702701042], [127.10517682134547, 37.40488611727953], [127.10495179752064, 37.40485973445613], [127.10493971868004, 37.40486434018826], [127.10473539318987, 37.40494155534324], [127.1046948671251, 37.40495717823857], [127.10466450132677, 37.404969278306325], [127.10461472134907, 37.404990495526995], [127.10457611925708, 37.40500899994553], [127.1045295068867, 37.40503399862381], [127.10449226305883, 37.405054664262664], [127.1044567154916, 37.40507686013507], [127.10442207282476, 37.40510004632349], [127.10438856070307, 37.40512404242973], [127.10435572734313, 37.40514884884775], [127.10432447692708, 37.405174915298396], [127.10409151233851, 37.4053721691606], [127.10391546382516, 37.40552134041145], [127.10497913272083, 37.40486354386079], [127.10534104107934, 37.40507596833207], [127.10580594312452, 37.405250932227396], [127.10562774011562, 37.40515998945999]]]]}}, {"id": "26", "type": "Feature", "properties": {"primary_landuse": "주거", "designation_names": "과밀억제권역,도시교통정비지역,대기환경규제지역,배수구역(판교배수구역),하수처리구역,가축사육제한구역,비행안전제2구역(전술)(비행안전제2구역),도시지역,준주거지역,지구단위계획구역(판교),토지거래계약에관한허가구역2025-08-26(대상자: 외국인 등/ 대상용도: 단독,", "area_m2": 3117.9997435888017}, "geometry": {"type": "Polygon", "coordinates": [[[127.10264800283778, 37.40104449426949], [127.10271197117758, 37.40099353227249], [127.103608489675, 37.40099573497119], [127.1037778999196, 37.40099621929229], [127.10377653118209, 37.399988887163964], [127.10384015867928, 37.39993765453908], [127.10354324332245, 37.399936919984036], [127.10360712259384, 37.39998795233111], [127.10360823703184, 37.400809495671126], [127.10354438239557, 37.40086045805603], [127.10271190238625, 37.400858380285804], [127.10264791028347, 37.400807527762005], [127.10264800283778, 37.40104449426949]]]}}, {"id": "27", "type": "Feature", "properties": {"primary_landuse": "주거", "designation_names": "과밀억제권역,도시교통정비지역,대기환경규제지역,배수구역(판교배수구역),하수처리구역,가축사육제한구역,비행안전제2구역(전술)(비행안전제2구역),도시지역,준주거지역,지구단위계획구역(판교),토지거래계약에관한허가구역2025-08-26(대상자: 외국인 등/ 대상용도: 단독,", "area_m2": 2136.8949411117133}, "geometry": {"type": "Polygon", "coordinates": [[[127.10091853501072, 37.40083216826152], [127.10080084821652, 37.401026147252395], [127.10087782333127, 37.40098842022541], [127.10185780494396, 37.400991196743455], [127.10235835562234, 37.400992572951665], [127.10242212204973, 37.401043606025915], [127.10242203008585, 37.400806549415925], [127.10235806158727, 37.40085742115649], [127.10230915859047, 37.40085728264884], [127.10185864120163, 37.400856043987304], [127.1009919399117, 37.40085344253512], [127.10095247085962, 37.40080465881198], [127.10094261775177, 37.400792485392515], [127.10091853501072, 37.40083216826152]]]}}, {"id": "28", "type": "Feature", "properties": {"primary_landuse": "주거", "designation_names": "과밀억제권역,도시교통정비지역,대기환경규제지역,배수구역(판교배수구역),하수처리구역,가축사육제한구역,비행안전제2구역(전술)(비행안전제2구역),도시지역,준주거지역,자연녹지지역,지구단위계획구역(판교),토지거래계약에관한허가구역2025-08-26(대상자: 외국인 등/ 대", "area_m2": 4629.880705686226}, "geometry": {"type": "Polygon", "coordinates": [[[127.10096391684513, 37.40075732794818], [127.10098701484772, 37.400716042093485], [127.10100932189378, 37.400674486595435], [127.10103129021725, 37.40063302147934], [127.10105280640309, 37.40059128643536], [127.10107849010103, 37.4005410783494], [127.10109944130178, 37.400499163569286], [127.10112016624392, 37.40045697867162], [127.10114010047249, 37.400414704334864], [127.10115946950818, 37.400372070065245], [127.10117849994484, 37.4003296162803], [127.10119741730219, 37.40028707248592], [127.10121610876124, 37.40024452887871], [127.10123446114521, 37.400201805351436], [127.10125247457397, 37.400158992005515], [127.1012651907502, 37.40012438235057], [127.1012757603716, 37.400089233896814], [127.10128710848659, 37.400044984545815], [127.10129911868731, 37.399989021455426], [127.10138577850049, 37.39993119331136], [127.10128182710343, 37.39993057013462], [127.10119581354913, 37.40000335063321], [127.10051133469716, 37.4011992217309], [127.1002059482995, 37.401490599183674], [127.10019137967777, 37.40150824919028], [127.10015473133261, 37.40155197892527], [127.10011131702042, 37.401603733310985], [127.1000791775912, 37.401640881863294], [127.10001410734532, 37.40171463899219], [127.09996087736856, 37.4017743304164], [127.09991633032344, 37.40182374303663], [127.09987019945628, 37.40187117472739], [127.09982226394685, 37.40192050002849], [127.09977421437479, 37.401969014492444], [127.09972424662274, 37.402018972151225], [127.09965668323986, 37.40208678446074], [127.09964224485326, 37.40210067205099], [127.09990343340182, 37.4022391209859], [127.09988208475374, 37.402150659225484], [127.09995111386945, 37.402081043540875], [127.10000017857212, 37.40203153704569], [127.10004867791497, 37.40198158049414], [127.10009729013449, 37.40193162382818], [127.10014352875862, 37.40188031760144], [127.10017386675561, 37.40184740529964], [127.100342457209, 37.401652195087316], [127.10037966936774, 37.40160783411405], [127.10041079134135, 37.40157005562142], [127.10044123516754, 37.40153191728227], [127.1004713399049, 37.40149359901613], [127.10048949296639, 37.401470517875794], [127.10051553678352, 37.40143598725402], [127.10054439874679, 37.40139739970511], [127.1005737125597, 37.40135890187175], [127.10060223528748, 37.40132004428836], [127.10063053186849, 37.4012810066847], [127.10068588189104, 37.40120239189074], [127.10071304827339, 37.401162814606295], [127.10076523390927, 37.40108276080647], [127.10080084821652, 37.401026147252395], [127.10091853501072, 37.40083216826152], [127.10094261775177, 37.400792485392515], [127.10096391684513, 37.40075732794818]]]}}, {"id": "29", "type": "Feature", "properties": {"primary_landuse": "주거", "designation_names": "과밀억제권역,도시교통정비지역,대기환경규제지역,배수구역(판교배수구역),하수처리구역,가축사육제한구역,비행안전제2구역(전술)(비행안전제2구역),도시지역,준주거지역,지구단위계획구역(판교),토지거래계약에관한허가구역2025-08-26(대상자: 외국인 등/ 대상용도: 단독,", "area_m2": 6725.513594531028}, "geometry": {"type": "Polygon", "coordinates": [[[127.10272750560898, 37.402970883148605], [127.10265050308871, 37.40290499485856], [127.10265030258955, 37.402503683677566], [127.10264987010149, 37.40226590660763], [127.10264908950404, 37.401769088447985], [127.10264878813183, 37.40154482643931], [127.10264800283778, 37.40104449426949], [127.10264791028347, 37.400807527762005], [127.10264697229579, 37.40002544865902], [127.10272696001316, 37.39996185875092], [127.1023415006561, 37.399960836527], [127.1024210948078, 37.40002474061144], [127.10242203008585, 37.400806549415925], [127.10242212204973, 37.401043606025915], [127.10242394928218, 37.40223789789971], [127.10242438226425, 37.40247657598499], [127.10242455920688, 37.40286121844227], [127.1023388014511, 37.402919857463104], [127.10272750560898, 37.402970883148605]]]}}, {"id": "30", "type": "Feature", "properties": {"primary_landuse": "주거", "designation_names": "과밀억제권역,도시교통정비지역,대기환경규제지역,배수구역(판교배수구역),하수처리구역,가축사육제한구역,비행안전제2구역(전술)(비행안전제2구역),도시지역,준주거지역,지구단위계획구역(판교),토지거래계약에관한허가구역2025-08-26(대상자: 외국인 등/ 대상용도: 단독,", "area_m2": 2030.1835812444272}, "geometry": {"type": "Polygon", "coordinates": [[[127.10392043888962, 37.40233085735685], [127.1039137652824, 37.40232347482627], [127.10390652745902, 37.402316453189236], [127.1038986126005, 37.40230988264467], [127.10389069774341, 37.40230331209958], [127.10388142918244, 37.40229791404329], [127.10387204792633, 37.40229269628652], [127.10386221564065, 37.402288019527454], [127.1038521582083, 37.402283883570455], [127.10384164962349, 37.402280198509736], [127.1038308030727, 37.402277144449904], [127.10381984431619, 37.4022746310942], [127.10380866065718, 37.402272838742775], [127.1037973646695, 37.40227149699418], [127.1037860697842, 37.40227096615562], [127.10377466256976, 37.40227088591985], [127.10376325621223, 37.402271436391615], [127.10375196365288, 37.402272617473294], [127.10374078489144, 37.402274429164926], [127.1037297199276, 37.40227687146651], [127.10371888145794, 37.40227976407799], [127.10370838266844, 37.40228328710434], [127.10369822343661, 37.40228735044437], [127.10368829069839, 37.40229186409451], [127.10367881058139, 37.402297008062156], [127.10366989578237, 37.402302602047335], [127.10366143335976, 37.40230864614781], [127.1036534233135, 37.402315140363605], [127.10364518664906, 37.40232109416653], [127.10363604547243, 37.40232632793931], [127.10362633824178, 37.40233057108546], [127.10361606556854, 37.40233427411096], [127.10360533978336, 37.402336986412045], [127.10359257945962, 37.40233852915109], [127.10321896594085, 37.402336868859024], [127.10316226876768, 37.40233655720568], [127.10310568429331, 37.40233606522559], [127.10304898614864, 37.40233503270798], [127.10299240046105, 37.40233363966133], [127.10293592674566, 37.402331525680815], [127.1028795653682, 37.40232896107033], [127.10282309056774, 37.40232603612475], [127.10276684092744, 37.40232257035135], [127.10271104281624, 37.4023189239621], [127.10264987010149, 37.40226590660763], [127.10265030258955, 37.402503683677566], [127.10271687285599, 37.40245497199785], [127.10278509599901, 37.40245959885835], [127.10285309205341, 37.40246332486068], [127.1029208615024, 37.40246651041023], [127.10298885599023, 37.40246906501841], [127.1030568492668, 37.40247071857514], [127.10312484157306, 37.40247165128289], [127.1031928331505, 37.40247204334411], [127.10321485704678, 37.402472204606724], [127.10326093767037, 37.402472435269075], [127.10331752188247, 37.402472656871], [127.1035896004111, 37.40247368373329], [127.10360078201697, 37.40247394438436], [127.10361185202572, 37.40247519624545], [127.10362269737374, 37.40247734931291], [127.10363286702767, 37.40248094458431], [127.10364213522661, 37.40248607235622], [127.10364971113354, 37.40249255310916], [127.10365717471137, 37.40249948446539], [127.10366554096932, 37.402505784331915], [127.10367424544275, 37.402511633398944], [127.1036829499175, 37.40251748246536], [127.1036930078612, 37.40252197884148], [127.10370295274186, 37.402526385213086], [127.10371334853475, 37.4025301604848], [127.1037239696006, 37.40253348505417], [127.10373481581686, 37.40253626881993], [127.10374588706101, 37.40253842168075], [127.10375718321028, 37.40253985353539], [127.10376847862544, 37.402540744781575], [127.10377999919, 37.40254109522386], [127.10379129289126, 37.402540725050635], [127.10380269892198, 37.402539904272416], [127.10381387808877, 37.40253836287865], [127.10382494345576, 37.402536190872944], [127.10383589514518, 37.40253347835653], [127.10384650715046, 37.40253013542371], [127.10385689253584, 37.402526252078054], [127.10386682553991, 37.40252191861635], [127.10387641873676, 37.4025168646373], [127.10388555979716, 37.40251154074483], [127.10389436117265, 37.40250558643642], [127.1039023713409, 37.402499182305725], [127.10391004219188, 37.402492418063], [127.10391692183568, 37.40248520399827], [127.10392334922045, 37.40247762991944], [127.10392594197764, 37.40247402362036], [127.10392898564345, 37.40246978622129], [127.10393405686584, 37.40246158260707], [127.10393822443025, 37.40245328967403], [127.10394193973617, 37.40244463672724], [127.1039446384428, 37.40243589455958], [127.10394688501393, 37.402426882479524], [127.10394834099247, 37.40241787108427], [127.10394900625604, 37.40240877027263], [127.10394865492152, 37.402399580240306], [127.10394785182037, 37.40239039059928], [127.10394603248969, 37.40238138204125], [127.10394364857372, 37.40237246407361], [127.10394047431211, 37.40236372699317], [127.10393662252409, 37.40235508060084], [127.1039317548755, 37.402346885594966], [127.10392643558414, 37.40233878108136], [127.10392043888962, 37.40233085735685]]]}}, {"id": "31", "type": "Feature", "properties": {"primary_landuse": "기반시설", "designation_names": "과밀억제권역,도시교통정비지역,하천구역,대기환경규제지역,배수구역(판교배수구역),하수처리구역,가축사육제한구역,비행안전제2구역(전술)(비행안전제2구역),도시지역,준주거지역,자연녹지지역,지구단위계획구역(판교),토지거래계약에관한허가구역2025-08-26(대상자: 외국", "area_m2": 6601.63024262642}, "geometry": {"type": "Polygon", "coordinates": [[[127.10138577850049, 37.39993119331136], [127.10168766321797, 37.39993201917537], [127.10182198312833, 37.39995938623232], [127.10185755873204, 37.3999594461505], [127.1023080706332, 37.39996059472281], [127.1023415006561, 37.399960836527], [127.10272696001316, 37.39996185875092], [127.10307627896056, 37.39996273056143], [127.10321233350888, 37.39993612382328], [127.10354324332245, 37.399936919984036], [127.10384015867928, 37.39993765453908], [127.10528294784181, 37.399940902302184], [127.10534982665597, 37.39995498951049], [127.10541467136643, 37.399968177454426], [127.1054612023382, 37.39996849696609], [127.10552196325489, 37.39996862374137], [127.10561301685377, 37.39978699362916], [127.10145150967197, 37.3997869923754], [127.10128182710343, 37.39993057013462], [127.10138577850049, 37.39993119331136]]]}}, {"id": "32", "type": "Feature", "properties": {"primary_landuse": "주거", "designation_names": "과밀억제권역,도시교통정비지역,대기환경규제지역,배수구역(판교배수구역),하수처리구역,가축사육제한구역,비행안전제2구역(전술)(비행안전제2구역),도시지역,준주거지역,지구단위계획구역(판교),토지거래계약에관한허가구역2025-08-26(대상자: 외국인 등/ 대상용도: 단독,", "area_m2": 831.4554136938037}, "geometry": {"type": "Polygon", "coordinates": [[[127.11166554302707, 37.400178763163495], [127.11166529933327, 37.40001225605911], [127.11160152752603, 37.39996122796869], [127.11126903644313, 37.399960455825905], [127.11126889308234, 37.400017039620444], [127.11126822398322, 37.40017778108568], [127.11166554302707, 37.400178763163495]]]}}, {"id": "33", "type": "Feature", "properties": {"primary_landuse": "주거", "designation_names": "과밀억제권역,도시교통정비지역,대기환경규제지역,배수구역(판교배수구역),하수처리구역,가축사육제한구역,비행안전제2구역(전술)(비행안전제2구역),도시지역,준주거지역,지구단위계획구역(판교),토지거래계약에관한허가구역2025-08-26(대상자: 외국인 등/ 대상용도: 단독,", "area_m2": 1500.94506067616}, "geometry": {"type": "Polygon", "coordinates": [[[127.10897189035136, 37.400288191998136], [127.10897130117246, 37.39995463725638], [127.10857251538717, 37.39995382765582], [127.10850832577293, 37.400004612826706], [127.10850884001707, 37.4002868999581], [127.10897189035136, 37.400288191998136]]]}}, {"id": "34", "type": "Feature", "properties": {"primary_landuse": "주거", "designation_names": "과밀억제권역,도시교통정비지역,대기환경규제지역,배수구역(판교배수구역),하수처리구역,가축사육제한구역,비행안전제2구역(전술)(비행안전제2구역),도시지역,준주거지역,지구단위계획구역(판교),토지거래계약에관한허가구역2025-08-26(대상자: 외국인 등/ 대상용도: 단독,", "area_m2": 10563.1043871654}, "geometry": {"type": "Polygon", "coordinates": [[[127.10991035376603, 37.40087605776474], [127.11103952739539, 37.40087889163905], [127.11104315924018, 37.39995985434892], [127.10995928806082, 37.399957339367866], [127.10987930647057, 37.400020934158796], [127.10988017880156, 37.400469908480446], [127.10984634725287, 37.40058319689489], [127.10984646947367, 37.40082502883815], [127.10991035376603, 37.40087605776474]]]}}, {"id": "35", "type": "Feature", "properties": {"primary_landuse": "주거", "designation_names": "과밀억제권역,도시교통정비지역,대기환경규제지역,배수구역(판교배수구역),하수처리구역,가축사육제한구역,비행안전제2구역(전술)(비행안전제2구역),도시지역,준주거지역,지구단위계획구역(판교),토지거래계약에관한허가구역2025-08-26(대상자: 외국인 등/ 대상용도: 단독,", "area_m2": 2040.1844971548512}, "geometry": {"type": "Polygon", "coordinates": [[[127.11126540722522, 37.40087940301731], [127.11126822398322, 37.40017778108568], [127.11126889308234, 37.400017039620444], [127.11126903644313, 37.399960455825905], [127.11104315924018, 37.39995985434892], [127.11103952739539, 37.40087889163905], [127.11126540722522, 37.40087940301731]]]}}, {"id": "36", "type": "Feature", "properties": {"primary_landuse": "주거", "designation_names": "과밀억제권역,도시교통정비지역,대기환경규제지역,배수구역(판교배수구역),하수처리구역,가축사육제한구역,비행안전제2구역(전술)(비행안전제2구역),도시지역,준주거지역,지구단위계획구역(판교),토지거래계약에관한허가구역2025-08-26(대상자: 외국인 등/ 대상용도: 단독,", "area_m2": 2669.391194602333}, "geometry": {"type": "Polygon", "coordinates": [[[127.11272890593483, 37.40002715439147], [127.11264903247331, 37.39996358187813], [127.11255902048008, 37.39996339613609], [127.11255951541257, 37.40029884306647], [127.11258564511898, 37.400403065805186], [127.11258663258556, 37.40107215757124], [127.11256096702233, 37.40128265843595], [127.11256161487891, 37.40156863950825], [127.11273125218686, 37.40156902068681], [127.11273107315463, 37.401295022654544], [127.11276563291128, 37.40106586240584], [127.1127647274947, 37.400453354220915], [127.11272339191406, 37.40045339310291], [127.11272325864404, 37.40036320176268], [127.1127227757615, 37.40003640455739], [127.11272898735804, 37.400036398715464], [127.11272897377758, 37.40002720838851], [127.11272890593483, 37.40002715439147]]]}}, {"id": "37", "type": "Feature", "properties": {"primary_landuse": "주거", "designation_names": "과밀억제권역,도시교통정비지역,대기환경규제지역,배수구역(판교배수구역),하수처리구역,가축사육제한구역,비행안전제2구역(전술)(비행안전제2구역),도시지역,준주거지역,지구단위계획구역(판교),토지거래계약에관한허가구역2025-08-26(대상자: 외국인 등/ 대상용도: 단독,", "area_m2": 6424.710314434225}, "geometry": {"type": "Polygon", "coordinates": [[[127.11103634659632, 37.40156465598278], [127.11103848174552, 37.401014044643375], [127.10991100018227, 37.40101120920937], [127.10984692351253, 37.401061994994194], [127.1098475300069, 37.401561786640976], [127.11103634659632, 37.40156465598278]]]}}, {"id": "38", "type": "Feature", "properties": {"primary_landuse": "주거", "designation_names": "과밀억제권역,도시교통정비지역,대기환경규제지역,배수구역(판교배수구역),하수처리구역,가축사육제한구역,비행안전제2구역(전술)(비행안전제2구역),도시지역,준주거지역,지구단위계획구역(판교),토지거래계약에관한허가구역2025-08-26(대상자: 외국인 등/ 대상용도: 단독,", "area_m2": 226.71757684113555}, "geometry": {"type": "Polygon", "coordinates": [[[127.11256161487891, 37.40156863950825], [127.11256204044994, 37.40170397132947], [127.11273337217227, 37.4017043509135], [127.11273125218686, 37.40156902068681], [127.11256161487891, 37.40156863950825]]]}}, {"id": "39", "type": "Feature", "properties": {"primary_landuse": "주거", "designation_names": "과밀억제권역,도시교통정비지역,대기환경규제지역,배수구역(판교배수구역),하수처리구역,가축사육제한구역,비행안전제2구역(전술)(비행안전제2구역),도시지역,준주거지역,지구단위계획구역(판교),토지거래계약에관한허가구역2025-08-26(대상자: 외국인 등/ 대상용도: 단독,", "area_m2": 943.7861113179897}, "geometry": {"type": "Polygon", "coordinates": [[[127.10780949946835, 37.40234868924403], [127.10780915012138, 37.40178150160705], [127.10763973898622, 37.401781653772716], [127.10764008629405, 37.4023483008048], [127.10780949946835, 37.40234868924403]]]}}, {"id": "40", "type": "Feature", "properties": {"primary_landuse": "주거", "designation_names": "과밀억제권역,도시교통정비지역,대기환경규제지역,배수구역(판교배수구역),하수처리구역,가축사육제한구역,비행안전제2구역(전술)(비행안전제2구역),도시지역,준주거지역,지구단위계획구역(판교),토지거래계약에관한허가구역2025-08-26(대상자: 외국인 등/ 대상용도: 단독,", "area_m2": 2763.72136182173}, "geometry": {"type": "Polygon", "coordinates": [[[127.09775852951047, 37.403893515897884], [127.09777546122928, 37.40391227022051], [127.0981446696552, 37.4043211011421], [127.09851294000589, 37.404025357397394], [127.0981005360387, 37.403568367697424], [127.0978543920112, 37.40380183181844], [127.09785436945704, 37.40380185886721], [127.09777644018502, 37.403874093493606], [127.09775739846911, 37.403892264410096], [127.09775852951047, 37.403893515897884]]]}}, {"id": "41", "type": "Feature", "properties": {"primary_landuse": "주거", "designation_names": "과밀억제권역,도시교통정비지역,대기환경규제지역,배수구역(판교배수구역),하수처리구역,가축사육제한구역,비행안전제2구역(전술)(비행안전제2구역),도시지역,준주거지역,지구단위계획구역(판교),토지거래계약에관한허가구역2025-08-26(대상자: 외국인 등/ 대상용도: 단독,", "area_m2": 5692.778572441759}, "geometry": {"type": "Polygon", "coordinates": [[[127.09909219360841, 37.40356085899564], [127.09964255573375, 37.4031186367323], [127.10002909221957, 37.40280854693939], [127.10001880904287, 37.40280441084474], [127.09996840977476, 37.40278381961275], [127.09991800982729, 37.402762687751746], [127.09986806132373, 37.40274128518965], [127.09981833814446, 37.402719431912374], [127.09976895346757, 37.40269730802878], [127.09971990717575, 37.40267482343807], [127.09967097385531, 37.40265233873315], [127.09962204044662, 37.402629763906596], [127.09957333224688, 37.402606648264914], [127.09952688420765, 37.40258452184438], [127.09941554274525, 37.40259948080236], [127.09877402636232, 37.4032072932064], [127.09876973791569, 37.40329730796308], [127.0990021700859, 37.403555076664], [127.09909219360841, 37.40356085899564]]]}}, {"id": "42", "type": "Feature", "properties": {"primary_landuse": "주거", "designation_names": "과밀억제권역,도시교통정비지역,대기환경규제지역,배수구역(판교배수구역),하수처리구역,가축사육제한구역,비행안전제2구역(전술)(비행안전제2구역),도시지역,준주거지역,지구단위계획구역(판교),토지거래계약에관한허가구역2025-08-26(대상자: 외국인 등/ 대상용도: 단독,", "area_m2": 9935.020025118609}, "geometry": {"type": "Polygon", "coordinates": [[[127.10199060226888, 37.40385252237439], [127.10201620094102, 37.40382285728557], [127.10204078213596, 37.40379247224551], [127.1020640073841, 37.40376163784663], [127.10208621539745, 37.4037302637003], [127.10210706734574, 37.40369835009537], [127.10212678911756, 37.403665896840295], [127.10214526789086, 37.403632994132984], [127.10216272967443, 37.403599731882984], [127.10217860975212, 37.40356611057149], [127.10219234292659, 37.40353177027503], [127.10220494617285, 37.40349707053366], [127.10221596796018, 37.40346219193497], [127.102225521234, 37.40342713438311], [127.10223349245004, 37.4033914474686], [127.10223876375649, 37.40336378187126], [127.10221617138863, 37.403361007972734], [127.1021601426706, 37.40335438817721], [127.10210411323973, 37.40334722774776], [127.10204842228771, 37.403339796699996], [127.10199250497918, 37.40333200541301], [127.10193681332791, 37.4033240337053], [127.10188123403057, 37.40331561136931], [127.10182554132216, 37.40330682869809], [127.10177007403266, 37.403297685404155], [127.10171483240272, 37.40328836169034], [127.10165947736378, 37.4032786776414], [127.10160412233901, 37.40326899356652], [127.10154899225627, 37.40325858846478], [127.10149408699732, 37.40324737223523], [127.10143940728167, 37.4032358854856], [127.10138472686525, 37.403223858103274], [127.1013410051571, 37.403214254180334], [127.10128655089676, 37.403202406764244], [127.10123187064833, 37.40319046941231], [127.10117764075676, 37.40317745043952], [127.10112363605404, 37.40316389064413], [127.101069743956, 37.403150060425226], [127.10101596434397, 37.40313586968171], [127.1009624101615, 37.403121318318846], [127.10090874317592, 37.40310685712776], [127.10085507561624, 37.403091945406125], [127.10080174666815, 37.40307685317309], [127.1007487558567, 37.403061220024206], [127.10069599047753, 37.40304522625709], [127.10064345065, 37.40302896197329], [127.10059102319464, 37.40301224706526], [127.10053870834948, 37.40299526173562], [127.10048661893907, 37.40297791578875], [127.10043452907883, 37.40296020941389], [127.10038277759713, 37.40294214232778], [127.10033136449454, 37.40292371453083], [127.10028119402072, 37.40290546587619], [127.100219497415, 37.40288263165404], [127.10016830909655, 37.40286330258495], [127.10011734609881, 37.40284352279907], [127.10006660854057, 37.402823382397884], [127.10002909221957, 37.40280854693939], [127.09964255573375, 37.4031186367323], [127.10199060226888, 37.40385252237439]]]}}, {"id": "43", "type": "Feature", "properties": {"primary_landuse": "주거", "designation_names": "과밀억제권역,도시교통정비지역,대기환경규제지역,배수구역(판교배수구역),하수처리구역,가축사육제한구역,비행안전제2구역(전술)(비행안전제2구역),도시지역,준주거지역,지구단위계획구역(판교),토지거래계약에관한허가구역2025-08-26(대상자: 외국인 등/ 대상용도: 단독,", "area_m2": 4739.71082222008}, "geometry": {"type": "Polygon", "coordinates": [[[127.10083059531483, 37.40388359621754], [127.10134943321717, 37.40445908690154], [127.10176226983974, 37.404221951370175], [127.10178969408739, 37.40420598018413], [127.10181677900987, 37.40418964887425], [127.10184352484718, 37.40417313764322], [127.1018693657963, 37.40415563605964], [127.10189475447534, 37.40413777444905], [127.10191991677291, 37.4041195526199], [127.10194462704077, 37.404101150966675], [127.10196865854863, 37.404081938973036], [127.10199212520291, 37.404062637353086], [127.10197305651616, 37.40399219432547], [127.10084789368337, 37.40364048832171], [127.10076408814352, 37.40381076009145], [127.10083059531483, 37.40388359621754]]]}}, {"id": "44", "type": "Feature", "properties": {"primary_landuse": "주거", "designation_names": "과밀억제권역,도시교통정비지역,대기환경규제지역,배수구역(판교배수구역),하수처리구역,가축사육제한구역,비행안전제2구역(전술)(비행안전제2구역),도시지역,준주거지역,지구단위계획구역(판교),토지거래계약에관한허가구역2025-08-26(대상자: 외국인 등/ 대상용도: 단독,", "area_m2": 2437.220905191098}, "geometry": {"type": "Polygon", "coordinates": [[[127.10143822948622, 37.40524082091434], [127.10184452383093, 37.40500711450298], [127.10148120853142, 37.4046054802974], [127.10107514051597, 37.40483873477866], [127.10143822948622, 37.40524082091434]]]}}, {"id": "45", "type": "Feature", "properties": {"primary_landuse": "주거", "designation_names": "과밀억제권역,도시교통정비지역,대기환경규제지역,배수구역(판교배수구역),하수처리구역,가축사육제한구역,비행안전제2구역(전술)(비행안전제2구역),도시지역,준주거지역,지구단위계획구역(판교),토지거래계약에관한허가구역2025-08-26(대상자: 외국인 등/ 대상용도: 단독,", "area_m2": 2542.47865291115}, "geometry": {"type": "Polygon", "coordinates": [[[127.1002204468984, 37.405938757870885], [127.10037326425591, 37.40585336237428], [127.10062687468512, 37.40570750768079], [127.10024817853066, 37.40528813266833], [127.10022210454089, 37.405300768619114], [127.09984187440386, 37.40551931075899], [127.1002204468984, 37.405938757870885]]]}}, {"id": "46", "type": "Feature", "properties": {"primary_landuse": "주거", "designation_names": "과밀억제권역,도시교통정비지역,대기환경규제지역,배수구역(판교배수구역),하수처리구역,가축사육제한구역,비행안전제2구역(전술)(비행안전제2구역),도시지역,준주거지역,지구단위계획구역(판교),토지거래계약에관한허가구역2025-08-26(대상자: 외국인 등/ 대상용도: 단독,", "area_m2": 2760.3664862584774}, "geometry": {"type": "Polygon", "coordinates": [[[127.10309593946843, 37.40616123471469], [127.1031065436242, 37.406151674868205], [127.10314105731841, 37.406115965101286], [127.10317308431503, 37.40607890594278], [127.10336816859214, 37.405846456943664], [127.10341282527355, 37.405794520126264], [127.1034450777711, 37.405757370596596], [127.10349176848548, 37.405706242906824], [127.10352616860192, 37.40567035292039], [127.10356429384453, 37.40563292798687], [127.10356701974986, 37.405560844601155], [127.10346657278622, 37.405449836357626], [127.10337721752227, 37.40543901111155], [127.10333060838774, 37.40546689255446], [127.1032851275854, 37.40549396209607], [127.10323964662851, 37.40552094151893], [127.10320308073561, 37.40554223687618], [127.10315658174146, 37.40556813592691], [127.10310996940387, 37.405593764752766], [127.10306324396639, 37.40561930355599], [127.10301617917125, 37.405644482226805], [127.10289247567357, 37.405708380065036], [127.10287294864368, 37.40571785744078], [127.10286290209268, 37.40572210081296], [127.10285229007907, 37.40572580406115], [127.10284167721507, 37.40572887660008], [127.10273396412173, 37.40575726065982], [127.10273181910323, 37.40575798330632], [127.10309593946843, 37.40616123471469]]]}}, {"id": "47", "type": "Feature", "properties": {"primary_landuse": "주거", "designation_names": "과밀억제권역,도시교통정비지역,대기환경규제지역,배수구역(판교배수구역),하수처리구역,가축사육제한구역,비행안전제2구역(전술)(비행안전제2구역),도시지역,준주거지역,지구단위계획구역(판교),토지거래계약에관한허가구역2025-08-26(대상자: 외국인 등/ 대상용도: 단독,", "area_m2": 3774.7874510983656}, "geometry": {"type": "Polygon", "coordinates": [[[127.10227253818037, 37.406319346168274], [127.10227987458515, 37.40631546556137], [127.10228969499111, 37.406310952128], [127.10229996778955, 37.406306888814626], [127.1023104673269, 37.40630345601602], [127.10232119348264, 37.406300563630964], [127.10233225932527, 37.4062983016643], [127.10234343883923, 37.40629658020734], [127.10235450625036, 37.406295489553905], [127.10236591334915, 37.40629502931866], [127.10237732117245, 37.40629510968944], [127.10238895501168, 37.40629527996753], [127.10240002652927, 37.40629725274989], [127.1024109850999, 37.40629922562763], [127.10242194451686, 37.406301829212566], [127.10243267876454, 37.40630497359635], [127.10244307477471, 37.40630856877429], [127.10245324573674, 37.4063127948524], [127.10246285268732, 37.406317562018806], [127.1024721214008, 37.40632277997966], [127.10248082622383, 37.40632862913024], [127.10248896691475, 37.40633492926832], [127.10249676936876, 37.40634168020112], [127.10250389450117, 37.406348702015734], [127.10251079373967, 37.406355724022816], [127.10251915972658, 37.40636157345998], [127.10252910456283, 37.40636561952211], [127.10254028904207, 37.40636759219482], [127.10255147207008, 37.40636848365232], [127.1025740628121, 37.40636936535937], [127.10259687872372, 37.406369706261906], [127.10261912650736, 37.40636752481], [127.10265277958065, 37.40636353157334], [127.10268665684957, 37.40635827671733], [127.10271951588844, 37.40635176130521], [127.10276287359487, 37.40634118233703], [127.10278906737679, 37.406333681498616], [127.10282045334623, 37.406323653370194], [127.10285138618222, 37.40631263450763], [127.10288141360796, 37.40630026489401], [127.10292058163873, 37.406281850648085], [127.10299416728701, 37.40624016072509], [127.10301154588316, 37.40622879304736], [127.10304517188352, 37.406204797237535], [127.10307687532476, 37.40617900104377], [127.10309593946843, 37.40616123471469], [127.10273181910323, 37.40575798330632], [127.10272346467994, 37.4057606934962], [127.1021475206579, 37.4059931958851], [127.10212787906723, 37.406001592019514], [127.10210835186473, 37.40601106926879], [127.10205135305307, 37.406040670968096], [127.10203035992461, 37.40605195147655], [127.10227253818037, 37.406319346168274]]]}}, {"id": "48", "type": "Feature", "properties": {"primary_landuse": "주거", "designation_names": "과밀억제권역,도시교통정비지역,대기환경규제지역,배수구역(판교배수구역),하수처리구역,가축사육제한구역,비행안전제2구역(전술)(비행안전제2구역),도시지역,준주거지역,지구단위계획구역(판교),토지거래계약에관한허가구역2025-08-26(대상자: 외국인 등/ 대상용도: 단독,", "area_m2": 2311.521055549717}, "geometry": {"type": "Polygon", "coordinates": [[[127.09923397740103, 37.40637451553333], [127.09942343279414, 37.40631993763404], [127.09945696439148, 37.406309277912456], [127.09949094753492, 37.406298437604626], [127.0995247040693, 37.40628705686711], [127.09955868731032, 37.40627630664097], [127.09959153895251, 37.40626393552057], [127.0997011547877, 37.406220776134084], [127.09971515121686, 37.40621382671192], [127.09934471652275, 37.4058050739316], [127.09893310542431, 37.40604174945171], [127.09923397740103, 37.40637451553333]]]}}, {"id": "49", "type": "Feature", "properties": {"primary_landuse": "주거", "designation_names": "과밀억제권역,도시교통정비지역,대기환경규제지역,배수구역(판교배수구역),하수처리구역,가축사육제한구역,비행안전제2구역(전술)(비행안전제2구역),도시지역,준주거지역,지구단위계획구역(판교),토지거래계약에관한허가구역2025-08-26(대상자: 외국인 등/ 대상용도: 단독,", "area_m2": 5154.847080904283}, "geometry": {"type": "Polygon", "coordinates": [[[127.10660801120989, 37.40306660940018], [127.10654457855682, 37.403015217901824], [127.10654401747772, 37.402532275257656], [127.10660798443658, 37.40248131116801], [127.10709239388092, 37.40248232126984], [127.10764016394323, 37.40248345274097], [127.10780957742179, 37.40248384117961], [127.108340632238, 37.40248507453184], [127.10937439351092, 37.402487559943], [127.10945410911306, 37.40255136904853], [127.1094874074575, 37.402301577745384], [127.10942344260478, 37.402352543391004], [127.10780949946835, 37.40234868924403], [127.10764008629405, 37.4023483008048], [127.10637479615642, 37.402345645370225], [127.10637446993512, 37.402435746998066], [127.10637512634517, 37.40298788738846], [127.1063110457304, 37.40303876134753], [127.10660801120989, 37.40306660940018]]]}}, {"id": "50", "type": "Feature", "properties": {"primary_landuse": "주거", "designation_names": "과밀억제권역,도시교통정비지역,대기환경규제지역,배수구역(판교배수구역),하수처리구역,가축사육제한구역,비행안전제2구역(전술)(비행안전제2구역),도시지역,준주거지역,지구단위계획구역(판교),토지거래계약에관한허가구역2025-08-26(대상자: 외국인 등/ 대상용도: 단독,", "area_m2": 5218.780709759854}, "geometry": {"type": "Polygon", "coordinates": [[[127.10561307398949, 37.40243394884927], [127.10539170500641, 37.40295126015944], [127.1054613744358, 37.40303680828531], [127.1063110457304, 37.40303876134753], [127.10637512634517, 37.40298788738846], [127.10637446993512, 37.402435746998066], [127.10561307398949, 37.40243394884927]]]}}, {"id": "51", "type": "Feature", "properties": {"primary_landuse": "주거", "designation_names": "과밀억제권역,도시교통정비지역,대기환경규제지역,배수구역(판교배수구역),하수처리구역,가축사육제한구역,비행안전제2구역(전술)(비행안전제2구역),도시지역,준주거지역,지구단위계획구역(판교),토지거래계약에관한허가구역2025-08-26(대상자: 외국인 등/ 대상용도: 단독,", "area_m2": 3903.9058135176538}, "geometry": {"type": "Polygon", "coordinates": [[[127.10332815522072, 37.40298595502462], [127.10346304588961, 37.403013319708236], [127.103825593536, 37.40301435809272], [127.1038536031834, 37.40301424375298], [127.10411760508745, 37.402474488177695], [127.10392594197764, 37.40247402362036], [127.10392334922045, 37.40247762991944], [127.10391692183568, 37.40248520399827], [127.10391004219188, 37.402492418063], [127.1039023713409, 37.402499182305725], [127.10389436117265, 37.40250558643642], [127.10388555979716, 37.40251154074483], [127.10387641873676, 37.4025168646373], [127.10386682553991, 37.40252191861635], [127.10385689253584, 37.402526252078054], [127.10384650715046, 37.40253013542371], [127.10383589514518, 37.40253347835653], [127.10382494345576, 37.402536190872944], [127.10381387808877, 37.40253836287865], [127.10380269892198, 37.402539904272416], [127.10379129289126, 37.402540725050635], [127.10377999919, 37.40254109522386], [127.10376847862544, 37.402540744781575], [127.10375718321028, 37.40253985353539], [127.10374588706101, 37.40253842168075], [127.10373481581686, 37.40253626881993], [127.1037239696006, 37.40253348505417], [127.10371334853475, 37.4025301604848], [127.10370295274186, 37.402526385213086], [127.1036930078612, 37.40252197884148], [127.1036829499175, 37.40251748246536], [127.10367424544275, 37.402511633398944], [127.10366554096932, 37.402505784331915], [127.10365717471137, 37.40249948446539], [127.10364971113354, 37.40249255310916], [127.10364213522661, 37.40248607235622], [127.10363286702767, 37.40248094458431], [127.10362269737374, 37.40247734931291], [127.10361185202572, 37.40247519624545], [127.10360078201697, 37.40247394438436], [127.1035896004111, 37.40247368373329], [127.10331752188247, 37.402472656871], [127.10326093767037, 37.402472435269075], [127.10321485704678, 37.402472204606724], [127.10321543816043, 37.402985781720176], [127.10332815522072, 37.40298595502462]]]}}, {"id": "52", "type": "Feature", "properties": {"primary_landuse": "주거", "designation_names": "과밀억제권역,도시교통정비지역,대기환경규제지역,배수구역(판교배수구역),하수처리구역,가축사육제한구역,비행안전제2구역(전술)(비행안전제2구역),도시지역,준주거지역,지구단위계획구역(판교),토지거래계약에관한허가구역2025-08-26(대상자: 외국인 등/ 대상용도: 단독,", "area_m2": 3073.135123123489}, "geometry": {"type": "Polygon", "coordinates": [[[127.10988379936725, 37.402984273327256], [127.10996351592766, 37.403048082082506], [127.1104524468682, 37.40304916437153], [127.11045175075999, 37.40249026646484], [127.10996316201633, 37.40248900365399], [127.10988329081573, 37.40255268842199], [127.10988379936725, 37.402984273327256]]]}}, {"id": "53", "type": "Feature", "properties": {"primary_landuse": "주거", "designation_names": "과밀억제권역,도시교통정비지역,대기환경규제지역,배수구역(판교배수구역),하수처리구역,가축사육제한구역,비행안전제2구역(전술)(비행안전제2구역),도시지역,준주거지역,지구단위계획구역(판교),토지거래계약에관한허가구역2025-08-26(대상자: 외국인 등/ 대상용도: 단독,", "area_m2": 3123.6724531203517}, "geometry": {"type": "Polygon", "coordinates": [[[127.10709332834246, 37.403067888993014], [127.10709239388092, 37.40248232126984], [127.10660798443658, 37.40248131116801], [127.10654401747772, 37.402532275257656], [127.10654457855682, 37.403015217901824], [127.10660801120989, 37.40306660940018], [127.10709332834246, 37.403067888993014]]]}}, {"id": "54", "type": "Feature", "properties": {"primary_landuse": "주거", "designation_names": "과밀억제권역,도시교통정비지역,대기환경규제지역,배수구역(판교배수구역),하수처리구역,가축사육제한구역,비행안전제2구역(전술)(비행안전제2구역),도시지역,준주거지역,지구단위계획구역(판교),토지거래계약에관한허가구역2025-08-26(대상자: 외국인 등/ 대상용도: 단독,", "area_m2": 23258.22272622266}, "geometry": {"type": "Polygon", "coordinates": [[[127.11271407487823, 37.402937856335846], [127.1125562394627, 37.403053965065176], [127.11251445041697, 37.4030538240982], [127.11227365562856, 37.40305332908186], [127.11213872823586, 37.40308003528004], [127.11172614674146, 37.403079159130314], [127.11118718172658, 37.40307794832242], [127.11095993998579, 37.403077438059725], [127.11066380281417, 37.40307672067184], [127.11052721529333, 37.403049365768894], [127.1104524468682, 37.40304916437153], [127.10996351592766, 37.403048082082506], [127.10937463010556, 37.403046638483204], [127.10903704297954, 37.40304586472196], [127.10890154934349, 37.40307229743795], [127.10834157666801, 37.40307082243246], [127.10817769593122, 37.40307033966487], [127.10789529959459, 37.403042572549694], [127.10781047928356, 37.40304237852461], [127.10764106454762, 37.40304199008921], [127.10755647050367, 37.40304206598283], [127.10733062207208, 37.40306848779282], [127.10709332834246, 37.403067888993014], [127.10660801120989, 37.40306660940018], [127.1063110457304, 37.40303876134753], [127.1054613744358, 37.40303680828531], [127.10539170500641, 37.40295126015944], [127.10531743836025, 37.40312481022541], [127.10519898550726, 37.40332602011833], [127.10513605096412, 37.403493907544615], [127.1053555673548, 37.403378925886734], [127.10581615156504, 37.40337996213363], [127.10631186135815, 37.40338114566357], [127.10660897857744, 37.40335493278297], [127.10709316813823, 37.403356213377386], [127.10727376507631, 37.40335668269777], [127.1075616965811, 37.4033844463312], [127.10764132151078, 37.403384374893555], [127.10781073701749, 37.40338476332739], [127.10789600795864, 37.40338387573075], [127.1081192609753, 37.40335853639765], [127.10870905303075, 37.403360165628385], [127.10874169372146, 37.403360226135014], [127.10887952392318, 37.40338785227466], [127.10907401295083, 37.40338830623087], [127.10947688314911, 37.40338929060168], [127.10986292482329, 37.403390289021075], [127.11023981784804, 37.40339111438997], [127.11037655356739, 37.40336440869441], [127.11091043818944, 37.40336562789608], [127.11113892317468, 37.40336613710069], [127.11173537856628, 37.403367474754894], [127.11187151532785, 37.40339482868087], [127.1123432810357, 37.40339582906759], [127.11237302742877, 37.40342454350379], [127.11249540578163, 37.40354228122996], [127.11271407487823, 37.402937856335846]]]}}, {"id": "55", "type": "Feature", "properties": {"primary_landuse": "주거", "designation_names": "과밀억제권역,도시교통정비지역,대기환경규제지역,배수구역(판교배수구역),하수처리구역,가축사육제한구역,비행안전제2구역(전술)(비행안전제2구역),도시지역,준주거지역,지구단위계획구역(판교),토지거래계약에관한허가구역2025-08-26(대상자: 외국인 등/ 대상용도: 단독,", "area_m2": 941.7141403605575}, "geometry": {"type": "Polygon", "coordinates": [[[127.10660962075119, 37.40389563023015], [127.10654573625023, 37.40384468964826], [127.1065450107523, 37.40340580676548], [127.10660897857744, 37.40335493278297], [127.10631186135815, 37.40338114566357], [127.10637563248918, 37.403432176578036], [127.10637631933368, 37.403844029099965], [127.1063124640054, 37.40389499295435], [127.10660962075119, 37.40389563023015]]]}}, {"id": "56", "type": "Feature", "properties": {"primary_landuse": "주거", "designation_names": "과밀억제권역,도시교통정비지역,대기환경규제지역,배수구역(판교배수구역),하수처리구역,가축사육제한구역,비행안전제2구역(전술)(비행안전제2구역),도시지역,준주거지역,지구단위계획구역(판교),토지거래계약에관한허가구역2025-08-26(대상자: 외국인 등/ 대상용도: 단독,", "area_m2": 3434.1301928883154}, "geometry": {"type": "Polygon", "coordinates": [[[127.10887952392318, 37.40338785227466], [127.10874169372146, 37.403360226135014], [127.10870905303075, 37.403360165628385], [127.10870982323766, 37.403900862938194], [127.10949343224421, 37.40390294309857], [127.10955739836466, 37.40385197742657], [127.10955687987193, 37.40356951027492], [127.10907415744337, 37.403568418637796], [127.10907401295083, 37.40338830623087], [127.10887952392318, 37.40338785227466]]]}}, {"id": "57", "type": "Feature", "properties": {"primary_landuse": "주거", "designation_names": "과밀억제권역,도시교통정비지역,대기환경규제지역,배수구역(판교배수구역),하수처리구역,가축사육제한구역,비행안전제2구역(전술)(비행안전제2구역),도시지역,준주거지역,지구단위계획구역(판교),토지거래계약에관한허가구역2025-08-26(대상자: 외국인 등/ 대상용도: 단독,", "area_m2": 3201.0599274002984}, "geometry": {"type": "Polygon", "coordinates": [[[127.1076638045921, 37.40435042101129], [127.10774624559319, 37.40447445316534], [127.10801601590292, 37.40451737064831], [127.10833749025237, 37.40455828634312], [127.10834018266125, 37.40455524286082], [127.10833944425461, 37.404035088677624], [127.1076417848814, 37.40403328416549], [127.10764211706632, 37.40434890875621], [127.1076638045921, 37.40435042101129]]]}}, {"id": "58", "type": "Feature", "properties": {"primary_landuse": "기반시설", "designation_names": "과밀억제권역,도로구역(도로구역),도로구역,도시교통정비지역,대기환경규제지역,배수구역(분당배수구역),배수구역(성남배수구역),배수구역(판교배수구역),하수처리구역,비행안전제2구역(전술)(비행안전제2구역),도시지역,보전녹지지역,자연녹지지역,지구단위계획구역(판교),", "area_m2": 365.9331658529447}, "geometry": {"type": "Polygon", "coordinates": [[[127.10125664415813, 37.40709692553021], [127.10134261118358, 37.40706410117002], [127.10131473460874, 37.40704646485317], [127.10111841079963, 37.40703227726249], [127.10082859487481, 37.407023240610854], [127.10082756699455, 37.407023205433696], [127.10079298130506, 37.40710519959489], [127.10079358387917, 37.40710580216882], [127.10123548840852, 37.4071097623196], [127.10125664415813, 37.40709692553021]]]}}, {"id": "59", "type": "Feature", "properties": {"primary_landuse": "주거", "designation_names": "과밀억제권역,도시교통정비지역,대기환경규제지역,배수구역(판교배수구역),하수처리구역,가축사육제한구역,비행안전제2구역(전술)(비행안전제2구역),도시지역,준주거지역,지구단위계획구역(판교),토지거래계약에관한허가구역2025-08-26(대상자: 외국인 등/ 대상용도: 단독,", "area_m2": 1545.071306360671}, "geometry": {"type": "Polygon", "coordinates": [[[127.10945063798725, 37.4002886569853], [127.10945013843025, 37.40001907414044], [127.10937031270998, 37.399955355204796], [127.10897130117246, 37.39995463725638], [127.10897189035136, 37.400288191998136], [127.10945086489802, 37.400289377589125], [127.10945063798725, 37.4002886569853]]]}}, {"id": "60", "type": "Feature", "properties": {"primary_landuse": "주거", "designation_names": "과밀억제권역,도시교통정비지역,대기환경규제지역,배수구역(판교배수구역),하수처리구역,가축사육제한구역,비행안전제2구역(전술)(비행안전제2구역),도시지역,준주거지역,지구단위계획구역(판교),토지거래계약에관한허가구역2025-08-26(대상자: 외국인 등/ 대상용도: 단독,", "area_m2": 1349.3244318446077}, "geometry": {"type": "Polygon", "coordinates": [[[127.10780676286602, 37.4004910721215], [127.10780735268558, 37.40074876149431], [127.10834008947448, 37.400750083446425], [127.10833972370851, 37.400492393875055], [127.10780676286602, 37.4004910721215]]]}}, {"id": "61", "type": "Feature", "properties": {"primary_landuse": "주거", "designation_names": "과밀억제권역,도시교통정비지역,대기환경규제지역,배수구역(판교배수구역),하수처리구역,가축사육제한구역,비행안전제2구역(전술)(비행안전제2구역),도시지역,준주거지역,지구단위계획구역(판교),토지거래계약에관한허가구역2025-08-26(대상자: 외국인 등/ 대상용도: 단독,", "area_m2": 17095.044870272268}, "geometry": {"type": "Polygon", "coordinates": [[[127.1076391040881, 37.40133141789444], [127.10763621707858, 37.399924757979896], [127.10727684693367, 37.399923998731296], [127.10713921297587, 37.39995079175865], [127.10675838385583, 37.39994959959364], [127.10666573362771, 37.40000112990318], [127.10662193446932, 37.40009694660375], [127.10661788039481, 37.400105329634954], [127.10646509737545, 37.40044550790873], [127.10646070444844, 37.400453891234804], [127.10645982489264, 37.4004551294309], [127.1060865157122, 37.40132755009335], [127.1076391040881, 37.40133141789444]]]}}, {"id": "62", "type": "Feature", "properties": {"primary_landuse": "주거", "designation_names": "과밀억제권역,도시교통정비지역,대기환경규제지역,배수구역(판교배수구역),하수처리구역,가축사육제한구역,비행안전제2구역(전술)(비행안전제2구역),도시지역,준주거지역,지구단위계획구역(판교),토지거래계약에관한허가구역2025-08-26(대상자: 외국인 등/ 대상용도: 단독,", "area_m2": 1459.0074302893318}, "geometry": {"type": "Polygon", "coordinates": [[[127.10897230845148, 37.40058102105982], [127.10897272668623, 37.400873940208115], [127.10942132400639, 37.400874973315055], [127.10948506159926, 37.40082391776469], [127.10948494079828, 37.40058226602169], [127.10897230845148, 37.40058102105982]]]}}, {"id": "63", "type": "Feature", "properties": {"primary_landuse": "주거", "designation_names": "과밀억제권역,도시교통정비지역,대기환경규제지역,배수구역(판교배수구역),하수처리구역,가축사육제한구역,비행안전제2구역(전술)(비행안전제2구역),도시지역,준주거지역,지구단위계획구역(판교),토지거래계약에관한허가구역2025-08-26(대상자: 외국인 등/ 대상용도: 단독,", "area_m2": 1349.2744319568087}, "geometry": {"type": "Polygon", "coordinates": [[[127.10780735268558, 37.40074876149431], [127.10780782982624, 37.4010066311598], [127.10834056805682, 37.40100768280319], [127.10834008947448, 37.400750083446425], [127.10780735268558, 37.40074876149431]]]}}, {"id": "64", "type": "Feature", "properties": {"primary_landuse": "주거", "designation_names": "과밀억제권역,도시교통정비지역,대기환경규제지역,배수구역(판교배수구역),하수처리구역,가축사육제한구역,비행안전제2구역(전술)(비행안전제2구역),도시지역,준주거지역,지구단위계획구역(판교),토지거래계약에관한허가구역2025-08-26(대상자: 외국인 등/ 대상용도: 단독,", "area_m2": 9066.157429447445}, "geometry": {"type": "Polygon", "coordinates": [[[127.10780782982624, 37.4010066311598], [127.10780851382796, 37.40133099542746], [127.1078092848799, 37.40155705902661], [127.10948612014569, 37.40156175679116], [127.109485514888, 37.40106115422764], [127.10942163072568, 37.401010125072936], [127.10834056805682, 37.40100768280319], [127.10780782982624, 37.4010066311598]]]}}, {"id": "65", "type": "Feature", "properties": {"primary_landuse": "주거", "designation_names": "과밀억제권역,도시교통정비지역,대기환경규제지역,배수구역(판교배수구역),하수처리구역,가축사육제한구역,비행안전제2구역(전술)(비행안전제2구역),도시지역,준주거지역,지구단위계획구역(판교),토지거래계약에관한허가구역2025-08-26(대상자: 외국인 등/ 대상용도: 단독,", "area_m2": 11745.95478749027}, "geometry": {"type": "Polygon", "coordinates": [[[127.10763973898622, 37.401781653772716], [127.10780915012138, 37.40178150160705], [127.10948655509173, 37.401786198849955], [127.10948612014569, 37.40156175679116], [127.1078092848799, 37.40155705902661], [127.10780851382796, 37.40133099542746], [127.1076391040881, 37.40133141789444], [127.1060865157122, 37.40132755009335], [127.10589406902669, 37.40177728811908], [127.10763973898622, 37.401781653772716]]]}}, {"id": "66", "type": "Feature", "properties": {"primary_landuse": "주거", "designation_names": "과밀억제권역,도시교통정비지역,대기환경규제지역,배수구역(판교배수구역),하수처리구역,가축사육제한구역,비행안전제2구역(전술)(비행안전제2구역),도시지역,준주거지역,지구단위계획구역(판교),토지거래계약에관한허가구역2025-08-26(대상자: 외국인 등/ 대상용도: 단독,", "area_m2": 963.6239999315139}, "geometry": {"type": "Polygon", "coordinates": [[[127.11183664701366, 37.40156706557575], [127.11183684513566, 37.401702217409955], [127.11256204044994, 37.40170397132947], [127.11256161487891, 37.40156863950825], [127.11183664701366, 37.40156706557575]]]}}, {"id": "67", "type": "Feature", "properties": {"primary_landuse": "주거", "designation_names": "과밀억제권역,도시교통정비지역,대기환경규제지역,배수구역(판교배수구역),하수처리구역,가축사육제한구역,비행안전제2구역(전술)(비행안전제2구역),도시지역,준주거지역,지구단위계획구역(판교),토지거래계약에관한허가구역2025-08-26(대상자: 외국인 등/ 대상용도: 단독,", "area_m2": 954.1119933357586}, "geometry": {"type": "Polygon", "coordinates": [[[127.10235806158727, 37.40085742115649], [127.10242203008585, 37.400806549415925], [127.1024210948078, 37.40002474061144], [127.1023415006561, 37.399960836527], [127.1023080706332, 37.39996059472281], [127.10230915859047, 37.40085728264884], [127.10235806158727, 37.40085742115649]]]}}, {"id": "68", "type": "Feature", "properties": {"primary_landuse": "주거", "designation_names": "과밀억제권역,도시교통정비지역,대기환경규제지역,배수구역(판교배수구역),하수처리구역,가축사육제한구역,비행안전제2구역(전술)(비행안전제2구역),도시지역,준주거지역,지구단위계획구역(판교),토지거래계약에관한허가구역2025-08-26(대상자: 외국인 등/ 대상용도: 단독,", "area_m2": 13294.402018602992}, "geometry": {"type": "Polygon", "coordinates": [[[127.10036231423877, 37.401722547646855], [127.10039486140215, 37.401737927766156], [127.10042413104743, 37.401751598692336], [127.10047351517662, 37.40177363220522], [127.10052323744587, 37.401795124806135], [127.100563015258, 37.40181230085148], [127.10061330145213, 37.40183316223251], [127.10066358696183, 37.40185348298456], [127.1007140980242, 37.40187353322189], [127.10076494734218, 37.40189313264685], [127.10081613515284, 37.40191246146156], [127.10086743533603, 37.40193133965288], [127.10091907389197, 37.40194985713201], [127.10097071175885, 37.401967833981004], [127.10103308334297, 37.40198904542274], [127.10108539771846, 37.40200612063867], [127.10113782470096, 37.40202292543244], [127.1011907025168, 37.402039009012114], [127.10124369257998, 37.40205455186534], [127.10129690806963, 37.40206973409915], [127.10134345717931, 37.40208275950485], [127.10139667223056, 37.402097581288665], [127.101450112946, 37.402112222655035], [127.10150389166805, 37.40212623300198], [127.10155778251294, 37.402139612520145], [127.10161189830094, 37.40215227101252], [127.10166635245146, 37.40216456878812], [127.10172091920123, 37.40217659613915], [127.10177559842958, 37.402188262964216], [127.10183016425304, 37.40219956945479], [127.10185931082434, 37.40220531121049], [127.10185780494396, 37.400991196743455], [127.10087782333127, 37.40098842022541], [127.10080084821652, 37.401026147252395], [127.10076523390927, 37.40108276080647], [127.10073931063368, 37.401122877668485], [127.10071304827339, 37.401162814606295], [127.10068588189104, 37.40120239189074], [127.1006582633642, 37.401241699243734], [127.10063053186849, 37.4012810066847], [127.10060223528748, 37.40132004428836], [127.1005737125597, 37.40135890187175], [127.10054439874679, 37.40139739970511], [127.10051553678352, 37.40143598725402], [127.10048949296639, 37.401470517875794], [127.1004713399049, 37.40149359901613], [127.10044123516754, 37.40153191728227], [127.10041079134135, 37.40157005562142], [127.10037966936774, 37.40160783411405], [127.100342457209, 37.401652195087316], [127.10036231423877, 37.401722547646855]]]}}, {"id": "69", "type": "Feature", "properties": {"primary_landuse": "주거", "designation_names": "과밀억제권역,도시교통정비지역,대기환경규제지역,배수구역(판교배수구역),하수처리구역,가축사육제한구역,비행안전제2구역(전술)(비행안전제2구역),도시지역,준주거지역,지구단위계획구역(판교),토지거래계약에관한허가구역2025-08-26(대상자: 외국인 등/ 대상용도: 단독,", "area_m2": 6958.997104647325}, "geometry": {"type": "Polygon", "coordinates": [[[127.10187399717324, 37.402208272091016], [127.10195092975886, 37.40222280318869], [127.10200605853608, 37.4022327575997], [127.1020612996674, 37.402242261382725], [127.10212783628589, 37.40225274664412], [127.1021834147048, 37.402261078765584], [127.10223921829537, 37.402268870061036], [127.10229479589376, 37.40227657142135], [127.10235500446841, 37.40228453911043], [127.10242394928218, 37.40223789789971], [127.10242212204973, 37.401043606025915], [127.10235835562234, 37.400992572951665], [127.10185780494396, 37.400991196743455], [127.10185931082434, 37.40220531121049], [127.10187399717324, 37.402208272091016]]]}}, {"id": "70", "type": "Feature", "properties": {"primary_landuse": "주거", "designation_names": "과밀억제권역,도시교통정비지역,대기환경규제지역,배수구역(판교배수구역),하수처리구역,가축사육제한구역,비행안전제2구역(전술)(비행안전제2구역),도시지역,준주거지역,지구단위계획구역(판교),토지거래계약에관한허가구역2025-08-26(대상자: 외국인 등/ 대상용도: 단독,", "area_m2": 9116.949296628587}, "geometry": {"type": "Polygon", "coordinates": [[[127.10264908950404, 37.401769088447985], [127.10264987010149, 37.40226590660763], [127.10271104281624, 37.4023189239621], [127.10276684092744, 37.40232257035135], [127.10282309056774, 37.40232603612475], [127.1028795653682, 37.40232896107033], [127.10293592674566, 37.402331525680815], [127.10299240046105, 37.40233363966133], [127.10304898614864, 37.40233503270798], [127.10310568429331, 37.40233606522559], [127.10316226876768, 37.40233655720568], [127.10321896594085, 37.402336868859024], [127.10359257945962, 37.40233852915109], [127.10360533978336, 37.402336986412045], [127.10361606556854, 37.40233427411096], [127.10362633824178, 37.40233057108546], [127.10363604547243, 37.40232632793931], [127.10364518664906, 37.40232109416653], [127.1036534233135, 37.402315140363605], [127.10366143335976, 37.40230864614781], [127.10366989578237, 37.402302602047335], [127.10367881058139, 37.402297008062156], [127.10368829069839, 37.40229186409451], [127.10369822343661, 37.40228735044437], [127.10370838266844, 37.40228328710434], [127.10371888145794, 37.40227976407799], [127.1037297199276, 37.40227687146651], [127.10374078489144, 37.402274429164926], [127.10375196365288, 37.402272617473294], [127.10376325621223, 37.402271436391615], [127.10377466256976, 37.40227088591985], [127.1037860697842, 37.40227096615562], [127.1037973646695, 37.40227149699418], [127.10380866065718, 37.402272838742775], [127.10381984431619, 37.4022746310942], [127.1038308030727, 37.402277144449904], [127.10384164962349, 37.402280198509736], [127.1038521582083, 37.402283883570455], [127.10386221564065, 37.402288019527454], [127.10387204792633, 37.40229269628652], [127.10388142918244, 37.40229791404329], [127.10389069774341, 37.40230331209958], [127.1038986126005, 37.40230988264467], [127.10390652745902, 37.402316453189236], [127.1039137652824, 37.40232347482627], [127.10392043888962, 37.40233085735685], [127.10392643558414, 37.40233878108136], [127.10418360460419, 37.40233927888118], [127.10446044166079, 37.40177365224908], [127.10264908950404, 37.401769088447985]]]}}, {"id": "71", "type": "Feature", "properties": {"primary_landuse": "주거", "designation_names": "과밀억제권역,도시교통정비지역,대기환경규제지역,배수구역(판교배수구역),하수처리구역,가축사육제한구역,비행안전제2구역(전술)(비행안전제2구역),도시지역,준주거지역,지구단위계획구역(판교),토지거래계약에관한허가구역2025-08-26(대상자: 외국인 등/ 대상용도: 단독,", "area_m2": 3140.5977165765826}, "geometry": {"type": "Polygon", "coordinates": [[[127.10017386675561, 37.40184740529964], [127.10026216678162, 37.401832284667826], [127.10032590505693, 37.40186241537567], [127.10038466948335, 37.40188912635657], [127.1004443364133, 37.40191502564087], [127.10050422855524, 37.401940384098324], [127.10056457167163, 37.40196511143808], [127.10057315981732, 37.40196861819646], [127.10062502729406, 37.401989478247245], [127.10068615965247, 37.40201312364697], [127.10074740427761, 37.40203622831274], [127.10080909987293, 37.4020587018585], [127.10087102079268, 37.40208072467594], [127.10089486233866, 37.40208899396466], [127.10093316691699, 37.40210220666339], [127.10099587694948, 37.40212305743425], [127.10105881206502, 37.402143277272856], [127.10112423192406, 37.40216349498479], [127.10118784332407, 37.40218263296872], [127.10122524136628, 37.402193503701724], [127.10125167956448, 37.40220095981656], [127.10132647426227, 37.402221620015325], [127.10139076090026, 37.40223886519161], [127.10145538591352, 37.40225574964151], [127.10152012269994, 37.40227173294807], [127.10156271494674, 37.40228169816762], [127.1015853103214, 37.402286995026834], [127.10165049724989, 37.402301716462155], [127.10171613525034, 37.402315896871166], [127.10178188537671, 37.402329446439246], [127.10184763480598, 37.40234245536322], [127.10190592734523, 37.40235339825092], [127.10191360941988, 37.402354923451355], [127.10197992203858, 37.4023667605061], [127.10204612089386, 37.40237796691091], [127.10211277021064, 37.40238818178067], [127.10217953188454, 37.40239794601047], [127.10224640579375, 37.40240716949888], [127.10225499081145, 37.402408243401226], [127.10232434957773, 37.40241755482986], [127.10236512782107, 37.40242220532743], [127.10242438226425, 37.40247657598499], [127.10242394928218, 37.40223789789971], [127.10235500446841, 37.40228453911043], [127.10229479589376, 37.40227657142135], [127.10223921829537, 37.402268870061036], [127.1021834147048, 37.402261078765584], [127.10212783628589, 37.40225274664412], [127.1020612996674, 37.402242261382725], [127.10200605853608, 37.4022327575997], [127.10195092975886, 37.40222280318869], [127.10187399717324, 37.402208272091016], [127.10185931082434, 37.40220531121049], [127.10183016425304, 37.40219956945479], [127.10177559842958, 37.402188262964216], [127.10172091920123, 37.40217659613915], [127.10166635245146, 37.40216456878812], [127.10161189830094, 37.40215227101252], [127.10155778251294, 37.402139612520145], [127.10150389166805, 37.40212623300198], [127.101450112946, 37.402112222655035], [127.10139667223056, 37.402097581288665], [127.10134345717931, 37.40208275950485], [127.10129690806963, 37.40206973409915], [127.10124369257998, 37.40205455186534], [127.1011907025168, 37.402039009012114], [127.10113782470096, 37.40202292543244], [127.10108539771846, 37.40200612063867], [127.10103308334297, 37.40198904542274], [127.10097071175885, 37.401967833981004], [127.10091907389197, 37.40194985713201], [127.10086743533603, 37.40193133965288], [127.10081613515284, 37.40191246146156], [127.10076494734218, 37.40189313264685], [127.1007140980242, 37.40187353322189], [127.10066358696183, 37.40185348298456], [127.10061330145213, 37.40183316223251], [127.100563015258, 37.40181230085148], [127.10052323744587, 37.401795124806135], [127.10047351517662, 37.40177363220522], [127.10042413104743, 37.401751598692336], [127.10039486140215, 37.401737927766156], [127.10036231423877, 37.401722547646855], [127.100342457209, 37.401652195087316], [127.10017386675561, 37.40184740529964]]]}}, {"id": "72", "type": "Feature", "properties": {"primary_landuse": "주거", "designation_names": "과밀억제권역,도시교통정비지역,대기환경규제지역,배수구역(판교배수구역),하수처리구역,가축사육제한구역,비행안전제2구역(전술)(비행안전제2구역),도시지역,준주거지역,지구단위계획구역(판교),토지거래계약에관한허가구역2025-08-26(대상자: 외국인 등/ 대상용도: 단독,", "area_m2": 1818.9408549593466}, "geometry": {"type": "Polygon", "coordinates": [[[127.10103521933489, 37.402664803700326], [127.10108866086024, 37.40267980563313], [127.10114232769479, 37.40269435684519], [127.10119599443065, 37.402708817931625], [127.10124988659385, 37.40272291839814], [127.10130389088307, 37.402736388036075], [127.10136907958099, 37.402752190839735], [127.10138726914016, 37.40275659044337], [127.10156271494674, 37.40228169816762], [127.10152012269994, 37.40227173294807], [127.10145538591352, 37.40225574964151], [127.10139076090026, 37.40223886519161], [127.10132647426227, 37.402221620015325], [127.10125167956448, 37.40220095981656], [127.10122524136628, 37.402193503701724], [127.10101409117948, 37.40265878469108], [127.10103521933489, 37.402664803700326]]]}}, {"id": "73", "type": "Feature", "properties": {"primary_landuse": "주거", "designation_names": "과밀억제권역,도시교통정비지역,대기환경규제지역,배수구역(판교배수구역),하수처리구역,가축사육제한구역,비행안전제2구역(전술)(비행안전제2구역),도시지역,준주거지역,지구단위계획구역(판교),토지거래계약에관한허가구역2025-08-26(대상자: 외국인 등/ 대상용도: 단독,", "area_m2": 790.7161028030376}, "geometry": {"type": "Polygon", "coordinates": [[[127.1023388014511, 37.402919857463104], [127.10242455920688, 37.40286121844227], [127.10242438226425, 37.40247657598499], [127.10236512782107, 37.40242220532743], [127.10232434957773, 37.40241755482986], [127.10225499081145, 37.402408243401226], [127.10225521002128, 37.40290947695454], [127.1023388014511, 37.402919857463104]]]}}, {"id": "74", "type": "Feature", "properties": {"primary_landuse": "주거", "designation_names": "과밀억제권역,도시교통정비지역,대기환경규제지역,배수구역(판교배수구역),하수처리구역,가축사육제한구역,비행안전제2구역(전술)(비행안전제2구역),도시지역,준주거지역,지구단위계획구역(판교),토지거래계약에관한허가구역2025-08-26(대상자: 외국인 등/ 대상용도: 단독,", "area_m2": 2812.942909461596}, "geometry": {"type": "Polygon", "coordinates": [[[127.10265050308871, 37.40290499485856], [127.10272750560898, 37.402970883148605], [127.10285231660052, 37.4029778041541], [127.10290890386263, 37.402980008178], [127.10296549052066, 37.402981761668656], [127.10302230306642, 37.40298351493835], [127.103078889, 37.402984727767375], [127.10313558726956, 37.40298548996613], [127.1031921718672, 37.40298571162744], [127.10321543816043, 37.402985781720176], [127.10321485704678, 37.402472204606724], [127.1031928331505, 37.40247204334411], [127.10312484157306, 37.40247165128289], [127.1030568492668, 37.40247071857514], [127.10298885599023, 37.40246906501841], [127.1029208615024, 37.40246651041023], [127.10285309205341, 37.40246332486068], [127.10278509599901, 37.40245959885835], [127.10271687285599, 37.40245497199785], [127.10265030258955, 37.402503683677566], [127.10265050308871, 37.40290499485856]]]}}, {"id": "75", "type": "Feature", "properties": {"primary_landuse": "주거", "designation_names": "과밀억제권역,도시교통정비지역,대기환경규제지역,배수구역(판교배수구역),하수처리구역,가축사육제한구역,비행안전제2구역(전술)(비행안전제2구역),도시지역,준주거지역,지구단위계획구역(판교),토지거래계약에관한허가구역2025-08-26(대상자: 외국인 등/ 대상용도: 단독,", "area_m2": 2930.815263542706}, "geometry": {"type": "Polygon", "coordinates": [[[127.09851294000589, 37.404025357397394], [127.09883957434859, 37.40376298425914], [127.09884659680816, 37.403691077622824], [127.09844274302587, 37.40324330842847], [127.09832179307541, 37.40335807947488], [127.09819762809656, 37.40347614172282], [127.09814207127833, 37.403528968493326], [127.0981005360387, 37.403568367697424], [127.09851294000589, 37.404025357397394]]]}}, {"id": "76", "type": "Feature", "properties": {"primary_landuse": "주거", "designation_names": "과밀억제권역,도시교통정비지역,대기환경규제지역,배수구역(판교배수구역),하수처리구역,가축사육제한구역,비행안전제2구역(전술)(비행안전제2구역),도시지역,준주거지역,지구단위계획구역(판교),토지거래계약에관한허가구역2025-08-26(대상자: 외국인 등/ 대상용도: 단독,", "area_m2": 10402.75117835479}, "geometry": {"type": "Polygon", "coordinates": [[[127.10637479615642, 37.402345645370225], [127.10764008629405, 37.4023483008048], [127.10763973898622, 37.401781653772716], [127.10589406902669, 37.40177728811908], [127.1056516015349, 37.40234391407802], [127.10637479615642, 37.402345645370225]]]}}, {"id": "77", "type": "Feature", "properties": {"primary_landuse": "주거", "designation_names": "과밀억제권역,도시교통정비지역,대기환경규제지역,배수구역(판교배수구역),하수처리구역,가축사육제한구역,비행안전제2구역(전술)(비행안전제2구역),도시지역,준주거지역,지구단위계획구역(판교),토지거래계약에관한허가구역2025-08-26(대상자: 외국인 등/ 대상용도: 단독,", "area_m2": 657.3227885031508}, "geometry": {"type": "Polygon", "coordinates": [[[127.10637446993512, 37.402435746998066], [127.10637479615642, 37.402345645370225], [127.1056516015349, 37.40234391407802], [127.10561307398949, 37.40243394884927], [127.10637446993512, 37.402435746998066]]]}}, {"id": "78", "type": "Feature", "properties": {"primary_landuse": "주거", "designation_names": "과밀억제권역,도시교통정비지역,대기환경규제지역,배수구역(판교배수구역),하수처리구역,가축사육제한구역,비행안전제2구역(전술)(비행안전제2구역),도시지역,준주거지역,지구단위계획구역(판교),토지거래계약에관한허가구역2025-08-26(대상자: 외국인 등/ 대상용도: 단독,", "area_m2": 3100.137281509943}, "geometry": {"type": "Polygon", "coordinates": [[[127.10709239388092, 37.40248232126984], [127.10709332834246, 37.403067888993014], [127.10733062207208, 37.40306848779282], [127.10755647050367, 37.40304206598283], [127.10764106454762, 37.40304199008921], [127.10764016394323, 37.40248345274097], [127.10709239388092, 37.40248232126984]]]}}, {"id": "79", "type": "Feature", "properties": {"primary_landuse": "주거", "designation_names": "과밀억제권역,도시교통정비지역,대기환경규제지역,배수구역(판교배수구역),하수처리구역,가축사육제한구역,비행안전제2구역(전술)(비행안전제2구역),도시지역,준주거지역,지구단위계획구역(판교),토지거래계약에관한허가구역2025-08-26(대상자: 외국인 등/ 대상용도: 단독,", "area_m2": 1304.3590500396692}, "geometry": {"type": "Polygon", "coordinates": [[[127.11118718172658, 37.40307794832242], [127.1111936672688, 37.40303325204983], [127.111199474754, 37.40298828610161], [127.11120460457748, 37.40294332078132], [127.11120950864138, 37.40289844577127], [127.1112144124368, 37.40285339055826], [127.11121920341547, 37.402808425550674], [127.11122376850405, 37.402763460752176], [127.11122731710789, 37.402718496896284], [127.11123075289684, 37.40267362324592], [127.111234075477, 37.40262856949753], [127.11123728524272, 37.40258360595473], [127.11124026898948, 37.402538552519886], [127.11124257376812, 37.40249259870134], [127.11101657576137, 37.40249181708813], [127.11101370574202, 37.402537501121806], [127.11101072172855, 37.40258246444994], [127.11100696035778, 37.40263652873195], [127.11100386352551, 37.402681582264975], [127.111000315052, 37.402726726317056], [127.11099620160098, 37.40277169068915], [127.1109917493182, 37.402816655374465], [127.11098695833417, 37.40286171047418], [127.11098205427095, 37.4029066755767], [127.11097669843191, 37.40295164109688], [127.11097111657041, 37.402996516724386], [127.11096508293173, 37.403041392769495], [127.11095993998579, 37.403077438059725], [127.11118718172658, 37.40307794832242]]]}}, {"id": "80", "type": "Feature", "properties": {"primary_landuse": "주거", "designation_names": "과밀억제권역,도시교통정비지역,대기환경규제지역,배수구역(판교배수구역),하수처리구역,가축사육제한구역,비행안전제2구역(전술)(비행안전제2구역),도시지역,준주거지역,지구단위계획구역(판교),토지거래계약에관한허가구역2025-08-26(대상자: 외국인 등/ 대상용도: 단독,", "area_m2": 2880.346839611896}, "geometry": {"type": "Polygon", "coordinates": [[[127.10709392660846, 37.403896820614506], [127.10709316813823, 37.403356213377386], [127.10660897857744, 37.40335493278297], [127.1065450107523, 37.40340580676548], [127.10654573625023, 37.40384468964826], [127.10660962075119, 37.40389563023015], [127.10709392660846, 37.403896820614506]]]}}, {"id": "81", "type": "Feature", "properties": {"primary_landuse": "주거", "designation_names": "과밀억제권역,도시교통정비지역,대기환경규제지역,배수구역(판교배수구역),하수처리구역,가축사육제한구역,비행안전제2구역(전술)(비행안전제2구역),도시지역,준주거지역,지구단위계획구역(판교),토지거래계약에관한허가구역2025-08-26(대상자: 외국인 등/ 대상용도: 단독,", "area_m2": 4723.151028825881}, "geometry": {"type": "Polygon", "coordinates": [[[127.10781157578737, 37.403898610391586], [127.10870982323766, 37.403900862938194], [127.10870905303075, 37.403360165628385], [127.1081192609753, 37.40335853639765], [127.10789600795864, 37.40338387573075], [127.10781073701749, 37.40338476332739], [127.10781157578737, 37.403898610391586]]]}}, {"id": "82", "type": "Feature", "properties": {"primary_landuse": "주거", "designation_names": "과밀억제권역,도시교통정비지역,대기환경규제지역,배수구역(판교배수구역),하수처리구역,가축사육제한구역,비행안전제2구역(전술)(비행안전제2구역),도시지역,준주거지역,지구단위계획구역(판교),토지거래계약에관한허가구역2025-08-26(대상자: 외국인 등/ 대상용도: 단독,", "area_m2": 2898.9194902345735}, "geometry": {"type": "Polygon", "coordinates": [[[127.10581615156504, 37.40337996213363], [127.10581698128776, 37.40397859456644], [127.10584339408376, 37.40396694819543], [127.10587375953766, 37.40395502802615], [127.10590457763284, 37.40394373815863], [127.10593630102107, 37.403933708902], [127.10596825191463, 37.40392485075299], [127.1060006558276, 37.403916893208205], [127.10603340031756, 37.40391019677191], [127.10606682409274, 37.403904671043016], [127.10609912055234, 37.4039006780241], [127.10613266014339, 37.403897224504405], [127.10616654006677, 37.403894851889774], [127.1063124640054, 37.40389499295435], [127.10637631933368, 37.403844029099965], [127.10637563248918, 37.403432176578036], [127.10631186135815, 37.40338114566357], [127.10581615156504, 37.40337996213363]]]}}, {"id": "83", "type": "Feature", "properties": {"primary_landuse": "주거", "designation_names": "과밀억제권역,도시교통정비지역,대기환경규제지역,배수구역(판교배수구역),하수처리구역,가축사육제한구역,비행안전제2구역(전술)(비행안전제2구역),도시지역,준주거지역,지구단위계획구역(판교),토지거래계약에관한허가구역2025-08-26(대상자: 외국인 등/ 대상용도: 단독,", "area_m2": 10243.876391231031}, "geometry": {"type": "Polygon", "coordinates": [[[127.11155561389532, 37.40424513886995], [127.11156646077816, 37.40424801201687], [127.11157414389953, 37.40424998709456], [127.1115851032011, 37.40425249972992], [127.11159628667879, 37.40425384083859], [127.11160758178315, 37.4042542808292], [127.11161876275669, 37.404253910013274], [127.11163005548796, 37.404252728180396], [127.11164100819882, 37.40425073575143], [127.11165173383334, 37.40424793262119], [127.1116620061067, 37.404244048696626], [127.11167261800365, 37.40424070506257], [127.11168334337177, 37.4042377217271], [127.11169429502358, 37.40423500848369], [127.11170547375093, 37.40423310593945], [127.11171676621379, 37.40423174389597], [127.11172805946802, 37.4042309224585], [127.11173957966669, 37.40423082161888], [127.11175098784481, 37.404231351591704], [127.11176228387072, 37.404232422275825], [127.11177358082107, 37.40423412366714], [127.11178465267525, 37.40423636587515], [127.11179538662111, 37.404239239106396], [127.11180600828364, 37.40424256294795], [127.11181629217035, 37.404246607914054], [127.11182612507285, 37.40425119390786], [127.11183561993575, 37.404256320824025], [127.11184455073813, 37.40426189877227], [127.11185314336895, 37.404267927541945], [127.1118611719394, 37.40427440734389], [127.11186874912967, 37.40428115787046], [127.1118755365026, 37.40428844974152], [127.11188164687049, 37.404296192750635], [127.11188707996892, 37.404304206695514], [127.11189194861018, 37.404312401369644], [127.11189613998165, 37.4043208669797], [127.11189954100645, 37.404329513530044], [127.11190237757354, 37.404338340809815], [127.11190419803646, 37.404347439342025], [127.11190534069998, 37.40435644840571], [127.1119056927515, 37.404365458207444], [127.111905254455, 37.404374648949634], [127.11190413822615, 37.40438366012212], [127.11190211843979, 37.40439267213809], [127.11189919430251, 37.40440114439041], [127.11189773170497, 37.40440502011184], [127.1120597590982, 37.40444892828248], [127.11206662516574, 37.40443288383136], [127.11215226015157, 37.404217912125006], [127.11217446406893, 37.40403291336302], [127.11224231376225, 37.40385913451993], [127.11224860666533, 37.403837414210784], [127.11230934884507, 37.40359255204189], [127.11237302742877, 37.40342454350379], [127.1123432810357, 37.40339582906759], [127.11187151532785, 37.40339482868087], [127.11173537856628, 37.403367474754894], [127.11113892317468, 37.40336613710069], [127.11113040420064, 37.40341056494887], [127.11112199776612, 37.403454722387806], [127.11111246201982, 37.403498970973864], [127.11110258716977, 37.403543039670474], [127.11109057937112, 37.403596030372896], [127.11108036566509, 37.403640099380944], [127.11106936134193, 37.40368416912031], [127.11105835674363, 37.403728058655965], [127.11104712611396, 37.403771858298335], [127.11103578278973, 37.40381583824631], [127.11102387447075, 37.403859638513545], [127.11101083656759, 37.403903349723926], [127.11098442201485, 37.40399086255439], [127.11096632058285, 37.404047643136494], [127.1109553028991, 37.40408261264243], [127.11155561389532, 37.40424513886995]]]}}, {"id": "84", "type": "Feature", "properties": {"primary_landuse": "주거", "designation_names": "과밀억제권역,도시교통정비지역,대기환경규제지역,배수구역(판교배수구역),하수처리구역,가축사육제한구역,비행안전제2구역(전술)(비행안전제2구역),도시지역,준주거지역,지구단위계획구역(판교),토지거래계약에관한허가구역2025-08-26(대상자: 외국인 등/ 대상용도: 단독,", "area_m2": 2168.24418257003}, "geometry": {"type": "Polygon", "coordinates": [[[127.11065064966692, 37.404287063783855], [127.11058459741302, 37.40445696568959], [127.11056309873548, 37.404507892754665], [127.11051998586849, 37.40460803505359], [127.11050377372892, 37.40464391031579], [127.11048756118248, 37.40467951527202], [127.11047022177843, 37.40471692329019], [127.11045119261392, 37.404757396306515], [127.11043565390774, 37.404790387696536], [127.11042112791411, 37.40482076521392], [127.11040896593798, 37.40484573447445], [127.11039184674178, 37.40487926792153], [127.11037889451956, 37.40490450821025], [127.11035480186884, 37.404958230762134], [127.11026784466901, 37.40512211492624], [127.11026209888878, 37.405132121454336], [127.11037218400237, 37.405106431391324], [127.11053569065865, 37.40507952066605], [127.11056385017491, 37.405026425036986], [127.11064786167681, 37.404856776888714], [127.11072633600594, 37.404685421865736], [127.11079949934619, 37.40451253997243], [127.11086723891614, 37.40433822142419], [127.11091144485228, 37.40421348032636], [127.11069733064129, 37.40415538267961], [127.11065064966692, 37.404287063783855]]]}}, {"id": "85", "type": "Feature", "properties": {"primary_landuse": "주거", "designation_names": "과밀억제권역,도시교통정비지역,대기환경규제지역,배수구역(판교배수구역),하수처리구역,가축사육제한구역,비행안전제2구역(전술)(비행안전제2구역),도시지역,준주거지역,지구단위계획구역(판교),토지거래계약에관한허가구역2025-08-26(대상자: 외국인 등/ 대상용도: 단독,", "area_m2": 11037.79717425608}, "geometry": {"type": "Polygon", "coordinates": [[[127.11086723891614, 37.40433822142419], [127.11079949934619, 37.40451253997243], [127.11072633600594, 37.404685421865736], [127.11064786167681, 37.404856776888714], [127.11056385017491, 37.405026425036986], [127.11053569065865, 37.40507952066605], [127.11059824768412, 37.40506919142405], [127.1107605852332, 37.405170675809615], [127.11088790669085, 37.40526993983255], [127.11148185663498, 37.40547869423993], [127.11158982575795, 37.40531902439641], [127.11160278555379, 37.40529919004737], [127.11163219814306, 37.405253841710646], [127.11170578191006, 37.40513772269729], [127.111725612332, 37.405104907345105], [127.11181066910869, 37.40495661140728], [127.11189965259787, 37.404790561783486], [127.11198196889741, 37.40462244598723], [127.11205818263674, 37.40445217340316], [127.1120597590982, 37.40444892828248], [127.11189773170497, 37.40440502011184], [127.11189581878234, 37.40440988736797], [127.11189165225205, 37.40441836077987], [127.11188680778821, 37.40442665462181], [127.11188128525852, 37.40443467879255], [127.11187508453068, 37.404442343190745], [127.11186820573674, 37.40444973791755], [127.11186076155698, 37.40445668266505], [127.11185275212361, 37.40446326753432], [127.11184429011709, 37.404469312217515], [127.11183526285693, 37.40447499702226], [127.11182578289164, 37.404480051539515], [127.11181585048554, 37.40448465597158], [127.11180557858356, 37.40448881021294], [127.11179496678962, 37.40449224395999], [127.11178412844491, 37.40449522741083], [127.11177306328558, 37.40449758036308], [127.11176177131186, 37.40449930281668], [127.1117504785457, 37.40450048466207], [127.11173895883371, 37.40450094590754], [127.11172755127461, 37.40450086643956], [127.11171614279186, 37.40450015626221], [127.11170473351771, 37.40449890547667], [127.1116935490782, 37.40449693367014], [127.11168134694876, 37.40449415189897], [127.11167072525615, 37.404490828046434], [127.11166044173949, 37.4044870533714], [127.11165038319037, 37.40448264777681], [127.11164077563039, 37.40447770115353], [127.11163150637863, 37.4044723938092], [127.111622801061, 37.404466545331175], [127.11161454686464, 37.40446024592594], [127.11160685673433, 37.40445349548845], [127.11159984361483, 37.40444629391363], [127.11159328201194, 37.404438911715445], [127.11158739728789, 37.40443098827893], [127.11158241572738, 37.40442279369757], [127.11157720880568, 37.404414959730886], [127.11157087309715, 37.404407577321145], [127.1115636344913, 37.404400646257905], [127.1115557192729, 37.404394436634306], [127.11154678860785, 37.40438894876554], [127.11153718133012, 37.40438418233609], [127.11152712332884, 37.40438013713565], [127.11151831009042, 37.404377712599796], [127.11091144485228, 37.40421348032636], [127.11086723891614, 37.40433822142419]]]}}, {"id": "86", "type": "Feature", "properties": {"primary_landuse": "주거", "designation_names": "과밀억제권역,도시교통정비지역,대기환경규제지역,배수구역(판교배수구역),하수처리구역,가축사육제한구역,비행안전제2구역(전술)(비행안전제2구역),도시지역,준주거지역,지구단위계획구역(판교),토지거래계약에관한허가구역2025-08-26(대상자: 외국인 등/ 대상용도: 단독,", "area_m2": 4617.548319411256}, "geometry": {"type": "Polygon", "coordinates": [[[127.09909219360841, 37.40356085899564], [127.0990021700859, 37.403555076664], [127.09917771159681, 37.40375009127617], [127.09918484679265, 37.403678274628014], [127.0996463032261, 37.40330748601153], [127.09973471824972, 37.4032925458835], [127.10084789368337, 37.40364048832171], [127.10197305651616, 37.40399219432547], [127.10199212520291, 37.404062637353086], [127.10218476799395, 37.40386370999281], [127.10209896085752, 37.40388639844648], [127.10199060226888, 37.40385252237439], [127.09964255573375, 37.4031186367323], [127.09909219360841, 37.40356085899564]]]}}, {"id": "87", "type": "Feature", "properties": {"primary_landuse": "주거", "designation_names": "과밀억제권역,도시교통정비지역,대기환경규제지역,배수구역(판교배수구역),하수처리구역,가축사육제한구역,비행안전제2구역(전술)(비행안전제2구역),도시지역,준주거지역,지구단위계획구역(판교),토지거래계약에관한허가구역2025-08-26(대상자: 외국인 등/ 대상용도: 단독,", "area_m2": 9928.689496258461}, "geometry": {"type": "Polygon", "coordinates": [[[127.09975625468992, 37.404389871980946], [127.10076408814352, 37.40381076009145], [127.10084789368337, 37.40364048832171], [127.09973471824972, 37.4032925458835], [127.0996463032261, 37.40330748601153], [127.09918484679265, 37.403678274628014], [127.09917771159681, 37.40375009127617], [127.09975625468992, 37.404389871980946]]]}}, {"id": "88", "type": "Feature", "properties": {"primary_landuse": "주거", "designation_names": "과밀억제권역,도시교통정비지역,대기환경규제지역,배수구역(판교배수구역),하수처리구역,가축사육제한구역,비행안전제2구역(전술)(비행안전제2구역),도시지역,준주거지역,자연녹지지역,지구단위계획구역(판교),토지거래계약에관한허가구역2025-08-26(대상자: 외국인 등/ 대", "area_m2": 13254.066505919465}, "geometry": {"type": "Polygon", "coordinates": [[[127.09884659680816, 37.403691077622824], [127.09902213823442, 37.40388609246155], [127.09957296963348, 37.40449526245134], [127.09963902483243, 37.404568369918174], [127.10013727105014, 37.40512009619914], [127.10022210454089, 37.405300768619114], [127.10024817853066, 37.40528813266833], [127.10053950599719, 37.405146339908335], [127.10066906986287, 37.40507189775857], [127.10107514051597, 37.40483873477866], [127.10148120853142, 37.4046054802974], [127.10157284991834, 37.40455278362164], [127.10186323615885, 37.404386751129444], [127.10189088657474, 37.40437095993103], [127.10191831072903, 37.40435489861432], [127.10194562156624, 37.4043385670835], [127.10197236730782, 37.4043219657225], [127.10199888642656, 37.40430482394012], [127.10202461444008, 37.40428732241898], [127.10205011595073, 37.40426937057819], [127.10207550414349, 37.40425114852429], [127.1021002141755, 37.40423256663651], [127.10212447169476, 37.40421344452067], [127.10214816411823, 37.404194052576806], [127.10217117826072, 37.404174210698926], [127.10219396602021, 37.404154008604046], [127.10221630174907, 37.40413362668703], [127.10223750874667, 37.40411378633509], [127.10225894017408, 37.40409286457233], [127.10228014521857, 37.40407158259323], [127.10230067234465, 37.40405012098546], [127.1023207470789, 37.404028209253156], [127.10233991740351, 37.40400566757934], [127.10235840981068, 37.40398294627787], [127.10237678877958, 37.40395986466489], [127.10239494196998, 37.40393687334292], [127.10241253006703, 37.40391361219632], [127.1024291008119, 37.40388972120605], [127.10244488069728, 37.40386565068579], [127.10246077339555, 37.40384148996567], [127.10247564958918, 37.40381733011127], [127.10249029928117, 37.40379271994174], [127.1025040450508, 37.40376784023836], [127.10251745185923, 37.403742870721466], [127.10252995450462, 37.403717451468786], [127.10254189254431, 37.4036921227984], [127.10255315255144, 37.4036665244021], [127.102563621825, 37.40364083657903], [127.10257386496235, 37.40361496874561], [127.10258365607669, 37.403588921094816], [127.10259276928157, 37.403562693820014], [127.10260097881182, 37.40353637721559], [127.1026082846683, 37.40350997128175], [127.10261502531888, 37.403483205425324], [127.10262558557709, 37.40344120917839], [127.1027148496662, 37.40338608090542], [127.10232867905763, 37.403373075782994], [127.10239315594481, 37.4034470840832], [127.10238720014524, 37.403469614495386], [127.10238000715833, 37.40349602031948], [127.10237191049858, 37.40352233681253], [127.1023629100442, 37.40354847387306], [127.1023531187379, 37.4035744314046], [127.10234310129637, 37.403600208925354], [127.10233206711473, 37.403625807109435], [127.10232159148785, 37.40364680964879], [127.10230863652657, 37.403671868860044], [127.1022952295407, 37.40369674825243], [127.10228137052994, 37.40372144782573], [127.10226683336518, 37.40374578756988], [127.1022515053435, 37.40376994778325], [127.10223583811884, 37.40379383797954], [127.10221949310066, 37.403817638649585], [127.10220235686229, 37.403840989484415], [127.10218476799395, 37.40386370999281], [127.10199212520291, 37.404062637353086], [127.10196865854863, 37.404081938973036], [127.10194462704077, 37.404101150966675], [127.10191991677291, 37.4041195526199], [127.10189475447534, 37.40413777444905], [127.1018693657963, 37.40415563605964], [127.10184352484718, 37.40417313764322], [127.10181677900987, 37.40418964887425], [127.10178969408739, 37.40420598018413], [127.10176226983974, 37.404221951370175], [127.10134943321717, 37.40445908690154], [127.10040637728144, 37.405000757519616], [127.10029488091767, 37.40498634440621], [127.09982230997394, 37.404462979346576], [127.09975625468992, 37.404389871980946], [127.09917771159681, 37.40375009127617], [127.0990021700859, 37.403555076664], [127.09876973791569, 37.40329730796308], [127.09877402636232, 37.4032072932064], [127.09941554274525, 37.40259948080236], [127.09952688420765, 37.40258452184438], [127.09924417007268, 37.40248213041591], [127.09887023704951, 37.40283637496053], [127.09887103961643, 37.40283689688751], [127.09844274302587, 37.40324330842847], [127.09884659680816, 37.403691077622824]]]}}, {"id": "89", "type": "Feature", "properties": {"primary_landuse": "기반시설", "designation_names": "과밀억제권역,도시교통정비지역,하천구역,대기환경규제지역,배수구역(판교배수구역),하수처리구역,가축사육제한구역,비행안전제2구역(전술)(비행안전제2구역),도시지역,준주거지역,지구단위계획구역(판교),토지거래계약에관한허가구역2025-08-26(대상자: 외국인 등/ 대상용", "area_m2": 13881.817285522251}, "geometry": {"type": "Polygon", "coordinates": [[[127.10193627863728, 37.404954597655404], [127.10256659438987, 37.40459284453106], [127.10260530353608, 37.404569745508866], [127.10264367273396, 37.40454583585293], [127.10268181577538, 37.40452174617531], [127.10275708297837, 37.40447185573041], [127.10279353104674, 37.404447226859915], [127.10283110635501, 37.40442097518864], [127.10286653738679, 37.40439598676162], [127.10290298295457, 37.404369555833014], [127.10297293575364, 37.40431543504467], [127.10300700819457, 37.404288105106794], [127.10304085472183, 37.40426077535295], [127.10307492589727, 37.404232544383234], [127.10310786808971, 37.404204674778846], [127.1031411477523, 37.40417581376066], [127.10317307205753, 37.40414695389821], [127.10321221454375, 37.404110519308794], [127.10323658030025, 37.40408815322418], [127.10327041654176, 37.40405334500347], [127.1033003056792, 37.40402295513514], [127.10332996878235, 37.40399247535242], [127.10335985701795, 37.40396145476031], [127.10338884106704, 37.403929984432914], [127.1034172604942, 37.40389860468619], [127.10344522775587, 37.40386695501829], [127.10347229144328, 37.40383530612273], [127.10349969259612, 37.40380266581526], [127.10352596428761, 37.4037700264757], [127.10354524407481, 37.4037452319783], [127.10355167123785, 37.40373738761742], [127.10357692541353, 37.40370402833367], [127.10360206686772, 37.40367084934431], [127.10362619131871, 37.40363731082237], [127.10365031538134, 37.403603501991704], [127.10367387372652, 37.40356897283414], [127.10369720567392, 37.40353408346201], [127.10371940767673, 37.40349883465646], [127.10374262565884, 37.40346322456291], [127.10376617804135, 37.40342437052774], [127.1037835285655, 37.403392910160385], [127.10379299105665, 37.40337470150831], [127.10319902052699, 37.40337341175584], [127.10309074342541, 37.403399724304414], [127.10303415754427, 37.40339878178526], [127.10297745787086, 37.40339720862738], [127.10292098372196, 37.40339536494493], [127.10286439614713, 37.40339316092743], [127.10280769514729, 37.40339059657469], [127.1027148496662, 37.40338608090542], [127.10262558557709, 37.40344120917839], [127.10261502531888, 37.403483205425324], [127.1026082846683, 37.40350997128175], [127.10260097881182, 37.40353637721559], [127.10259276928157, 37.403562693820014], [127.10258365607669, 37.403588921094816], [127.10257386496235, 37.40361496874561], [127.102563621825, 37.40364083657903], [127.10255315255144, 37.4036665244021], [127.10254189254431, 37.4036921227984], [127.10252995450462, 37.403717451468786], [127.10251745185923, 37.403742870721466], [127.1025040450508, 37.40376784023836], [127.10249029928117, 37.40379271994174], [127.10247564958918, 37.40381733011127], [127.10246077339555, 37.40384148996567], [127.10244488069728, 37.40386565068579], [127.1024291008119, 37.40388972120605], [127.10241253006703, 37.40391361219632], [127.10239494196998, 37.40393687334292], [127.10237678877958, 37.40395986466489], [127.10235840981068, 37.40398294627787], [127.10233991740351, 37.40400566757934], [127.1023207470789, 37.404028209253156], [127.10230067234465, 37.40405012098546], [127.10228014521857, 37.40407158259323], [127.10225894017408, 37.40409286457233], [127.10223750874667, 37.40411378633509], [127.10221630174907, 37.40413362668703], [127.10219396602021, 37.404154008604046], [127.10217117826072, 37.404174210698926], [127.10214816411823, 37.404194052576806], [127.10212447169476, 37.40421344452067], [127.1021002141755, 37.40423256663651], [127.10207550414349, 37.40425114852429], [127.10205011595073, 37.40426937057819], [127.10202461444008, 37.40428732241898], [127.10199888642656, 37.40430482394012], [127.10197236730782, 37.4043219657225], [127.10194562156624, 37.4043385670835], [127.10191831072903, 37.40435489861432], [127.10189088657474, 37.40437095993103], [127.10186323615885, 37.404386751129444], [127.10157284991834, 37.40455278362164], [127.10193627863728, 37.404954597655404]]]}}, {"id": "90", "type": "Feature", "properties": {"primary_landuse": "주거", "designation_names": "과밀억제권역,도시교통정비지역,대기환경규제지역,배수구역(판교배수구역),하수처리구역,가축사육제한구역,비행안전제2구역(전술)(비행안전제2구역),도시지역,준주거지역,지구단위계획구역(판교),토지거래계약에관한허가구역2025-08-26(대상자: 외국인 등/ 대상용도: 단독,", "area_m2": 7459.976226747662}, "geometry": {"type": "Polygon", "coordinates": [[[127.09873666845587, 37.40497601279785], [127.09957296963348, 37.40449526245134], [127.09902213823442, 37.40388609246155], [127.09893200173404, 37.40388058047416], [127.0982455586992, 37.404431843267716], [127.09873666845587, 37.40497601279785]]]}}, {"id": "91", "type": "Feature", "properties": {"primary_landuse": "기반시설", "designation_names": "과밀억제권역,도시교통정비지역,하천구역,대기환경규제지역,배수구역(판교배수구역),하수처리구역,가축사육제한구역,비행안전제2구역(전술)(비행안전제2구역),도시지역,준주거지역,지구단위계획구역(판교),토지거래계약에관한허가구역2025-08-26(대상자: 외국인 등/ 대상용", "area_m2": 549.8174533196834}, "geometry": {"type": "Polygon", "coordinates": [[[127.10184452383093, 37.40500711450298], [127.10193627863728, 37.404954597655404], [127.10157284991834, 37.40455278362164], [127.10148120853142, 37.4046054802974], [127.10184452383093, 37.40500711450298]]]}}, {"id": "92", "type": "Feature", "properties": {"primary_landuse": "주거", "designation_names": "과밀억제권역,도시교통정비지역,대기환경규제지역,배수구역(판교배수구역),하수처리구역,가축사육제한구역,비행안전제2구역(전술)(비행안전제2구역),도시지역,준주거지역,지구단위계획구역(판교),토지거래계약에관한허가구역2025-08-26(대상자: 외국인 등/ 대상용도: 단독,", "area_m2": 7391.2198234093885}, "geometry": {"type": "Polygon", "coordinates": [[[127.09933738979701, 37.405642717464396], [127.10012279431962, 37.40519128830023], [127.10013727105014, 37.40512009619914], [127.09963902483243, 37.404568369918174], [127.09880294892477, 37.40504894033818], [127.09933738979701, 37.405642717464396]]]}}, {"id": "93", "type": "Feature", "properties": {"primary_landuse": "기반시설", "designation_names": "과밀억제권역,도로구역2021-01-21(지형도면 변경),도시교통정비지역,하천구역(금토천),대기환경규제지역,배수구역(판교배수구역),하수처리구역,비행안전제2구역(전술)(비행안전제2구역),비행안전제6구역(전술)(비행안전제6구역),비행안전제6구역(전술),도시지역,자연녹지지", "area_m2": 2471.320143800924}, "geometry": {"type": "MultiPolygon", "coordinates": [[[[127.09854485953315, 37.406444010517966], [127.0982263411354, 37.40635200775422], [127.09819865460544, 37.406340857837016], [127.09813265709133, 37.406312800182846], [127.09808756498356, 37.406292564230974], [127.09808270546324, 37.406290405769006], [127.09805038142348, 37.40627403372977], [127.09800426647884, 37.40624884301037], [127.09796956618814, 37.40622904903914], [127.0979262720976, 37.406201603455834], [127.09788546241948, 37.40617379542654], [127.09784125812267, 37.40614112467898], [127.09779501562517, 37.40610440101643], [127.09775974011714, 37.40607631813297], [127.09772479863844, 37.40604445071288], [127.09771439390437, 37.406033827226395], [127.09765817151099, 37.405975213354516], [127.09783635987343, 37.40626593875002], [127.0986860577586, 37.406517701086365], [127.09872932941018, 37.40650589972685], [127.09875840286331, 37.40650164515602], [127.09854485953315, 37.406444010517966]]], [[[127.09739522605032, 37.40551861696816], [127.09731879108307, 37.40518719624226], [127.09729156799216, 37.4050072859932], [127.09725398274698, 37.404761159661334], [127.09726565698828, 37.40443822710953], [127.09728989898485, 37.40435752560518], [127.09720695403252, 37.40448786724952], [127.09723842432457, 37.40529035969664], [127.0974282050743, 37.40560000506423], [127.09739522605032, 37.40551861696816]]], [[[127.09768272076329, 37.40396368541524], [127.09775739846911, 37.403892264410096], [127.09793472967841, 37.40372299975911], [127.09794973294775, 37.40370875151485], [127.09809954071376, 37.4035672602641], [127.09844179294699, 37.403242255021695], [127.09924417007268, 37.40248213041591], [127.09934129317581, 37.40238987643072], [127.09929045542802, 37.40236407747816], [127.09742724607683, 37.40414169403704], [127.0973199966866, 37.40431022924391], [127.09768272076329, 37.40396368541524]]]]}}, {"id": "94", "type": "Feature", "properties": {"primary_landuse": "주거", "designation_names": "과밀억제권역,도시교통정비지역,대기환경규제지역,배수구역(판교배수구역),하수처리구역,가축사육제한구역,비행안전제2구역(전술)(비행안전제2구역),비행안전제6구역(전술)(비행안전제6구역),비행안전제6구역(전술),도시지역,준주거지역,지구단위계획구역(판교),토지거래계", "area_m2": 822.3625954792285}, "geometry": {"type": "Polygon", "coordinates": [[[127.09829788964244, 37.40533912059731], [127.0982318350666, 37.40526601239002], [127.09748600996168, 37.405694318672026], [127.09753634938727, 37.40577645152436], [127.09829788964244, 37.40533912059731]]]}}, {"id": "95", "type": "Feature", "properties": {"primary_landuse": "기반시설", "designation_names": "과밀억제권역,도시교통정비지역,하천구역,대기환경규제지역,배수구역(판교배수구역),하수처리구역,가축사육제한구역,비행안전제2구역(전술)(비행안전제2구역),비행안전제6구역(전술)(비행안전제6구역),비행안전제6구역(전술),도시지역,준주거지역,지구단위계획구역(판교),토", "area_m2": 3556.1974690052566}, "geometry": {"type": "Polygon", "coordinates": [[[127.09813265709133, 37.406312800182846], [127.09819865460544, 37.406340857837016], [127.0982263411354, 37.40635200775422], [127.09854485953315, 37.406444010517966], [127.09875840286331, 37.40650164515602], [127.0988183651337, 37.40649287033226], [127.09882378925636, 37.406491444874746], [127.099115087671, 37.40640867201301], [127.09923397740103, 37.40637451553333], [127.09893310542431, 37.40604174945171], [127.09879285021869, 37.405886620402136], [127.09808756498356, 37.406292564230974], [127.09813265709133, 37.406312800182846]]]}}, {"id": "96", "type": "Feature", "properties": {"primary_landuse": "주거", "designation_names": "과밀억제권역,도시교통정비지역,대기환경규제지역,배수구역(판교배수구역),하수처리구역,가축사육제한구역,비행안전제2구역(전술)(비행안전제2구역),도시지역,준주거지역,지구단위계획구역(판교),토지거래계약에관한허가구역2025-08-26(대상자: 외국인 등/ 대상용도: 단독,", "area_m2": 15227.12632311441}, "geometry": {"type": "Polygon", "coordinates": [[[127.10227039374467, 37.406320519312274], [127.10226125246955, 37.40632611338075], [127.10225290242944, 37.406332157280836], [127.10224489171328, 37.40633856129637], [127.1022375594052, 37.40634550534119], [127.10223067924808, 37.406352719304216], [127.10222447725792, 37.40636029309436], [127.10221872741893, 37.406368136802904], [127.10221388140127, 37.40637615994402], [127.10220982661923, 37.40638463291749], [127.10220644988422, 37.406393375617284], [127.10220375083465, 37.406402117739866], [127.10220172983253, 37.40641112958881], [127.1022006124118, 37.40642014066832], [127.10220005997074, 37.40642933146925], [127.1022005238183, 37.406438341202225], [127.10220155240485, 37.406447350454286], [127.10220337138506, 37.406456178830716], [127.10220598100034, 37.406465006533814], [127.10220938113038, 37.406473743462385], [127.10221334575922, 37.40648229970752], [127.10221798747311, 37.40649040486946], [127.1022236453569, 37.406498238861886], [127.10222975467155, 37.406505802165704], [127.10223654131286, 37.40651309458836], [127.10224400528097, 37.40652011612981], [127.10225192031834, 37.40652659667879], [127.10226006101158, 37.40653289683244], [127.10226910432431, 37.40653847540615], [127.10227848587887, 37.406543603184545], [127.10228820567517, 37.40654828016752], [127.10229848936756, 37.406552325960114], [127.1023088852848, 37.40655583104846], [127.10231973239128, 37.40655888524487], [127.10233046558494, 37.406561218727184], [127.10234153701938, 37.40656310141372], [127.10235283338437, 37.40656426309718], [127.10236435540405, 37.40656524438454], [127.10237587597474, 37.40656514445666], [127.10238728287268, 37.40656450401699], [127.10239846302892, 37.40656323306074], [127.102409755287, 37.40656133129881], [127.10242070797568, 37.40655888921793], [127.10243143368018, 37.406555636418275], [127.10244170674606, 37.406551753295034], [127.10245164000013, 37.40654714965081], [127.10246100790899, 37.406542095981976], [127.10246969679936, 37.40653605177811], [127.1024787256201, 37.40653081819484], [127.10248877266342, 37.40652684515924], [127.10252072506535, 37.40651798794349], [127.10254240416344, 37.406512833649636], [127.10256510172546, 37.40650912010187], [127.10258757508392, 37.406506668159324], [127.10271179822736, 37.406492055602506], [127.1028232445102, 37.40646727241854], [127.10286445444008, 37.40645534373426], [127.10289211365918, 37.40644567918639], [127.10292304629186, 37.40643448010291], [127.10295341296201, 37.406422380484095], [127.10298321354719, 37.40640929022918], [127.10301233522043, 37.4063952995367], [127.10304089105033, 37.40638049841136], [127.10306865526253, 37.40636497714875], [127.10309562737024, 37.4063483753447], [127.10312192105044, 37.406331233509796], [127.10314753593792, 37.40631328134089], [127.10317224625894, 37.406294609133845], [127.10319605225702, 37.406275397091584], [127.10321895368874, 37.40625546501226], [127.10324151565695, 37.406235082714076], [127.10326215604464, 37.4062136208497], [127.10328223095243, 37.40619161886063], [127.10330760376992, 37.406161773495704], [127.10352794754, 37.405899478962354], [127.10356662797834, 37.40585493554878], [127.10359978448928, 37.40581814560225], [127.10363316759505, 37.40578189605822], [127.10366768074748, 37.405746096034775], [127.10370298547265, 37.40571101612727], [127.10373930680684, 37.40567602543144], [127.10377608099557, 37.40564184524423], [127.1037894504001, 37.40562967125891], [127.10378326162322, 37.4056030957238], [127.10391546382516, 37.40552134041145], [127.10409151233851, 37.4053721691606], [127.10432447692708, 37.405174915298396], [127.10435572734313, 37.40514884884775], [127.10438856070307, 37.40512404242973], [127.10442207282476, 37.40510004632349], [127.1044567154916, 37.40507686013507], [127.10449226305883, 37.405054664262664], [127.1045295068867, 37.40503399862381], [127.10457611925708, 37.40500899994553], [127.10461472134907, 37.404990495526995], [127.10466450132677, 37.404969278306325], [127.1046948671251, 37.40495717823857], [127.10473539318987, 37.40494155534324], [127.10493971868004, 37.40486434018826], [127.10495179752064, 37.40485973445613], [127.10496681145318, 37.404854044939285], [127.10498656648717, 37.40484645914448], [127.10502867093953, 37.404828852538564], [127.10506783767812, 37.40481043757869], [127.10514390884242, 37.40477117686741], [127.10518092621203, 37.40475033101843], [127.10521726477245, 37.40472867484141], [127.10526093480931, 37.40469980411649], [127.1053033611738, 37.40467003345389], [127.10533619388785, 37.40464513667032], [127.1053681219008, 37.40461942976039], [127.10539903226763, 37.404592912824064], [127.10542869909841, 37.40456558606059], [127.10546422821415, 37.40453041532251], [127.10549152078939, 37.40450137870545], [127.10551723112009, 37.40447162266315], [127.10568749724871, 37.40426883493826], [127.10571298153366, 37.40423907905148], [127.10573959611612, 37.404209952871966], [127.10576102647093, 37.40418894037497], [127.10578403978244, 37.40416918789654], [127.10580852285649, 37.40415051533296], [127.10583436287368, 37.40413301288421], [127.1058611075574, 37.404116320543196], [127.10588920993463, 37.40410133892265], [127.10591810578538, 37.40408842892498], [127.10594824501277, 37.40407623863258], [127.10597928940997, 37.404065218849894], [127.1060111266594, 37.40405582018197], [127.10604341742967, 37.40404768252295], [127.10607616197267, 37.40404098607487], [127.10610947323428, 37.404035730737455], [127.10614323902388, 37.40403245721732], [127.10617700593835, 37.4040299945984], [127.10621100199812, 37.40402987440109], [127.1076417848814, 37.40403328416549], [127.10833944425461, 37.404035088677624], [127.10924277595521, 37.40403742268256], [127.10973295596524, 37.40403868700695], [127.10987842918075, 37.40403936469105], [127.10992372172677, 37.40404067469421], [127.10998030998714, 37.40404287533214], [127.11003678634611, 37.40404579685616], [127.11009315106533, 37.404049619468815], [127.11014951774126, 37.404054793572435], [127.1102056597078, 37.40406077876756], [127.11026146428297, 37.404067755360664], [127.11031715748751, 37.404075813245626], [127.11037251304437, 37.404084682326996], [127.11042809554591, 37.40409427198385], [127.11048311451464, 37.404104673045666], [127.11053790904593, 37.404116065403194], [127.11059225338391, 37.404128539366305], [127.11064648597157, 37.4041418243193], [127.11069733064129, 37.40415538267961], [127.11091144485228, 37.40421348032636], [127.11151831009042, 37.404377712599796], [127.11152712332884, 37.40438013713565], [127.11153718133012, 37.40438418233609], [127.11154678860785, 37.40438894876554], [127.1115557192729, 37.404394436634306], [127.1115636344913, 37.404400646257905], [127.11157087309715, 37.404407577321145], [127.11157720880568, 37.404414959730886], [127.11158241572738, 37.40442279369757], [127.11158739728789, 37.40443098827893], [127.11159328201194, 37.404438911715445], [127.11159984361483, 37.40444629391363], [127.11160685673433, 37.40445349548845], [127.11161454686464, 37.40446024592594], [127.111622801061, 37.404466545331175], [127.11163150637863, 37.4044723938092], [127.11164077563039, 37.40447770115353], [127.11165038319037, 37.40448264777681], [127.11166044173949, 37.4044870533714], [127.11167072525615, 37.404490828046434], [127.11168134694876, 37.40449415189897], [127.1116935490782, 37.40449693367014], [127.11170473351771, 37.40449890547667], [127.11171614279186, 37.40450015626221], [127.11172755127461, 37.40450086643956], [127.11173895883371, 37.40450094590754], [127.1117504785457, 37.40450048466207], [127.11176177131186, 37.40449930281668], [127.11177306328558, 37.40449758036308], [127.11178412844491, 37.40449522741083], [127.11179496678962, 37.40449224395999], [127.11180557858356, 37.40448881021294], [127.11181585048554, 37.40448465597158], [127.11182578289164, 37.404480051539515], [127.11183526285693, 37.40447499702226], [127.11184429011709, 37.404469312217515], [127.11185275212361, 37.40446326753432], [127.11186076155698, 37.40445668266505], [127.11186820573674, 37.40444973791755], [127.11187508453068, 37.404442343190745], [127.11188128525852, 37.40443467879255], [127.11188680778821, 37.40442665462181], [127.11189165225205, 37.40441836077987], [127.11189581878234, 37.40440988736797], [127.11189773170497, 37.40440502011184], [127.11189919430251, 37.40440114439041], [127.11190211843979, 37.40439267213809], [127.11190413822615, 37.40438366012212], [127.111905254455, 37.404374648949634], [127.1119056927515, 37.404365458207444], [127.11190534069998, 37.40435644840571], [127.11190419803646, 37.404347439342025], [127.11190237757354, 37.404338340809815], [127.11189954100645, 37.404329513530044], [127.11189613998165, 37.4043208669797], [127.11189194861018, 37.404312401369644], [127.11188707996892, 37.404304206695514], [127.11188164687049, 37.404296192750635], [127.1118755365026, 37.40428844974152], [127.11186874912967, 37.40428115787046], [127.1118611719394, 37.40427440734389], [127.11185314336895, 37.404267927541945], [127.11184455073813, 37.40426189877227], [127.11183561993575, 37.404256320824025], [127.11182612507285, 37.40425119390786], [127.11181629217035, 37.404246607914054], [127.11180600828364, 37.40424256294795], [127.11179538662111, 37.404239239106396], [127.11178465267525, 37.40423636587515], [127.11177358082107, 37.40423412366714], [127.11176228387072, 37.404232422275825], [127.11175098784481, 37.404231351591704], [127.11173957966669, 37.40423082161888], [127.11172805946802, 37.4042309224585], [127.11171676621379, 37.40423174389597], [127.11170547375093, 37.40423310593945], [127.11169429502358, 37.40423500848369], [127.11168334337177, 37.4042377217271], [127.11167261800365, 37.40424070506257], [127.1116620061067, 37.404244048696626], [127.11165173383334, 37.40424793262119], [127.11164100819882, 37.40425073575143], [127.11163005548796, 37.404252728180396], [127.11161876275669, 37.404253910013274], [127.11160758178315, 37.4042542808292], [127.11159628667879, 37.40425384083859], [127.1115851032011, 37.40425249972992], [127.11157414389953, 37.40424998709456], [127.11156646077816, 37.40424801201687], [127.11155561389532, 37.40424513886995], [127.1109553028991, 37.40408261264243], [127.1107406243065, 37.404024515594934], [127.11073214970578, 37.40402191048486], [127.1107095521244, 37.404015894567365], [127.11067712514318, 37.40400763518757], [127.11063362664478, 37.40399731368634], [127.11059001573659, 37.403987352678], [127.11054629267917, 37.40397793236484], [127.11050234465809, 37.40396914295201], [127.11045817167226, 37.40396098443926], [127.11041377345992, 37.40395327662402], [127.11036937616898, 37.40394619950039], [127.11032486633319, 37.40393939276759], [127.11028001858512, 37.40393321703804], [127.11023528456938, 37.40392758179473], [127.1101903255832, 37.40392257745051], [127.11014536751344, 37.40391820379748], [127.11010041009894, 37.4039142806333], [127.11005522810078, 37.40391125867132], [127.11000993394171, 37.403908777402854], [127.10996475350859, 37.403906836620614], [127.1099193477091, 37.40390525643296], [127.10987416857779, 37.40390421662806], [127.10984717471803, 37.40390406115956], [127.10949343224421, 37.40390294309857], [127.10870982323766, 37.403900862938194], [127.10781157578737, 37.403898610391586], [127.10764215899677, 37.40389813185955], [127.10709392660846, 37.403896820614506], [127.10660962075119, 37.40389563023015], [127.1063124640054, 37.40389499295435], [127.10616654006677, 37.403894851889774], [127.10613266014339, 37.403897224504405], [127.10609912055234, 37.4039006780241], [127.10606682409274, 37.403904671043016], [127.10603340031756, 37.40391019677191], [127.1060006558276, 37.403916893208205], [127.10596825191463, 37.40392485075299], [127.10593630102107, 37.403933708902], [127.10590457763284, 37.40394373815863], [127.10587375953766, 37.40395502802615], [127.10584339408376, 37.40396694819543], [127.10581698128776, 37.40397859456644], [127.105803549061, 37.403984462999574], [127.10577499443453, 37.40399908459355], [127.10571213822189, 37.404037883564435], [127.10567862698464, 37.40406188003933], [127.10564669918939, 37.404087496933826], [127.1056100398032, 37.40412185781244], [127.10558297292587, 37.40415062395607], [127.10555794052134, 37.40418046951899], [127.10538135966331, 37.404390741016186], [127.10535564943073, 37.40442058713056], [127.10532858222453, 37.40444926311361], [127.1053000459696, 37.404477399771906], [127.10527026605757, 37.40450463650141], [127.1052395816955, 37.40453124330754], [127.10517414217078, 37.40458103661473], [127.10513995222975, 37.40460458302349], [127.1051045186315, 37.40462722949872], [127.10503093622644, 37.404669281147235], [127.10499290061418, 37.404688866422376], [127.10495362047983, 37.40470692105177], [127.10474015551576, 37.40479045130285], [127.1046992904503, 37.404805894293325], [127.10462715556196, 37.40483307771152], [127.10458685628768, 37.40484933108141], [127.1045472360254, 37.40486657496019], [127.10450818158196, 37.40488462924453], [127.10447443358353, 37.40490123727465], [127.10446969307978, 37.40490358403616], [127.10442251613496, 37.40492867326562], [127.10438595086504, 37.40494996898991], [127.10434995104099, 37.404971804818835], [127.1043150826214, 37.40499508127393], [127.1042896943523, 37.40501303350237], [127.10425640873338, 37.40503747988116], [127.10422425390257, 37.40506291638254], [127.10419311642221, 37.40508898270074], [127.10376373872528, 37.40545273330581], [127.10356429384453, 37.40563292798687], [127.10352616860192, 37.40567035292039], [127.10349176848548, 37.405706242906824], [127.1034450777711, 37.405757370596596], [127.10341282527355, 37.405794520126264], [127.10336816859214, 37.405846456943664], [127.10317308431503, 37.40607890594278], [127.10314105731841, 37.406115965101286], [127.1031065436242, 37.406151674868205], [127.10309593946843, 37.40616123471469], [127.10307687532476, 37.40617900104377], [127.10304517188352, 37.406204797237535], [127.10301154588316, 37.40622879304736], [127.10299416728701, 37.40624016072509], [127.10292058163873, 37.406281850648085], [127.10288141360796, 37.40630026489401], [127.10285138618222, 37.40631263450763], [127.10282045334623, 37.406323653370194], [127.10278906737679, 37.406333681498616], [127.10276287359487, 37.40634118233703], [127.10271951588844, 37.40635176130521], [127.10268665684957, 37.40635827671733], [127.10265277958065, 37.40636353157334], [127.10261912650736, 37.40636752481], [127.10259687872372, 37.406369706261906], [127.1025740628121, 37.40636936535937], [127.10255147207008, 37.40636848365232], [127.10254028904207, 37.40636759219482], [127.10252910456283, 37.40636561952211], [127.10251915972658, 37.40636157345998], [127.10251079373967, 37.406355724022816], [127.10250389450117, 37.406348702015734], [127.10249676936876, 37.40634168020112], [127.10248896691475, 37.40633492926832], [127.10248082622383, 37.40632862913024], [127.1024721214008, 37.40632277997966], [127.10246285268732, 37.406317562018806], [127.10245324573674, 37.4063127948524], [127.10244307477471, 37.40630856877429], [127.10243267876454, 37.40630497359635], [127.10242194451686, 37.406301829212566], [127.1024109850999, 37.40629922562763], [127.10240002652927, 37.40629725274989], [127.10238895501168, 37.40629527996753], [127.10237732117245, 37.40629510968944], [127.10236591334915, 37.40629502931866], [127.10235450625036, 37.406295489553905], [127.10234343883923, 37.40629658020734], [127.10233225932527, 37.4062983016643], [127.10232119348264, 37.406300563630964], [127.1023104673269, 37.40630345601602], [127.10229996778955, 37.406306888814626], [127.10228969499111, 37.406310952128], [127.10227987458515, 37.40631546556137], [127.10227253818037, 37.406319346168274], [127.10227039374467, 37.406320519312274]]]}}, {"id": "97", "type": "Feature", "properties": {"primary_landuse": "기반시설", "designation_names": "과밀억제권역,도로구역,도시교통정비지역,대기환경규제지역,배수구역(판교배수구역),하수처리구역,비행안전제2구역(전술)(비행안전제2구역),도시지역,자연녹지지역,토지거래계약에관한허가구역2025-08-26(대상자: 외국인 등/ 대상용도: 단독, 다가구, 아파트, 연립, 다세대/", "area_m2": 48.28436754449362}, "geometry": {"type": "Polygon", "coordinates": [[[127.10134261118358, 37.40706410117002], [127.10125664415813, 37.40709692553021], [127.10123549448839, 37.40710976237407], [127.10143751701126, 37.407111572259296], [127.10134261118358, 37.40706410117002]]]}}, {"id": "98", "type": "Feature", "properties": {"primary_landuse": "주거", "designation_names": "과밀억제권역,도시교통정비지역,대기환경규제지역,배수구역(판교배수구역),하수처리구역,가축사육제한구역,비행안전제2구역(전술)(비행안전제2구역),도시지역,준주거지역,지구단위계획구역(판교),토지거래계약에관한허가구역2025-08-26(대상자: 외국인 등/ 대상용도: 단독,", "area_m2": 3969.591622707172}, "geometry": {"type": "Polygon", "coordinates": [[[127.10230915859047, 37.40085728264884], [127.1023080706332, 37.39996059472281], [127.10185755873204, 37.3999594461505], [127.10185864120163, 37.400856043987304], [127.10230915859047, 37.40085728264884]]]}}, {"id": "99", "type": "Feature", "properties": {"primary_landuse": "주거", "designation_names": "과밀억제권역,도시교통정비지역,대기환경규제지역,배수구역(판교배수구역),하수처리구역,가축사육제한구역,비행안전제2구역(전술)(비행안전제2구역),도시지역,준주거지역,지구단위계획구역(판교),토지거래계약에관한허가구역2025-08-26(대상자: 외국인 등/ 대상용도: 단독,", "area_m2": 2246.0022226326373}, "geometry": {"type": "Polygon", "coordinates": [[[127.09995903478585, 37.40226520409889], [127.1000080809996, 37.402287778693506], [127.10005735288992, 37.4023101728769], [127.10010696280807, 37.402331936048405], [127.10015679828388, 37.40235342870684], [127.10020674637528, 37.40237465094613], [127.10025714531588, 37.40239515197703], [127.1002931931147, 37.4024098984897], [127.10057315981732, 37.40196861819646], [127.10056457167163, 37.40196511143808], [127.10050422855524, 37.401940384098324], [127.1004443364133, 37.40191502564087], [127.10038466948335, 37.40188912635657], [127.10032590505693, 37.40186241537567], [127.10026216678162, 37.401832284667826], [127.10017386675561, 37.40184740529964], [127.10014352875862, 37.40188031760144], [127.10009729013449, 37.40193162382818], [127.10004867791497, 37.40198158049414], [127.10000017857212, 37.40203153704569], [127.09995111386945, 37.402081043540875], [127.09990182298407, 37.402130370000826], [127.09988208475374, 37.402150659225484], [127.09990343340182, 37.4022391209859], [127.09995903478585, 37.40226520409889]]]}}, {"id": "100", "type": "Feature", "properties": {"primary_landuse": "녹지", "designation_names": "과밀억제권역,도시교통정비지역,대기환경규제지역,배수구역(판교배수구역),하수처리구역,비행안전제2구역(전술)(비행안전제2구역),도시지역,자연녹지지역,지구단위계획구역(판교),토지거래계약에관한허가구역2025-08-26(대상자: 외국인 등/ 대상용도: 단독, 다가구, 아파트,", "area_m2": 164.16138964725866}, "geometry": {"type": "Polygon", "coordinates": [[[127.09934129317581, 37.40238987643072], [127.09936780178838, 37.40236471622189], [127.09956689447344, 37.402173176040236], [127.09951703971292, 37.40214789434876], [127.09929045542802, 37.40236407747816], [127.09934129317581, 37.40238987643072]]]}}, {"id": "101", "type": "Feature", "properties": {"primary_landuse": "주거", "designation_names": "과밀억제권역,도시교통정비지역,대기환경규제지역,배수구역(판교배수구역),하수처리구역,가축사육제한구역,비행안전제2구역(전술)(비행안전제2구역),도시지역,준주거지역,지구단위계획구역(판교),토지거래계약에관한허가구역2025-08-26(대상자: 외국인 등/ 대상용도: 단독,", "area_m2": 1818.8677554615056}, "geometry": {"type": "Polygon", "coordinates": [[[127.10030743134217, 37.402415653080645], [127.1003581689262, 37.402435973582676], [127.10040901900577, 37.40245593356341], [127.10046020699004, 37.402475172428694], [127.1005117334704, 37.40249414068431], [127.10056348526756, 37.40251265822198], [127.10061489826435, 37.402531176020865], [127.10064902226867, 37.402542950692705], [127.10089486233866, 37.40208899396466], [127.10087102079268, 37.40208072467594], [127.10080909987293, 37.4020587018585], [127.10074740427761, 37.40203622831274], [127.10068615965247, 37.40201312364697], [127.10062502729406, 37.401989478247245], [127.10057315981732, 37.40196861819646], [127.1002931931147, 37.4024098984897], [127.10030743134217, 37.402415653080645]]]}}, {"id": "102", "type": "Feature", "properties": {"primary_landuse": "주거", "designation_names": "과밀억제권역,도시교통정비지역,대기환경규제지역,배수구역(판교배수구역),하수처리구역,가축사육제한구역,비행안전제2구역(전술)(비행안전제2구역),도시지역,준주거지역,지구단위계획구역(판교),토지거래계약에관한허가구역2025-08-26(대상자: 외국인 등/ 대상용도: 단독,", "area_m2": 1819.0126534788687}, "geometry": {"type": "Polygon", "coordinates": [[[127.10066687516516, 37.40254906261509], [127.10071862596911, 37.4025667691734], [127.10077094091316, 37.40258402472879], [127.10082336822865, 37.40260082965987], [127.10087602109469, 37.40261736407408], [127.10092878656879, 37.40263362806612], [127.10098200335767, 37.40264953124956], [127.10101409117948, 37.40265878469108], [127.10122524136628, 37.402193503701724], [127.10118784332407, 37.40218263296872], [127.10112423192406, 37.40216349498479], [127.10105881206502, 37.402143277272856], [127.10099587694948, 37.40212305743425], [127.10093316691699, 37.40210220666339], [127.10089486233866, 37.40208899396466], [127.10064902226867, 37.402542950692705], [127.10066687516516, 37.40254906261509]]]}}, {"id": "103", "type": "Feature", "properties": {"primary_landuse": "주거", "designation_names": "과밀억제권역,도시교통정비지역,대기환경규제지역,배수구역(판교배수구역),하수처리구역,가축사육제한구역,비행안전제2구역(전술)(비행안전제2구역),도시지역,준주거지역,지구단위계획구역(판교),토지거래계약에관한허가구역2025-08-26(대상자: 외국인 등/ 대상용도: 단독,", "area_m2": 2072.9065438126627}, "geometry": {"type": "Polygon", "coordinates": [[[127.10178538792721, 37.40283905664197], [127.10184074265874, 37.402848740633154], [127.10189632268832, 37.402857973900424], [127.10195178966879, 37.402867117136246], [127.10200748194598, 37.402875809647895], [127.10206306081197, 37.40288414182437], [127.10211886473193, 37.4028918430739], [127.10225521002128, 37.40290947695454], [127.10225499081145, 37.402408243401226], [127.10224640579375, 37.40240716949888], [127.10217953188454, 37.40239794601047], [127.10211277021064, 37.40238818178067], [127.10204612089386, 37.40237796691091], [127.10197992203858, 37.4023667605061], [127.10191360941988, 37.402354923451355], [127.10190592734523, 37.40235339825092], [127.10176697388061, 37.402835738506006], [127.10178538792721, 37.40283905664197]]]}}, {"id": "104", "type": "Feature", "properties": {"primary_landuse": "주거", "designation_names": "과밀억제권역,도시교통정비지역,대기환경규제지역,배수구역(판교배수구역),하수처리구역,가축사육제한구역,비행안전제2구역(전술)(비행안전제2구역),도시지역,준주거지역,지구단위계획구역(판교),토지거래계약에관한허가구역2025-08-26(대상자: 외국인 등/ 대상용도: 단독,", "area_m2": 8627.27531421119}, "geometry": {"type": "Polygon", "coordinates": [[[127.10029488091767, 37.40498634440621], [127.10040637728144, 37.405000757519616], [127.10134943321717, 37.40445908690154], [127.10083059531483, 37.40388359621754], [127.09982230997394, 37.404462979346576], [127.10029488091767, 37.40498634440621]]]}}, {"id": "105", "type": "Feature", "properties": {"primary_landuse": "주거", "designation_names": "과밀억제권역,도시교통정비지역,대기환경규제지역,배수구역(판교배수구역),하수처리구역,가축사육제한구역,비행안전제2구역(전술)(비행안전제2구역),도시지역,준주거지역,지구단위계획구역(판교),토지거래계약에관한허가구역2025-08-26(대상자: 외국인 등/ 대상용도: 단독,", "area_m2": 912.4847983276097}, "geometry": {"type": "Polygon", "coordinates": [[[127.09880294892477, 37.40504894033818], [127.09963902483243, 37.404568369918174], [127.09957296963348, 37.40449526245134], [127.09873666845587, 37.40497601279785], [127.09880294892477, 37.40504894033818]]]}}, {"id": "106", "type": "Feature", "properties": {"primary_landuse": "기반시설", "designation_names": "과밀억제권역,도시교통정비지역,하천구역(금토천),하천구역,대기환경규제지역,배수구역(판교배수구역),하수처리구역,비행안전제2구역(전술)(비행안전제2구역),도시지역,자연녹지지역,지구단위계획구역(판교),토지거래계약에관한허가구역2025-08-26(대상자: 외국인 등/ 대상", "area_m2": 1458.1016012707298}, "geometry": {"type": "MultiPolygon", "coordinates": [[[[127.09930301665331, 37.40639617286568], [127.09936669502538, 37.40637755932116], [127.09942992145803, 37.40635885601523], [127.09949359882843, 37.40633952159282], [127.09951691613934, 37.40633189112751], [127.09978961283919, 37.40617950909416], [127.09971515121686, 37.40621382671192], [127.0997011547877, 37.406220776134084], [127.09959153895251, 37.40626393552057], [127.09955868731032, 37.40627630664097], [127.0995247040693, 37.40628705686711], [127.09949094753492, 37.406298437604626], [127.09945696439148, 37.406309277912456], [127.09942343279414, 37.40631993763404], [127.09923397740103, 37.40637451553333], [127.099115087671, 37.40640867201301], [127.09882378925636, 37.406491444874746], [127.0988183651337, 37.40649287033226], [127.09911821538282, 37.406448990034335], [127.09930301665331, 37.40639617286568]]], [[[127.10282114076035, 37.40448522596079], [127.10287214376528, 37.4044495021341], [127.1029222421926, 37.40441305825052], [127.10297166217454, 37.40437607431977], [127.10302029040173, 37.40433828013605], [127.10306778816178, 37.404299766092514], [127.1031147210291, 37.40426116241375], [127.10316086189847, 37.404221568282495], [127.10320564580388, 37.40418080398298], [127.10325076727563, 37.404139138362645], [127.10329408195501, 37.404097744584], [127.10333683150012, 37.40405608097189], [127.10337811138265, 37.404013427495705], [127.10341893907616, 37.40397050409053], [127.10345886256084, 37.40392713094401], [127.10349799429312, 37.403882947554685], [127.10353633525031, 37.40383867473308], [127.1035990264303, 37.40376077308683], [127.10363431521897, 37.40371461073989], [127.10366869980399, 37.40366799865661], [127.10370195429941, 37.40362093703303], [127.10373430459362, 37.4035734256748], [127.10376552480102, 37.403525464777935], [127.1037673909409, 37.40352247366554], [127.10381778825752, 37.403392880524606], [127.1037835285655, 37.403392910160385], [127.10376617804135, 37.40342437052774], [127.10374262565884, 37.40346322456291], [127.10371940767673, 37.40349883465646], [127.10369720567392, 37.40353408346201], [127.10367387372652, 37.40356897283414], [127.10365031538134, 37.403603501991704], [127.10362619131871, 37.40363731082237], [127.10360206686772, 37.40367084934431], [127.10357692541353, 37.40370402833367], [127.10355167123785, 37.40373738761742], [127.10354524407481, 37.4037452319783], [127.10352596428761, 37.4037700264757], [127.10349969259612, 37.40380266581526], [127.10347229144328, 37.40383530612273], [127.10344522775587, 37.40386695501829], [127.1034172604942, 37.40389860468619], [127.10338884106704, 37.403929984432914], [127.10335985701795, 37.40396145476031], [127.10332996878235, 37.40399247535242], [127.1033003056792, 37.40402295513514], [127.10327041654176, 37.40405334500347], [127.10323658030025, 37.40408815322418], [127.10321221454375, 37.404110519308794], [127.10317307205753, 37.40414695389821], [127.1031411477523, 37.40417581376066], [127.10310786808971, 37.404204674778846], [127.10307492589727, 37.404232544383234], [127.10304085472183, 37.40426077535295], [127.10300700819457, 37.404288105106794], [127.10297293575364, 37.40431543504467], [127.10290298295457, 37.404369555833014], [127.10286653738679, 37.40439598676162], [127.10283110635501, 37.40442097518864], [127.10279353104674, 37.404447226859915], [127.10275708297837, 37.40447185573041], [127.10268181577538, 37.40452174617531], [127.10264367273396, 37.40454583585293], [127.10260530353608, 37.404569745508866], [127.10256659438987, 37.40459284453106], [127.10193627863728, 37.404954597655404], [127.10184452383093, 37.40500711450298], [127.10143822948622, 37.40524082091434], [127.1010323840441, 37.405474255240094], [127.10062687468512, 37.40570750768079], [127.10037326425591, 37.40585336237428], [127.10281946157076, 37.404486355402234], [127.10282114076035, 37.40448522596079]]]]}}, {"id": "107", "type": "Feature", "properties": {"primary_landuse": "주거", "designation_names": "과밀억제권역,도시교통정비지역,대기환경규제지역,배수구역(판교배수구역),하수처리구역,가축사육제한구역,비행안전제2구역(전술)(비행안전제2구역),도시지역,준주거지역,지구단위계획구역(판교),토지거래계약에관한허가구역2025-08-26(대상자: 외국인 등/ 대상용도: 단독,", "area_m2": 1599.7737300763165}, "geometry": {"type": "Polygon", "coordinates": [[[127.10780562479748, 37.39992514643319], [127.10780628611828, 37.400233472737085], [127.10833935807501, 37.400234794393626], [127.10833887963601, 37.39997728510414], [127.10827510998158, 37.399926165114735], [127.10780562479748, 37.39992514643319]]]}}, {"id": "108", "type": "Feature", "properties": {"primary_landuse": "주거", "designation_names": "과밀억제권역,도시교통정비지역,대기환경규제지역,배수구역(판교배수구역),하수처리구역,가축사육제한구역,비행안전제2구역(전술)(비행안전제2구역),도시지역,준주거지역,지구단위계획구역(판교),토지거래계약에관한허가구역2025-08-26(대상자: 외국인 등/ 대상용도: 단독,", "area_m2": 16862.691738573023}, "geometry": {"type": "Polygon", "coordinates": [[[127.10468006042163, 37.40132430560159], [127.10534982665597, 37.39995498951049], [127.10528294784181, 37.399940902302184], [127.10384015867928, 37.39993765453908], [127.10377653118209, 37.399988887163964], [127.1037778999196, 37.40099621929229], [127.10377822907905, 37.401321575016304], [127.10468006042163, 37.40132430560159]]]}}, {"id": "109", "type": "Feature", "properties": {"primary_landuse": "주거", "designation_names": "과밀억제권역,도시교통정비지역,대기환경규제지역,배수구역(판교배수구역),하수처리구역,가축사육제한구역,비행안전제2구역(전술)(비행안전제2구역),도시지역,준주거지역,지구단위계획구역(판교),토지거래계약에관한허가구역2025-08-26(대상자: 외국인 등/ 대상용도: 단독,", "area_m2": 2341.1402292171174}, "geometry": {"type": "Polygon", "coordinates": [[[127.10763621707858, 37.399924757979896], [127.1076391040881, 37.40133141789444], [127.10780851382796, 37.40133099542746], [127.10780782982624, 37.4010066311598], [127.10780735268558, 37.40074876149431], [127.10780676286602, 37.4004910721215], [127.10780628611828, 37.400233472737085], [127.10780562479748, 37.39992514643319], [127.10763621707858, 37.399924757979896]]]}}, {"id": "110", "type": "Feature", "properties": {"primary_landuse": "주거", "designation_names": "과밀억제권역,도시교통정비지역,대기환경규제지역,배수구역(판교배수구역),하수처리구역,가축사육제한구역,비행안전제2구역(전술)(비행안전제2구역),도시지역,준주거지역,지구단위계획구역(판교),토지거래계약에관한허가구역2025-08-26(대상자: 외국인 등/ 대상용도: 단독,", "area_m2": 6231.243078597725}, "geometry": {"type": "Polygon", "coordinates": [[[127.10937439351092, 37.402487559943], [127.108340632238, 37.40248507453184], [127.10834157666801, 37.40307082243246], [127.10890154934349, 37.40307229743795], [127.10903704297954, 37.40304586472196], [127.10937463010556, 37.403046638483204], [127.10945461533251, 37.402983044060775], [127.10945410911306, 37.40255136904853], [127.10937439351092, 37.402487559943]]]}}, {"id": "111", "type": "Feature", "properties": {"primary_landuse": "주거", "designation_names": "과밀억제권역,도시교통정비지역,대기환경규제지역,배수구역(판교배수구역),하수처리구역,가축사육제한구역,비행안전제2구역(전술)(비행안전제2구역),도시지역,준주거지역,지구단위계획구역(판교),토지거래계약에관한허가구역2025-08-26(대상자: 외국인 등/ 대상용도: 단독,", "area_m2": 3073.3963210752586}, "geometry": {"type": "Polygon", "coordinates": [[[127.11052721529333, 37.403049365768894], [127.11066380281417, 37.40307672067184], [127.11095993998579, 37.403077438059725], [127.11096508293173, 37.403041392769495], [127.11097111657041, 37.402996516724386], [127.11097669843191, 37.40295164109688], [127.11098205427095, 37.4029066755767], [127.11098695833417, 37.40286171047418], [127.1109917493182, 37.402816655374465], [127.11099620160098, 37.40277169068915], [127.111000315052, 37.402726726317056], [127.11100386352551, 37.402681582264975], [127.11100696035778, 37.40263652873195], [127.11101072172855, 37.40258246444994], [127.11101370574202, 37.402537501121806], [127.11101657576137, 37.40249181708813], [127.11045175075999, 37.40249026646484], [127.1104524468682, 37.40304916437153], [127.11052721529333, 37.403049365768894]]]}}, {"id": "112", "type": "Feature", "properties": {"primary_landuse": "기반시설", "designation_names": "과밀억제권역,도로구역,도시교통정비지역,하천구역2022-02-15(운중천),대기환경규제지역,배수구역(판교배수구역),하수처리구역,가축사육제한구역,비행안전제2구역(전술)(비행안전제2구역),상대보호구역(경기도성남교육지원청 확인요망),상대보호구역2024-08-07(상대보호구역", "area_m2": 4011.65731878117}, "geometry": {"type": "MultiPolygon", "coordinates": [[[[127.11249540578163, 37.40354228122996], [127.11248564746978, 37.40358824205948], [127.11247543484775, 37.40363249138917], [127.11246454441941, 37.40367665125235], [127.11245308952579, 37.4037209918464], [127.11244174729681, 37.4037651521307], [127.11241940176342, 37.403853562478496], [127.11236714401205, 37.404023715967966], [127.11283097058542, 37.403046134495334], [127.11284670573143, 37.399851899853026], [127.11272737113211, 37.399852581586025], [127.11272897377758, 37.40002720838851], [127.11272898735804, 37.400036398715464], [127.1127227757615, 37.40003640455739], [127.11272325864404, 37.40036320176268], [127.11272339191406, 37.40045339310291], [127.1127647274947, 37.400453354220915], [127.11276563291128, 37.40106586240584], [127.11273107315463, 37.401295022654544], [127.11273125218686, 37.40156902068681], [127.11273337217227, 37.4017043509135], [127.11276263072894, 37.40186182053802], [127.11276399933848, 37.401870829384585], [127.11276469016988, 37.40187974876744], [127.11276487463576, 37.40192813301412], [127.11272723128128, 37.4019280783228], [127.11272638091997, 37.4023232635902], [127.1127661363459, 37.402323226193204], [127.11276630124459, 37.40243477148942], [127.1127325743905, 37.402540131673774], [127.11273113501596, 37.4026360909448], [127.11272875761375, 37.402708714852324], [127.11272657932801, 37.402763228204776], [127.11272383619463, 37.40281765198656], [127.11271407487823, 37.402937856335846], [127.11249540578163, 37.40354228122996]]], [[[127.11164480641872, 37.40553404497532], [127.11161696614506, 37.405573355062856], [127.11158889955396, 37.40561239505045], [127.1115600420444, 37.405651255564656], [127.1115583747795, 37.40565345450684], [127.11158789404978, 37.40566603630786], [127.11166267638697, 37.40550843097656], [127.11164480641872, 37.40553404497532]]]]}}, {"id": "113", "type": "Feature", "properties": {"primary_landuse": "주거", "designation_names": "과밀억제권역,도시교통정비지역,대기환경규제지역,배수구역(판교배수구역),하수처리구역,가축사육제한구역,비행안전제2구역(전술)(비행안전제2구역),도시지역,준주거지역,지구단위계획구역(판교),토지거래계약에관한허가구역2025-08-26(대상자: 외국인 등/ 대상용도: 단독,", "area_m2": 855.3606725699368}, "geometry": {"type": "Polygon", "coordinates": [[[127.10764132151078, 37.403384374893555], [127.10764215899677, 37.40389813185955], [127.10781157578737, 37.403898610391586], [127.10781073701749, 37.40338476332739], [127.10764132151078, 37.403384374893555]]]}}, {"id": "114", "type": "Feature", "properties": {"primary_landuse": "주거", "designation_names": "과밀억제권역,도시교통정비지역,대기환경규제지역,배수구역(판교배수구역),하수처리구역,가축사육제한구역,비행안전제2구역(전술)(비행안전제2구역),도시지역,준주거지역,지구단위계획구역(판교),토지거래계약에관한허가구역2025-08-26(대상자: 외국인 등/ 대상용도: 단독,", "area_m2": 1561.8952304077363}, "geometry": {"type": "Polygon", "coordinates": [[[127.1109553028991, 37.40408261264243], [127.11096632058285, 37.404047643136494], [127.11098442201485, 37.40399086255439], [127.11101083656759, 37.403903349723926], [127.11102387447075, 37.403859638513545], [127.11103578278973, 37.40381583824631], [127.11104712611396, 37.403771858298335], [127.11105835674363, 37.403728058655965], [127.11106936134193, 37.40368416912031], [127.11108036566509, 37.403640099380944], [127.11109057937112, 37.403596030372896], [127.11110258716977, 37.403543039670474], [127.11111246201982, 37.403498970973864], [127.11112199776612, 37.403454722387806], [127.11113040420064, 37.40341056494887], [127.11113892317468, 37.40336613710069], [127.11091043818944, 37.40336562789608], [127.11090203176174, 37.403409875421104], [127.11089294766471, 37.403454123572054], [127.1108832987095, 37.40349828214313], [127.11087319783852, 37.40354235102976], [127.11086275825636, 37.4035865103297], [127.11085164086995, 37.40363058015385], [127.11084074896505, 37.403674379464206], [127.11082940514206, 37.4037180890897], [127.11081794849312, 37.403761888919405], [127.11080603979407, 37.40380550896288], [127.11079401826824, 37.40384921921045], [127.11078120612108, 37.40389293018704], [127.11076580906699, 37.40394547347879], [127.11075198025985, 37.40398909528956], [127.1107406243065, 37.404024515594934], [127.1109553028991, 37.40408261264243]]]}}, {"id": "115", "type": "Feature", "properties": {"primary_landuse": "주거", "designation_names": "과밀억제권역,도시교통정비지역,대기환경규제지역,배수구역(판교배수구역),하수처리구역,가축사육제한구역,비행안전제2구역(전술)(비행안전제2구역),도시지역,준주거지역,지구단위계획구역(판교),토지거래계약에관한허가구역2025-08-26(대상자: 외국인 등/ 대상용도: 단독,", "area_m2": 17326.71029786774}, "geometry": {"type": "Polygon", "coordinates": [[[127.10517682134547, 37.40488611727953], [127.1054019871372, 37.40509702701042], [127.10562774011562, 37.40515998945999], [127.10580594312452, 37.405250932227396], [127.10590940594881, 37.40528986965823], [127.10607931481384, 37.40533456770138], [127.10622342671887, 37.40528641624748], [127.10653960289461, 37.40515021705438], [127.10662705025132, 37.404891774794756], [127.10664128009586, 37.40464830842674], [127.106760228831, 37.40449926515682], [127.1069865497462, 37.40440382641754], [127.10721268912542, 37.4043403733706], [127.10743857844884, 37.4043402613345], [127.10764211706632, 37.40434890875621], [127.1076417848814, 37.40403328416549], [127.10621100199812, 37.40402987440109], [127.10617700593835, 37.4040299945984], [127.10614323902388, 37.40403245721732], [127.10610947323428, 37.404035730737455], [127.10607616197267, 37.40404098607487], [127.10604341742967, 37.40404768252295], [127.1060111266594, 37.40405582018197], [127.10597928940997, 37.404065218849894], [127.10594824501277, 37.40407623863258], [127.10591810578538, 37.40408842892498], [127.10588920993463, 37.40410133892265], [127.1058611075574, 37.404116320543196], [127.10583436287368, 37.40413301288421], [127.10580852285649, 37.40415051533296], [127.10578403978244, 37.40416918789654], [127.10576102647093, 37.40418894037497], [127.10573959611612, 37.404209952871966], [127.10571298153366, 37.40423907905148], [127.10568749724871, 37.40426883493826], [127.10551723112009, 37.40447162266315], [127.10549152078939, 37.40450137870545], [127.10546422821415, 37.40453041532251], [127.10542869909841, 37.40456558606059], [127.10539903226763, 37.404592912824064], [127.1053681219008, 37.40461942976039], [127.10533619388785, 37.40464513667032], [127.1053033611738, 37.40467003345389], [127.10526093480931, 37.40469980411649], [127.10521726477245, 37.40472867484141], [127.10518092621203, 37.40475033101843], [127.10514390884242, 37.40477117686741], [127.10506783767812, 37.40481043757869], [127.10502867093953, 37.404828852538564], [127.10498656648717, 37.40484645914448], [127.10496681145318, 37.404854044939285], [127.10495179752064, 37.40485973445613], [127.10517682134547, 37.40488611727953]]]}}, {"id": "116", "type": "Feature", "properties": {"primary_landuse": "주거", "designation_names": "과밀억제권역,도시교통정비지역,대기환경규제지역,배수구역(판교배수구역),하수처리구역,가축사육제한구역,비행안전제2구역(전술)(비행안전제2구역),상대보호구역,도시지역,준주거지역,지구단위계획구역(판교),토지거래계약에관한허가구역2025-08-26(대상자: 외국인 등/ 대", "area_m2": 3060.997548919472}, "geometry": {"type": "Polygon", "coordinates": [[[127.1115600420444, 37.405651255564656], [127.11158889955396, 37.40561239505045], [127.11161696614506, 37.405573355062856], [127.11164480641872, 37.40553404497532], [127.11166267638697, 37.40550843097656], [127.11236714401205, 37.404023715967966], [127.11241940176342, 37.403853562478496], [127.11244174729681, 37.4037651521307], [127.11245308952579, 37.4037209918464], [127.11246454441941, 37.40367665125235], [127.11247543484775, 37.40363249138917], [127.11248564746978, 37.40358824205948], [127.11249540578163, 37.40354228122996], [127.11237302742877, 37.40342454350379], [127.11230934884507, 37.40359255204189], [127.11224860666533, 37.403837414210784], [127.11224231376225, 37.40385913451993], [127.11217446406893, 37.40403291336302], [127.11215226015157, 37.404217912125006], [127.11206662516574, 37.40443288383136], [127.1120597590982, 37.40444892828248], [127.11205818263674, 37.40445217340316], [127.11198196889741, 37.40462244598723], [127.11189965259787, 37.404790561783486], [127.11181066910869, 37.40495661140728], [127.111725612332, 37.405104907345105], [127.11170578191006, 37.40513772269729], [127.11163219814306, 37.405253841710646], [127.11160278555379, 37.40529919004737], [127.11158982575795, 37.40531902439641], [127.11148185663498, 37.40547869423993], [127.11148072954218, 37.40548031711129], [127.11145254996856, 37.40551935717221], [127.11142391831689, 37.40555821744384], [127.11140244856581, 37.405586994927525], [127.1115583840298, 37.40565345844954], [127.1115600420444, 37.405651255564656]]]}}, {"id": "117", "type": "Feature", "properties": {"primary_landuse": "주거", "designation_names": "과밀억제권역,도시교통정비지역,대기환경규제지역,배수구역(판교배수구역),하수처리구역,가축사육제한구역,비행안전제2구역(전술)(비행안전제2구역),비행안전제6구역(전술)(비행안전제6구역),비행안전제6구역(전술),도시지역,준주거지역,지구단위계획구역(판교),토지거래계", "area_m2": 6465.3924333989635}, "geometry": {"type": "Polygon", "coordinates": [[[127.0982455586992, 37.404431843267716], [127.09796416408395, 37.40465804722026], [127.09795668879653, 37.4047298640609], [127.09893416321061, 37.40581190019055], [127.09902340592268, 37.40582317939285], [127.09933738979701, 37.405642717464396], [127.09880294892477, 37.40504894033818], [127.09873666845587, 37.40497601279785], [127.0982455586992, 37.404431843267716]]]}}, {"id": "118", "type": "Feature", "properties": {"primary_landuse": "주거", "designation_names": "과밀억제권역,도시교통정비지역,대기환경규제지역,배수구역(판교배수구역),하수처리구역,가축사육제한구역,비행안전제2구역(전술)(비행안전제2구역),도시지역,준주거지역,지구단위계획구역(판교),토지거래계약에관한허가구역2025-08-26(대상자: 외국인 등/ 대상용도: 단독,", "area_m2": 13889.18038432778}, "geometry": {"type": "Polygon", "coordinates": [[[127.10237088387835, 37.40705403822548], [127.10427087342143, 37.4070727577526], [127.10392487793742, 37.40650786662002], [127.10391701036441, 37.40617742855357], [127.10382730890011, 37.405792240909015], [127.10382076030518, 37.405772994072684], [127.10381622026273, 37.40575668966752], [127.10381348516478, 37.40573876187735], [127.10381330979436, 37.40573212689152], [127.1037894504001, 37.40562967125891], [127.10377608099557, 37.40564184524423], [127.10373930680684, 37.40567602543144], [127.10370298547265, 37.40571101612727], [127.10366768074748, 37.405746096034775], [127.10363316759505, 37.40578189605822], [127.10359978448928, 37.40581814560225], [127.10356662797834, 37.40585493554878], [127.10352794754, 37.405899478962354], [127.10330760376992, 37.406161773495704], [127.10328223095243, 37.40619161886063], [127.10326215604464, 37.4062136208497], [127.10324151565695, 37.406235082714076], [127.10321895368874, 37.40625546501226], [127.10319605225702, 37.406275397091584], [127.10317224625894, 37.406294609133845], [127.10314753593792, 37.40631328134089], [127.10312192105044, 37.406331233509796], [127.10309562737024, 37.4063483753447], [127.10306865526253, 37.40636497714875], [127.10304089105033, 37.40638049841136], [127.10301233522043, 37.4063952995367], [127.10298321354719, 37.40640929022918], [127.10295341296201, 37.406422380484095], [127.10292304629186, 37.40643448010291], [127.10289211365918, 37.40644567918639], [127.10286445444008, 37.40645534373426], [127.1028232445102, 37.40646727241854], [127.10271179822736, 37.406492055602506], [127.10258757508392, 37.406506668159324], [127.10256510172546, 37.40650912010187], [127.10254240416344, 37.406512833649636], [127.10252072506535, 37.40651798794349], [127.10248877266342, 37.40652684515924], [127.1024787256201, 37.40653081819484], [127.10246969679936, 37.40653605177811], [127.10246100790899, 37.406542095981976], [127.10245164000013, 37.40654714965081], [127.10244170674606, 37.406551753295034], [127.10243143368018, 37.406555636418275], [127.10242070797568, 37.40655888921793], [127.102409755287, 37.40656133129881], [127.10239846302892, 37.40656323306074], [127.10238728287268, 37.40656450401699], [127.10237587597474, 37.40656514445666], [127.10236435540405, 37.40656524438454], [127.10237088387835, 37.40705403822548]]]}}, {"id": "119", "type": "Feature", "properties": {"primary_landuse": "기반시설", "designation_names": "과밀억제권역,도로구역,도시교통정비지역,대기환경규제지역,배수구역(판교배수구역),하수처리구역,비행안전제2구역(전술)(비행안전제2구역),도시지역,자연녹지지역,토지거래계약에관한허가구역2025-08-26(대상자: 외국인 등/ 대상용도: 단독, 다가구, 아파트, 연립, 다세대/", "area_m2": 0.000389105383025834}, "geometry": {"type": "Polygon", "coordinates": [[[127.10125664415813, 37.40709692553021], [127.10123548840852, 37.4071097623196], [127.10123549448839, 37.40710976237407], [127.10125664415813, 37.40709692553021]]]}}, {"id": "120", "type": "Feature", "properties": {"primary_landuse": "주거", "designation_names": "과밀억제권역,도시교통정비지역,대기환경규제지역,배수구역(판교배수구역),하수처리구역,가축사육제한구역,비행안전제2구역(전술)(비행안전제2구역),도시지역,준주거지역,지구단위계획구역(판교),토지거래계약에관한허가구역2025-08-26(대상자: 외국인 등/ 대상용도: 단독,", "area_m2": 11810.824863223786}, "geometry": {"type": "Polygon", "coordinates": [[[127.10937031270998, 37.399955355204796], [127.10945013843025, 37.40001907414044], [127.10945063798725, 37.4002886569853], [127.10945086489802, 37.400289377589125], [127.10948480064536, 37.4004058476763], [127.10948494079828, 37.40058226602169], [127.10948506159926, 37.40082391776469], [127.109485514888, 37.40106115422764], [127.10948612014569, 37.40156175679116], [127.10948655509173, 37.401786198849955], [127.1094874074575, 37.402301577745384], [127.10945410911306, 37.40255136904853], [127.10945461533251, 37.402983044060775], [127.10937463010556, 37.403046638483204], [127.10996351592766, 37.403048082082506], [127.10988379936725, 37.402984273327256], [127.10988329081573, 37.40255268842199], [127.1098488222983, 37.4023025986992], [127.10984796719812, 37.40178703960785], [127.1098475300069, 37.401561786640976], [127.10984692351253, 37.401061994994194], [127.10984646947367, 37.40082502883815], [127.10984634725287, 37.40058319689489], [127.10988017880156, 37.400469908480446], [127.10987930647057, 37.400020934158796], [127.10995928806082, 37.399957339367866], [127.10937031270998, 37.399955355204796]]]}}, {"id": "121", "type": "Feature", "properties": {"primary_landuse": "주거", "designation_names": "과밀억제권역,도시교통정비지역,대기환경규제지역,배수구역(판교배수구역),하수처리구역,가축사육제한구역,비행안전제2구역(전술)(비행안전제2구역),도시지역,준주거지역,지구단위계획구역(판교),토지거래계약에관한허가구역2025-08-26(대상자: 외국인 등/ 대상용도: 단독,", "area_m2": 875.003202956549}, "geometry": {"type": "Polygon", "coordinates": [[[127.10209896085752, 37.40388639844648], [127.10218476799395, 37.40386370999281], [127.10220235686229, 37.403840989484415], [127.10221949310066, 37.403817638649585], [127.10223583811884, 37.40379383797954], [127.1022515053435, 37.40376994778325], [127.10226683336518, 37.40374578756988], [127.10228137052994, 37.40372144782573], [127.1022952295407, 37.40369674825243], [127.10230863652657, 37.403671868860044], [127.10232159148785, 37.40364680964879], [127.10233206711473, 37.403625807109435], [127.10234310129637, 37.403600208925354], [127.1023531187379, 37.4035744314046], [127.1023629100442, 37.40354847387306], [127.10237191049858, 37.40352233681253], [127.10238000715833, 37.40349602031948], [127.10238720014524, 37.403469614495386], [127.10239315594481, 37.4034470840832], [127.10232867905763, 37.403373075782994], [127.10227219963396, 37.40336726733681], [127.10223876375649, 37.40336378187126], [127.10223349245004, 37.4033914474686], [127.102225521234, 37.40342713438311], [127.10221596796018, 37.40346219193497], [127.10220494617285, 37.40349707053366], [127.10219234292659, 37.40353177027503], [127.10217860975212, 37.40356611057149], [127.10216272967443, 37.403599731882984], [127.10214526789086, 37.403632994132984], [127.10212678911756, 37.403665896840295], [127.10210706734574, 37.40369835009537], [127.10208621539745, 37.4037302637003], [127.1020640073841, 37.40376163784663], [127.10204078213596, 37.40379247224551], [127.10201620094102, 37.40382285728557], [127.10199060226888, 37.40385252237439], [127.10209896085752, 37.40388639844648]]]}}, {"id": "122", "type": "Feature", "properties": {"primary_landuse": "주거", "designation_names": "과밀억제권역,도시교통정비지역,대기환경규제지역,배수구역(판교배수구역),하수처리구역,가축사육제한구역,비행안전제2구역(전술)(비행안전제2구역),도시지역,준주거지역,지구단위계획구역(판교),토지거래계약에관한허가구역2025-08-26(대상자: 외국인 등/ 대상용도: 단독,", "area_m2": 1100.1036986707072}, "geometry": {"type": "Polygon", "coordinates": [[[127.09982230997394, 37.404462979346576], [127.10083059531483, 37.40388359621754], [127.10076408814352, 37.40381076009145], [127.09975625468992, 37.404389871980946], [127.09982230997394, 37.404462979346576]]]}}, {"id": "123", "type": "Feature", "properties": {"primary_landuse": "주거", "designation_names": "과밀억제권역,도시교통정비지역,대기환경규제지역,배수구역(판교배수구역),하수처리구역,가축사육제한구역,비행안전제2구역(전술)(비행안전제2구역),도시지역,준주거지역,지구단위계획구역(판교),토지거래계약에관한허가구역2025-08-26(대상자: 외국인 등/ 대상용도: 단독,", "area_m2": 1349.282483146436}, "geometry": {"type": "Polygon", "coordinates": [[[127.10780628611828, 37.400233472737085], [127.10780676286602, 37.4004910721215], [127.10833972370851, 37.400492393875055], [127.10833935807501, 37.400234794393626], [127.10780628611828, 37.400233472737085]]]}}, {"id": "124", "type": "Feature", "properties": {"primary_landuse": "주거", "designation_names": "과밀억제권역,도시교통정비지역,대기환경규제지역,배수구역(판교배수구역),하수처리구역,가축사육제한구역,비행안전제2구역(전술)(비행안전제2구역),도시지역,준주거지역,지구단위계획구역(판교),토지거래계약에관한허가구역2025-08-26(대상자: 외국인 등/ 대상용도: 단독,", "area_m2": 11625.209532536188}, "geometry": {"type": "Polygon", "coordinates": [[[127.11256161487891, 37.40156863950825], [127.11256096702233, 37.40128265843595], [127.11258663258556, 37.40107215757124], [127.11258564511898, 37.400403065805186], [127.11255951541257, 37.40029884306647], [127.11255902048008, 37.39996339613609], [127.11189844287576, 37.39996185218866], [127.11183470778396, 37.4000129991449], [127.11183664701366, 37.40156706557575], [127.11256161487891, 37.40156863950825]]]}}, {"id": "125", "type": "Feature", "properties": {"primary_landuse": "주거", "designation_names": "과밀억제권역,도시교통정비지역,대기환경규제지역,배수구역(판교배수구역),하수처리구역,가축사육제한구역,비행안전제2구역(전술)(비행안전제2구역),도시지역,준주거지역,지구단위계획구역(판교),토지거래계약에관한허가구역2025-08-26(대상자: 외국인 등/ 대상용도: 단독,", "area_m2": 2480.8310514195805}, "geometry": {"type": "Polygon", "coordinates": [[[127.10991035376603, 37.40087605776474], [127.10984646947367, 37.40082502883815], [127.10984692351253, 37.401061994994194], [127.10991100018227, 37.40101120920937], [127.11103848174552, 37.401014044643375], [127.11160261777171, 37.40101541291033], [127.1116665032825, 37.401066350783154], [127.11166615632193, 37.40082929443686], [127.11160219419645, 37.40088026126954], [127.11126540722522, 37.40087940301731], [127.11103952739539, 37.40087889163905], [127.10991035376603, 37.40087605776474]]]}}, {"id": "126", "type": "Feature", "properties": {"primary_landuse": "주거", "designation_names": "과밀억제권역,도시교통정비지역,대기환경규제지역,배수구역(판교배수구역),하수처리구역,가축사육제한구역,비행안전제2구역(전술)(비행안전제2구역),도시지역,준주거지역,지구단위계획구역(판교),토지거래계약에관한허가구역2025-08-26(대상자: 외국인 등/ 대상용도: 단독,", "area_m2": 6702.343327501112}, "geometry": {"type": "Polygon", "coordinates": [[[127.10991259503717, 37.40235371781445], [127.1098488222983, 37.4023025986992], [127.10988329081573, 37.40255268842199], [127.10996316201633, 37.40248900365399], [127.11045175075999, 37.40249026646484], [127.11101657576137, 37.40249181708813], [127.11124257376812, 37.40249259870134], [127.11172528970131, 37.4024939518009], [127.11183800628889, 37.40249429719706], [127.11183684513566, 37.401702217409955], [127.11183664701366, 37.40156706557575], [127.11183470778396, 37.4000129991449], [127.11189844287576, 37.39996185218866], [127.11160152752603, 37.39996122796869], [127.11166529933327, 37.40001225605911], [127.11166554302707, 37.400178763163495], [127.11166615632193, 37.40082929443686], [127.1116665032825, 37.401066350783154], [127.11166832030902, 37.40230776542693], [127.11160401771072, 37.40235846226176], [127.11102304266176, 37.40235665909747], [127.10991259503717, 37.40235371781445]]]}}, {"id": "127", "type": "Feature", "properties": {"primary_landuse": "기반시설", "designation_names": "과밀억제권역,도시교통정비지역,하천구역(금토천),하천구역,대기환경규제지역,배수구역(판교배수구역),하수처리구역,가축사육제한구역,비행안전제2구역(전술)(비행안전제2구역),도시지역,준주거지역,지구단위계획구역(판교),토지거래계약에관한허가구역2025-08-26(대상자:", "area_m2": 3805.8920887654203}, "geometry": {"type": "Polygon", "coordinates": [[[127.10411760508745, 37.402474488177695], [127.1038536031834, 37.40301424375298], [127.10396530318947, 37.40301396682362], [127.1042355169512, 37.40247483631269], [127.10429746352564, 37.40234927131695], [127.1054612023382, 37.39996849696609], [127.10541467136643, 37.399968177454426], [127.10534982665597, 37.39995498951049], [127.10468006042163, 37.40132430560159], [127.10446044166079, 37.40177365224908], [127.10418360460419, 37.40233927888118], [127.10392643558414, 37.40233878108136], [127.1039317548755, 37.402346885594966], [127.10393662252409, 37.40235508060084], [127.10394047431211, 37.40236372699317], [127.10394364857372, 37.40237246407361], [127.10394603248969, 37.40238138204125], [127.10394785182037, 37.40239039059928], [127.10394865492152, 37.402399580240306], [127.10394900625604, 37.40240877027263], [127.10394834099247, 37.40241787108427], [127.10394688501393, 37.402426882479524], [127.1039446384428, 37.40243589455958], [127.10394193973617, 37.40244463672724], [127.10393822443025, 37.40245328967403], [127.10393405686584, 37.40246158260707], [127.10392898564345, 37.40246978622129], [127.10392594197764, 37.40247402362036], [127.10411760508745, 37.402474488177695]]]}}, {"id": "128", "type": "Feature", "properties": {"primary_landuse": "기반시설", "designation_names": "과밀억제권역,도시교통정비지역,하천구역(금토천),하천구역,대기환경규제지역,배수구역(판교배수구역),하수처리구역,비행안전제2구역(전술)(비행안전제2구역),도시지역,자연녹지지역,지구단위계획구역(판교),토지거래계약에관한허가구역2025-08-26(대상자: 외국인 등/ 대상", "area_m2": 1359.0608925291203}, "geometry": {"type": "Polygon", "coordinates": [[[127.103969415846, 37.40301402613375], [127.10474900509871, 37.40154701778189], [127.10552196325489, 37.39996862374137], [127.1054612023382, 37.39996849696609], [127.10429746352564, 37.40234927131695], [127.1042355169512, 37.40247483631269], [127.10396530318947, 37.40301396682362], [127.103969415846, 37.40301402613375]]]}}, {"id": "129", "type": "Feature", "properties": {"primary_landuse": "주거", "designation_names": "과밀억제권역,도시교통정비지역,대기환경규제지역,배수구역(판교배수구역),하수처리구역,가축사육제한구역,비행안전제2구역(전술)(비행안전제2구역),도시지역,준주거지역,지구단위계획구역(판교),토지거래계약에관한허가구역2025-08-26(대상자: 외국인 등/ 대상용도: 단독,", "area_m2": 2629.734367538402}, "geometry": {"type": "Polygon", "coordinates": [[[127.1098475300069, 37.401561786640976], [127.10984796719812, 37.40178703960785], [127.11103520617509, 37.40178991040407], [127.11103634659632, 37.40156465598278], [127.1098475300069, 37.401561786640976]]]}}, {"id": "130", "type": "Feature", "properties": {"primary_landuse": "주거", "designation_names": "과밀억제권역,도시교통정비지역,대기환경규제지역,배수구역(판교배수구역),하수처리구역,가축사육제한구역,비행안전제2구역(전술)(비행안전제2구역),도시지역,준주거지역,지구단위계획구역(판교),토지거래계약에관한허가구역2025-08-26(대상자: 외국인 등/ 대상용도: 단독,", "area_m2": 9329.024112569392}, "geometry": {"type": "Polygon", "coordinates": [[[127.10942344260478, 37.402352543391004], [127.1094874074575, 37.402301577745384], [127.10948655509173, 37.401786198849955], [127.10780915012138, 37.40178150160705], [127.10780949946835, 37.40234868924403], [127.10942344260478, 37.402352543391004]]]}}, {"id": "131", "type": "Feature", "properties": {"primary_landuse": "주거", "designation_names": "과밀억제권역,도시교통정비지역,대기환경규제지역,배수구역(판교배수구역),하수처리구역,가축사육제한구역,비행안전제2구역(전술)(비행안전제2구역),도시지역,준주거지역,지구단위계획구역(판교),토지거래계약에관한허가구역2025-08-26(대상자: 외국인 등/ 대상용도: 단독,", "area_m2": 6454.931774542757}, "geometry": {"type": "Polygon", "coordinates": [[[127.1009919399117, 37.40085344253512], [127.10185864120163, 37.400856043987304], [127.10185755873204, 37.3999594461505], [127.10182198312833, 37.39995938623232], [127.10168766321797, 37.39993201917537], [127.10138577850049, 37.39993119331136], [127.10129911868731, 37.399989021455426], [127.10128710848659, 37.400044984545815], [127.1012757603716, 37.400089233896814], [127.1012651907502, 37.40012438235057], [127.10125247457397, 37.400158992005515], [127.10123446114521, 37.400201805351436], [127.10121610876124, 37.40024452887871], [127.10119741730219, 37.40028707248592], [127.10117849994484, 37.4003296162803], [127.10115946950818, 37.400372070065245], [127.10114010047249, 37.400414704334864], [127.10112016624392, 37.40045697867162], [127.10109944130178, 37.400499163569286], [127.10107849010103, 37.4005410783494], [127.10105280640309, 37.40059128643536], [127.10103129021725, 37.40063302147934], [127.10100932189378, 37.400674486595435], [127.10098701484772, 37.400716042093485], [127.10096391684513, 37.40075732794818], [127.10094261775177, 37.400792485392515], [127.1009919399117, 37.40085344253512]]]}}, {"id": "132", "type": "Feature", "properties": {"primary_landuse": "주거", "designation_names": "과밀억제권역,도시교통정비지역,대기환경규제지역,배수구역(판교배수구역),하수처리구역,가축사육제한구역,비행안전제2구역(전술)(비행안전제2구역),도시지역,준주거지역,지구단위계획구역(판교),토지거래계약에관한허가구역2025-08-26(대상자: 외국인 등/ 대상용도: 단독,", "area_m2": 8509.945128473597}, "geometry": {"type": "Polygon", "coordinates": [[[127.10271190238625, 37.400858380285804], [127.10354438239557, 37.40086045805603], [127.10360823703184, 37.400809495671126], [127.10360712259384, 37.39998795233111], [127.10354324332245, 37.399936919984036], [127.10321233350888, 37.39993612382328], [127.10307627896056, 37.39996273056143], [127.10272696001316, 37.39996185875092], [127.10264697229579, 37.40002544865902], [127.10264791028347, 37.400807527762005], [127.10271190238625, 37.400858380285804]]]}}, {"id": "133", "type": "Feature", "properties": {"primary_landuse": "주거", "designation_names": "과밀억제권역,도시교통정비지역,대기환경규제지역,배수구역(판교배수구역),하수처리구역,가축사육제한구역,비행안전제2구역(전술)(비행안전제2구역),도시지역,준주거지역,지구단위계획구역(판교),토지거래계약에관한허가구역2025-08-26(대상자: 외국인 등/ 대상용도: 단독,", "area_m2": 5179.143228951748}, "geometry": {"type": "Polygon", "coordinates": [[[127.10264878813183, 37.40154482643931], [127.10360810599107, 37.40154544368621], [127.10360881785762, 37.401320910494256], [127.103608489675, 37.40099573497119], [127.10271197117758, 37.40099353227249], [127.10264800283778, 37.40104449426949], [127.10264878813183, 37.40154482643931]]]}}, {"id": "134", "type": "Feature", "properties": {"primary_landuse": "주거", "designation_names": "과밀억제권역,도시교통정비지역,대기환경규제지역,배수구역(판교배수구역),하수처리구역,가축사육제한구역,비행안전제2구역(전술)(비행안전제2구역),도시지역,준주거지역,지구단위계획구역(판교),토지거래계약에관한허가구역2025-08-26(대상자: 외국인 등/ 대상용도: 단독,", "area_m2": 6378.228457243812}, "geometry": {"type": "Polygon", "coordinates": [[[127.10360810599107, 37.40154544368621], [127.10264878813183, 37.40154482643931], [127.10264908950404, 37.401769088447985], [127.10446044166079, 37.40177365224908], [127.10468006042163, 37.40132430560159], [127.10377822907905, 37.401321575016304], [127.10360881785762, 37.401320910494256], [127.10360810599107, 37.40154544368621]]]}}, {"id": "135", "type": "Feature", "properties": {"primary_landuse": "주거", "designation_names": "과밀억제권역,도시교통정비지역,대기환경규제지역,배수구역(판교배수구역),하수처리구역,가축사육제한구역,비행안전제2구역(전술)(비행안전제2구역),도시지역,준주거지역,지구단위계획구역(판교),토지거래계약에관한허가구역2025-08-26(대상자: 외국인 등/ 대상용도: 단독,", "area_m2": 1818.8333073921162}, "geometry": {"type": "Polygon", "coordinates": [[[127.10142319625662, 37.40276520982152], [127.10145607214517, 37.40277248024759], [127.1015105267194, 37.402784778093036], [127.10156520647728, 37.402796535114845], [127.1016201116574, 37.402807931515134], [127.10167512895696, 37.40281869708557], [127.10173014579226, 37.402829102225446], [127.10176697388061, 37.402835738506006], [127.10190592734523, 37.40235339825092], [127.10184763480598, 37.40234245536322], [127.10178188537671, 37.402329446439246], [127.10171613525034, 37.402315896871166], [127.10165049724989, 37.402301716462155], [127.1015853103214, 37.402286995026834], [127.10156271494674, 37.40228169816762], [127.10138726914016, 37.40275659044337], [127.10142319625662, 37.40276520982152]]]}}, {"id": "136", "type": "Feature", "properties": {"primary_landuse": "기반시설", "designation_names": "과밀억제권역,도로구역,도로구역2021-01-21(지형도면 변경),도시교통정비지역,하천구역(금토천),하천구역2022-02-15(운중천),대기환경규제지역,배수구역(판교배수구역),하수처리구역,비행안전제2구역(전술)(비행안전제2구역),비행안전제6구역(전술)(비행안전제6구역),비행안", "area_m2": 1362.0426085175884}, "geometry": {"type": "MultiPolygon", "coordinates": [[[[127.10552196325489, 37.39996862374137], [127.10474900509871, 37.40154701778189], [127.1056842639519, 37.3997869923754], [127.10561301685377, 37.39978699362916], [127.10552196325489, 37.39996862374137]]], [[[127.10376552480102, 37.403525464777935], [127.10373430459362, 37.4035734256748], [127.10370195429941, 37.40362093703303], [127.10366869980399, 37.40366799865661], [127.10363431521897, 37.40371461073989], [127.1035990264303, 37.40376077308683], [127.10353633525031, 37.40383867473308], [127.10349799429312, 37.403882947554685], [127.10345886256084, 37.40392713094401], [127.10341893907616, 37.40397050409053], [127.10337811138265, 37.404013427495705], [127.10333683150012, 37.40405608097189], [127.10329408195501, 37.404097744584], [127.10325076727563, 37.404139138362645], [127.10320564580388, 37.40418080398298], [127.10316086189847, 37.404221568282495], [127.1031147210291, 37.40426116241375], [127.10306778816178, 37.404299766092514], [127.10302029040173, 37.40433828013605], [127.10297166217454, 37.40437607431977], [127.1029222421926, 37.40441305825052], [127.10287214376528, 37.4044495021341], [127.10282114076035, 37.40448522596079], [127.10281946157076, 37.404486355402234], [127.1031194351503, 37.40431871442978], [127.10362295982304, 37.40389386548717], [127.1037673909409, 37.40352247366554], [127.10376552480102, 37.403525464777935]]], [[[127.09949359882843, 37.40633952159282], [127.09942992145803, 37.40635885601523], [127.09936669502538, 37.40637755932116], [127.09930301665331, 37.40639617286568], [127.09911821538282, 37.406448990034335], [127.09937447039707, 37.406411488850715], [127.09951691613934, 37.40633189112751], [127.09949359882843, 37.40633952159282]]]]}}, {"id": "137", "type": "Feature", "properties": {"primary_landuse": "주거", "designation_names": "과밀억제권역,도시교통정비지역,대기환경규제지역,배수구역(판교배수구역),하수처리구역,가축사육제한구역,비행안전제2구역(전술)(비행안전제2구역),비행안전제6구역(전술)(비행안전제6구역),비행안전제6구역(전술),도시지역,준주거지역,지구단위계획구역(판교),토지거래계", "area_m2": 580.3631063399721}, "geometry": {"type": "Polygon", "coordinates": [[[127.09806388432382, 37.404385859876626], [127.0981446696552, 37.4043211011421], [127.09777546122928, 37.40391227022051], [127.09775852951047, 37.403893515897884], [127.09768385180446, 37.40396493690371], [127.09806388432382, 37.404385859876626]]]}}, {"id": "138", "type": "Feature", "properties": {"primary_landuse": "주거", "designation_names": "과밀억제권역,도시교통정비지역,대기환경규제지역,배수구역(판교배수구역),하수처리구역,가축사육제한구역,비행안전제2구역(전술)(비행안전제2구역),비행안전제6구역(전술)(비행안전제6구역),비행안전제6구역(전술),도시지역,준주거지역,지구단위계획구역(판교),토지거래계", "area_m2": 4207.815792417699}, "geometry": {"type": "Polygon", "coordinates": [[[127.0973199966866, 37.40431022924391], [127.09728989898485, 37.40435752560518], [127.09726565698828, 37.40443822710953], [127.09725398274698, 37.404761159661334], [127.09729156799216, 37.4050072859932], [127.09770102697382, 37.40467781354845], [127.09806388432382, 37.404385859876626], [127.09768272076329, 37.40396368541524], [127.0973199966866, 37.40431022924391]]]}}, {"id": "139", "type": "Feature", "properties": {"primary_landuse": "기반시설", "designation_names": "과밀억제권역,도로구역2021-01-21(지형도면 변경),도시교통정비지역,대기환경규제지역,배수구역(판교배수구역),하수처리구역,가축사육제한구역,비행안전제2구역(전술)(비행안전제2구역),비행안전제6구역(전술)(비행안전제6구역),비행안전제6구역(전술),도시지역,준주거지역,", "area_m2": 6317.334848481825}, "geometry": {"type": "Polygon", "coordinates": [[[127.09771439390437, 37.406033827226395], [127.09772479863844, 37.40604445071288], [127.09775974011714, 37.40607631813297], [127.09779501562517, 37.40610440101643], [127.09784125812267, 37.40614112467898], [127.09788546241948, 37.40617379542654], [127.0979262720976, 37.406201603455834], [127.09796956618814, 37.40622904903914], [127.09800426647884, 37.40624884301037], [127.09803558621253, 37.40626595471263], [127.09805038142348, 37.40627403372977], [127.09808270546324, 37.406290405769006], [127.09808756498356, 37.406292564230974], [127.09879285021869, 37.405886620402136], [127.09829788964244, 37.40533912059731], [127.09753634938727, 37.40577645152436], [127.09765817151099, 37.405975213354516], [127.09771439390437, 37.406033827226395]]]}}, {"id": "140", "type": "Feature", "properties": {"primary_landuse": "주거", "designation_names": "과밀억제권역,도시교통정비지역,대기환경규제지역,배수구역(판교배수구역),하수처리구역,가축사육제한구역,비행안전제2구역(전술)(비행안전제2구역),도시지역,준주거지역,지구단위계획구역(판교),토지거래계약에관한허가구역2025-08-26(대상자: 외국인 등/ 대상용도: 단독,", "area_m2": 2099.80376526545}, "geometry": {"type": "Polygon", "coordinates": [[[127.1125562394627, 37.403053965065176], [127.11271407487823, 37.402937856335846], [127.11272383619463, 37.40281765198656], [127.11272657932801, 37.402763228204776], [127.11272875761375, 37.402708714852324], [127.11273113501596, 37.4026360909448], [127.1127325743905, 37.402540131673774], [127.11276630124459, 37.40243477148942], [127.1127661363459, 37.402323226193204], [127.11272638091997, 37.4023232635902], [127.11272723128128, 37.4019280783228], [127.11276487463576, 37.40192813301412], [127.11276469016988, 37.40187974876744], [127.11276399933848, 37.401870829384585], [127.11276263072894, 37.40186182053802], [127.11273337217227, 37.4017043509135], [127.11256204044994, 37.40170397132947], [127.11256250298145, 37.401711269103984], [127.11258794822852, 37.40181053688573], [127.11258828153824, 37.40218941270667], [127.11258874954851, 37.40242998283175], [127.11256068137415, 37.40254335667028], [127.11256112397143, 37.40269022142316], [127.11254561139432, 37.40281655805251], [127.11251816330363, 37.40304417977116], [127.11251445041697, 37.4030538240982], [127.1125562394627, 37.403053965065176]]]}}, {"id": "141", "type": "Feature", "properties": {"primary_landuse": "주거", "designation_names": "과밀억제권역,도시교통정비지역,대기환경규제지역,배수구역(판교배수구역),하수처리구역,가축사육제한구역,비행안전제2구역(전술)(비행안전제2구역),도시지역,준주거지역,지구단위계획구역(판교),토지거래계약에관한허가구역2025-08-26(대상자: 외국인 등/ 대상용도: 단독,", "area_m2": 10455.888234655602}, "geometry": {"type": "Polygon", "coordinates": [[[127.11183800628889, 37.40249429719706], [127.11172528970131, 37.4024939518009], [127.11172614674146, 37.403079159130314], [127.11213872823586, 37.40308003528004], [127.11227365562856, 37.40305332908186], [127.11251445041697, 37.4030538240982], [127.11251816330363, 37.40304417977116], [127.11254561139432, 37.40281655805251], [127.11256112397143, 37.40269022142316], [127.11256068137415, 37.40254335667028], [127.11258874954851, 37.40242998283175], [127.11258828153824, 37.40218941270667], [127.11258794822852, 37.40181053688573], [127.11256250298145, 37.401711269103984], [127.11256204044994, 37.40170397132947], [127.11183684513566, 37.401702217409955], [127.11183800628889, 37.40249429719706]]]}}, {"id": "142", "type": "Feature", "properties": {"primary_landuse": "주거", "designation_names": "과밀억제권역,도시교통정비지역,대기환경규제지역,배수구역(판교배수구역),하수처리구역,가축사육제한구역,비행안전제2구역(전술)(비행안전제2구역),도시지역,준주거지역,지구단위계획구역(판교),토지거래계약에관한허가구역2025-08-26(대상자: 외국인 등/ 대상용도: 단독,", "area_m2": 929.8345332789904}, "geometry": {"type": "Polygon", "coordinates": [[[127.10764016394323, 37.40248345274097], [127.10764106454762, 37.40304199008921], [127.10781047928356, 37.40304237852461], [127.10780957742179, 37.40248384117961], [127.10764016394323, 37.40248345274097]]]}}, {"id": "143", "type": "Feature", "properties": {"primary_landuse": "주거", "designation_names": "과밀억제권역,도시교통정비지역,대기환경규제지역,배수구역(판교배수구역),하수처리구역,가축사육제한구역,비행안전제2구역(전술)(비행안전제2구역),도시지역,준주거지역,지구단위계획구역(판교),토지거래계약에관한허가구역2025-08-26(대상자: 외국인 등/ 대상용도: 단독,", "area_m2": 11060.73299395252}, "geometry": {"type": "Polygon", "coordinates": [[[127.10447443358353, 37.40490123727465], [127.10450818158196, 37.40488462924453], [127.1045472360254, 37.40486657496019], [127.10458685628768, 37.40484933108141], [127.10462715556196, 37.40483307771152], [127.1046992904503, 37.404805894293325], [127.10474015551576, 37.40479045130285], [127.10495362047983, 37.40470692105177], [127.10499290061418, 37.404688866422376], [127.10503093622644, 37.404669281147235], [127.1051045186315, 37.40462722949872], [127.10513995222975, 37.40460458302349], [127.10517414217078, 37.40458103661473], [127.1052395816955, 37.40453124330754], [127.10527026605757, 37.40450463650141], [127.1053000459696, 37.404477399771906], [127.10532858222453, 37.40444926311361], [127.10535564943073, 37.40442058713056], [127.10538135966331, 37.404390741016186], [127.10555794052134, 37.40418046951899], [127.10558297292587, 37.40415062395607], [127.1056100398032, 37.40412185781244], [127.10564669918939, 37.404087496933826], [127.10567862698464, 37.40406188003933], [127.10571213822189, 37.404037883564435], [127.10577499443453, 37.40399908459355], [127.105803549061, 37.403984462999574], [127.10581698128776, 37.40397859456644], [127.10581615156504, 37.40337996213363], [127.1053555673548, 37.403378925886734], [127.10513605096412, 37.403493907544615], [127.1048660087339, 37.40399141306076], [127.10484279903953, 37.40403278984836], [127.10481924986856, 37.40407371642112], [127.10479524901864, 37.40411473348477], [127.10477057022932, 37.40415557093265], [127.10474183011192, 37.40419983577059], [127.1046417585749, 37.40428029346044], [127.10462383187824, 37.40430328492814], [127.10459350212432, 37.40434151432738], [127.10456226816532, 37.40437929400007], [127.10453080791552, 37.404416803557496], [127.10449866971908, 37.404454133494205], [127.10446619216319, 37.40449110331219], [127.10443326254939, 37.4045278933119], [127.10439988075406, 37.40456441339175], [127.10436615972188, 37.40460066345311], [127.10433198675392, 37.40463682379633], [127.10429702227592, 37.40467235410835], [127.10426183162852, 37.40470770440374], [127.10422878321752, 37.40474034978852], [127.10447443358353, 37.40490123727465]]]}}, {"id": "144", "type": "Feature", "properties": {"primary_landuse": "주거", "designation_names": "과밀억제권역,도시교통정비지역,대기환경규제지역,배수구역(판교배수구역),하수처리구역,가축사육제한구역,비행안전제2구역(전술)(비행안전제2구역),도시지역,준주거지역,지구단위계획구역(판교),토지거래계약에관한허가구역2025-08-26(대상자: 외국인 등/ 대상용도: 단독,", "area_m2": 3470.70912068437}, "geometry": {"type": "MultiPolygon", "coordinates": [[[[127.10743857844884, 37.4043402613345], [127.10721268912542, 37.4043403733706], [127.1069865497462, 37.40440382641754], [127.106760228831, 37.40449926515682], [127.10664128009586, 37.40464830842674], [127.10675162181417, 37.40463046300067], [127.10732366947802, 37.40440722462617], [127.10774624559319, 37.40447445316534], [127.1076638045921, 37.40435042101129], [127.10764211706632, 37.40434890875621], [127.10743857844884, 37.4043402613345]]], [[[127.11142391831689, 37.40555821744384], [127.11145254996856, 37.40551935717221], [127.11148072954218, 37.40548031711129], [127.11148185663498, 37.40547869423993], [127.11088790669085, 37.40526993983255], [127.1107605852332, 37.405170675809615], [127.11059824768412, 37.40506919142405], [127.11053569065865, 37.40507952066605], [127.11037218400237, 37.405106431391324], [127.11026209888878, 37.405132121454336], [127.11014614363917, 37.40515997923893], [127.10992032548712, 37.40513279569176], [127.10969327040485, 37.40510930699783], [127.10946813693343, 37.40500805869534], [127.10924378361806, 37.40474129316493], [127.10901857031452, 37.40466202878945], [127.1089084778293, 37.40464627162885], [127.10965247108916, 37.40516251163518], [127.11062805014245, 37.4052569225113], [127.11140244856581, 37.405586994927525], [127.11142391831689, 37.40555821744384]]], [[[127.10834018266125, 37.40455524286082], [127.10833749025237, 37.40455828634312], [127.10852042059877, 37.40458156841939], [127.10834018266125, 37.40455524286082]]]]}}, {"id": "145", "type": "Feature", "properties": {"primary_landuse": "기반시설", "designation_names": "과밀억제권역,도로구역,도시교통정비지역,대기환경규제지역,배수구역(판교배수구역),하수처리구역,비행안전제2구역(전술)(비행안전제2구역),도시지역,보전녹지지역,지구단위계획구역(판교),토지거래계약에관한허가구역2025-08-26(대상자: 외국인 등/ 대상용도: 단독, 다가구", "area_m2": 61.82591026228989}, "geometry": {"type": "MultiPolygon", "coordinates": [[[[127.10381348516478, 37.40573876187735], [127.10381622026273, 37.40575668966752], [127.10382076030518, 37.405772994072684], [127.10382730890011, 37.405792240909015], [127.10381330979436, 37.40573212689152], [127.10381348516478, 37.40573876187735]]], [[[127.10664128009586, 37.40464830842674], [127.10662705025132, 37.404891774794756], [127.1066250148721, 37.40492655579432], [127.10667852849114, 37.40465898696251], [127.10675162181417, 37.40463046300067], [127.10664128009586, 37.40464830842674]]]]}}, {"id": "146", "type": "Feature", "properties": {"primary_landuse": "주거", "designation_names": "과밀억제권역,도시교통정비지역,대기환경규제지역,배수구역(판교배수구역),하수처리구역,가축사육제한구역,비행안전제2구역(전술)(비행안전제2구역),도시지역,준주거지역,지구단위계획구역(판교),토지거래계약에관한허가구역2025-08-26(대상자: 외국인 등/ 대상용도: 단독,", "area_m2": 2032.2933391453678}, "geometry": {"type": "Polygon", "coordinates": [[[127.1035958899215, 37.40536178592328], [127.10367360062061, 37.405447675443504], [127.10376373872528, 37.40545273330581], [127.10419311642221, 37.40508898270074], [127.10422425390257, 37.40506291638254], [127.10425640873338, 37.40503747988116], [127.1042896943523, 37.40501303350237], [127.1043150826214, 37.40499508127393], [127.10434995104099, 37.404971804818835], [127.10438595086504, 37.40494996898991], [127.10442251613496, 37.40492867326562], [127.10446969307978, 37.40490358403616], [127.10447443358353, 37.40490123727465], [127.10422878321752, 37.40474034978852], [127.10422630174345, 37.404742784679264], [127.10418998096256, 37.40477768542806], [127.1041532076293, 37.40481204595053], [127.10411609542643, 37.40484640675543], [127.10407841760286, 37.404880137330004], [127.10404062655452, 37.40491368778795], [127.10400227025406, 37.40494687831837], [127.10396064119686, 37.4049820539004], [127.10388961750593, 37.405079154513835], [127.10381639266035, 37.40513580150476], [127.10377532263104, 37.40516692197844], [127.1037339131181, 37.40519759222469], [127.10369205129822, 37.40522790244197], [127.10360550610677, 37.40529014709117], [127.1035958899215, 37.40536178592328]]]}}, {"id": "147", "type": "Feature", "properties": {"primary_landuse": "주거", "designation_names": "과밀억제권역,도시교통정비지역,대기환경규제지역,배수구역(판교배수구역),하수처리구역,가축사육제한구역,비행안전제2구역(전술)(비행안전제2구역),도시지역,준주거지역,지구단위계획구역(판교),토지거래계약에관한허가구역2025-08-26(대상자: 외국인 등/ 대상용도: 단독,", "area_m2": 2437.124804551763}, "geometry": {"type": "Polygon", "coordinates": [[[127.1010323840441, 37.405474255240094], [127.10143822948622, 37.40524082091434], [127.10107514051597, 37.40483873477866], [127.10066906986287, 37.40507189775857], [127.1010323840441, 37.405474255240094]]]}}, {"id": "148", "type": "Feature", "properties": {"primary_landuse": "주거", "designation_names": "과밀억제권역,도시교통정비지역,대기환경규제지역,배수구역(판교배수구역),하수처리구역,가축사육제한구역,비행안전제2구역(전술)(비행안전제2구역),도시지역,준주거지역,지구단위계획구역(판교),토지거래계약에관한허가구역2025-08-26(대상자: 외국인 등/ 대상용도: 단독,", "area_m2": 2471.2509562713212}, "geometry": {"type": "Polygon", "coordinates": [[[127.10062687468512, 37.40570750768079], [127.1010323840441, 37.405474255240094], [127.10066906986287, 37.40507189775857], [127.10053950599719, 37.405146339908335], [127.10024817853066, 37.40528813266833], [127.10062687468512, 37.40570750768079]]]}}, {"id": "149", "type": "Feature", "properties": {"primary_landuse": "주거", "designation_names": "과밀억제권역,도시교통정비지역,대기환경규제지역,배수구역(판교배수구역),하수처리구역,가축사육제한구역,비행안전제2구역(전술)(비행안전제2구역),도시지역,준주거지역,지구단위계획구역(판교),토지거래계약에관한허가구역2025-08-26(대상자: 외국인 등/ 대상용도: 단독,", "area_m2": 442.0075786843842}, "geometry": {"type": "Polygon", "coordinates": [[[127.10346657278622, 37.405449836357626], [127.10356701974986, 37.405560844601155], [127.10356429384453, 37.40563292798687], [127.10376373872528, 37.40545273330581], [127.10367360062061, 37.405447675443504], [127.1035958899215, 37.40536178592328], [127.10360550610677, 37.40529014709117], [127.10337721752227, 37.40543901111155], [127.10346657278622, 37.405449836357626]]]}}, {"id": "150", "type": "Feature", "properties": {"primary_landuse": "주거", "designation_names": "과밀억제권역,도시교통정비지역,대기환경규제지역,배수구역(판교배수구역),하수처리구역,가축사육제한구역,비행안전제2구역(전술)(비행안전제2구역),도시지역,준주거지역,지구단위계획구역(판교),토지거래계약에관한허가구역2025-08-26(대상자: 외국인 등/ 대상용도: 단독,", "area_m2": 8774.17675304589}, "geometry": {"type": "Polygon", "coordinates": [[[127.10203035992461, 37.40605195147655], [127.10199503272204, 37.40607090277225], [127.10193905154829, 37.406101404565234], [127.10188307080978, 37.406132266736364], [127.10182765524264, 37.406163488806506], [127.10176377685718, 37.406200935014425], [127.10129474365698, 37.406485060679834], [127.10127713860719, 37.40649624809342], [127.101268223013, 37.40650175179336], [127.10125975992563, 37.406507795718525], [127.10125152309094, 37.406514109756145], [127.10124362521798, 37.40652051360851], [127.10120594550693, 37.406554423463575], [127.10116984822716, 37.40658923298554], [127.10113476840075, 37.40662476244932], [127.10110036682613, 37.406660741837634], [127.10106641713041, 37.40669681093658], [127.10106550212454, 37.40669781433337], [127.10090602242192, 37.406915286175966], [127.10103849292645, 37.40693335028911], [127.10147421277993, 37.40699127826334], [127.10190335366664, 37.40702776611449], [127.10233553045572, 37.40705370797053], [127.10237088387835, 37.40705403822548], [127.10236435540405, 37.40656524438454], [127.10235283338437, 37.40656426309718], [127.10234153701938, 37.40656310141372], [127.10233046558494, 37.406561218727184], [127.10231973239128, 37.40655888524487], [127.1023088852848, 37.40655583104846], [127.10229848936756, 37.406552325960114], [127.10228820567517, 37.40654828016752], [127.10227848587887, 37.406543603184545], [127.10226910432431, 37.40653847540615], [127.10226006101158, 37.40653289683244], [127.10225192031834, 37.40652659667879], [127.10224400528097, 37.40652011612981], [127.10223654131286, 37.40651309458836], [127.10222975467155, 37.406505802165704], [127.1022236453569, 37.406498238861886], [127.10221798747311, 37.40649040486946], [127.10221334575922, 37.40648229970752], [127.10220938113038, 37.406473743462385], [127.10220598100034, 37.406465006533814], [127.10220337138506, 37.406456178830716], [127.10220155240485, 37.406447350454286], [127.1022005238183, 37.406438341202225], [127.10220005997074, 37.40642933146925], [127.1022006124118, 37.40642014066832], [127.10220172983253, 37.40641112958881], [127.10220375083465, 37.406402117739866], [127.10220644988422, 37.406393375617284], [127.10220982661923, 37.40638463291749], [127.10221388140127, 37.40637615994402], [127.10221872741893, 37.406368136802904], [127.10222447725792, 37.40636029309436], [127.10223067924808, 37.406352719304216], [127.1022375594052, 37.40634550534119], [127.10224489171328, 37.40633856129637], [127.10225290242944, 37.406332157280836], [127.10226125246955, 37.40632611338075], [127.10227039374467, 37.406320519312274], [127.10227253818037, 37.406319346168274], [127.10203035992461, 37.40605195147655]]]}}]}